subject	session	task	run	run_key	software_versions	software_era	nss_count	number_of_original_volumes	brain_mask_voxels	mean_fd	pca_components	aic_components	kic_components	mdl_components	selected_fraction_possible	selected_pca_variance	pca_top10_variance	pca_effective_rank	echo_mean_signal_slope	echo_tsnr_slope	echo_standardized_dvars_slope	audit_status	audit_issues
10317	01	doors	1	sub-10317_ses-01_task-doors_run-1	syngo MR E11	E11	1	218	75530	0.1537769787576623	16	16	14	11	0.07373271889400922	0.3970853301794771	0.36199093308237684	6.979604720540864	-72143.94467964668	-327.7230851693027	-1.8187047717472642	complete	
10317	01	sharedreward	1	sub-10317_ses-01_task-sharedreward_run-1	syngo MR E11	E11	1	255	75619	0.16606493572570069	18	18	15	11	0.07086614173228346	0.4740376614208114	0.43595619729886953	6.997231266763292	-73513.61932179853	-309.2012015941963	-0.21613087407074366	complete	
10317	01	sharedreward	2	sub-10317_ses-01_task-sharedreward_run-2	syngo MR E11	E11	1	255	75797	0.17536290710527611	17	17	16	12	0.06692913385826772	0.4526080848600993	0.4138006296420118	5.880872024758586	-72807.25378281248	-305.7154782678067	-0.5331077521774957	complete	
10317	01	socialdoors	1	sub-10317_ses-01_task-socialdoors_run-1	syngo MR E11	E11	0	218	75447	0.15667525498164875	18	18	17	10	0.08256880733944955	0.40463324569077325	0.35742208830078864	8.523478496717974	-72111.12227487356	-321.13337751936996	-1.959045815571402	complete	
10317	01	trust	1	sub-10317_ses-01_task-trust_run-1	syngo MR E11	E11	0	280	75521	0.18994925418094638	19	19	17	12	0.06785714285714285	0.43464280348246453	0.3890499467610945	8.288005658563444	-73762.50758295991	-303.1075268758759	-0.4057357597647489	complete	
10317	01	ugr	1	sub-10317_ses-01_task-ugr_run-1	syngo MR E11	E11	2	240	75401	0.18225318138885677	17	17	15	12	0.07142857142857142	0.3790560325517719	0.3359205202766879	8.769996205969932	-72784.23314990786	-333.0183688651246	-2.056244401836699	complete	
10317	01	ugr	2	sub-10317_ses-01_task-ugr_run-2	syngo MR E11	E11	2	240	75251	0.15356272145498251	17	17	16	10	0.07142857142857142	0.35180345434646804	0.3088686463399162	10.619193426950444	-72437.45369623092	-332.5920976365614	-2.0682897078701727	complete	
10369	01	doors	1	sub-10369_ses-01_task-doors_run-1	syngo MR E11	E11	1	218	75414	0.09473449093416858	15	15	13	8	0.06912442396313365	0.3489786635307742	0.31934746638194833	6.689876265713202	-80576.77001300686	-320.11322553586365	1.8692730997149543	complete	
10369	01	sharedreward	1	sub-10369_ses-01_task-sharedreward_run-1	syngo MR E11	E11	3	255	75375	0.10283652476853634	17	17	13	9	0.06746031746031746	0.40650620861449055	0.37251976610841336	5.317902157374696	-77071.45402127654	-297.598707528225	1.844685467209936	complete	
10369	01	sharedreward	2	sub-10369_ses-01_task-sharedreward_run-2	syngo MR E11	E11	3	255	75246	0.12627894635924342	19	19	16	10	0.07539682539682539	0.3993405978990369	0.3510993240045873	8.632757650063212	-77139.70326562534	-303.41659634853727	1.6271911968064743	complete	
10369	01	socialdoors	1	sub-10369_ses-01_task-socialdoors_run-1	syngo MR E11	E11	1	218	75166	0.10624767458621519	18	18	14	10	0.08294930875576037	0.38390104776806366	0.3376018074596354	8.597952197797067	-77177.9624218167	-305.4727311386652	1.3260690738816558	complete	
10369	01	trust	1	sub-10369_ses-01_task-trust_run-1	syngo MR E11	E11	2	280	75540	0.13325254238698475	20	20	17	10	0.07194244604316546	0.3982682165152843	0.3481113998822326	9.430014135166514	-76589.34236890527	-303.7544132659173	1.0882216225209689	complete	
10369	01	ugr	1	sub-10369_ses-01_task-ugr_run-1	syngo MR E11	E11	1	240	74998	0.24076965631575309	26	26	23	17	0.1087866108786611	0.5606378995119443	0.4760387156904411	10.401051332872827	-80952.0743995189	-306.9622984817134	0.8283614663892829	complete	
10369	01	ugr	2	sub-10369_ses-01_task-ugr_run-2	syngo MR E11	E11	2	240	75288	0.10729806131286158	16	16	14	9	0.06722689075630252	0.3266806095798636	0.29173487112194085	9.105031302787667	-80627.6237710734	-322.26929748862483	1.6306218192917246	complete	
10402	01	doors	1	sub-10402_ses-01_task-doors_run-1	syngo MR E11	E11	1	218	77904	0.19570943049955422	21	21	19	13	0.0967741935483871	0.42296355487910403	0.35180905564709275	11.251089012036509	-71759.66389437071	-288.77143635043916	0.6464031666524775	complete	
10402	01	sharedreward	1	sub-10402_ses-01_task-sharedreward_run-1	syngo MR E11	E11	0	255	78615	0.17269544844619278	18	18	15	12	0.07058823529411765	0.3250124070856809	0.2772606590205089	10.108166183424984	-73226.47057479463	-283.9740036111779	0.5720902075854158	complete	
10402	01	sharedreward	2	sub-10402_ses-01_task-sharedreward_run-2	syngo MR E11	E11	2	255	78443	0.16331915280672402	17	17	15	12	0.06719367588932806	0.4217660348949151	0.3843022545647156	6.437764194330049	-73294.37964077394	-278.19176897516934	0.592248246540161	complete	
10402	01	socialdoors	1	sub-10402_ses-01_task-socialdoors_run-1	syngo MR E11	E11	1	218	77872	0.15424515241904707	14	14	13	9	0.06451612903225806	0.35070405508792146	0.32602770531856246	6.6460546943594245	-71354.55846989994	-300.4532890839835	0.2688044882884719	complete	
10402	01	trust	1	sub-10402_ses-01_task-trust_run-1	syngo MR E11	E11	1	280	78523	0.17179584786181878	18	18	15	11	0.06451612903225806	0.4657649115746063	0.430774304593124	5.881342573517769	-73723.38698674558	-280.1336962089597	0.5803830264626078	complete	
10402	01	trust	2	sub-10402_ses-01_task-trust_run-2	syngo MR E11	E11	2	280	78345	0.21998170774462086	22	22	19	14	0.07913669064748201	0.47524116938239386	0.41464933798392845	9.271797975611003	-74292.56555970847	-278.1789440517514	0.8549686211319446	complete	
10402	01	ugr	1	sub-10402_ses-01_task-ugr_run-1	syngo MR E11	E11	1	240	76852	0.2839898848873792	28	28	26	18	0.11715481171548117	0.5503367423548723	0.45309684538044986	11.53680488408601	-72241.4721302754	-284.91035282460393	1.1313938935639658	complete	
10402	01	ugr	2	sub-10402_ses-01_task-ugr_run-2	syngo MR E11	E11	1	240	77879	0.1965632759257927	21	21	18	14	0.08786610878661087	0.45432755128454017	0.39083548949583435	8.227156277267298	-72630.47724044105	-269.92783760636667	1.2223281319584471	complete	
10418	01	doors	1	sub-10418_ses-01_task-doors_run-1	syngo MR E11	E11	7	218	70119	0.14195168903302041	16	16	14	11	0.07582938388625593	0.37822493372003135	0.3389028601450234	6.53822129881498	-67048.61468970637	-314.77657611783377	-2.924869829861001	complete	
10418	01	sharedreward	1	sub-10418_ses-01_task-sharedreward_run-1	syngo MR E11	E11	3	255	70258	0.12198570138691985	14	14	12	9	0.05555555555555555	0.28676184757321327	0.2625264436465033	7.4561557641800995	-66928.37685607764	-311.7185583082876	-2.5987722239847093	complete	
10418	01	sharedreward	2	sub-10418_ses-01_task-sharedreward_run-2	syngo MR E11	E11	2	255	70213	0.12979687050506084	15	15	15	11	0.05928853754940711	0.38084180200019546	0.35145389818663003	6.708917537365415	-67019.7487446671	-310.47911910358613	-3.2047321922631538	complete	
10418	01	socialdoors	1	sub-10418_ses-01_task-socialdoors_run-1	syngo MR E11	E11	1	218	70269	0.1242757673573375	16	16	14	11	0.07373271889400922	0.3587690430073768	0.31999487962125006	7.513711510200486	-67128.75011722939	-312.7096006149249	-2.9641130772027253	complete	
10418	01	trust	1	sub-10418_ses-01_task-trust_run-1	syngo MR E11	E11	0	280	70155	0.1316265729493625	15	15	14	10	0.05357142857142857	0.34198207241743567	0.31369491058533233	6.693834348129454	-67103.28774408464	-307.10917950121683	-2.977376428869896	complete	
10418	01	trust	2	sub-10418_ses-01_task-trust_run-2	syngo MR E11	E11	1	280	70150	0.13697333289407804	16	16	15	11	0.05734767025089606	0.3309119355019624	0.2947351796921539	7.933008841509896	-66857.42576092092	-308.44153725028707	-3.328065566162207	complete	
10418	01	ugr	1	sub-10418_ses-01_task-ugr_run-1	syngo MR E11	E11	2	240	70126	0.13400968295516882	15	15	13	9	0.06302521008403361	0.4272065162204729	0.4014538864390245	5.072338660681541	-67668.0347911432	-315.2121300036113	-2.596953055767536	complete	
10418	01	ugr	2	sub-10418_ses-01_task-ugr_run-2	syngo MR E11	E11	1	240	70270	0.12922623168870548	15	15	14	11	0.06276150627615062	0.3704638795341764	0.339429981964854	6.335549353358192	-66990.10981771038	-311.2095851103714	-2.768570236636277	complete	
10418	02	doors	1	sub-10418_ses-02_task-doors_run-1	syngo MR XA30	XA30	2	218	69829	0.10749311840014548	24	24	21	14	0.1111111111111111	0.49483312564167686	0.41366164175674597	8.903047240261548	-115721.84550566447	-519.0993525624153	-1.5426348760449422	complete	
10418	02	socialdoors	1	sub-10418_ses-02_task-socialdoors_run-1	syngo MR XA30	XA30	2	218	69826	0.10751930588404683	22	22	20	16	0.10185185185185185	0.4759144104150251	0.39491430121337107	11.79420638743864	-115773.11432355912	-515.2231997526937	-1.3880094245229189	complete	
10418	02	ugr	1	sub-10418_ses-02_task-ugr_run-1	syngo MR XA30	XA30	2	240	69828	0.10432040775121958	22	22	20	14	0.09243697478991597	0.410290395712486	0.33037882089278225	11.6501548733287	-116429.34142144061	-524.9084266182455	-1.1554758305037318	complete	
10418	02	ugr	2	sub-10418_ses-02_task-ugr_run-2	syngo MR XA30	XA30	2	240	69740	0.11144285176295918	24	24	21	15	0.10084033613445378	0.5083647835217328	0.4302797620769262	7.639568719040559	-116473.34424066522	-528.58353223125	-1.7202365099893273	complete	
10462	01	doors	1	sub-10462_ses-01_task-doors_run-1	syngo MR E11	E11	3	218	93037	0.12414357728989926	15	15	14	11	0.06976744186046512	0.3673380266622864	0.3365677340759623	7.46606385018257	-71898.3478486139	-304.5311183547299	-2.4987100336998376	complete	
10462	01	sharedreward	1	sub-10462_ses-01_task-sharedreward_run-1	syngo MR E11	E11	0	255	93192	0.12406909202329029	19	19	17	11	0.07450980392156863	0.33440893530725607	0.2828023868841949	9.566138401268534	-71658.05467811927	-304.0118494926999	-2.8075660675885215	complete	
10462	01	socialdoors	1	sub-10462_ses-01_task-socialdoors_run-1	syngo MR E11	E11	0	218	92561	0.14747946242779836	18	18	16	11	0.08256880733944955	0.42451070217736536	0.380439907378386	7.390271135333498	-72123.97285708578	-301.7096221891094	-2.702386491698336	complete	
10462	01	trust	1	sub-10462_ses-01_task-trust_run-1	syngo MR E11	E11	0	280	92903	0.13279618928217199	21	21	19	14	0.075	0.3694993029350301	0.30833086642535035	11.189518597778125	-71777.94183652347	-298.6391304218109	-2.6840011558853734	complete	
10462	01	ugr	1	sub-10462_ses-01_task-ugr_run-1	syngo MR E11	E11	1	240	92877	0.11982403669747099	20	20	16	11	0.08368200836820083	0.34210708184592975	0.2837103591420676	11.383744999295212	-72475.82472199644	-308.8987849986981	-2.8556488955985135	complete	
10462	01	ugr	2	sub-10462_ses-01_task-ugr_run-2	syngo MR E11	E11	0	240	92942	0.15357450188860472	24	24	20	16	0.1	0.3989233426206814	0.31621561431832207	12.36342715392098	-72143.97152518579	-306.1523150589134	-2.3938848182429853	complete	
10462	02	doors	1	sub-10462_ses-02_task-doors_run-1	syngo MR XA60	XA60	0	218	89904	0.18069793700370135	21	21	16	10	0.0963302752293578	0.49589588437144705	0.36794963145509985	16.235811075679596	-266762.2818492804	-608.6933938728032	6.016291751127636	complete	
10462	02	socialdoors	1	sub-10462_ses-02_task-socialdoors_run-1	syngo MR XA60	XA60	0	218	92165	0.18253559621728901	23	23	19	11	0.10550458715596331	0.5438068274538416	0.39730885386424203	17.428608697383133	-263226.44548055244	-593.877473368093	5.139217032633402	complete	
10462	02	ugr	1	sub-10462_ses-02_task-ugr_run-1	syngo MR XA60	XA60	0	240	91915	0.28791947039166815	82	82	71	50	0.3416666666666667	0.8411899556882548	0.5734209922303966	22.53170232770371	-266591.240403944	-466.27498673403966	4.090130537022586	complete	
10462	02	ugr	2	sub-10462_ses-02_task-ugr_run-2	syngo MR XA60	XA60	1	240	92042	0.22040725663383751	26	26	20	12	0.1087866108786611	0.5866659777360245	0.43535973683342777	16.749037161766715	-263883.7743174548	-568.4619256874795	4.633248166478591	complete	
10478	01	doors	1	sub-10478_ses-01_task-doors_run-1	syngo MR E11	E11	2	218	72277	0.075154151375710493	12	12	10	7	0.05555555555555555	0.20916902158146228	0.19509961183087113	8.643484815341036	-82477.12818819963	-356.5439002477056	-1.1682942546200223	complete	
10478	01	sharedreward	1	sub-10478_ses-01_task-sharedreward_run-1	syngo MR E11	E11	1	255	72756	0.067949119031149946	14	14	13	8	0.05511811023622047	0.2835875742009644	0.25920632543573735	7.341532955303103	-82883.63416968774	-341.6680727569996	-1.4063135247164311	complete	
10478	01	sharedreward	2	sub-10478_ses-01_task-sharedreward_run-2	syngo MR E11	E11	0	255	72584	0.09777124670620771	16	16	15	11	0.06274509803921569	0.415262078640977	0.3820106497302379	7.550201022365043	-82870.90912701174	-328.62685105191537	-1.4087070419536531	complete	
10478	01	socialdoors	1	sub-10478_ses-01_task-socialdoors_run-1	syngo MR E11	E11	7	218	72261	0.074101283971463844	12	12	10	9	0.05687203791469194	0.234291520043436	0.2212120544805625	7.602167713986967	-82926.7951332211	-354.336775723778	-1.3831566583154367	complete	
10478	01	trust	1	sub-10478_ses-01_task-trust_run-1	syngo MR E11	E11	0	280	72790	0.076103525535375388	17	17	16	10	0.060714285714285714	0.3485354096864776	0.3105301619101362	7.96674411763191	-83160.10995292383	-335.97684379795794	-1.0662739912568464	complete	
10478	01	trust	2	sub-10478_ses-01_task-trust_run-2	syngo MR E11	E11	1	280	72759	0.090059245788509809	18	18	17	12	0.06451612903225806	0.40788889747161994	0.3678431226532675	6.201762389912775	-82794.96905012817	-336.274840970215	-1.2260323902636545	complete	
10478	01	ugr	1	sub-10478_ses-01_task-ugr_run-1	syngo MR E11	E11	2	240	72432	0.080951580169687509	13	13	10	7	0.0546218487394958	0.24971113482145807	0.23152326796304887	7.03754366538308	-82652.94918168717	-356.2504639451919	-1.1596754633200828	complete	
10478	01	ugr	2	sub-10478_ses-01_task-ugr_run-2	syngo MR E11	E11	1	240	72617	0.075001226906003693	13	13	13	8	0.05439330543933055	0.2468736588628176	0.2270015626058726	7.371246995387666	-82246.77698492364	-355.7560839155765	-1.621339722174484	complete	
10486	01	doors	1	sub-10486_ses-01_task-doors_run-1	syngo MR E11	E11	0	218	66282	0.12508824232472174	14	14	12	10	0.06422018348623854	0.31223775544845533	0.2835045951262057	8.616753265326327	-68930.88882061171	-343.9543499639143	-0.6461376178912731	complete	
10486	01	sharedreward	1	sub-10486_ses-01_task-sharedreward_run-1	syngo MR E11	E11	0	255	66150	0.14106153880694799	19	19	15	12	0.07450980392156863	0.4207442590248573	0.36882440412439693	9.16965189625456	-69299.52722714684	-338.1354483035875	-0.18307319978754705	complete	
10486	01	sharedreward	2	sub-10486_ses-01_task-sharedreward_run-2	syngo MR E11	E11	0	255	66230	0.14365110964911898	17	17	15	11	0.06666666666666667	0.3765076349318517	0.3352317759235524	8.282820541752878	-69177.54517283125	-350.0368054533286	-0.34642417923370555	complete	
10486	01	socialdoors	1	sub-10486_ses-01_task-socialdoors_run-1	syngo MR E11	E11	1	218	65996	0.12357698660369122	15	15	13	10	0.06912442396313365	0.4170083730257763	0.38800499000516975	5.771495803741914	-69133.82453759851	-342.97393807262887	-0.03507817515285836	complete	
10486	01	trust	1	sub-10486_ses-01_task-trust_run-1	syngo MR E11	E11	0	280	66063	0.16560498885406466	24	24	21	16	0.08571428571428572	0.5112388400377559	0.44002752043753535	8.61501514126567	-68888.07872352233	-334.6296740663541	0.06798011016600604	complete	
10486	01	trust	2	sub-10486_ses-01_task-trust_run-2	syngo MR E11	E11	0	280	66087	0.13533727136982213	21	21	17	13	0.075	0.4444554166174797	0.3870772266382462	8.89679132671209	-68796.81164035304	-341.64493750210926	-0.10097714455256407	complete	
10486	01	ugr	1	sub-10486_ses-01_task-ugr_run-1	syngo MR E11	E11	1	240	66027	0.13835154898204768	19	19	16	11	0.0794979079497908	0.40552306784057496	0.35064111669617654	7.740508693709598	-69099.41290366811	-337.53997294119614	-0.07804857693669741	complete	
10529	01	doors	1	sub-10529_ses-01_task-doors_run-1	syngo MR E11	E11	1	218	70893	0.17440487665716306	17	17	15	12	0.07834101382488479	0.4007116707233936	0.35637180145021524	8.068369928282477	-73712.11189318757	-291.75919629626713	-0.5707954645486227	complete	
10529	01	sharedreward	1	sub-10529_ses-01_task-sharedreward_run-1	syngo MR E11	E11	1	255	70993	0.1713689856041348	16	16	15	11	0.06299212598425197	0.3726150774244522	0.3372606575845011	8.273095131324913	-73444.50402413611	-290.11594563638687	-0.7244596418833957	complete	
10529	01	sharedreward	2	sub-10529_ses-01_task-sharedreward_run-2	syngo MR E11	E11	0	255	71140	0.16276826565452585	15	15	15	12	0.058823529411764705	0.3101324425068386	0.27593524245135476	8.83685749780999	-73306.36526341645	-291.4830129681118	-0.6682923507344768	complete	
10529	01	socialdoors	1	sub-10529_ses-01_task-socialdoors_run-1	syngo MR E11	E11	0	218	71056	0.151167814710781	14	14	13	11	0.06422018348623854	0.31219251516942176	0.28506344870544714	8.157935418043419	-73609.28781566051	-297.4896039605485	-0.47502050524880834	complete	
10529	01	trust	1	sub-10529_ses-01_task-trust_run-1	syngo MR E11	E11	0	280	70795	0.17195349535478113	18	18	16	12	0.06428571428571428	0.3848722761972461	0.34067357226222206	8.030977262756004	-73790.85507692397	-289.83253131630045	0.01310159413810966	complete	
10529	01	trust	2	sub-10529_ses-01_task-trust_run-2	syngo MR E11	E11	2	280	71073	0.2094008457820063	19	19	17	12	0.0683453237410072	0.4201208703495522	0.3725915898631431	8.611049406678607	-73176.95584680553	-296.712224645883	-0.20005337073544996	complete	
10529	01	ugr	1	sub-10529_ses-01_task-ugr_run-1	syngo MR E11	E11	1	240	71001	0.15780976446270015	15	15	13	9	0.06276150627615062	0.4075757735889526	0.38004415360584254	5.719389177878076	-73914.46319018114	-295.93824538764784	-0.7460987649442903	complete	
10529	01	ugr	2	sub-10529_ses-01_task-ugr_run-2	syngo MR E11	E11	0	240	70953	0.14161028461267136	13	13	13	9	0.05416666666666667	0.28164794130043225	0.2615394014348181	7.973375237196233	-73635.36449168314	-301.08650306857913	-0.7060591389042764	complete	
10541	01	doors	1	sub-10541_ses-01_task-doors_run-1	syngo MR E11	E11	1	218	81319	0.45946431952710565	41	41	34	25	0.1889400921658986	0.6753195941687683	0.511339596562238	16.48908619857202	-71513.27055083492	-274.9228451461159	0.3817235768629052	complete	
10541	01	sharedreward	1	sub-10541_ses-01_task-sharedreward_run-1	syngo MR E11	E11	1	255	81689	0.30624813641913473	21	21	19	14	0.08267716535433071	0.498500019581853	0.4433150187916457	9.258148266703614	-70111.15071071754	-284.7947395572193	1.8058468983900078	complete	
10541	01	sharedreward	2	sub-10541_ses-01_task-sharedreward_run-2	syngo MR E11	E11	1	255	81804	0.33726276678842115	29	29	26	21	0.1141732283464567	0.5845046595435569	0.4803898080235825	12.244371563167142	-69993.04041076898	-273.3750559671191	0.6153856293227833	complete	
10541	01	socialdoors	1	sub-10541_ses-01_task-socialdoors_run-1	syngo MR E11	E11	2	218	81537	0.35373833130970117	29	29	27	20	0.13425925925925927	0.6028852932596307	0.5007882962132795	10.294861924583552	-71774.30934959208	-282.9247905536202	1.1972986175237088	complete	
10541	01	trust	1	sub-10541_ses-01_task-trust_run-1	syngo MR E11	E11	1	280	81877	0.24563665877854959	21	21	19	13	0.07526881720430108	0.45647163162881743	0.40151680111735605	10.680424975058315	-70172.55545566289	-284.4888054365977	2.217815811557302	complete	
10541	01	trust	2	sub-10541_ses-01_task-trust_run-2	syngo MR E11	E11	1	280	81671	0.29728433688681372	24	24	20	15	0.08602150537634409	0.4763450764604013	0.3992289352602811	12.418679340524204	-70232.54041834721	-284.26833776090416	2.213926949541539	complete	
10541	01	ugr	1	sub-10541_ses-01_task-ugr_run-1	syngo MR E11	E11	1	240	81327	0.36368397874208547	30	30	25	17	0.12552301255230125	0.5491191759660056	0.44105187858308015	13.48268368233123	-71774.099485338	-289.55017013398486	0.5919982882324999	complete	
10541	01	ugr	2	sub-10541_ses-01_task-ugr_run-2	syngo MR E11	E11	0	240	81469	0.37746647425756896	33	33	28	21	0.1375	0.6160183515736056	0.5008028410705655	12.027141857198448	-71637.2333644322	-285.78748402352636	0.6737597225752141	complete	
10541	02	doors	1	sub-10541_ses-02_task-doors_run-1	syngo MR XA60	XA60	1	218	82019	0.28918182741119547	83	83	74	50	0.3824884792626728	0.8595801089447037	0.5694581057080478	25.473904434514182	-260090.9006407172	-388.9384846478262	7.591536940350019	complete	
10541	02	socialdoors	1	sub-10541_ses-02_task-socialdoors_run-1	syngo MR XA60	XA60	0	218	81452	0.35140214583018442	88	88	74	49	0.4036697247706422	0.852892512525674	0.5005382179133789	37.63863960098684	-264163.244677195	-475.8493870273257	6.70005437101061	complete	
10541	02	ugr	1	sub-10541_ses-02_task-ugr_run-1	syngo MR XA60	XA60	1	240	80859	0.39890056938580426	36	36	29	18	0.1506276150627615	0.7051645048316327	0.464981094513188	22.339972908587093	-266392.9856251936	-429.01036532282296	4.640306440671246	complete	
10541	02	ugr	2	sub-10541_ses-02_task-ugr_run-2	syngo MR XA60	XA60	1	240	81252	0.42420679455763699	113	113	93	60	0.47280334728033474	0.8796214205433119	0.4689147663122034	45.275098398140216	-264286.8394310136	-448.93724580067595	5.810956627828879	complete	
10559	01	doors	1	sub-10559_ses-01_task-doors_run-1	syngo MR E11	E11	1	218	67488	0.13081168275463845	11	11	11	8	0.05069124423963134	0.19798346371237352	0.1902136450357257	8.142478083874371	-75059.61019550712	-260.8759202457557	0.48042116380311817	complete	
10559	01	sharedreward	1	sub-10559_ses-01_task-sharedreward_run-1	syngo MR E11	E11	0	255	67681	0.17956149829496851	16	16	15	9	0.06274509803921569	0.3551821195456502	0.31914022161790057	7.564042722793882	-74109.15986647733	-251.06163747088078	-0.06407090245972683	complete	
10559	01	sharedreward	2	sub-10559_ses-01_task-sharedreward_run-2	syngo MR E11	E11	0	255	67057	0.22948774534601599	21	21	19	11	0.08235294117647059	0.40300875812880477	0.336922048794389	10.995176140566425	-75087.44442136394	-246.6596539653509	-0.09759080668426479	complete	
10559	01	socialdoors	1	sub-10559_ses-01_task-socialdoors_run-1	syngo MR E11	E11	1	218	67669	0.15631063156468195	14	14	12	6	0.06451612903225806	0.31578461785259015	0.28937252423413823	6.458247739909841	-74717.00788387893	-252.24196370777858	-0.07504565305461479	complete	
10559	01	trust	1	sub-10559_ses-01_task-trust_run-1	syngo MR E11	E11	0	280	67022	0.21464738881041204	20	20	18	11	0.07142857142857142	0.39443364943739484	0.3373519386477755	9.476224776604846	-74211.77915073653	-242.2709239227407	-0.03716277799777524	complete	
10559	01	trust	2	sub-10559_ses-01_task-trust_run-2	syngo MR E11	E11	0	280	67602	0.30628999175730809	28	28	24	17	0.1	0.5546203292976899	0.46639493027105217	11.27208405316223	-73705.32810442982	-235.25558336299784	0.3495635270941134	complete	
10559	01	ugr	1	sub-10559_ses-01_task-ugr_run-1	syngo MR E11	E11	0	240	68745	0.19116981062004312	15	15	12	10	0.0625	0.4734655974760407	0.44972269659212893	5.683681684957059	-74724.45179298922	-259.14338969360085	0.29456759261615567	complete	
10559	01	ugr	2	sub-10559_ses-01_task-ugr_run-2	syngo MR E11	E11	0	240	67929	0.20183309931188673	19	19	17	11	0.07916666666666666	0.39979873552894174	0.3449212962141194	9.942027693503857	-74840.69323580006	-249.2620472508087	-0.06441248561562023	complete	
10572	01	doors	1	sub-10572_ses-01_task-doors_run-1	syngo MR E11	E11	2	218	60982	0.26382872854795403	20	20	17	12	0.09259259259259259	0.4371032197967584	0.37360447012272474	11.044145251971292	-70504.61019436862	-290.4932619048172	-0.03789877687567422	complete	
10572	01	sharedreward	1	sub-10572_ses-01_task-sharedreward_run-1	syngo MR E11	E11	1	255	61521	0.29335843428536001	19	19	17	14	0.07480314960629922	0.5529378849540493	0.5070740739746128	8.01305870333147	-71330.91245544826	-277.81929076087897	0.3380919261679432	complete	
10572	01	sharedreward	2	sub-10572_ses-01_task-sharedreward_run-2	syngo MR E11	E11	0	255	61042	0.28211961779708183	19	19	17	14	0.07450980392156863	0.5807087898348253	0.5392554325503601	6.745917488222176	-70351.90765170168	-288.44555005270803	-0.41658668352467415	complete	
10572	01	socialdoors	1	sub-10572_ses-01_task-socialdoors_run-1	syngo MR E11	E11	1	218	61047	0.2437986955904968	19	19	15	10	0.08755760368663594	0.47643096588115097	0.42743597155727886	8.745991362518243	-70437.154932556	-285.96855168383246	-0.2108806644482897	complete	
10572	01	trust	1	sub-10572_ses-01_task-trust_run-1	syngo MR E11	E11	1	280	61265	0.25117394526383102	17	17	16	11	0.06093189964157706	0.4326226141272983	0.3937467257723475	8.85867836464576	-71677.9896292744	-270.59491097207837	0.8221570257567092	complete	
10572	01	trust	2	sub-10572_ses-01_task-trust_run-2	syngo MR E11	E11	1	280	61588	0.34773162136684405	21	21	19	15	0.07526881720430108	0.5603956091741953	0.5068656802627383	8.438605525132333	-71535.27633946724	-284.10621056216206	0.2412147353717243	complete	
10572	01	ugr	1	sub-10572_ses-01_task-ugr_run-1	syngo MR E11	E11	1	240	61167	0.339899296637583	25	25	22	15	0.10460251046025104	0.5943797160076356	0.5215204111794538	8.59947399550308	-70192.97267788484	-289.2006683318017	-0.10460132139534069	complete	
10581	01	doors	1	sub-10581_ses-01_task-doors_run-1	syngo MR E11	E11	0	218	71848	0.1637329751648964	18	18	17	10	0.08256880733944955	0.38046559997492274	0.3277818524074589	9.58078633923484	-71060.33454541411	-248.62273878455485	-0.9654301083654395	complete	
10581	01	sharedreward	1	sub-10581_ses-01_task-sharedreward_run-1	syngo MR E11	E11	1	255	72482	0.15835767283725297	18	18	16	11	0.07086614173228346	0.44565163929272406	0.40375908634587787	8.453568940453307	-70814.45804886034	-245.3966292686559	-1.3999206779286018	complete	
10581	01	sharedreward	2	sub-10581_ses-01_task-sharedreward_run-2	syngo MR E11	E11	1	255	72258	0.13724963222679212	17	17	15	11	0.06692913385826772	0.41702313673875185	0.3765717446621232	8.807552194328286	-70761.29146212169	-241.2212448626232	-1.3140446351002069	complete	
10581	01	socialdoors	1	sub-10581_ses-01_task-socialdoors_run-1	syngo MR E11	E11	1	218	72248	0.16463102109009672	19	19	16	11	0.08755760368663594	0.44820782109506496	0.39740792351545506	7.243977916966728	-70793.45190056562	-247.03966312953332	-1.3393952926366315	complete	
10581	01	trust	1	sub-10581_ses-01_task-trust_run-1	syngo MR E11	E11	1	280	72448	0.17313204494427595	21	21	19	13	0.07526881720430108	0.47479516143845635	0.4186830079773161	8.939688225055905	-71163.25376426625	-247.62436979792633	-1.7066355963612818	complete	
10581	01	trust	2	sub-10581_ses-01_task-trust_run-2	syngo MR E11	E11	1	280	72516	0.11048227185106414	14	14	12	8	0.05017921146953405	0.3273053175356594	0.3065099024363342	7.905318557371624	-70391.13629087797	-246.15899945946953	-1.12273534875375	complete	
10581	01	ugr	1	sub-10581_ses-01_task-ugr_run-1	syngo MR E11	E11	0	240	72304	0.22544152178820329	26	26	24	15	0.10833333333333334	0.47051257819301406	0.37521226071302033	13.578316649913749	-70156.12599089264	-233.82840864244668	-0.7848117587208207	complete	
10581	01	ugr	2	sub-10581_ses-01_task-ugr_run-2	syngo MR E11	E11	0	240	50863	0.26237380147551947	27	27	24	16	0.1125	0.5110488262466655	0.40008895678928075	15.365280919390022	-59596.63814477181	-293.2318221026789	-0.5823108712430636	complete	
10584	01	doors	1	sub-10584_ses-01_task-doors_run-1	syngo MR E11	E11	1	218	79712	0.1412052975754107	17	17	15	12	0.07834101382488479	0.49206471517491895	0.4546420976916634	5.850850900989508	-67078.56512398721	-308.66810361584595	-1.4198184775126725	complete	
10584	01	sharedreward	1	sub-10584_ses-01_task-sharedreward_run-1	syngo MR E11	E11	1	255	80160	0.10367686717272098	15	15	13	10	0.05905511811023622	0.3411404958505452	0.31307588611863674	7.338451950804676	-65740.66602262703	-304.96278918148687	-1.5011924860949313	complete	
10584	01	socialdoors	1	sub-10584_ses-01_task-socialdoors_run-1	syngo MR E11	E11	0	218	79999	0.10234608051951881	15	15	14	10	0.06880733944954129	0.43807009614635667	0.41181304933800583	5.963461566792247	-66059.62451038735	-303.3608426583811	-1.6235405453193807	complete	
10584	01	trust	1	sub-10584_ses-01_task-trust_run-1	syngo MR E11	E11	1	280	80187	0.092726556425543977	14	14	11	9	0.05017921146953405	0.47229637522140633	0.4571272819220857	4.523679668883776	-65446.93178462547	-301.5558339181354	-1.7302499410274192	complete	
10584	01	trust	2	sub-10584_ses-01_task-trust_run-2	syngo MR E11	E11	1	280	80432	0.096815313167645453	17	17	15	9	0.06093189964157706	0.40451943664172524	0.37254299164581023	6.816215055982337	-65300.920076401424	-302.15362853968315	-1.8305850506041814	complete	
10584	01	ugr	1	sub-10584_ses-01_task-ugr_run-1	syngo MR E11	E11	0	240	79543	0.17271238532689479	19	19	17	12	0.07916666666666666	0.5517470815743055	0.510989007094438	6.536218220059869	-67377.52464203871	-311.5261668939385	-1.4058936671544304	complete	
10585	01	doors	1	sub-10585_ses-01_task-doors_run-1	syngo MR E11	E11	2	218	72361	0.21870559228039713	19	19	19	11	0.08796296296296297	0.4722757366430829	0.421787179170232	7.453945650796955	-60473.59947151677	-306.3019167691324	-0.8541007690789862	complete	
10585	01	sharedreward	1	sub-10585_ses-01_task-sharedreward_run-1	syngo MR E11	E11	1	255	72609	0.21393609837106253	20	20	17	13	0.07874015748031496	0.5010788800400459	0.45244990083255754	7.3217538569760565	-60285.35809392537	-304.51476216112485	-1.0842797615616577	complete	
10585	01	sharedreward	2	sub-10585_ses-01_task-sharedreward_run-2	syngo MR E11	E11	2	255	72624	0.25150179608504863	22	22	20	13	0.08695652173913043	0.5028549794937601	0.43955372374098167	8.556618432052554	-60048.17332616987	-312.65824240644884	-0.8447058861220679	complete	
10585	01	socialdoors	1	sub-10585_ses-01_task-socialdoors_run-1	syngo MR E11	E11	1	218	72527	0.21918816801310143	21	21	17	13	0.0967741935483871	0.5588904416171586	0.5071468353179553	5.867965762341489	-60453.3272789173	-301.6670972768993	-0.542888427497962	complete	
10585	01	trust	1	sub-10585_ses-01_task-trust_run-1	syngo MR E11	E11	0	280	72574	0.2149078340070549	19	19	17	14	0.06785714285714285	0.5186733857290028	0.4787879249709841	5.682560473205872	-60256.1080198424	-300.77066079227626	-1.0957307425249205	complete	
10585	01	trust	2	sub-10585_ses-01_task-trust_run-2	syngo MR E11	E11	1	280	72610	0.227589192670206	21	21	18	14	0.07526881720430108	0.4540454310260948	0.3946297661789741	8.656952910460147	-60204.292747816275	-306.08446117586277	-0.7878711780617286	complete	
10585	01	ugr	1	sub-10585_ses-01_task-ugr_run-1	syngo MR E11	E11	4	240	72125	0.19461022416121354	20	20	17	11	0.0847457627118644	0.4909645273293347	0.4401266048377255	6.571727475906364	-60993.127400098165	-307.9565656804737	-0.8587706662271696	complete	
10585	01	ugr	2	sub-10585_ses-01_task-ugr_run-2	syngo MR E11	E11	0	240	72615	0.22188508860966105	20	20	17	14	0.08333333333333333	0.49184257585265057	0.43660246013777854	7.874420260519461	-60606.32701792279	-301.94702110483547	-0.5355588330777346	complete	
10589	01	doors	1	sub-10589_ses-01_task-doors_run-1	syngo MR E11	E11	2	218	72769	0.082644830526721447	13	13	13	8	0.06018518518518518	0.27374601835000684	0.2535187606094285	7.781655189804423	-77221.58828647848	-315.12008778898354	-0.4829806922216457	complete	
10589	01	sharedreward	1	sub-10589_ses-01_task-sharedreward_run-1	syngo MR E11	E11	2	255	72851	0.099404638099819462	16	16	15	10	0.06324110671936758	0.35261224948641195	0.31933214548422995	6.77078525069317	-76924.41397908358	-311.10887008158386	-0.28591851032670673	complete	
10589	01	sharedreward	2	sub-10589_ses-01_task-sharedreward_run-2	syngo MR E11	E11	1	255	72568	0.13056697776751175	16	16	14	8	0.06299212598425197	0.42184732541467274	0.3930124090735218	4.964993320084526	-77050.66365030472	-305.8082982098817	-0.239905410071978	complete	
10589	01	socialdoors	1	sub-10589_ses-01_task-socialdoors_run-1	syngo MR E11	E11	2	218	72883	0.10235376779666183	13	13	12	7	0.06018518518518518	0.2903447026778026	0.27024203605640634	6.67607051913682	-76997.97365517863	-308.8263976069831	-0.2739861937012399	complete	
10589	01	trust	1	sub-10589_ses-01_task-trust_run-1	syngo MR E11	E11	2	280	72632	0.10721559279916146	17	17	15	8	0.06115107913669065	0.38203636996505647	0.3457022021632923	5.921753769170951	-77099.68972742114	-311.04572355259575	-0.6156047610911766	complete	
10589	01	trust	2	sub-10589_ses-01_task-trust_run-2	syngo MR E11	E11	1	280	72847	0.10916664734311136	16	16	14	9	0.05734767025089606	0.30235149892567365	0.2681978458602099	7.945012914307508	-76707.8806206434	-306.59788627521516	-0.587572401082782	complete	
10589	01	ugr	1	sub-10589_ses-01_task-ugr_run-1	syngo MR E11	E11	2	240	71987	0.0786866063589923	13	13	12	7	0.0546218487394958	0.30973605283164174	0.29085173002955766	5.746099406291177	-77985.55222501278	-316.39452254006443	-0.6349034578858189	complete	
10589	01	ugr	2	sub-10589_ses-01_task-ugr_run-2	syngo MR E11	E11	2	240	72770	0.09102635828267662	14	14	11	9	0.058823529411764705	0.30606252174652254	0.28279031618060546	5.739144165740624	-77149.46763787266	-307.3069761457989	-0.06991140658251144	complete	
10590	01	doors	1	sub-10590_ses-01_task-doors_run-1	syngo MR E11	E11	5	218	78885	0.12233210839907192	22	22	20	13	0.10328638497652583	0.42514818137189747	0.34955429907937097	9.226028602670713	-71249.70933233591	-338.4690755447244	-0.9171789483315753	complete	
10590	01	sharedreward	1	sub-10590_ses-01_task-sharedreward_run-1	syngo MR E11	E11	0	255	78204	0.12372739431184195	21	21	19	11	0.08235294117647059	0.3785400599391415	0.31534964651341363	9.595630381292029	-71883.76279701707	-331.5451048833489	-0.10752958986632835	complete	
10590	01	sharedreward	2	sub-10590_ses-01_task-sharedreward_run-2	syngo MR E11	E11	2	255	78235	0.13199383411232979	21	21	19	10	0.08300395256916997	0.3800929235360178	0.3160955395149119	9.619142620895527	-71780.39157268053	-337.5462005077854	-0.37198613397579805	complete	
10590	01	socialdoors	1	sub-10590_ses-01_task-socialdoors_run-1	syngo MR E11	E11	6	218	78772	0.11527053827993154	20	20	19	13	0.09433962264150944	0.36252365488234056	0.2924206928147489	12.622555254198721	-71122.02913039831	-335.2062922245302	-0.904286161581777	complete	
10590	01	trust	1	sub-10590_ses-01_task-trust_run-1	syngo MR E11	E11	2	280	78271	0.11928541511593638	20	20	18	10	0.07194244604316546	0.33175717717283365	0.2758616287529152	10.946206637198122	-71855.27568039384	-336.5626744692169	-0.1506797806852875	complete	
10590	01	trust	2	sub-10590_ses-01_task-trust_run-2	syngo MR E11	E11	2	280	78125	0.1457281920063076	20	20	19	13	0.07194244604316546	0.34795588106889935	0.29049588453549197	11.026520348477492	-72013.75888176735	-338.86986198382226	0.08956652942614393	complete	
10590	01	ugr	1	sub-10590_ses-01_task-ugr_run-1	syngo MR E11	E11	0	240	78880	0.09477012421692077	18	18	15	9	0.075	0.35724592522502135	0.31206526639637855	7.941763280943425	-71408.19130335869	-339.1187549961613	-0.6771090376579519	complete	
10590	01	ugr	2	sub-10590_ses-01_task-ugr_run-2	syngo MR E11	E11	4	240	78827	0.11039092002367305	19	19	18	11	0.08050847457627118	0.3806814783647136	0.32786484376115843	9.741900732718358	-71215.80994619077	-339.93979580836077	-0.956485482440776	complete	
10590	02	doors	1	sub-10590_ses-02_task-doors_run-1	syngo MR XA60	XA60	1	218	80281	0.17575109616227028	61	61	53	36	0.28110599078341014	0.7313276842957891	0.4655992397444988	26.912391136769873	-279558.5832454682	-526.4362926766656	4.867609684698011	complete	
10590	02	socialdoors	1	sub-10590_ses-02_task-socialdoors_run-1	syngo MR XA60	XA60	1	218	79986	0.17947853256927598	60	60	54	36	0.2764976958525346	0.74742374357668	0.48888040020687906	25.156518981974028	-281209.6613952104	-512.9323601480462	5.24506798834617	complete	
10590	02	ugr	1	sub-10590_ses-02_task-ugr_run-1	syngo MR XA60	XA60	1	240	80247	0.12592856205410438	54	54	49	34	0.22594142259414227	0.7051173567990416	0.48529977327198054	22.20308492574833	-280574.7378178966	-561.2489996617142	3.409151167745054	complete	
10590	02	ugr	2	sub-10590_ses-02_task-ugr_run-2	syngo MR XA60	XA60	1	240	80024	0.14643867882979583	60	60	52	36	0.2510460251046025	0.7015430381881588	0.4444149120642344	28.014621402171393	-280992.99478501704	-567.1433819206065	4.474390854967502	complete	
10596	01	doors	1	sub-10596_ses-01_task-doors_run-1	syngo MR E11	E11	2	218	65768	0.2415282348750343	15	15	14	7	0.06944444444444445	0.2810922377879164	0.24471298644980108	9.097811262887031	-72387.21149675317	-336.4602786558116	-0.963558106660627	complete	
10596	01	sharedreward	1	sub-10596_ses-01_task-sharedreward_run-1	syngo MR E11	E11	0	255	66594	0.20385527825278568	14	14	14	10	0.054901960784313725	0.2721634288139478	0.2443857645003709	9.357067243267892	-70874.52469758842	-316.43839427932943	-1.262267172081145	complete	
10596	01	sharedreward	2	sub-10596_ses-01_task-sharedreward_run-2	syngo MR E11	E11	0	255	65898	0.23335228723817383	18	18	16	12	0.07058823529411765	0.3467505059922874	0.294915425350119	9.729344081815725	-70956.43164595487	-320.69284784374946	-0.7714607334924123	complete	
10596	01	socialdoors	1	sub-10596_ses-01_task-socialdoors_run-1	syngo MR E11	E11	1	218	65557	0.19788375067039429	16	16	15	9	0.07373271889400922	0.28504933738440263	0.23885956850870568	11.163742933915879	-72026.90370733055	-332.48667447939425	-0.7910454001953632	complete	
10596	01	trust	1	sub-10596_ses-01_task-trust_run-1	syngo MR E11	E11	0	280	65858	0.1754961290760777	15	15	14	10	0.05357142857142857	0.2887925193517525	0.2571800270010381	9.253264063184536	-71164.80398512165	-324.0207515861293	-1.218396478912172	complete	
10596	01	trust	2	sub-10596_ses-01_task-trust_run-2	syngo MR E11	E11	0	280	66144	0.18270999477945013	17	17	16	11	0.060714285714285714	0.32513150806872293	0.27992463054357936	9.953318159636305	-70698.50318506375	-318.0597334662395	-1.2426326398465615	complete	
10596	01	ugr	1	sub-10596_ses-01_task-ugr_run-1	syngo MR E11	E11	0	240	66610	0.21511944041690267	15	15	13	8	0.0625	0.25333943906245554	0.22039631808110793	9.952505096628105	-70134.19978197594	-330.5813647914227	-1.6217188513663847	complete	
10596	01	ugr	2	sub-10596_ses-01_task-ugr_run-2	syngo MR E11	E11	0	240	66691	0.2174087137149244	15	15	14	9	0.0625	0.2608488019728181	0.22431597816816334	10.012912978438159	-70696.44136584215	-333.62585331873447	-1.2818850747320285	complete	
10603	01	doors	1	sub-10603_ses-01_task-doors_run-1	syngo MR E11	E11	0	218	67035	0.24695684053577324	26	26	24	17	0.11926605504587157	0.5490106169526795	0.4542418177799325	10.81407936330381	-70836.03357957785	-314.707935675215	-1.772596302151441	complete	
10603	01	sharedreward	1	sub-10603_ses-01_task-sharedreward_run-1	syngo MR E11	E11	0	255	66949	0.1769418902955168	17	17	17	13	0.06666666666666667	0.3899220125083765	0.3421942477593744	8.53811358441103	-70784.66773736957	-321.442122466758	-2.0053989599527617	complete	
10603	01	socialdoors	1	sub-10603_ses-01_task-socialdoors_run-1	syngo MR E11	E11	0	218	67133	0.24726201295316219	25	25	22	17	0.11467889908256881	0.5297620843648849	0.43471771982725604	11.55813827104538	-70447.40800231732	-315.27460331488527	-1.9095444693210084	complete	
10603	01	trust	1	sub-10603_ses-01_task-trust_run-1	syngo MR E11	E11	0	280	67042	0.26671625993471454	26	26	22	15	0.09285714285714286	0.48361977409685525	0.3902359330672134	11.530600565457762	-65684.00664156482	-316.9293014647353	-1.7610246040697757	complete	
10603	01	trust	2	sub-10603_ses-01_task-trust_run-2	syngo MR E11	E11	0	280	67023	0.25700553099963874	25	25	22	16	0.08928571428571429	0.5084463987748731	0.42338591212610527	11.03471496138554	-65802.02372810981	-306.9807811282401	-1.6185164562425534	complete	
10603	01	ugr	1	sub-10603_ses-01_task-ugr_run-1	syngo MR E11	E11	0	240	66903	0.27997160949143574	27	27	24	20	0.1125	0.5740920886620254	0.47709691932246445	11.329958477329228	-70792.66379340299	-318.10229580664384	-1.5550478311732339	complete	
10606	01	doors	1	sub-10606_ses-01_task-doors_run-1	syngo MR E11	E11	3	218	74582	0.10464623277005601	13	13	12	9	0.06046511627906977	0.26574178763577844	0.24485837480005138	9.749841617173342	-78110.34351909907	-322.5518681121977	-0.2138010786133477	complete	
10606	01	sharedreward	1	sub-10606_ses-01_task-sharedreward_run-1	syngo MR E11	E11	0	255	74403	0.10169034166158901	15	15	14	10	0.058823529411764705	0.2519558314507502	0.22038298238334034	12.044054417890951	-77909.93705835221	-323.23143915414977	-0.6021119093361569	complete	
10606	01	sharedreward	2	sub-10606_ses-01_task-sharedreward_run-2	syngo MR E11	E11	2	255	74469	0.070138145084494896	15	15	14	9	0.05928853754940711	0.21838189869071625	0.1843056722007627	13.082290534051205	-77901.6257335047	-324.1490210329428	-0.9119770314648793	complete	
10606	01	socialdoors	1	sub-10606_ses-01_task-socialdoors_run-1	syngo MR E11	E11	1	218	74266	0.09105630204595791	15	15	15	9	0.06912442396313365	0.24915885686942643	0.21294282016686022	12.18130733459925	-78187.37258428449	-325.04045894592923	-0.6565314606247721	complete	
10606	01	trust	1	sub-10606_ses-01_task-trust_run-1	syngo MR E11	E11	1	280	74584	0.11116025621728488	18	18	17	10	0.06451612903225806	0.3029188790592347	0.25593011263135945	11.50850106322837	-78320.98541442717	-319.2099014762935	-0.5076324101472198	complete	
10606	01	trust	2	sub-10606_ses-01_task-trust_run-2	syngo MR E11	E11	3	280	74615	0.11713110944845227	18	18	16	12	0.06498194945848375	0.3411922585618123	0.29338966725517884	10.4705754305163	-77924.10363512865	-317.16711794563804	-0.8728105717443259	complete	
10606	01	ugr	1	sub-10606_ses-01_task-ugr_run-1	syngo MR E11	E11	0	240	74535	0.10727566812100647	16	16	14	9	0.06666666666666667	0.29084920502525297	0.2526024980468585	9.64749704928958	-78345.67104980409	-321.9759395445461	0.14683486699190346	complete	
10606	01	ugr	2	sub-10606_ses-01_task-ugr_run-2	syngo MR E11	E11	1	240	74492	0.099310367319110956	16	16	14	11	0.06694560669456066	0.27772676211909825	0.23745344661774243	11.79556548367526	-78218.56290772925	-320.6333479526455	-0.2083380238014738	complete	
10608	01	doors	1	sub-10608_ses-01_task-doors_run-1	syngo MR E11	E11	0	218	58540	0.1420952213444672	14	14	14	8	0.06422018348623854	0.28338560946623015	0.2524757539654773	8.36552510290352	-88543.94431834611	-319.53205625161837	0.5219314755592398	complete	
10608	01	sharedreward	1	sub-10608_ses-01_task-sharedreward_run-1	syngo MR E11	E11	1	255	58387	0.12833203014404063	13	13	12	9	0.051181102362204724	0.2527878716109553	0.23282180733793842	8.490405909966807	-89293.48106095218	-324.02323974565604	0.565861915554347	complete	
10608	01	sharedreward	2	sub-10608_ses-01_task-sharedreward_run-2	syngo MR E11	E11	0	255	58554	0.16630043772849898	16	16	15	10	0.06274509803921569	0.41443082379627894	0.3786246347510448	6.442019213498514	-88760.39267354822	-310.15250056645334	0.4822088668250533	complete	
10608	01	socialdoors	1	sub-10608_ses-01_task-socialdoors_run-1	syngo MR E11	E11	1	218	58454	0.12723532125220449	13	13	11	9	0.059907834101382486	0.2502902162069307	0.2276576205970997	8.06972012501418	-88663.82918866481	-319.442121032078	0.5482487420924316	complete	
10608	01	trust	1	sub-10608_ses-01_task-trust_run-1	syngo MR E11	E11	1	280	58656	0.13576640093041648	13	13	13	10	0.04659498207885305	0.2800439521660202	0.2598949309064289	6.831716356134255	-89672.29499099143	-325.43431166553677	0.42773525744239826	complete	
10608	01	ugr	1	sub-10608_ses-01_task-ugr_run-1	syngo MR E11	E11	2	240	58845	0.17978806340789555	15	15	14	11	0.06302521008403361	0.2836138790297458	0.2440720720110357	11.354185826329186	-88240.51009281755	-320.46087910641467	0.32748791477687145	complete	
10608	01	ugr	2	sub-10608_ses-01_task-ugr_run-2	syngo MR E11	E11	1	240	58409	0.15983848399836825	15	15	13	8	0.06276150627615062	0.36640651048111517	0.3337847822152701	6.434508999490944	-88666.33997494428	-317.2363817536673	0.4697629550059161	complete	
10617	01	doors	1	sub-10617_ses-01_task-doors_run-1	syngo MR E11	E11	1	218	69388	0.20229827360827818	20	20	18	12	0.09216589861751152	0.46429335953463446	0.40636328323933557	9.336932522016175	-67964.1757595633	-311.04444668770503	-1.2020058389449093	complete	
10617	01	sharedreward	1	sub-10617_ses-01_task-sharedreward_run-1	syngo MR E11	E11	1	255	69414	0.1917980617653528	19	19	16	10	0.07480314960629922	0.4056721145765147	0.3570042406252745	8.756423954878247	-68490.39468503954	-323.60007825707027	-1.187937456735907	complete	
10617	01	socialdoors	1	sub-10617_ses-01_task-socialdoors_run-1	syngo MR E11	E11	6	218	69411	0.2017786084463756	21	21	18	12	0.09905660377358491	0.46575614677953886	0.40220312428760396	9.963274310878345	-68181.0746347574	-315.1972871523384	-1.118534265598421	complete	
10617	01	trust	1	sub-10617_ses-01_task-trust_run-1	syngo MR E11	E11	1	280	69425	0.18293517633079046	21	21	18	11	0.07526881720430108	0.39764439957456016	0.33990102715218407	10.2813409582625	-68446.65000796363	-320.9261001246331	-1.0998400086779694	complete	
10617	01	trust	2	sub-10617_ses-01_task-trust_run-2	syngo MR E11	E11	0	280	69455	0.20395974666299105	22	22	20	14	0.07857142857142857	0.45565879222043437	0.3882933921719004	10.353705140457159	-68761.41999423277	-314.54089034739644	-1.3205539053346669	complete	
10617	01	ugr	1	sub-10617_ses-01_task-ugr_run-1	syngo MR E11	E11	1	240	69442	0.25980164834255043	27	27	23	16	0.11297071129707113	0.589558713436036	0.5044649270629227	10.596087964118714	-68035.76473076861	-304.7290817601755	-1.0763205890105736	complete	
10617	02	doors	1	sub-10617_ses-02_task-doors_run-1	syngo MR XA60	XA60	2	218	69211	0.14706996077118117	46	46	40	27	0.21296296296296297	0.6616789263769717	0.4408376128588621	24.32010237514623	-291616.240546477	-603.0306447981095	3.9342764850948164	complete	
10617	02	socialdoors	1	sub-10617_ses-02_task-socialdoors_run-1	syngo MR XA60	XA60	2	218	69227	0.15377304975412293	47	47	42	30	0.2175925925925926	0.6904260217338148	0.45812887195599017	25.000453755995498	-291233.2212925012	-575.6178254303009	3.2661980195165197	complete	
10617	02	ugr	1	sub-10617_ses-02_task-ugr_run-1	syngo MR XA60	XA60	1	240	69193	0.14962010216552563	45	45	41	27	0.18828451882845187	0.6395321888652225	0.4264528086365557	24.768122030065122	-291312.95903480495	-591.802999080809	3.436176735595102	complete	
10617	02	ugr	2	sub-10617_ses-02_task-ugr_run-2	syngo MR XA60	XA60	1	240	69210	0.13929946741085153	23	23	20	12	0.09623430962343096	0.5095854440031922	0.39181197405906315	15.68174334017278	-290581.9244886022	-626.405015904972	3.4465628308924052	complete	
10636	01	doors	1	sub-10636_ses-01_task-doors_run-1	syngo MR E11	E11	2	218	67005	0.11862093232205011	17	17	15	10	0.0787037037037037	0.47994854737894727	0.4420247028856215	5.355130390211839	-71552.0565125071	-348.6840614207497	-0.5776770323664115	complete	
10636	01	sharedreward	1	sub-10636_ses-01_task-sharedreward_run-1	syngo MR E11	E11	2	255	66980	0.12146511411776187	16	16	13	9	0.06324110671936758	0.5195601005424709	0.4947765305518837	4.418782100471435	-71608.21697003918	-333.8706084935697	-0.4215663706228725	complete	
10636	01	sharedreward	2	sub-10636_ses-01_task-sharedreward_run-2	syngo MR E11	E11	0	255	66967	0.15437561180526482	19	19	16	12	0.07450980392156863	0.44097852551651334	0.3880431450264712	8.715152227522323	-71758.02342406033	-335.2326330429506	-0.6359082942120627	complete	
10636	01	socialdoors	1	sub-10636_ses-01_task-socialdoors_run-1	syngo MR E11	E11	2	218	67059	0.097778306880154597	13	13	11	8	0.06018518518518518	0.4106446674728503	0.3946894360517056	4.581487091389026	-71436.85259280779	-336.29961345692914	-0.4945894865375708	complete	
10636	01	trust	1	sub-10636_ses-01_task-trust_run-1	syngo MR E11	E11	0	280	67046	0.1723816596858003	21	21	19	14	0.075	0.49151105158062836	0.43209873444119856	7.739843771313847	-71675.72862268287	-327.50481427955424	-0.7295513373990409	complete	
10636	01	trust	2	sub-10636_ses-01_task-trust_run-2	syngo MR E11	E11	1	280	66788	0.12172902810344159	19	19	16	11	0.06810035842293907	0.46696688827694266	0.4239799498512604	6.740722598122775	-71813.92862146172	-332.93421515185554	-0.7256135744259467	complete	
10636	01	ugr	1	sub-10636_ses-01_task-ugr_run-1	syngo MR E11	E11	2	240	67237	0.085889783606585973	13	13	12	8	0.0546218487394958	0.3234468941055857	0.305626063249847	5.353078828077137	-71946.97854120804	-333.60974126602054	-0.6880365916664726	complete	
10636	01	ugr	2	sub-10636_ses-01_task-ugr_run-2	syngo MR E11	E11	4	240	66911	0.11609626658882465	16	16	13	9	0.06779661016949153	0.5290059531422956	0.5036717517198483	4.743901901964883	-71744.76436847073	-340.6965604046983	-0.8099677211950571	complete	
10638	01	doors	1	sub-10638_ses-01_task-doors_run-1	syngo MR E11	E11	2	218	62313	0.15676926152355075	15	15	12	7	0.06944444444444445	0.42406213431880874	0.39693248298331185	6.510294488080206	-72368.67476875342	-338.7604809017141	-1.5308664851909857	complete	
10638	01	sharedreward	1	sub-10638_ses-01_task-sharedreward_run-1	syngo MR E11	E11	2	255	62978	0.15781447336828389	15	15	14	8	0.05928853754940711	0.41196098114578633	0.3846589945648942	6.581779736294513	-71792.2622207763	-330.17192219352404	-1.461745652334479	complete	
10638	01	sharedreward	2	sub-10638_ses-01_task-sharedreward_run-2	syngo MR E11	E11	2	255	63011	0.15231834388546744	17	17	15	10	0.06719367588932806	0.36891469705147806	0.3277490483706916	9.468518733706013	-71514.73334912806	-327.57656316413676	-1.2136616475524147	complete	
10638	01	socialdoors	1	sub-10638_ses-01_task-socialdoors_run-1	syngo MR E11	E11	4	218	62385	0.17701496061622576	17	17	15	10	0.0794392523364486	0.46457563824449205	0.4252369147879973	6.858966108105352	-72220.3409156108	-331.8810509605412	-1.2617161108050476	complete	
10638	01	trust	1	sub-10638_ses-01_task-trust_run-1	syngo MR E11	E11	2	280	63110	0.159994771897606	17	17	15	8	0.06115107913669065	0.43295225846962504	0.3986385371438005	6.6860671752452685	-71449.7359316647	-322.55674194678244	-1.2183343712817165	complete	
10638	01	trust	2	sub-10638_ses-01_task-trust_run-2	syngo MR E11	E11	2	280	63186	0.18239278097882133	19	19	16	10	0.0683453237410072	0.4657932110711092	0.4228020084009613	8.281269501398643	-71427.20815596297	-333.69374024413423	-1.5092543461625458	complete	
10638	01	ugr	1	sub-10638_ses-01_task-ugr_run-1	syngo MR E11	E11	1	240	63095	0.1574347794199904	15	15	14	8	0.06276150627615062	0.4310348734024509	0.40462101307915993	7.239927803090339	-72084.93218800901	-333.3824536529538	-1.803326358005711	complete	
10638	01	ugr	2	sub-10638_ses-01_task-ugr_run-2	syngo MR E11	E11	3	240	63069	0.14928522205901135	14	14	13	8	0.05907172995780591	0.3568232537708444	0.33381158484894236	6.3350407442976735	-71775.89561047991	-335.7745481986591	-1.12594606677626	complete	
10638	02	doors	1	sub-10638_ses-02_task-doors_run-1	syngo MR XA60	XA60	2	218	63099	0.13910174126385275	35	35	31	21	0.16203703703703703	0.6662252597346692	0.5275999625658585	15.917712838230113	-296619.2964868856	-821.5271398669607	3.7728597244229154	complete	
10638	02	socialdoors	1	sub-10638_ses-02_task-socialdoors_run-1	syngo MR XA60	XA60	1	218	61786	0.15171029612656881	48	48	44	29	0.22119815668202766	0.7078211674674354	0.4939394617824658	22.446601980083067	-301468.06902131037	-781.7382044726583	3.862481366660755	complete	
10638	02	ugr	1	sub-10638_ses-02_task-ugr_run-1	syngo MR XA60	XA60	1	240	63159	0.18512066475930489	55	55	46	31	0.2301255230125523	0.7816229223734693	0.595967503334087	16.49977045283591	-296127.02543565887	-762.4258886829977	2.2326012029233158	complete	
10638	02	ugr	2	sub-10638_ses-02_task-ugr_run-2	syngo MR XA60	XA60	2	240	63089	0.16455160142308783	50	50	42	30	0.21008403361344538	0.7052472883465878	0.4961876499423622	22.343091216101698	-295992.43872957485	-781.8041844063753	3.8743334452057296	complete	
10640	01	doors	1	sub-10640_ses-01_task-doors_run-1	syngo MR E11	E11	1	218	77948	0.076983927287689366	25	25	22	15	0.1152073732718894	0.42328211268786653	0.32438131165418976	15.680742608467684	-152151.84653378502	-481.7202493926475	0.6701719303765153	complete	
10640	01	sharedreward	1	sub-10640_ses-01_task-sharedreward_run-1	syngo MR E11	E11	1	255	78092	0.086555125007951622	27	27	23	16	0.1062992125984252	0.4778636369175259	0.38447439399345323	10.936418852079616	-151702.43736674468	-475.8511937843318	0.5671531393623077	complete	
10640	01	sharedreward	2	sub-10640_ses-01_task-sharedreward_run-2	syngo MR E11	E11	2	255	78265	0.10256505401138312	31	31	28	19	0.1225296442687747	0.5376371623224373	0.4259278683298064	12.017372552198001	-151468.24046924373	-468.18870672150166	0.22803509102214936	complete	
10640	01	socialdoors	1	sub-10640_ses-01_task-socialdoors_run-1	syngo MR E11	E11	1	218	78139	0.081330219155245062	23	23	20	13	0.10599078341013825	0.4240180667230001	0.34409293525418727	11.983091762351714	-151767.93715015403	-479.636293189518	1.0170480952736698	complete	
10640	01	trust	1	sub-10640_ses-01_task-trust_run-1	syngo MR E11	E11	1	280	78163	0.10337244815876422	29	29	27	18	0.1039426523297491	0.5257912075490591	0.42776841706977636	11.073699689835308	-151401.77248679634	-461.3501833344402	0.46012647724340733	complete	
10640	01	trust	2	sub-10640_ses-01_task-trust_run-2	syngo MR E11	E11	0	280	77938	0.096174200434494289	33	33	30	20	0.11785714285714285	0.44850644635746073	0.30649073646531755	19.97997895414376	-153055.8652034311	-460.79829865111026	1.682672630122924	complete	
10640	01	ugr	1	sub-10640_ses-01_task-ugr_run-1	syngo MR E11	E11	1	240	77964	0.088664586577656329	24	24	22	16	0.100418410041841	0.4955220183676001	0.4192797977616645	8.97880485222294	-152088.684646879	-477.20682813216075	-0.6822344235360555	complete	
10640	01	ugr	2	sub-10640_ses-01_task-ugr_run-2	syngo MR E11	E11	2	240	77914	0.088828361364028219	28	28	24	16	0.11764705882352941	0.532580416368378	0.43845887368666714	10.536955223992411	-152283.19412039945	-483.1394190321318	-0.44908514569102514	complete	
10641	01	doors	1	sub-10641_ses-01_task-doors_run-1	syngo MR E11	E11	1	218	65218	0.15779737492012144	8	8	8	5	0.03686635944700461	0.194000333869093	0.194000333869093	5.975575064828595	-71696.36071400372	-323.3490600929343	-2.2226269017898215	complete	
10641	01	sharedreward	1	sub-10641_ses-01_task-sharedreward_run-1	syngo MR E11	E11	1	255	65237	0.19241629027188853	11	11	10	9	0.04330708661417323	0.33006046496807034	0.3247243100609501	5.703626300590316	-71412.18187363113	-313.2433289897835	-1.4800175401211022	complete	
10641	01	socialdoors	1	sub-10641_ses-01_task-socialdoors_run-1	syngo MR E11	E11	2	218	65181	0.14444543963749457	8	8	8	7	0.037037037037037035	0.2158607776061535	0.2158607776061535	6.017400297617398	-71713.77481122315	-321.21682193104135	-2.124738320109046	complete	
10641	01	trust	1	sub-10641_ses-01_task-trust_run-1	syngo MR E11	E11	2	280	65173	0.20038742551970168	13	13	12	8	0.046762589928057555	0.32106448468887794	0.30547462007939674	5.999576091560422	-71297.65380173354	-309.41755055783983	-1.6035081290043314	complete	
10641	01	ugr	1	sub-10641_ses-01_task-ugr_run-1	syngo MR E11	E11	2	240	64948	0.16500559227668793	10	10	9	7	0.04201680672268908	0.24068692922526866	0.24068692922526866	6.759844715887586	-72008.13007937535	-322.81730077245805	-2.0329235184234977	complete	
10642	01	doors	1	sub-10642_ses-01_task-doors_run-1	syngo MR E11	E11	2	218	60479	0.20158321914558758	21	21	17	13	0.09722222222222222	0.566989653452166	0.509970709398453	7.317390799253979	-143315.97636820973	-519.1797266252247	-0.7964936368278621	complete	
10642	01	sharedreward	1	sub-10642_ses-01_task-sharedreward_run-1	syngo MR E11	E11	1	255	60632	0.20310113503453026	20	20	18	12	0.07874015748031496	0.48355705628133155	0.42944462785529297	8.499078904773087	-143589.3494493305	-517.1266474178461	-0.8669176446050887	complete	
10642	01	sharedreward	2	sub-10642_ses-01_task-sharedreward_run-2	syngo MR E11	E11	3	255	60423	0.22199465417438399	21	21	17	12	0.08333333333333333	0.5224160953574405	0.4663477897018123	7.538197610143743	-143698.20598889186	-520.783004651841	-1.0257139680959528	complete	
10642	01	socialdoors	1	sub-10642_ses-01_task-socialdoors_run-1	syngo MR E11	E11	1	218	60476	0.19256951637023892	18	18	17	13	0.08294930875576037	0.5120100649055175	0.4659860735061158	7.59391410902724	-143542.33818051222	-512.623405013074	-0.8702819062411532	complete	
10642	01	trust	1	sub-10642_ses-01_task-trust_run-1	syngo MR E11	E11	2	280	60408	0.19564470808563375	21	21	19	13	0.07553956834532374	0.5718567516738499	0.5227242647453408	7.239380795515967	-128666.71267268967	-488.2752803063215	-1.1474126296797589	complete	
10642	01	trust	2	sub-10642_ses-01_task-trust_run-2	syngo MR E11	E11	1	280	60618	0.22180110746139697	22	22	19	13	0.07885304659498207	0.5013987316668009	0.44157319335717704	9.53488456340773	-143663.74914205493	-511.9914705234951	-1.16283008753674	complete	
10642	01	ugr	1	sub-10642_ses-01_task-ugr_run-1	syngo MR E11	E11	1	240	60553	0.24656758750479374	21	21	18	13	0.08786610878661087	0.5884382617186599	0.5396385004536657	6.89648210996173	-143396.1202398673	-517.2973086299556	-1.3001262569622294	complete	
10642	01	ugr	2	sub-10642_ses-01_task-ugr_run-2	syngo MR E11	E11	2	240	60299	0.2313159926160657	24	24	19	12	0.10084033613445378	0.5466004198010854	0.4766985466523704	8.737827936314135	-143556.80789357066	-513.9126490825614	-0.8710510145286062	complete	
10644	01	doors	1	sub-10644_ses-01_task-doors_run-1	syngo MR E11	E11	1	218	70991	0.18736506633465957	19	19	17	12	0.08755760368663594	0.4425322800442961	0.386628227971193	9.452147770018057	-66105.41061385507	-290.0313586275122	-0.9704892351259449	complete	
10644	01	sharedreward	1	sub-10644_ses-01_task-sharedreward_run-1	syngo MR E11	E11	2	255	71555	0.1815991211822294	19	19	17	13	0.07509881422924901	0.513301758561831	0.4674769178093951	7.262119522348595	-65423.90560797043	-294.3251896139327	-0.8686782381676124	complete	
10644	01	sharedreward	2	sub-10644_ses-01_task-sharedreward_run-2	syngo MR E11	E11	1	255	71620	0.18274464661789216	18	18	17	12	0.07086614173228346	0.4561825558764112	0.41305491192730465	7.122265322663915	-65537.91934440957	-299.9163462495089	-0.9467715740852466	complete	
10644	01	socialdoors	1	sub-10644_ses-01_task-socialdoors_run-1	syngo MR E11	E11	1	218	71618	0.15398049934488089	17	17	15	12	0.07834101382488479	0.41733177757711015	0.37445324580150124	7.63726718779463	-65741.50206903977	-297.0438549461047	-1.1021434135572328	complete	
10644	01	trust	1	sub-10644_ses-01_task-trust_run-1	syngo MR E11	E11	0	280	71450	0.11974968440746483	14	14	13	9	0.05	0.25686669240275545	0.23311247029360135	8.223279984995788	-65161.368927171774	-296.6051229530734	-0.8747388562533284	complete	
10644	01	trust	2	sub-10644_ses-01_task-trust_run-2	syngo MR E11	E11	2	280	71530	0.16914880926016734	18	18	15	11	0.06474820143884892	0.4725454393129459	0.43689869946606485	5.124956735492017	-65548.853241645	-291.2062068675775	-0.8112317963632292	complete	
10644	01	ugr	1	sub-10644_ses-01_task-ugr_run-1	syngo MR E11	E11	0	240	71304	0.17496020728167919	18	18	16	14	0.075	0.41444916644435875	0.36216955787923755	8.042360683001746	-65759.65094435427	-291.50717044176486	-0.9481623421370874	complete	
10644	01	ugr	2	sub-10644_ses-01_task-ugr_run-2	syngo MR E11	E11	1	240	71689	0.27080203339426251	29	29	27	20	0.12133891213389121	0.5644253180202752	0.4503954925622017	14.477309800703809	-65593.99886309812	-281.29504716865137	-0.6465729580708796	complete	
10647	01	doors	1	sub-10647_ses-01_task-doors_run-1	syngo MR E11	E11	1	218	76025	0.2894589270873793	61	61	51	32	0.28110599078341014	0.7697835634671734	0.5406914378713866	22.58071209063988	-163377.36266609302	-471.08030989108767	-2.501964007276488	complete	
10647	01	sharedreward	1	sub-10647_ses-01_task-sharedreward_run-1	syngo MR E11	E11	3	255	76576	0.10363966302920258	33	33	30	21	0.13095238095238096	0.5266465568280622	0.39324298152520026	13.743154172797642	-161475.91636798688	-549.0577803970937	-2.1017423822484496	complete	
10647	01	sharedreward	2	sub-10647_ses-01_task-sharedreward_run-2	syngo MR E11	E11	4	255	76686	0.1039705378126823	33	33	30	19	0.13147410358565736	0.5147525778634452	0.3813935436698609	15.293828930184265	-160838.50403979264	-539.7933162253108	-2.001372924246046	complete	
10647	01	socialdoors	1	sub-10647_ses-01_task-socialdoors_run-1	syngo MR E11	E11	2	218	76400	0.21628632421065458	55	55	48	32	0.25462962962962965	0.7731797524130833	0.5881995452181095	17.51637309747882	-162269.25476491483	-467.04231026153377	-2.0119833712614748	complete	
10647	01	trust	1	sub-10647_ses-01_task-trust_run-1	syngo MR E11	E11	1	280	76356	0.093151040791576836	26	26	24	17	0.0931899641577061	0.38545731890354956	0.27931438744659853	17.562310716463553	-162142.5868075521	-537.4927738976633	-1.6491712110699408	complete	
10647	01	trust	2	sub-10647_ses-01_task-trust_run-2	syngo MR E11	E11	1	280	76446	0.15701971573046192	50	50	42	30	0.17921146953405018	0.6579271635426405	0.47307622838859587	19.201363932610935	-165239.4751461836	-508.73288794534943	-2.3989607353778344	complete	
10647	01	ugr	1	sub-10647_ses-01_task-ugr_run-1	syngo MR E11	E11	2	240	75762	0.12246261825253962	34	34	30	21	0.14285714285714285	0.5006168393424173	0.3474303139923885	18.687118067810204	-164027.9091915279	-540.0818998825731	-1.9031198790221984	complete	
10647	01	ugr	2	sub-10647_ses-01_task-ugr_run-2	syngo MR E11	E11	2	240	76087	0.12631930517439641	34	34	29	17	0.14285714285714285	0.46133725916723656	0.31132674552662154	21.907589179312822	-163083.35702855792	-540.2954965756633	-1.3644238287488426	complete	
10649	01	doors	1	sub-10649_ses-01_task-doors_run-1	syngo MR E11	E11	1	218	68984	0.16088458372575976	15	15	13	9	0.06912442396313365	0.4017920013871441	0.3730152749149177	6.002926579964852	-70109.45545855947	-332.58516316386437	-2.9317228388131307	complete	
10649	01	sharedreward	1	sub-10649_ses-01_task-sharedreward_run-1	syngo MR E11	E11	0	255	68944	0.21053863963616029	19	19	18	12	0.07450980392156863	0.4885234696525485	0.44234736979369765	6.753302795866732	-69984.20998558492	-340.8537078924784	-2.4518966887594407	complete	
10649	01	sharedreward	2	sub-10649_ses-01_task-sharedreward_run-2	syngo MR E11	E11	0	255	69135	0.24922541482173532	26	26	23	17	0.10196078431372549	0.5852549402695334	0.499676140085773	9.786544340876844	-69662.01397043443	-302.93963237630004	-2.312076421889491	complete	
10649	01	socialdoors	1	sub-10649_ses-01_task-socialdoors_run-1	syngo MR E11	E11	0	218	69044	0.17882487247597001	18	18	16	11	0.08256880733944955	0.3885239872638028	0.33685903508422893	9.7673205785071	-69758.15342958589	-326.7191972590018	-3.4988142429836113	complete	
10649	01	trust	1	sub-10649_ses-01_task-trust_run-1	syngo MR E11	E11	0	280	69107	0.21722705114965271	23	23	20	15	0.08214285714285714	0.460274686210664	0.38994962422830565	10.669838325770115	-69864.21510873514	-317.17096231297506	-3.388767828728886	complete	
10649	01	trust	2	sub-10649_ses-01_task-trust_run-2	syngo MR E11	E11	0	280	68914	0.24246812506020018	25	25	22	13	0.08928571428571429	0.4433847898884514	0.3611672822924161	12.12666139058182	-69875.75809792375	-328.9877830027412	-3.6088897214239277	complete	
10649	01	ugr	1	sub-10649_ses-01_task-ugr_run-1	syngo MR E11	E11	0	240	69154	0.24691187313448812	24	24	22	16	0.1	0.5479087110409351	0.4641522515144627	10.134626584788515	-69263.90909330291	-309.04566827310003	-2.1050926700171804	complete	
10649	01	ugr	2	sub-10649_ses-01_task-ugr_run-2	syngo MR E11	E11	0	240	69021	0.25217019696153242	26	26	23	19	0.10833333333333334	0.5734799431287556	0.4818750953473669	10.973577438299557	-69757.1464973633	-326.44831516774553	-1.997458792174937	complete	
10649	02	doors	1	sub-10649_ses-02_task-doors_run-1	syngo MR XA60	XA60	2	218	67889	0.21975993940577981	28	28	25	17	0.12962962962962962	0.6030439826984636	0.44030043114990175	18.60450707007983	-333201.0459655799	-688.6817471188001	3.9213059505908574	complete	
10649	02	socialdoors	1	sub-10649_ses-02_task-socialdoors_run-1	syngo MR XA60	XA60	2	218	68978	0.17967476827689324	41	41	37	28	0.18981481481481483	0.6412935970495309	0.4419850376867691	22.62466909689482	-328392.0054528472	-695.5620273914782	3.75543659532827	complete	
10649	02	ugr	1	sub-10649_ses-02_task-ugr_run-1	syngo MR XA60	XA60	1	240	70362	0.23717244738145771	75	75	63	42	0.3138075313807531	0.8091027397097994	0.5053280092227039	31.065557403343885	-319472.1306246644	-561.8403350549453	2.257019185682024	complete	
10649	02	ugr	2	sub-10649_ses-02_task-ugr_run-2	syngo MR XA60	XA60	0	240	69122	0.1710059430796792	25	25	21	13	0.10416666666666667	0.5566057337490108	0.4303769054308614	16.079481944492482	-325632.099270768	-687.4424169387257	2.8409985228984294	complete	
10652	01	doors	1	sub-10652_ses-01_task-doors_run-1	syngo MR E11	E11	0	218	59057	0.15472650162445734	11	11	11	8	0.05045871559633028	0.3772984995810097	0.3710248339802722	4.50003731781325	-77118.67432141268	-306.9594661912231	-0.5369193530312022	complete	
10652	01	sharedreward	1	sub-10652_ses-01_task-sharedreward_run-1	syngo MR E11	E11	0	255	58918	0.15220518314680734	14	14	12	9	0.054901960784313725	0.34172881569277497	0.31796211724123435	6.725490144001247	-77287.27808447139	-307.7289630620022	-0.16610901628842473	complete	
10652	01	sharedreward	2	sub-10652_ses-01_task-sharedreward_run-2	syngo MR E11	E11	1	255	59130	0.15826350179044166	13	13	11	7	0.051181102362204724	0.33181791161845714	0.31471686798057286	5.796285711934594	-77056.23625378465	-308.7293877448084	-0.34309203688226475	complete	
10652	01	socialdoors	1	sub-10652_ses-01_task-socialdoors_run-1	syngo MR E11	E11	1	218	58958	0.1758273646918346	14	14	13	10	0.06451612903225806	0.313827532750513	0.28536695680602964	8.475863740243819	-77396.43444155455	-306.39033238998206	-0.2717139795398749	complete	
10652	01	trust	1	sub-10652_ses-01_task-trust_run-1	syngo MR E11	E11	0	280	59116	0.10941003166902899	12	12	11	9	0.04285714285714286	0.32796385314999577	0.3161756265388595	5.179747844563377	-77389.87365584967	-305.0184310423252	0.3222276254838844	complete	
10652	01	trust	2	sub-10652_ses-01_task-trust_run-2	syngo MR E11	E11	0	280	59059	0.12607627099525642	11	11	10	8	0.039285714285714285	0.27484186296071794	0.26918913055105304	6.119748279776823	-77372.48210299325	-307.3058703913765	-0.34450156680517263	complete	
10652	01	ugr	1	sub-10652_ses-01_task-ugr_run-1	syngo MR E11	E11	0	240	58989	0.13782263222104396	13	13	12	9	0.05416666666666667	0.3238003213685128	0.304247570146719	6.739757905078807	-77249.50331927017	-306.2695109776488	-0.5326087403701122	complete	
10652	01	ugr	2	sub-10652_ses-01_task-ugr_run-2	syngo MR E11	E11	2	240	59210	0.16549882114678982	12	12	11	7	0.05042016806722689	0.2892678732707171	0.2762375150549843	6.712772950841264	-76994.25216372014	-308.9456540941012	-0.4761530217277524	complete	
10656	01	doors	1	sub-10656_ses-01_task-doors_run-1	syngo MR E11	E11	0	218	73740	0.11339296174070018	16	16	13	8	0.07339449541284404	0.25662400783263173	0.2137362147518701	11.771227980250975	-79079.49667457066	-277.9259608337901	-1.4704576177869544	complete	
10656	01	sharedreward	1	sub-10656_ses-01_task-sharedreward_run-1	syngo MR E11	E11	2	255	74059	0.12652106382959719	15	15	13	10	0.05928853754940711	0.3851687352682027	0.3583363124311511	6.044684410050791	-79358.68556498695	-280.8387156478032	-0.8801581414805132	complete	
10656	01	sharedreward	2	sub-10656_ses-01_task-sharedreward_run-2	syngo MR E11	E11	1	255	73475	0.10483158154784392	13	13	13	8	0.051181102362204724	0.37550003911709806	0.3590101778939789	5.688524249563817	-79873.7101902406	-280.48847163919413	-0.9704319755043911	complete	
10656	01	socialdoors	1	sub-10656_ses-01_task-socialdoors_run-1	syngo MR E11	E11	0	218	73840	0.11500867977646821	13	13	12	7	0.05963302752293578	0.2811917407215801	0.26109676483714395	7.100601052497862	-79060.82447319927	-277.2642015913916	-1.6366834950181315	complete	
10656	01	trust	1	sub-10656_ses-01_task-trust_run-1	syngo MR E11	E11	1	280	74049	0.11968103292865516	13	13	12	8	0.04659498207885305	0.27005564180584946	0.2528823946679282	6.60306771871674	-78905.05164469813	-285.1458107691174	-1.0283703798617987	complete	
10656	01	trust	2	sub-10656_ses-01_task-trust_run-2	syngo MR E11	E11	0	280	73992	0.12114597632815599	16	16	13	8	0.05714285714285714	0.3016089372786124	0.2679548894463107	6.735821752136849	-78180.50028300282	-286.3379105884609	-1.3093779033056272	complete	
10656	01	ugr	1	sub-10656_ses-01_task-ugr_run-1	syngo MR E11	E11	0	240	73927	0.11929638231513644	14	14	14	8	0.058333333333333334	0.26878321505744235	0.24292376570444574	8.29072411963068	-79177.18225765272	-278.11372936310244	-1.330747319040858	complete	
10656	01	ugr	2	sub-10656_ses-01_task-ugr_run-2	syngo MR E11	E11	0	240	73924	0.12629687251781027	16	16	15	9	0.06666666666666667	0.3033631012799837	0.26452195334372414	9.479298675629455	-79039.0194751678	-273.8153804370636	-1.1682797719700837	complete	
10657	01	doors	1	sub-10657_ses-01_task-doors_run-1	syngo MR E11	E11	2	218	81996	0.36312228906204963	23	23	22	17	0.10648148148148148	0.5858758782718569	0.5214500066185515	8.82312727860426	-76272.65450812988	-279.30842187222896	4.326265753570843	complete	
10657	01	sharedreward	1	sub-10657_ses-01_task-sharedreward_run-1	syngo MR E11	E11	1	255	82117	0.23885681922520408	21	21	18	12	0.08267716535433071	0.5348504263279877	0.4907776962472675	7.482913889032768	-76421.33828814724	-293.16977531239934	3.461276752647891	complete	
10657	01	sharedreward	2	sub-10657_ses-01_task-sharedreward_run-2	syngo MR E11	E11	1	255	82191	0.31112317681813129	24	24	22	18	0.09448818897637795	0.6151006377095629	0.5501193960501145	9.491773846081191	-76386.69732037013	-289.00194659270494	2.0047108812841765	complete	
10657	01	socialdoors	1	sub-10657_ses-01_task-socialdoors_run-1	syngo MR E11	E11	1	218	81916	0.26745039786285491	22	22	19	12	0.10138248847926268	0.5313097240375486	0.4727185250415719	8.526165448589058	-76599.19184670484	-289.9547934141039	4.106089907123931	complete	
10657	01	trust	1	sub-10657_ses-01_task-trust_run-1	syngo MR E11	E11	0	280	82248	0.2850707555025474	22	22	18	15	0.07857142857142857	0.5688339341579545	0.5201556416104265	7.834694850132888	-76321.39057806325	-291.19576308766136	3.144677216956146	complete	
10657	01	trust	2	sub-10657_ses-01_task-trust_run-2	syngo MR E11	E11	0	280	82274	0.34324184372953731	27	27	24	16	0.09642857142857143	0.6178092923959423	0.552878169951793	9.325639777264279	-76417.89726521327	-289.82314527197894	3.5867307848546797	complete	
10657	01	ugr	1	sub-10657_ses-01_task-ugr_run-1	syngo MR E11	E11	0	240	82090	0.44061468546464877	31	31	30	20	0.12916666666666668	0.6598025275112963	0.568790680139245	11.039349256014889	-76085.63550055656	-272.0464541044867	4.113491341826637	complete	
10657	01	ugr	2	sub-10657_ses-01_task-ugr_run-2	syngo MR E11	E11	1	240	82028	0.4737299145037534	31	31	30	22	0.1297071129707113	0.6374279834207282	0.5395543455580047	12.578970983786915	-75727.3753485409	-272.726020736157	4.452298474013325	complete	
10661	01	doors	1	sub-10661_ses-01_task-doors_run-1	syngo MR E11	E11	1	218	83773	0.079643866276739139	13	13	11	7	0.059907834101382486	0.28302963873851295	0.26429498463954365	6.112242028634918	-66992.8037779648	-316.7512513995012	-1.6559209864451852	complete	
10661	01	sharedreward	1	sub-10661_ses-01_task-sharedreward_run-1	syngo MR E11	E11	1	255	83726	0.093698985339835381	17	17	14	9	0.06692913385826772	0.333894116524178	0.2954231946515816	8.14955852326807	-66932.81764495956	-305.16920316597054	-1.3603480478661196	complete	
10661	01	sharedreward	2	sub-10661_ses-01_task-sharedreward_run-2	syngo MR E11	E11	1	255	83267	0.081499135337579687	15	15	12	7	0.05905511811023622	0.3187953338965892	0.29265236142605766	5.539570781035644	-67034.49375349678	-309.0645628142314	-1.7268131588491584	complete	
10661	01	socialdoors	1	sub-10661_ses-01_task-socialdoors_run-1	syngo MR E11	E11	0	218	82662	0.094850679743606461	16	16	13	9	0.07339449541284404	0.32665303736823426	0.2910546047639556	7.326863186278009	-67330.5733143174	-312.20920248902195	-1.756979244548846	complete	
10661	01	trust	1	sub-10661_ses-01_task-trust_run-1	syngo MR E11	E11	2	280	83191	0.097287901661879519	16	16	14	10	0.05755395683453238	0.37545583929214676	0.34547704825675063	6.962535686801161	-68056.18632926348	-310.1607283810101	-1.4465452398979546	complete	
10661	01	trust	2	sub-10661_ses-01_task-trust_run-2	syngo MR E11	E11	0	280	83090	0.11873800149075688	20	20	19	13	0.07142857142857142	0.4305954297647418	0.37982323146977276	7.914117566897773	-67960.91525357407	-300.637376600663	-1.2371736964873912	complete	
10661	01	ugr	1	sub-10661_ses-01_task-ugr_run-1	syngo MR E11	E11	1	240	83843	0.079148705911627384	15	15	13	10	0.06276150627615062	0.2799761559592562	0.24982806441323635	9.118187598823559	-67373.12797979653	-318.0691177759116	-2.0257431755642608	complete	
10661	01	ugr	2	sub-10661_ses-01_task-ugr_run-2	syngo MR E11	E11	1	240	83557	0.085249351244355773	14	14	12	9	0.058577405857740586	0.2571843566177954	0.23191168515986055	7.886451610512572	-66970.61652663945	-313.72172110622057	-1.4347865968490099	complete	
10663	01	doors	1	sub-10663_ses-01_task-doors_run-1	syngo MR E11	E11	1	218	65438	0.19637476728357464	22	22	20	14	0.10138248847926268	0.4882409947486563	0.40728641880452643	11.205835043251827	-75616.14125359403	-324.087962269881	-0.5048823338150474	complete	
10663	01	sharedreward	1	sub-10663_ses-01_task-sharedreward_run-1	syngo MR E11	E11	1	255	65769	0.17931846852775585	20	20	17	12	0.07874015748031496	0.4550478421790322	0.39965608974471556	8.178703841460313	-75078.89288276744	-325.7579073982657	-0.9998478581930038	complete	
10663	01	sharedreward	2	sub-10663_ses-01_task-sharedreward_run-2	syngo MR E11	E11	0	255	65680	0.13380553463852257	19	19	15	13	0.07450980392156863	0.40768023979524637	0.35085853430240066	9.74226136191307	-74871.60794635925	-335.4763716480641	-1.348990371150532	complete	
10663	01	socialdoors	1	sub-10663_ses-01_task-socialdoors_run-1	syngo MR E11	E11	0	218	65738	0.13415849306805844	19	19	16	13	0.0871559633027523	0.3931213879049759	0.33136058666422713	11.018083403197833	-75240.23820488983	-333.7237746930009	-1.2585499663318749	complete	
10663	01	trust	1	sub-10663_ses-01_task-trust_run-1	syngo MR E11	E11	0	280	65750	0.089337258778005815	16	16	14	11	0.05714285714285714	0.27635014924783274	0.23719538856841668	11.819044755917258	-75456.88996786116	-345.6737783609654	-1.5924215656050336	complete	
10663	01	trust	2	sub-10663_ses-01_task-trust_run-2	syngo MR E11	E11	0	280	65711	0.088841918728040994	17	17	15	11	0.060714285714285714	0.3357127767714326	0.29424618469269254	9.267041321132227	-75173.770425072	-340.1892424097853	-1.4803241806668266	complete	
10663	01	ugr	1	sub-10663_ses-01_task-ugr_run-1	syngo MR E11	E11	1	240	65477	0.21436838589348142	23	23	21	14	0.09623430962343096	0.5731118574878327	0.5069970445014522	8.340234043262722	-76038.12189146146	-326.844098117717	-0.25269861967012486	complete	
10663	01	ugr	2	sub-10663_ses-01_task-ugr_run-2	syngo MR E11	E11	4	240	65290	0.22279882764601877	25	25	21	17	0.1059322033898305	0.48842868262376204	0.3911110674443399	12.859281436278453	-75827.47835447131	-324.3550739980606	-0.5182855864045306	complete	
10668	01	doors	1	sub-10668_ses-01_task-doors_run-1	syngo MR E11	E11	2	218	72746	0.088817725055111083	23	23	22	16	0.10648148148148148	0.46990944116023803	0.3805467437504484	13.573297663765802	-129743.15720090404	-487.3734412805126	-1.5733922388778174	complete	
10668	01	sharedreward	1	sub-10668_ses-01_task-sharedreward_run-1	syngo MR E11	E11	2	255	72513	0.080801072483917824	21	21	20	15	0.08300395256916997	0.5334990190398877	0.4783812052633708	7.401370960844826	-130711.12048396475	-496.41800242569127	-1.58641065462517	complete	
10668	01	socialdoors	1	sub-10668_ses-01_task-socialdoors_run-1	syngo MR E11	E11	2	218	72444	0.11340605429273255	25	25	23	17	0.11574074074074074	0.6308008565000031	0.5569816507623653	8.710995249414959	-130665.15737969203	-497.48980251869506	-2.334280002113935	complete	
10668	01	trust	1	sub-10668_ses-01_task-trust_run-1	syngo MR E11	E11	2	280	72360	0.11992431148771179	37	37	31	22	0.13309352517985612	0.7708426705499057	0.6931932550722268	7.0911997105598505	-131771.6868306089	-466.10384124914515	-2.4772690372159434	complete	
10668	01	trust	2	sub-10668_ses-01_task-trust_run-2	syngo MR E11	E11	2	280	72512	0.098850638041066016	23	23	21	16	0.08273381294964029	0.5545399810637069	0.492861410300759	7.934341537753078	-131961.0019643838	-511.6002204091888	-2.280312908159572	complete	
10668	01	ugr	1	sub-10668_ses-01_task-ugr_run-1	syngo MR E11	E11	1	240	72331	0.11519480099733538	31	31	27	20	0.1297071129707113	0.6521015244252039	0.5475689817344722	10.172852493308124	-130234.42454404567	-486.6352182133464	-2.4076299208334953	complete	
10673	01	doors	1	sub-10673_ses-01_task-doors_run-1	syngo MR E11	E11	2	218	70692	0.29970902605828698	13	13	13	9	0.06018518518518518	0.31150006847274736	0.29223791311233926	6.803430651615774	-76877.94007249671	-295.1938076637177	1.7625303124778569	complete	
10673	01	sharedreward	1	sub-10673_ses-01_task-sharedreward_run-1	syngo MR E11	E11	2	255	70679	0.27691680374954397	15	15	13	11	0.05928853754940711	0.33738989168439526	0.30658162537056455	7.773395126887736	-77177.19589547123	-298.2061203608641	0.9437794239691822	complete	
10673	01	sharedreward	2	sub-10673_ses-01_task-sharedreward_run-2	syngo MR E11	E11	2	255	70715	0.30961214829729783	15	15	13	9	0.05928853754940711	0.32724913051265336	0.29970639384545933	7.652074755254787	-76831.78704078632	-295.6732824359649	1.181978508311208	complete	
10673	01	socialdoors	1	sub-10673_ses-01_task-socialdoors_run-1	syngo MR E11	E11	3	218	70678	0.3336917875252372	15	15	13	9	0.06976744186046512	0.33378769276978626	0.3025754859339892	7.974714892440181	-76953.7713397116	-297.68952079514565	1.2756029698823417	complete	
10673	01	trust	1	sub-10673_ses-01_task-trust_run-1	syngo MR E11	E11	0	280	70891	0.23514503557966543	16	16	14	10	0.05714285714285714	0.30522613153956013	0.2697272513731647	9.290855460261854	-76780.16495139961	-301.04184316193215	0.2940310599682612	complete	
10673	01	trust	2	sub-10673_ses-01_task-trust_run-2	syngo MR E11	E11	1	280	70841	0.26327766878948855	16	16	13	10	0.05734767025089606	0.311569523576841	0.27825595925333274	8.427368710297294	-76756.25348151107	-299.545603404124	0.6047801110085002	complete	
10673	01	ugr	1	sub-10673_ses-01_task-ugr_run-1	syngo MR E11	E11	1	240	70589	0.33673855139037284	16	16	16	11	0.06694560669456066	0.3883333701487291	0.3527928367360333	6.911492950243194	-76999.2815321727	-293.05564234329313	2.0295284794663013	complete	
10673	01	ugr	2	sub-10673_ses-01_task-ugr_run-2	syngo MR E11	E11	2	240	70854	0.30031953440060744	15	15	14	10	0.06302521008403361	0.3713898967864434	0.340892485497366	6.736533905160674	-76756.47262492012	-296.72452821063723	0.9164644005980285	complete	
10674	01	doors	1	sub-10674_ses-01_task-doors_run-1	syngo MR E11	E11	0	218	82700	0.083011785124449317	14	14	10	7	0.06422018348623854	0.23927348597879886	0.2130538667027513	8.947727094073295	-72920.94767004072	-314.0647540787979	-0.8926189634580546	complete	
10674	01	sharedreward	1	sub-10674_ses-01_task-sharedreward_run-1	syngo MR E11	E11	1	255	82706	0.074827733831762611	14	14	12	8	0.05511811023622047	0.30498264263279506	0.2840009576360213	7.540292529926213	-72511.72836362172	-304.72997964425815	-0.8844371962039085	complete	
10674	01	sharedreward	2	sub-10674_ses-01_task-sharedreward_run-2	syngo MR E11	E11	1	255	82428	0.12761424057416673	18	18	16	11	0.07086614173228346	0.41538184622827024	0.37405198138515905	7.713788275303645	-72770.28086252809	-293.458235002221	-0.8739418661364085	complete	
10674	01	socialdoors	1	sub-10674_ses-01_task-socialdoors_run-1	syngo MR E11	E11	0	218	82773	0.079766447423056414	12	12	10	7	0.05504587155963303	0.2609993344591713	0.24869400516233417	7.0212562520533535	-72571.69900514979	-308.8286560507768	-1.0209869299885195	complete	
10674	01	trust	1	sub-10674_ses-01_task-trust_run-1	syngo MR E11	E11	0	280	82653	0.078522714815024541	15	15	12	7	0.05357142857142857	0.28595272712414765	0.2596695654105144	7.016097343897851	-72452.08984479666	-300.6991192860091	-0.8727719935280631	complete	
10674	01	trust	2	sub-10674_ses-01_task-trust_run-2	syngo MR E11	E11	1	280	82677	0.10738515298394533	18	18	15	10	0.06451612903225806	0.40414370570451985	0.36792684956738064	6.244069479224474	-73193.38194013816	-300.6515826641598	-1.167755367219561	complete	
10674	01	ugr	1	sub-10674_ses-01_task-ugr_run-1	syngo MR E11	E11	0	240	82888	0.070792897538834984	12	12	11	6	0.05	0.20729965497916608	0.19457743378926692	7.700307904141268	-72516.81464852205	-312.9816662795841	-0.5271668635278426	complete	
10674	01	ugr	2	sub-10674_ses-01_task-ugr_run-2	syngo MR E11	E11	1	240	82889	0.07666984604833911	15	15	13	8	0.06276150627615062	0.25253022768280237	0.22182187185655167	9.726295826651874	-72780.53525768498	-310.32489045758604	-0.7752029976335418	complete	
10677	01	doors	1	sub-10677_ses-01_task-doors_run-1	syngo MR E11	E11	1	218	67690	0.21555385696174531	27	27	24	15	0.12442396313364056	0.5064844834417725	0.40321955433971884	13.690444715036271	-67657.38907692004	-286.2804123663352	-0.40733044041931965	complete	
10677	01	sharedreward	1	sub-10677_ses-01_task-sharedreward_run-1	syngo MR E11	E11	0	255	67889	0.18833481872765964	20	20	17	14	0.0784313725490196	0.49050417916588096	0.43824668857882376	7.921069732684333	-67393.75934980705	-286.3007511048791	-0.3398675613662246	complete	
10677	01	sharedreward	2	sub-10677_ses-01_task-sharedreward_run-2	syngo MR E11	E11	1	255	67690	0.21376718070034942	26	26	23	15	0.10236220472440945	0.5427519507127322	0.46141596354952147	9.120529980756908	-68025.78758918356	-276.59728389760664	0.0885534328959572	complete	
10677	01	socialdoors	1	sub-10677_ses-01_task-socialdoors_run-1	syngo MR E11	E11	0	218	67704	0.13549342110005699	16	16	15	9	0.07339449541284404	0.3571750541648441	0.3170079749573825	8.149785504213838	-67654.89189511322	-299.4489075919511	-1.1172105404613881	complete	
10677	01	trust	1	sub-10677_ses-01_task-trust_run-1	syngo MR E11	E11	0	280	67871	0.15592709892416037	18	18	16	12	0.06428571428571428	0.39488048034080225	0.3490458339627901	7.471456959961997	-67489.77404553861	-292.8923861165185	-0.4140264529624199	complete	
10677	01	trust	2	sub-10677_ses-01_task-trust_run-2	syngo MR E11	E11	0	280	67029	0.20442962186631619	21	21	18	13	0.075	0.3684068261988367	0.3000916770326991	10.620472082916297	-67541.39651914865	-301.34711949940504	-1.0917081153108583	complete	
10677	01	ugr	1	sub-10677_ses-01_task-ugr_run-1	syngo MR E11	E11	0	240	68058	0.29255173135294793	38	38	33	24	0.15833333333333333	0.6472502841223868	0.5043876762356269	14.643755937235019	-67804.53189109506	-261.1419898876463	0.3820777356545477	complete	
10677	01	ugr	2	sub-10677_ses-01_task-ugr_run-2	syngo MR E11	E11	0	240	67778	0.23256173090319079	28	28	25	17	0.11666666666666667	0.5652815102166047	0.4691860332316652	11.625398475228954	-67479.8948697883	-271.2586961977113	0.2141822369022425	complete	
10685	01	doors	1	sub-10685_ses-01_task-doors_run-1	syngo MR E11	E11	1	218	71954	0.062029771108757348	22	22	20	13	0.10138248847926268	0.4423900733989673	0.36458589022121934	10.407255797331024	-151490.98286361038	-465.51615367245637	-0.5403995366810459	complete	
10685	01	sharedreward	1	sub-10685_ses-01_task-sharedreward_run-1	syngo MR E11	E11	2	255	71730	0.092808391039214247	24	24	23	15	0.09486166007905138	0.4085697572945768	0.3179706324134224	14.166888920698542	-148665.92512934856	-473.820591332637	-0.34618401577233	complete	
10685	01	sharedreward	2	sub-10685_ses-01_task-sharedreward_run-2	syngo MR E11	E11	2	255	71578	0.15319076598996939	32	32	29	19	0.12648221343873517	0.6847426250138198	0.6034699735475028	8.247618693416094	-149076.01783051417	-438.22261915270894	-0.5835669841071314	complete	
10685	01	socialdoors	1	sub-10685_ses-01_task-socialdoors_run-1	syngo MR E11	E11	1	218	72043	0.053228916485413585	19	19	17	12	0.08755760368663594	0.3051648978010968	0.23693355989927092	14.758426051418196	-143198.04860993574	-452.30477647066107	-0.8820068005165087	complete	
10685	01	trust	1	sub-10685_ses-01_task-trust_run-1	syngo MR E11	E11	2	280	71696	0.058180631035425708	18	18	17	12	0.06474820143884892	0.3345999013702028	0.2818211095193148	9.33900571060741	-149132.5880303588	-489.36982099745427	-0.7818091733347989	complete	
10685	01	trust	2	sub-10685_ses-01_task-trust_run-2	syngo MR E11	E11	2	280	71726	0.065832195308047278	19	19	18	14	0.0683453237410072	0.29005179640825435	0.22589633355605815	14.555023451118517	-148746.42185086492	-489.61828638861647	-0.5177211433583249	complete	
10685	01	ugr	1	sub-10685_ses-01_task-ugr_run-1	syngo MR E11	E11	2	240	71922	0.062893255332936104	19	19	17	13	0.07983193277310924	0.3680990204493438	0.3061227776242691	12.042348894217652	-143503.27397531233	-448.6038088752656	-1.5561719610697884	complete	
10685	01	ugr	2	sub-10685_ses-01_task-ugr_run-2	syngo MR E11	E11	3	240	71877	0.065698092610146572	21	21	17	13	0.08860759493670886	0.4062495785163495	0.3353864440485057	10.627041154087758	-151814.49451706948	-469.647456938292	-0.07912515414396429	complete	
10690	01	doors	1	sub-10690_ses-01_task-doors_run-1	syngo MR E11	E11	2	218	67364	0.22523697841105236	21	21	20	15	0.09722222222222222	0.4732968191622996	0.39392889776223244	11.247384791485656	-111465.35742729696	-456.7879824653999	0.02263384297988413	complete	
10690	01	sharedreward	1	sub-10690_ses-01_task-sharedreward_run-1	syngo MR E11	E11	2	255	67342	0.20891363365353996	21	21	19	14	0.08300395256916997	0.4931629787878696	0.4268800230676051	8.527429606738606	-111571.26284392341	-455.09113781215206	-0.003154122144824416	complete	
10690	01	sharedreward	2	sub-10690_ses-01_task-sharedreward_run-2	syngo MR E11	E11	2	255	67154	0.21898032150196908	23	23	21	14	0.09090909090909091	0.44298388804463334	0.3586140510877761	13.358042930450882	-111909.88792377798	-456.75227071615603	0.13432033300988883	complete	
10690	01	socialdoors	1	sub-10690_ses-01_task-socialdoors_run-1	syngo MR E11	E11	3	218	67156	0.23343842180781679	16	16	15	12	0.07441860465116279	0.37165148548872845	0.32703879103704503	9.352895600048827	-111974.82571647414	-459.4233368290676	0.6564080979985011	complete	
10690	01	trust	1	sub-10690_ses-01_task-trust_run-1	syngo MR E11	E11	2	280	67325	0.22669576888917298	20	20	18	14	0.07194244604316546	0.42300398439211795	0.362277882538625	10.652816094396377	-112018.37700371793	-463.50207996325844	0.010043750227640827	complete	
10690	01	ugr	1	sub-10690_ses-01_task-ugr_run-1	syngo MR E11	E11	1	240	67364	0.22998679689304394	23	23	18	14	0.09623430962343096	0.4567716711651505	0.3729025723743239	12.93469688532435	-111516.80996615125	-451.2558054984588	0.3626053210660008	complete	
10690	02	doors	1	sub-10690_ses-02_task-doors_run-1	syngo MR XA60	XA60	3	218	67497	0.17982335699918764	38	38	32	23	0.17674418604651163	0.5773200527410821	0.38713851012519795	22.513752995166623	-294905.11250287044	-691.5740641234509	4.100228872326781	complete	
10690	02	socialdoors	1	sub-10690_ses-02_task-socialdoors_run-1	syngo MR XA60	XA60	1	218	67672	0.15379321413087288	38	38	33	23	0.17511520737327188	0.5819042666407485	0.3832281681890783	23.508614769800392	-294919.1600876526	-680.0386825261212	4.819981793149963	complete	
10690	02	ugr	1	sub-10690_ses-02_task-ugr_run-1	syngo MR XA60	XA60	1	240	67571	0.16479999670490045	42	42	39	26	0.17573221757322174	0.618870467365282	0.4187919952549439	22.78276683278992	-295994.0034656367	-686.0746270307967	3.7137129000537867	complete	
10690	02	ugr	2	sub-10690_ses-02_task-ugr_run-2	syngo MR XA60	XA60	2	240	67725	0.18177965120863729	42	42	37	26	0.17647058823529413	0.6038650360747326	0.4009618155219919	23.538746789898365	-294892.2227695877	-669.2282420060935	4.916214960192648	complete	
10691	01	doors	1	sub-10691_ses-01_task-doors_run-1	syngo MR E11	E11	2	218	68323	0.11243274886839942	16	16	15	10	0.07407407407407407	0.24023416876527925	0.1935218026594132	13.113669788603048	-74894.70525806633	-318.0293463177939	-1.0496124287095807	complete	
10691	01	sharedreward	1	sub-10691_ses-01_task-sharedreward_run-1	syngo MR E11	E11	2	255	68532	0.12799896902720218	16	16	13	9	0.06324110671936758	0.29794824596396885	0.2618819583024781	9.12490520755257	-74665.39044727074	-314.97959436138996	-1.2949745024158297	complete	
10691	01	sharedreward	2	sub-10691_ses-01_task-sharedreward_run-2	syngo MR E11	E11	1	255	68098	0.12670495269442505	16	16	13	10	0.06299212598425197	0.29210668063063594	0.2553682833550445	11.150568444530467	-75077.17691573521	-313.3823249594802	-1.3553085824341418	complete	
10691	01	socialdoors	1	sub-10691_ses-01_task-socialdoors_run-1	syngo MR E11	E11	1	218	68243	0.12753692973877126	17	17	15	10	0.07834101382488479	0.36717529285244355	0.32116027098180133	7.762536226975483	-74996.22413168968	-310.72016966535216	-1.5461324553751723	complete	
10691	01	trust	1	sub-10691_ses-01_task-trust_run-1	syngo MR E11	E11	1	280	68133	0.13255787251769469	18	18	15	10	0.06451612903225806	0.26131399321975773	0.21126975696140515	13.526282996808687	-75078.21242827528	-313.9064857853833	-1.1450947764182398	complete	
10691	01	trust	2	sub-10691_ses-01_task-trust_run-2	syngo MR E11	E11	2	280	68256	0.14656606556782137	15	15	14	9	0.0539568345323741	0.30443017450078647	0.2766069345818945	7.694653718388733	-74930.67744795633	-313.24987150087816	-1.3418657098480515	complete	
10691	01	ugr	1	sub-10691_ses-01_task-ugr_run-1	syngo MR E11	E11	2	240	68281	0.094613300870897393	15	15	13	8	0.06302521008403361	0.26252877167375266	0.2289858266208959	8.934995090132901	-75343.0933635471	-322.0608340192836	-1.166502364390953	complete	
10691	01	ugr	2	sub-10691_ses-01_task-ugr_run-2	syngo MR E11	E11	2	240	68135	0.11172219395282942	13	13	12	9	0.0546218487394958	0.3424387260280759	0.32418192601931467	5.608495557467901	-75311.86332746722	-319.87760334577973	-1.856469531948596	complete	
10691	02	doors	1	sub-10691_ses-02_task-doors_run-1	syngo MR XA60	XA60	1	218	69124	0.12977331141220419	43	43	38	27	0.19815668202764977	0.6600349209333232	0.4681654631843056	18.996197679449818	-285086.22368876694	-881.000054183619	-3.6001909766306146	complete	
10691	02	socialdoors	1	sub-10691_ses-02_task-socialdoors_run-1	syngo MR XA60	XA60	1	218	68930	0.14448355565486548	49	49	41	29	0.22580645161290322	0.7059933063293806	0.479389397717154	20.983074665913527	-285687.9303857307	-842.704429442843	-3.0618185750497915	complete	
10691	02	ugr	1	sub-10691_ses-02_task-ugr_run-1	syngo MR XA60	XA60	3	240	68999	0.20113113395358131	58	58	52	34	0.24472573839662448	0.7812111133910979	0.5667407314945246	18.858466374009442	-285865.8833968863	-703.7855081018891	-2.066377210977898	complete	
10691	02	ugr	2	sub-10691_ses-02_task-ugr_run-2	syngo MR XA60	XA60	2	240	69002	0.1653916492367917	50	50	46	31	0.21008403361344538	0.6931082169551781	0.4710389705392772	23.450167642837723	-284281.3357520731	-800.576664081708	-1.5017984007718426	complete	
10700	01	doors	1	sub-10700_ses-01_task-doors_run-1	syngo MR E11	E11	0	218	66759	0.13025533346394153	16	16	15	10	0.07339449541284404	0.32079257471253697	0.2777844631950551	11.319956495586203	-73571.17967248314	-347.7006075184545	-1.6693094986566637	complete	
10700	01	sharedreward	1	sub-10700_ses-01_task-sharedreward_run-1	syngo MR E11	E11	0	255	66814	0.21218567336315025	24	24	22	15	0.09411764705882353	0.5589320014052406	0.48417223693968364	9.871490018520408	-73280.4995719311	-310.6795521630148	-0.05841996045178818	complete	
10700	01	sharedreward	2	sub-10700_ses-01_task-sharedreward_run-2	syngo MR E11	E11	3	255	66372	0.11604588479442798	14	14	13	9	0.05555555555555555	0.32135636159431313	0.29766978031669433	7.0280164052322895	-73605.53680266689	-337.34634967806795	-1.5353340019197672	complete	
10700	01	socialdoors	1	sub-10700_ses-01_task-socialdoors_run-1	syngo MR E11	E11	1	218	66547	0.15142319715049773	16	16	15	11	0.07373271889400922	0.3320089579281898	0.28715991910570393	10.799881761279602	-73493.66325299427	-342.98858597626565	-0.9063309150847958	complete	
10700	01	trust	1	sub-10700_ses-01_task-trust_run-1	syngo MR E11	E11	0	280	66436	0.14941347282279327	21	21	17	13	0.075	0.47192417463725156	0.41703210929828194	8.75319442122249	-73743.04706792273	-330.9687929951386	-1.1963071217974435	complete	
10700	01	trust	2	sub-10700_ses-01_task-trust_run-2	syngo MR E11	E11	1	280	66196	0.18754906734618215	28	28	24	18	0.1003584229390681	0.5185577353286925	0.41594144812376954	13.492327769601475	-74318.85357626084	-320.8689022880923	-1.101445554300035	complete	
10700	01	ugr	1	sub-10700_ses-01_task-ugr_run-1	syngo MR E11	E11	1	240	66491	0.15202869417663037	17	17	16	11	0.07112970711297072	0.31998984142196646	0.27338002135502204	11.96003803090508	-74304.96602878706	-344.26532914207183	-1.1501898282957477	complete	
10700	01	ugr	2	sub-10700_ses-01_task-ugr_run-2	syngo MR E11	E11	1	240	66443	0.16159204883325995	19	19	18	11	0.0794979079497908	0.33566297055554856	0.2729641887809842	13.360983991507306	-73994.17223746657	-344.3519158379482	-1.3964650413496236	complete	
10701	01	doors	1	sub-10701_ses-01_task-doors_run-1	syngo MR E11	E11	1	218	86874	0.087012979888613548	19	19	15	9	0.08755760368663594	0.32987612745455314	0.2740994707002273	9.29438609327389	-69862.43562098201	-288.26000838310455	-1.9938161273429484	complete	
10701	01	sharedreward	1	sub-10701_ses-01_task-sharedreward_run-1	syngo MR E11	E11	1	255	87174	0.068295218118271134	14	14	11	9	0.05511811023622047	0.2689703822064382	0.24701756934322097	7.9888707213390795	-64873.498493905856	-276.28080583649347	-1.6979674523392538	complete	
10701	01	sharedreward	2	sub-10701_ses-01_task-sharedreward_run-2	syngo MR E11	E11	0	255	86625	0.0730239631599605	17	17	13	8	0.06666666666666667	0.2626830280832924	0.22297717862441796	9.845468436260589	-65143.68495522132	-277.05337979498694	-1.3487174350751625	complete	
10701	01	socialdoors	1	sub-10701_ses-01_task-socialdoors_run-1	syngo MR E11	E11	0	218	86742	0.075651634379007265	16	16	15	8	0.07339449541284404	0.2918203431272409	0.2526096970294466	8.492761160087731	-69313.42990201693	-287.97267126958906	-1.9053465104030904	complete	
10701	01	trust	1	sub-10701_ses-01_task-trust_run-1	syngo MR E11	E11	2	280	86922	0.079234868062149591	15	15	11	9	0.0539568345323741	0.311388248118966	0.286500270302646	5.93640404074706	-64832.37961378893	-277.62911892856954	-1.0045355822728688	complete	
10701	01	trust	2	sub-10701_ses-01_task-trust_run-2	syngo MR E11	E11	0	280	86693	0.10612202946482123	17	17	14	10	0.060714285714285714	0.3246717186943475	0.2887202599785537	6.92838069417087	-65102.27456064616	-273.48365843438046	-1.27314076572312	complete	
10701	01	ugr	1	sub-10701_ses-01_task-ugr_run-1	syngo MR E11	E11	2	240	86117	0.068533130828554112	16	16	15	10	0.06722689075630252	0.22331511307795465	0.18020307561051369	12.544350262291216	-69402.83364198476	-296.82501357124227	-1.6909427351029356	complete	
10701	01	ugr	2	sub-10701_ses-01_task-ugr_run-2	syngo MR E11	E11	0	240	87190	0.067486521115746212	17	17	14	8	0.07083333333333333	0.3098532376943206	0.2698275721265768	8.959040029642347	-68489.64200003164	-286.2457478439924	-1.4478447620340773	complete	
10713	01	doors	1	sub-10713_ses-01_task-doors_run-1	syngo MR E11	E11	2	218	65779	0.42359678501036108	36	36	32	21	0.16666666666666666	0.7564954103040288	0.6451360616859645	11.301685940500695	-146059.403396448	-486.23759059999566	0.49681700147948554	complete	
10713	01	sharedreward	1	sub-10713_ses-01_task-sharedreward_run-1	syngo MR E11	E11	2	255	65656	0.28790623887188832	35	35	30	20	0.1383399209486166	0.7148637394444173	0.6134350810682528	10.45894844734948	-146377.00633097693	-492.5244199911912	-2.1586204032230953	complete	
10713	01	sharedreward	2	sub-10713_ses-01_task-sharedreward_run-2	syngo MR E11	E11	2	255	65771	0.34503138065511074	39	39	33	22	0.1541501976284585	0.7221313171206517	0.6085659639759232	11.658259973282073	-146101.36231870772	-485.4636314930574	-0.9844334625886589	complete	
10713	01	socialdoors	1	sub-10713_ses-01_task-socialdoors_run-1	syngo MR E11	E11	1	218	65777	0.29626633000553004	31	31	28	21	0.14285714285714285	0.6569986241823653	0.5443629098641078	11.78307534831277	-146021.9418331663	-488.6797666651075	0.4892278759060727	complete	
10713	01	trust	1	sub-10713_ses-01_task-trust_run-1	syngo MR E11	E11	2	280	65685	0.28478121357198222	39	39	35	21	0.14028776978417265	0.7355198220169067	0.6250295359681255	9.707433473737899	-146850.96643559766	-524.5034724874129	-2.313741582398716	complete	
10713	01	trust	2	sub-10713_ses-01_task-trust_run-2	syngo MR E11	E11	1	280	65848	0.21124218009134463	33	33	28	19	0.11827956989247312	0.6560821529205505	0.5475719988136042	10.26884783619675	-145893.18379025243	-498.16119822181304	-1.7780411424896527	complete	
10713	01	ugr	1	sub-10713_ses-01_task-ugr_run-1	syngo MR E11	E11	1	240	65434	0.32970618760161408	33	33	29	20	0.13807531380753138	0.6945365071960632	0.590966618534298	10.55662136789518	-146587.45827572103	-485.38987146725214	-0.13626298815484536	complete	
10713	02	doors	1	sub-10713_ses-02_task-doors_run-1	syngo MR XA60	XA60	0	218	65183	0.22029180836578757	53	53	45	31	0.24311926605504589	0.7545618632023057	0.5305381733598139	21.938659863722776	-293842.3208379028	-556.33823520136	10.761639209446647	complete	
10713	02	socialdoors	1	sub-10713_ses-02_task-socialdoors_run-1	syngo MR XA60	XA60	0	218	64996	0.24083057938954272	56	56	50	34	0.25688073394495414	0.7630862086577648	0.5453324053897779	21.580116068997217	-294456.38037189347	-524.98851572882	11.317361085200767	complete	
10713	02	ugr	1	sub-10713_ses-02_task-ugr_run-1	syngo MR XA60	XA60	0	240	65275	0.2528428465101642	51	51	44	28	0.2125	0.7401677837466033	0.5428586990062753	20.446807595112155	-292249.3538206056	-537.556923656432	9.713753052893932	complete	
10713	02	ugr	2	sub-10713_ses-02_task-ugr_run-2	syngo MR XA60	XA60	0	240	64764	0.22187369944210575	52	52	45	30	0.21666666666666667	0.7157175931644015	0.4861843801620729	24.520924463920768	-294142.7936998659	-561.2441448604119	11.450516051090725	complete	
10716	01	doors	1	sub-10716_ses-01_task-doors_run-1	syngo MR E11	E11	2	218	78311	0.13348483887707463	30	30	26	17	0.1388888888888889	0.48467771490223666	0.3464752309707407	16.250419458263703	-145925.53146247467	-473.80667538056196	-0.8878223551208172	complete	
10716	01	sharedreward	1	sub-10716_ses-01_task-sharedreward_run-1	syngo MR E11	E11	1	255	78311	0.14754435439946367	29	29	25	17	0.1141732283464567	0.5126407753576459	0.3975908011337219	13.997079455628013	-147073.0341537584	-479.7267249465019	-1.302604022182247	complete	
10716	01	sharedreward	2	sub-10716_ses-01_task-sharedreward_run-2	syngo MR E11	E11	2	255	78229	0.15417210712223683	33	33	29	20	0.13043478260869565	0.4956318183463463	0.3532161358579039	17.597997393043528	-146627.03007257517	-478.608517728231	-1.2460093032060933	complete	
10716	01	socialdoors	1	sub-10716_ses-01_task-socialdoors_run-1	syngo MR E11	E11	1	218	78068	0.12750738363257794	24	24	24	16	0.11059907834101383	0.5040142538054955	0.4097516745186648	10.78997074915308	-146800.86217676618	-479.84900092404934	-1.3156057968518353	complete	
10716	01	trust	1	sub-10716_ses-01_task-trust_run-1	syngo MR E11	E11	2	280	78329	0.14715803200053562	29	29	27	19	0.10431654676258993	0.5139741156605885	0.39979424316419415	12.962278974224654	-147495.2775468202	-482.98872258486756	-1.7565352553311229	complete	
10716	01	trust	2	sub-10716_ses-01_task-trust_run-2	syngo MR E11	E11	2	280	78061	0.14368618515068438	27	27	25	17	0.09712230215827339	0.41322690488498326	0.29603370581420163	18.48989845760383	-147138.43632405956	-481.35139157043614	-1.0468258559383725	complete	
10716	01	ugr	1	sub-10716_ses-01_task-ugr_run-1	syngo MR E11	E11	2	240	78213	0.15229169265444328	31	31	28	19	0.13025210084033614	0.501709774373461	0.36839322692828685	16.89478206343476	-145741.58988185282	-472.8887104748922	-1.4373177678336955	complete	
10716	01	ugr	2	sub-10716_ses-01_task-ugr_run-2	syngo MR E11	E11	2	240	78148	0.33577513415248605	54	54	48	31	0.226890756302521	0.7355883826008923	0.5359290823269681	19.732074760253045	-145521.62755486392	-443.2095154166139	-1.7359334643995332	complete	
10716	02	doors	1	sub-10716_ses-02_task-doors_run-1	syngo MR XA60	XA60	1	218	77112	0.19933072551521769	25	25	23	15	0.1152073732718894	0.6011040897130503	0.4149246376051941	18.637940572357557	-276010.1555194738	-511.89502331714857	4.778836654848883	complete	
10716	02	socialdoors	1	sub-10716_ses-02_task-socialdoors_run-1	syngo MR XA60	XA60	0	218	77013	0.21656606669885806	26	26	21	15	0.11926605504587157	0.6358336013767756	0.45304635993633285	17.91547983826782	-276381.37427885586	-520.9732867595236	4.064434915040762	complete	
10716	02	ugr	1	sub-10716_ses-02_task-ugr_run-1	syngo MR XA60	XA60	0	240	77151	0.23018784903213446	76	76	64	44	0.31666666666666665	0.7859468696555127	0.45634151625637326	34.77433307341977	-277837.001449863	-506.033037735902	3.6105654063784205	complete	
10716	02	ugr	2	sub-10716_ses-02_task-ugr_run-2	syngo MR XA60	XA60	0	240	76909	0.2577221321870995	30	30	25	14	0.125	0.6341355022568145	0.42803664401673747	20.406312378998248	-278734.6862974745	-483.20867439647594	3.4404527803314933	complete	
10718	01	doors	1	sub-10718_ses-01_task-doors_run-1	syngo MR E11	E11	1	218	64163	0.20018083351733487	34	34	29	21	0.15668202764976957	0.5890878469129316	0.4335438926535656	14.948117858745436	-164795.55078728657	-532.9549298180043	-1.8141709257336573	complete	
10718	01	sharedreward	1	sub-10718_ses-01_task-sharedreward_run-1	syngo MR E11	E11	1	255	64131	0.23965219147563685	40	40	36	22	0.15748031496062992	0.7482152638846256	0.6356533986280316	9.604335494211838	-164290.66285862928	-483.91300876805377	-2.453426688064744	complete	
10718	01	sharedreward	2	sub-10718_ses-01_task-sharedreward_run-2	syngo MR E11	E11	2	255	64088	0.23569447129750315	38	38	34	23	0.15019762845849802	0.6540647797658571	0.5062342886850288	13.441021842531022	-165040.00113451402	-523.112246088514	-2.2017006388820537	complete	
10718	01	socialdoors	1	sub-10718_ses-01_task-socialdoors_run-1	syngo MR E11	E11	1	218	64237	0.19806832279532391	35	35	29	22	0.16129032258064516	0.6178914871564475	0.4640850292119037	14.749313268298895	-164316.45721886394	-523.0417209103653	-1.9635746148225317	complete	
10718	01	trust	1	sub-10718_ses-01_task-trust_run-1	syngo MR E11	E11	2	280	64191	0.23004947169610407	44	44	36	23	0.15827338129496402	0.6913509246791264	0.544505154409172	14.198800976100966	-164141.22707023905	-515.5708533841655	-2.6016797892724255	complete	
10718	01	trust	2	sub-10718_ses-01_task-trust_run-2	syngo MR E11	E11	1	280	64371	0.23460610019244846	45	45	37	25	0.16129032258064516	0.7470928971734193	0.6214963888138823	10.065316938513623	-163155.6787677907	-486.4788384041156	-2.7261912660272762	complete	
10718	01	ugr	1	sub-10718_ses-01_task-ugr_run-1	syngo MR E11	E11	2	240	64193	0.17119990964119203	31	31	27	19	0.13025210084033614	0.560800167673391	0.44044940396822474	13.546787000583144	-165414.7834408009	-550.7103366952961	-1.1126594187503245	complete	
10718	01	ugr	2	sub-10718_ses-01_task-ugr_run-2	syngo MR E11	E11	2	240	64186	0.21257440221020651	35	35	30	22	0.14705882352941177	0.648427349637754	0.5258325925565097	11.611206024599934	-164870.96295775857	-532.5108975707575	-2.406530715387307	complete	
10720	01	doors	1	sub-10720_ses-01_task-doors_run-1	syngo MR E11	E11	2	218	58225	0.095062666415520469	17	17	15	11	0.0787037037037037	0.31519796438723724	0.2590092689670965	12.637082075014064	-147497.38877011585	-563.1832103343044	-2.0826572423388154	complete	
10720	01	sharedreward	1	sub-10720_ses-01_task-sharedreward_run-1	syngo MR E11	E11	4	255	58319	0.10124760586720828	18	18	16	12	0.07171314741035857	0.3218653669852918	0.2617997866233043	12.320907394563426	-145874.99369209178	-555.2139722834693	-1.83890943050541	complete	
10720	01	sharedreward	2	sub-10720_ses-01_task-sharedreward_run-2	syngo MR E11	E11	2	255	58171	0.086544572977900788	17	17	15	11	0.06719367588932806	0.32914799847403964	0.27856702813770207	11.215604776716306	-147351.19690509362	-557.2326551354953	-1.6978510858640126	complete	
10720	01	socialdoors	1	sub-10720_ses-01_task-socialdoors_run-1	syngo MR E11	E11	2	218	58300	0.11672743615995546	20	20	17	11	0.09259259259259259	0.3947085558342647	0.32524349347249615	10.468633526865093	-146555.58900497286	-571.7347658137087	-1.9568562286344853	complete	
10720	01	trust	1	sub-10720_ses-01_task-trust_run-1	syngo MR E11	E11	1	280	58110	0.10870839674148471	19	19	16	13	0.06810035842293907	0.3870379717679315	0.327292078023517	9.408797622098785	-146560.03344204935	-563.789750236276	-1.6969955507600647	complete	
10720	01	trust	2	sub-10720_ses-01_task-trust_run-2	syngo MR E11	E11	1	280	58020	0.10928233865225725	19	19	18	13	0.06810035842293907	0.33074762269671326	0.2684650414532489	12.350142142906991	-146097.43698410538	-560.4544583238137	-2.036138779479173	complete	
10720	01	ugr	1	sub-10720_ses-01_task-ugr_run-1	syngo MR E11	E11	3	240	57995	0.090952449877003363	19	19	16	10	0.08016877637130802	0.3760230610422823	0.31683300574706214	10.283333742965027	-147211.1791579276	-563.0507092014061	-2.2604148703854903	complete	
10720	01	ugr	2	sub-10720_ses-01_task-ugr_run-2	syngo MR E11	E11	1	240	58206	0.11531479680402916	22	22	19	14	0.09205020920502092	0.5158224941237954	0.4482268111260114	8.877161091411976	-148126.94396154626	-561.0057761684535	-1.7670917256465983	complete	
10723	01	doors	1	sub-10723_ses-01_task-doors_run-1	syngo MR E11	E11	2	218	82820	0.098386086611172818	20	20	18	12	0.09259259259259259	0.4036023274743924	0.3402127872065118	8.150185490062329	-69255.71044433273	-300.7767281159531	-0.09786062079568761	complete	
10723	01	sharedreward	1	sub-10723_ses-01_task-sharedreward_run-1	syngo MR E11	E11	1	255	82474	0.087263816244228715	19	19	18	12	0.07480314960629922	0.34915998512658325	0.2933492375933403	8.264954939681866	-68870.06854098573	-301.5313518577966	-0.23325181802087608	complete	
10723	01	sharedreward	2	sub-10723_ses-01_task-sharedreward_run-2	syngo MR E11	E11	1	255	82523	0.13722787678544265	23	23	19	13	0.09055118110236221	0.5651522559069665	0.513045156339446	6.1198929127977175	-68754.18784695804	-284.07191870835453	-0.39625124335415324	complete	
10723	01	socialdoors	1	sub-10723_ses-01_task-socialdoors_run-1	syngo MR E11	E11	2	218	82614	0.095693850071144976	17	17	16	12	0.0787037037037037	0.43139435296198636	0.39051139270479623	5.93486057960614	-69077.78052707136	-305.66530000466116	-0.13206978518495985	complete	
10723	01	trust	1	sub-10723_ses-01_task-trust_run-1	syngo MR E11	E11	2	280	82555	0.097716053712705433	20	20	17	11	0.07194244604316546	0.3893626563240143	0.3395754567647834	7.471058743235908	-68647.40285849583	-299.92616423495576	-0.2822045755375262	complete	
10723	01	trust	2	sub-10723_ses-01_task-trust_run-2	syngo MR E11	E11	1	280	82401	0.10221969304459823	19	19	17	10	0.06810035842293907	0.35534018035139325	0.3070514636152006	7.4913782399552735	-68797.53171544973	-299.02620391993605	-0.38718611198949937	complete	
10723	01	ugr	1	sub-10723_ses-01_task-ugr_run-1	syngo MR E11	E11	1	240	82885	0.10810512997724785	20	20	18	13	0.08368200836820083	0.39388232050311883	0.332649075946247	7.951694088571022	-69319.2617959868	-299.3479339258173	0.06114717741101412	complete	
10723	01	ugr	2	sub-10723_ses-01_task-ugr_run-2	syngo MR E11	E11	1	240	82703	0.09672869691945446	22	22	18	11	0.09205020920502092	0.2901921813965143	0.21191078492208767	15.562771763512819	-69207.29987439381	-302.83087697339704	-0.6244406595979967	complete	
10741	01	doors	1	sub-10741_ses-01_task-doors_run-1	syngo MR E11	E11	0	218	68770	0.12607958349631382	14	14	13	9	0.06422018348623854	0.20738249653558138	0.1745833579990676	11.381673386851983	-70306.52682033651	-289.6973122983968	-1.2062817288723497	complete	
10741	01	sharedreward	1	sub-10741_ses-01_task-sharedreward_run-1	syngo MR E11	E11	0	255	68993	0.18784342937134588	17	17	16	11	0.06666666666666667	0.3914813894916544	0.3508336939156609	7.113810002615551	-70138.95697200361	-283.92672968001744	-0.19845258878327274	complete	
10741	01	sharedreward	2	sub-10741_ses-01_task-sharedreward_run-2	syngo MR E11	E11	0	255	68963	0.20142343442563734	18	18	16	11	0.07058823529411765	0.4066457655624645	0.3613713217484682	7.10588055280389	-69672.7847698843	-282.60218892915924	-0.08402807330043355	complete	
10741	01	socialdoors	1	sub-10741_ses-01_task-socialdoors_run-1	syngo MR E11	E11	0	218	68791	0.12598137741699833	12	12	10	7	0.05504587155963303	0.19704541092795544	0.18288165264445863	8.725482376750298	-70092.79956766377	-292.01222536055167	-1.4174299806124186	complete	
10741	01	trust	1	sub-10741_ses-01_task-trust_run-1	syngo MR E11	E11	0	280	69298	0.19237302011769758	18	18	15	12	0.06428571428571428	0.41435611267900113	0.37088322146579467	6.774121096740748	-69048.4230562279	-276.8713316793289	0.044425106531629524	complete	
10741	01	trust	2	sub-10741_ses-01_task-trust_run-2	syngo MR E11	E11	0	280	68944	0.61308440514586149	44	44	39	28	0.15714285714285714	0.6356546730250796	0.4484510843737501	21.67202684805884	-69683.83289670704	-251.05778337604056	1.444258784794117	complete	
10741	01	ugr	1	sub-10741_ses-01_task-ugr_run-1	syngo MR E11	E11	0	240	68985	0.19190990065836647	16	16	14	8	0.06666666666666667	0.2811473362026338	0.24146553661182762	10.005620449847182	-70821.37224898215	-283.864281275989	-1.2538939384060441	complete	
10741	01	ugr	2	sub-10741_ses-01_task-ugr_run-2	syngo MR E11	E11	0	240	68994	0.16676003129047304	13	13	12	7	0.05416666666666667	0.300096351110143	0.2806775721691333	7.1641959005499025	-70390.36246416242	-283.0957539970635	-0.8242544495244769	complete	
10748	01	doors	1	sub-10748_ses-01_task-doors_run-1	syngo MR E11	E11	1	218	68399	0.080332538367090256	17	17	15	11	0.07834101382488479	0.3532501266377977	0.30753817993962473	9.648721680754166	-145461.99818050236	-465.48326101068704	0.04442269276600298	complete	
10748	01	sharedreward	1	sub-10748_ses-01_task-sharedreward_run-1	syngo MR E11	E11	2	255	68711	0.087214498400953799	16	16	14	10	0.06324110671936758	0.3701343830928284	0.3347715968882352	6.792356449974415	-144378.01429125477	-461.8891405436596	0.20410391647176948	complete	
10748	01	sharedreward	2	sub-10748_ses-01_task-sharedreward_run-2	syngo MR E11	E11	1	255	68378	0.088981984016236415	18	18	17	12	0.07086614173228346	0.37975274629605954	0.32889251052792257	9.947352952086044	-144807.84979219318	-462.33295308558644	-0.14399538756409253	complete	
10748	01	socialdoors	1	sub-10748_ses-01_task-socialdoors_run-1	syngo MR E11	E11	1	218	68464	0.073631768689562921	15	15	13	11	0.06912442396313365	0.31533769935972383	0.28024153502292	10.061841281673864	-145047.33038152332	-463.48138953836497	0.1680320381758863	complete	
10748	01	trust	1	sub-10748_ses-01_task-trust_run-1	syngo MR E11	E11	2	280	68454	0.083305349858120561	18	18	15	11	0.06474820143884892	0.4136644379213956	0.3713438017761202	6.707307041907751	-144436.77878397022	-461.31522967452713	-0.3727350185244332	complete	
10748	01	trust	2	sub-10748_ses-01_task-trust_run-2	syngo MR E11	E11	4	280	68324	0.098091913152596993	19	19	17	11	0.06884057971014493	0.3763109087215567	0.3250058969093579	9.828211694953515	-144476.45761240993	-467.3965434771293	-0.552399754091217	complete	
10748	01	ugr	1	sub-10748_ses-01_task-ugr_run-1	syngo MR E11	E11	2	240	68271	0.082175466344444545	17	17	16	11	0.07142857142857142	0.3871995972016413	0.3434399760980743	7.937137690861698	-146562.0166998614	-474.6348994735005	-0.6324813327065654	complete	
10748	01	ugr	2	sub-10748_ses-01_task-ugr_run-2	syngo MR E11	E11	2	240	68236	0.10598670078859145	19	19	17	14	0.07983193277310924	0.5186064820505729	0.4704287717218717	6.420046911024793	-146038.8393505777	-466.792145293282	-0.5450674273383068	complete	
10767	01	doors	1	sub-10767_ses-01_task-doors_run-1	syngo MR E11	E11	3	218	72841	0.087707196692933878	26	26	24	15	0.12093023255813953	0.49542304264852977	0.3975145976923288	10.911807201501867	-161141.56182507123	-539.4666016326756	-1.993844499682704	complete	
10767	01	sharedreward	1	sub-10767_ses-01_task-sharedreward_run-1	syngo MR E11	E11	1	255	72764	0.080384303703010571	27	27	24	14	0.1062992125984252	0.4975292201501832	0.4069686859103366	10.599371582973427	-160529.79289821838	-524.8931735993638	-1.2940089691117063	complete	
10767	01	sharedreward	2	sub-10767_ses-01_task-sharedreward_run-2	syngo MR E11	E11	1	255	72940	0.097004869692548013	29	29	24	17	0.1141732283464567	0.5221273004676581	0.4198227507016244	10.827178651305903	-160738.55187858964	-520.8022901874014	-1.498841421759205	complete	
10767	01	socialdoors	1	sub-10767_ses-01_task-socialdoors_run-1	syngo MR E11	E11	1	218	72585	0.084869736118069694	26	26	22	17	0.11981566820276497	0.5051075761341189	0.4090909010583093	10.88454161678657	-161874.64101978575	-533.5562281574297	-1.4369270668375789	complete	
10767	01	trust	1	sub-10767_ses-01_task-trust_run-1	syngo MR E11	E11	1	280	72858	0.12835013474574916	36	36	31	20	0.12903225806451613	0.7006414780106544	0.6113098943391045	7.158683283672466	-161677.2335839027	-522.0751450782136	-1.9382278059604676	complete	
10767	01	trust	2	sub-10767_ses-01_task-trust_run-2	syngo MR E11	E11	1	280	72997	0.10733986170944146	31	31	27	18	0.1111111111111111	0.6236727082739707	0.5373727695617617	8.220311008894534	-160687.9981314841	-522.2617371600252	-1.3727809684521668	complete	
10767	01	ugr	1	sub-10767_ses-01_task-ugr_run-1	syngo MR E11	E11	1	240	72758	0.089932529785761009	28	28	24	16	0.11715481171548117	0.49383414623700195	0.3916781983024882	11.054667621224334	-161119.33981845903	-527.372198459167	-1.9091853477268486	complete	
10767	01	ugr	2	sub-10767_ses-01_task-ugr_run-2	syngo MR E11	E11	1	240	72513	0.088195013478024525	28	28	24	17	0.11715481171548117	0.48222541524310053	0.37333498510959146	12.829093637441414	-161866.22230303288	-533.254228870756	-1.5618970319944139	complete	
10770	01	doors	1	sub-10770_ses-01_task-doors_run-1	syngo MR E11	E11	2	218	80317	0.21236097849519436	35	35	31	23	0.16203703703703703	0.6262633959644155	0.4833317480478499	15.271279774797733	-166776.51680237823	-441.9614908494548	-2.1177758025005895	complete	
10770	01	sharedreward	1	sub-10770_ses-01_task-sharedreward_run-1	syngo MR E11	E11	1	255	80412	0.20319321287070022	35	35	31	21	0.1377952755905512	0.6970451185399383	0.5857768149887836	10.41256535994797	-165838.45891071254	-418.6685726149309	-2.2988742267935454	complete	
10770	01	sharedreward	2	sub-10770_ses-01_task-sharedreward_run-2	syngo MR E11	E11	2	255	80198	0.24199596853533117	36	36	33	25	0.1422924901185771	0.6243710557200354	0.4741526750194184	16.121948155376675	-166633.96621213132	-460.4223662909878	-2.3399336304110716	complete	
10770	01	socialdoors	1	sub-10770_ses-01_task-socialdoors_run-1	syngo MR E11	E11	2	218	80353	0.27494189575391509	36	36	32	23	0.16666666666666666	0.625190747907895	0.47824380250356063	16.54852718162156	-166394.0948734409	-443.06648570262905	-2.250032709190694	complete	
10770	01	trust	1	sub-10770_ses-01_task-trust_run-1	syngo MR E11	E11	2	280	80281	0.25799339297558282	45	45	41	28	0.1618705035971223	0.700996674978829	0.528203681886829	17.28677450064902	-166136.06197617334	-442.3746362362173	-2.6499891778706304	complete	
10770	01	trust	2	sub-10770_ses-01_task-trust_run-2	syngo MR E11	E11	2	280	80247	0.23444584485040934	38	38	36	25	0.1366906474820144	0.698910769298924	0.5659987667815517	14.46012227450058	-165306.12171519126	-423.9015438609245	-2.3451682790733788	complete	
10770	01	ugr	1	sub-10770_ses-01_task-ugr_run-1	syngo MR E11	E11	1	240	79877	0.19441215767303452	33	33	29	18	0.13807531380753138	0.7179912733832464	0.6307701584539536	8.669087272896974	-168311.30153654513	-425.5693469968058	-2.5337640993468007	complete	
10770	01	ugr	2	sub-10770_ses-01_task-ugr_run-2	syngo MR E11	E11	2	240	80245	0.28110483872784525	40	40	34	25	0.16806722689075632	0.6307924392083779	0.47420915080611437	16.318551932000908	-166793.18506637085	-449.32100376355106	-2.0697066854731534	complete	
10777	01	doors	1	sub-10777_ses-01_task-doors_run-1	syngo MR E11	E11	2	218	81691	0.11631026693831581	21	21	19	13	0.09722222222222222	0.3647766873301992	0.289676876048057	13.252779184576978	-144221.5223653459	-435.77704190742634	-0.343547985194918	complete	
10777	01	sharedreward	1	sub-10777_ses-01_task-sharedreward_run-1	syngo MR E11	E11	2	255	82021	0.11181726090830355	24	24	21	16	0.09486166007905138	0.351763295880799	0.25404507459457465	16.624133227630747	-143656.03517439842	-429.66832694797415	-0.6237133383766692	complete	
10777	01	sharedreward	2	sub-10777_ses-01_task-sharedreward_run-2	syngo MR E11	E11	2	255	82117	0.14475845401477111	27	27	24	17	0.1067193675889328	0.5118403522895842	0.4184650009861531	10.600928392408361	-143250.42295609717	-421.6713715976724	-0.9887425775068277	complete	
10777	01	socialdoors	1	sub-10777_ses-01_task-socialdoors_run-1	syngo MR E11	E11	2	218	81830	0.11128461067071618	21	21	17	12	0.09722222222222222	0.3740095858019676	0.3032029494548352	11.749928968057267	-144081.6178430628	-439.60118189244776	-0.7643813941327618	complete	
10777	01	trust	1	sub-10777_ses-01_task-trust_run-1	syngo MR E11	E11	2	280	81431	0.1070016684638561	23	23	20	14	0.08273381294964029	0.41015056427776897	0.3356947048251607	11.36141880910019	-144033.0485778839	-437.2424378821926	-0.948521235643078	complete	
10777	01	ugr	1	sub-10777_ses-01_task-ugr_run-1	syngo MR E11	E11	3	240	82030	0.10689560877195872	19	19	17	13	0.08016877637130802	0.3236248383706476	0.26124759394075	12.39431413916855	-143450.79573768028	-435.66517813220173	-0.7185356745146021	complete	
10781	01	doors	1	sub-10781_ses-01_task-doors_run-1	syngo MR E11	E11	3	218	87092	0.10858051431161775	22	22	20	14	0.10232558139534884	0.5181252335600848	0.45478444366562276	6.572620909050874	-134479.20643331087	-448.0436997937509	-2.21938687415553	complete	
10781	01	sharedreward	1	sub-10781_ses-01_task-sharedreward_run-1	syngo MR E11	E11	3	255	87302	0.10069453040755498	22	22	19	13	0.0873015873015873	0.5164735999934565	0.46187532568634365	5.777288975953497	-136112.71018273404	-461.0883338655763	-1.995469568398174	complete	
10781	01	sharedreward	2	sub-10781_ses-01_task-sharedreward_run-2	syngo MR E11	E11	1	255	87371	0.094208453374982404	23	23	21	15	0.09055118110236221	0.4822779281167783	0.41539079319609673	7.175872774504484	-135583.4206597782	-470.35558648580553	-2.5889045154234016	complete	
10781	01	socialdoors	1	sub-10781_ses-01_task-socialdoors_run-1	syngo MR E11	E11	2	218	87015	0.096118075156178526	26	26	25	14	0.12037037037037036	0.6016501483207134	0.5329864783267905	6.56836184464758	-135374.40321451044	-444.4129142880609	-2.3986224241028338	complete	
10781	01	trust	1	sub-10781_ses-01_task-trust_run-1	syngo MR E11	E11	3	280	87834	0.097848157471970121	25	25	23	17	0.09025270758122744	0.5117548625215479	0.4344716888251909	7.491820730952805	-136105.38696521166	-462.05080246728437	-1.8175091855999757	complete	
10781	01	trust	2	sub-10781_ses-01_task-trust_run-2	syngo MR E11	E11	3	280	87759	0.092267160270848872	25	25	22	16	0.09025270758122744	0.523998220855855	0.4535569207496065	6.930716118843417	-135545.68017879824	-454.22940348942086	-2.3675998089994623	complete	
10781	01	ugr	1	sub-10781_ses-01_task-ugr_run-1	syngo MR E11	E11	2	240	86920	0.11064365065040664	25	25	22	14	0.10504201680672269	0.5990454813879036	0.5388358901901675	6.017932533700968	-135062.3283847097	-443.06146134373415	-2.5653557650216707	complete	
10781	01	ugr	2	sub-10781_ses-01_task-ugr_run-2	syngo MR E11	E11	3	240	86852	0.10299906966468277	25	25	22	13	0.10548523206751055	0.5749815728716415	0.5131899398556855	5.7229964201527865	-134849.95105861785	-446.6132536723673	-2.6014291087092065	complete	
10783	01	doors	1	sub-10783_ses-01_task-doors_run-1	syngo MR E11	E11	3	218	67428	0.18008021873575913	17	17	15	11	0.07906976744186046	0.3864083768947962	0.3398583145999912	11.214351830391557	-130141.68673722974	-459.0547178218287	0.19382003888522262	complete	
10783	01	sharedreward	1	sub-10783_ses-01_task-sharedreward_run-1	syngo MR E11	E11	2	255	67330	0.27190615438333993	23	23	20	14	0.09090909090909091	0.4921644355860947	0.4182741971577073	12.495907031976481	-130962.50159257452	-457.595929554082	0.875497505846413	complete	
10783	01	sharedreward	2	sub-10783_ses-01_task-sharedreward_run-2	syngo MR E11	E11	1	255	67391	0.27266795296822222	24	24	20	16	0.09448818897637795	0.4984560454133256	0.4152802123953313	13.096321636377898	-130633.36676259978	-457.108285860254	0.543158701132494	complete	
10783	01	socialdoors	1	sub-10783_ses-01_task-socialdoors_run-1	syngo MR E11	E11	1	218	67264	0.19881951034689005	18	18	16	11	0.08294930875576037	0.40801065900703015	0.3578836324633515	10.506346137823819	-130538.21681943588	-454.9946504452802	0.13599853944651039	complete	
10783	01	trust	1	sub-10783_ses-01_task-trust_run-1	syngo MR E11	E11	2	280	67228	0.20488597506842882	23	23	20	14	0.08273381294964029	0.4308730895951091	0.3522909746218446	11.588320282353582	-131312.3468247699	-461.3895215136343	-0.1061565337163122	complete	
10783	01	trust	2	sub-10783_ses-01_task-trust_run-2	syngo MR E11	E11	1	280	67378	0.20607249655052667	20	20	19	13	0.07168458781362007	0.42798241877264837	0.36682465988753127	10.320361465603277	-130797.61068283342	-460.3940655763739	-0.25893255884257	complete	
10783	01	ugr	1	sub-10783_ses-01_task-ugr_run-1	syngo MR E11	E11	1	240	67260	0.20158809065898953	22	22	19	13	0.09205020920502092	0.45165431406313594	0.38100763045905733	12.660530466136871	-130466.40307737509	-452.55634684991446	0.431939495972759	complete	
10783	01	ugr	2	sub-10783_ses-01_task-ugr_run-2	syngo MR E11	E11	2	240	67269	0.22806710414832548	22	22	19	14	0.09243697478991597	0.4682952752942176	0.39457870081679547	12.428827577951678	-129899.27410079379	-449.79287473675794	0.29206015627490534	complete	
10785	01	doors	1	sub-10785_ses-01_task-doors_run-1	syngo MR E11	E11	1	218	68479	0.17295488786397797	27	27	24	15	0.12442396313364056	0.5513092346390571	0.44604820847588533	12.063906817183568	-144684.41428125623	-485.85184288421783	-2.6761103748397153	complete	
10785	01	sharedreward	1	sub-10785_ses-01_task-sharedreward_run-1	syngo MR E11	E11	0	255	68586	0.18219863947086101	31	31	27	16	0.12156862745098039	0.5594228076857316	0.44077919861807624	13.843411879934404	-144619.49075122835	-479.59092265653544	-3.2032042657104074	complete	
10785	01	sharedreward	2	sub-10785_ses-01_task-sharedreward_run-2	syngo MR E11	E11	4	255	68376	0.17424577976952108	26	26	24	16	0.10358565737051793	0.516852138695124	0.4233891133880662	12.719882546095794	-144666.76667422982	-484.5836330477086	-3.0738404386859717	complete	
10785	01	socialdoors	1	sub-10785_ses-01_task-socialdoors_run-1	syngo MR E11	E11	1	218	68328	0.16147538250335564	24	24	20	15	0.11059907834101383	0.48367882945710444	0.3911070683833776	13.412180805091984	-145113.6128284366	-486.2752464315479	-2.920898015868247	complete	
10785	01	trust	1	sub-10785_ses-01_task-trust_run-1	syngo MR E11	E11	1	280	68599	0.2100758282493459	31	31	27	17	0.1111111111111111	0.5848501631769738	0.47682431253168334	11.843664041399816	-144372.2633284433	-476.3861985247151	-2.688189565277454	complete	
10785	01	trust	2	sub-10785_ses-01_task-trust_run-2	syngo MR E11	E11	2	280	68488	0.1880104303443583	31	31	27	18	0.11151079136690648	0.6128223564732194	0.515998431280167	11.277614180124848	-144447.78484803668	-510.2202788255039	-3.7677153279274265	complete	
10785	01	ugr	1	sub-10785_ses-01_task-ugr_run-1	syngo MR E11	E11	2	240	68495	0.15330802367536733	23	23	21	14	0.09663865546218488	0.45139032473871066	0.3676287733495809	13.214599208238175	-145477.92507536907	-495.26251310560883	-2.8504982934815306	complete	
10785	01	ugr	2	sub-10785_ses-01_task-ugr_run-2	syngo MR E11	E11	1	240	68615	0.15189303859558642	19	19	17	14	0.0794979079497908	0.4272664101701168	0.36892730335804663	10.323711839767103	-144968.49039204654	-497.07366995696833	-2.6294733600153553	complete	
10794	01	doors	1	sub-10794_ses-01_task-doors_run-1	syngo MR E11	E11	1	218	76759	0.053138299441160643	15	15	12	9	0.06912442396313365	0.28347199665703615	0.24957865086326328	8.383140503359678	-149145.8686336407	-465.41287121935716	-1.8843807892216573	complete	
10794	01	sharedreward	1	sub-10794_ses-01_task-sharedreward_run-1	syngo MR E11	E11	2	255	76476	0.060295155113830871	14	14	12	9	0.05533596837944664	0.38428993932805505	0.3635736055484792	5.473728680363925	-149296.66260778948	-456.0917505629955	-1.410714756897495	complete	
10794	01	sharedreward	2	sub-10794_ses-01_task-sharedreward_run-2	syngo MR E11	E11	2	255	76442	0.064984369283100349	17	17	14	10	0.06719367588932806	0.3867853915932431	0.3515722141328347	6.363504570668596	-149248.7797025199	-458.946182797177	-1.8046882131737532	complete	
10794	01	socialdoors	1	sub-10794_ses-01_task-socialdoors_run-1	syngo MR E11	E11	3	218	76541	0.060597270281845791	14	14	13	9	0.06511627906976744	0.3184550493505694	0.29271942516272315	7.440054075791646	-149283.808228555	-464.5060924810616	-1.5452881036557033	complete	
10794	01	trust	1	sub-10794_ses-01_task-trust_run-1	syngo MR E11	E11	2	280	76360	0.06338941492791364	18	18	15	9	0.06474820143884892	0.30331033408865243	0.2593549807414921	9.897934671472537	-149318.5114861805	-460.19193284198855	-1.4163414481363135	complete	
10794	01	trust	2	sub-10794_ses-01_task-trust_run-2	syngo MR E11	E11	1	280	76309	0.07823093089876372	18	18	15	11	0.06451612903225806	0.4211660041508796	0.38282218575409876	6.014690971039968	-148977.41072135142	-447.6632776918199	-1.231069172016606	complete	
10794	01	ugr	1	sub-10794_ses-01_task-ugr_run-1	syngo MR E11	E11	1	240	76679	0.063837174598858834	14	14	13	9	0.058577405857740586	0.38170126654444547	0.3596280265214517	4.8978325256557875	-158817.45625028125	-465.7378483210363	-0.8693527736313588	complete	
10794	01	ugr	2	sub-10794_ses-01_task-ugr_run-2	syngo MR E11	E11	2	240	76588	0.082551258605222944	18	18	15	11	0.07563025210084033	0.4400937065506045	0.3990752339393529	5.710829166325177	-149696.7580945564	-446.4011940354961	-1.7362925370201518	complete	
10800	01	doors	1	sub-10800_ses-01_task-doors_run-1	syngo MR E11	E11	1	218	67420	0.28433366832777801	44	44	36	23	0.20276497695852536	0.7397660846225784	0.6019045783451157	11.730014091688703	-148247.00044371322	-477.3645308143877	-3.126406871304175	complete	
10800	01	sharedreward	1	sub-10800_ses-01_task-sharedreward_run-1	syngo MR E11	E11	2	255	67460	0.12565273066079979	30	30	25	19	0.11857707509881422	0.6572250324192305	0.5668843616773798	8.674218767777006	-148515.28856796763	-484.9418254367837	-2.4915251937700047	complete	
10800	01	sharedreward	2	sub-10800_ses-01_task-sharedreward_run-2	syngo MR E11	E11	2	255	67476	0.2153497949992848	37	37	32	21	0.14624505928853754	0.7153338619266163	0.6022388904643783	11.490512216385834	-148126.68008832246	-473.7429237704205	-3.1938146010943225	complete	
10800	01	socialdoors	1	sub-10800_ses-01_task-socialdoors_run-1	syngo MR E11	E11	1	218	67413	0.17804315036194029	34	34	29	17	0.15668202764976957	0.603499607031787	0.4811495944344392	12.31540896541616	-148505.63292464288	-504.9380845894894	-3.465683207036123	complete	
10800	01	trust	1	sub-10800_ses-01_task-trust_run-1	syngo MR E11	E11	3	280	67462	0.09906116253004571	24	24	22	17	0.08664259927797834	0.4377960819751479	0.3432503244008871	15.148176626806917	-147940.05645951472	-481.11645238701306	-1.836107127968629	complete	
10800	01	trust	2	sub-10800_ses-01_task-trust_run-2	syngo MR E11	E11	3	280	67667	0.26307967440960328	48	48	42	28	0.17328519855595667	0.7362762039456576	0.575886284726294	15.099377049850846	-147166.72038483812	-464.739307307398	-2.680104696700163	complete	
10800	01	ugr	1	sub-10800_ses-01_task-ugr_run-1	syngo MR E11	E11	2	240	67449	0.10810602805145872	25	25	23	18	0.10504201680672269	0.5355263506985946	0.44418873014747046	10.844140206450025	-147099.7554630608	-502.9027366251032	-3.5692735295752542	complete	
10800	01	ugr	2	sub-10800_ses-01_task-ugr_run-2	syngo MR E11	E11	2	240	67317	0.18832796839583046	40	40	36	23	0.16806722689075632	0.6972186941493489	0.5662475693818723	13.226788585421126	-147429.76576529536	-475.06572078751947	-3.178822967816194	complete	
10801	01	doors	1	sub-10801_ses-01_task-doors_run-1	syngo MR E11	E11	3	218	56905	0.15051069954716872	22	22	20	13	0.10232558139534884	0.4275233783280308	0.3398414304277004	13.251630479548782	-150333.56371855934	-558.3905129352667	-0.9452160278651625	complete	
10801	01	sharedreward	1	sub-10801_ses-01_task-sharedreward_run-1	syngo MR E11	E11	1	255	57031	0.16574355898011733	24	24	22	14	0.09448818897637795	0.5406219495223433	0.4666242598747715	8.263436069674825	-149564.85708394254	-553.8225118685442	-1.175154535308563	complete	
10801	01	sharedreward	2	sub-10801_ses-01_task-sharedreward_run-2	syngo MR E11	E11	3	255	57181	0.15188899908656991	25	25	22	15	0.0992063492063492	0.5303034944534234	0.4475696638564731	8.389342722880594	-149169.91853157	-537.9189977117634	-0.8234160325654318	complete	
10801	01	socialdoors	1	sub-10801_ses-01_task-socialdoors_run-1	syngo MR E11	E11	2	218	56729	0.17262735080866179	22	22	19	11	0.10185185185185185	0.4320341661089263	0.35167232556766925	10.921111747607432	-150283.40057241442	-552.7122829642922	-0.5823859596104067	complete	
10801	01	trust	1	sub-10801_ses-01_task-trust_run-1	syngo MR E11	E11	2	280	57190	0.14614803617168295	21	21	20	14	0.07553956834532374	0.4992321425424137	0.4410664624515355	7.452611341247832	-149324.11098997627	-556.468083827014	-1.3797167702887227	complete	
10801	01	trust	2	sub-10801_ses-01_task-trust_run-2	syngo MR E11	E11	1	280	57220	0.15843955941357302	26	26	22	14	0.0931899641577061	0.6014013018650007	0.5298694358825305	7.517026392717345	-149682.13543939934	-529.7335729408558	-2.0776138760772693	complete	
10801	01	ugr	1	sub-10801_ses-01_task-ugr_run-1	syngo MR E11	E11	2	240	56967	0.12863245431071244	21	21	19	13	0.08823529411764706	0.3748584782211125	0.2916778351632918	13.959617688478104	-150350.57921977647	-552.1590432194856	-0.7393779394834644	complete	
10801	01	ugr	2	sub-10801_ses-01_task-ugr_run-2	syngo MR E11	E11	4	240	56962	0.15186317455048881	22	22	21	12	0.09322033898305085	0.44761332455477687	0.36978470717669476	9.840607401790749	-150242.9972002921	-563.5492829455054	-1.6443390966157059	complete	
10802	01	doors	1	sub-10802_ses-01_task-doors_run-1	syngo MR E11	E11	3	218	77007	0.13289324898299656	23	23	22	15	0.10697674418604651	0.579057024437261	0.5125926564077722	6.390823113317847	-139444.44559347423	-454.2271159538575	-2.759021751213186	complete	
10802	01	sharedreward	1	sub-10802_ses-01_task-sharedreward_run-1	syngo MR E11	E11	2	255	77187	0.12803235523927131	25	25	23	17	0.09881422924901186	0.5923184742645291	0.5244490807606376	6.591640129215485	-138645.04381237677	-450.1346204683537	-2.8378041467161523	complete	
10802	01	sharedreward	2	sub-10802_ses-01_task-sharedreward_run-2	syngo MR E11	E11	2	255	77349	0.1538279232758191	29	29	25	16	0.11462450592885376	0.6062415833993688	0.5272239062560212	7.673511910207668	-138161.34658428765	-444.6041928367179	-2.9177447008063626	complete	
10802	01	socialdoors	1	sub-10802_ses-01_task-socialdoors_run-1	syngo MR E11	E11	2	218	77109	0.11449264978274871	24	24	22	16	0.1111111111111111	0.5618135823865178	0.482347244958748	7.569566390729531	-139080.57727425438	-453.64471413722725	-2.3541115125203276	complete	
10802	01	trust	1	sub-10802_ses-01_task-trust_run-1	syngo MR E11	E11	2	280	77222	0.14403219382675247	27	27	22	15	0.09712230215827339	0.5477320624310849	0.4710373925863798	8.163989403744749	-137801.85099768805	-430.92721191670785	-2.550839230797616	complete	
10802	01	trust	2	sub-10802_ses-01_task-trust_run-2	syngo MR E11	E11	2	280	77359	0.15048970044864687	30	30	25	17	0.1079136690647482	0.6321231006915536	0.5513565323295526	7.636773070642952	-138104.50888915473	-426.3517183942393	-3.5103844806473066	complete	
10802	01	ugr	1	sub-10802_ses-01_task-ugr_run-1	syngo MR E11	E11	2	240	77216	0.11764769689434851	24	24	21	16	0.10084033613445378	0.5473670764508687	0.4751858483404362	7.885094321905093	-139587.60515497386	-460.37381628464726	-2.595918734891878	complete	
10802	01	ugr	2	sub-10802_ses-01_task-ugr_run-2	syngo MR E11	E11	4	240	77195	0.1034685482199431	21	21	19	16	0.08898305084745763	0.4063343580560278	0.3309507826718786	12.05062617130501	-139486.25518819536	-455.7242943794201	-2.559192535283906	complete	
10803	01	doors	1	sub-10803_ses-01_task-doors_run-1	syngo MR E11	E11	1	218	64658	0.095936401751964634	26	26	24	15	0.11981566820276497	0.41142953087185347	0.29169578220756176	18.3423869509762	-146086.01384127134	-520.8068234392056	-0.5662551454524015	complete	
10803	01	sharedreward	1	sub-10803_ses-01_task-sharedreward_run-1	syngo MR E11	E11	2	255	64668	0.066712641539758727	22	22	18	11	0.08695652173913043	0.3458413355807427	0.2669903339348415	15.107308946515975	-146581.90312814843	-538.1952610510712	-1.3051909875818117	complete	
10803	01	socialdoors	1	sub-10803_ses-01_task-socialdoors_run-1	syngo MR E11	E11	1	218	64428	0.084963296180147432	24	24	23	13	0.11059907834101383	0.41672701589595107	0.3157252015212668	15.37442445607547	-147107.16284499725	-532.4384389749647	-0.9135029338697171	complete	
10803	01	trust	1	sub-10803_ses-01_task-trust_run-1	syngo MR E11	E11	1	280	64851	0.066818760828299267	22	22	21	12	0.07885304659498207	0.37033014229611055	0.2952071468390639	12.05386864237295	-146913.53399329123	-539.6142365436069	-1.0949629752606003	complete	
10803	01	ugr	1	sub-10803_ses-01_task-ugr_run-1	syngo MR E11	E11	1	240	64624	0.13975452148451975	32	32	28	18	0.13389121338912133	0.512693175917717	0.37055672439251697	16.76772458784243	-146202.26646607905	-517.8035707114136	-0.961619975180135	complete	
10804	01	doors	1	sub-10804_ses-01_task-doors_run-1	syngo MR E11	E11	1	218	69438	0.1185747728158584	26	26	23	15	0.11981566820276497	0.4358184395751404	0.3244045047514136	15.10588879791629	-142430.3398494707	-519.0956467371047	-2.661397456572789	complete	
10804	01	sharedreward	1	sub-10804_ses-01_task-sharedreward_run-1	syngo MR E11	E11	1	255	69530	0.097759365816661087	22	22	19	14	0.08661417322834646	0.34179254282780985	0.2578659492080087	16.0959205038681	-143656.70421427058	-528.170744836354	-2.529586742494141	complete	
10804	01	sharedreward	2	sub-10804_ses-01_task-sharedreward_run-2	syngo MR E11	E11	8	255	68904	0.15357215572286761	27	27	25	16	0.10931174089068826	0.4191369447910305	0.3039903374812965	18.147290634057455	-143880.0226620528	-529.5725531048814	-1.9415711031342338	complete	
10804	01	socialdoors	1	sub-10804_ses-01_task-socialdoors_run-1	syngo MR E11	E11	2	218	69425	0.10144123349205611	24	24	20	14	0.1111111111111111	0.3407294928729302	0.23564491080568387	19.0175298306933	-142437.35064264524	-530.2975532353346	-2.5666970234062956	complete	
10804	01	trust	1	sub-10804_ses-01_task-trust_run-1	syngo MR E11	E11	2	280	69750	0.089527201269747184	24	24	21	14	0.08633093525179857	0.33662082619925116	0.24339662177268664	18.482244359966337	-143407.56541323834	-535.5386738552833	-2.353145206234428	complete	
10804	01	trust	2	sub-10804_ses-01_task-trust_run-2	syngo MR E11	E11	2	280	69491	0.1181578938023362	26	26	23	15	0.09352517985611511	0.4275627124049719	0.33222086613326135	13.249138032481735	-142936.864493161	-524.9051376158276	-2.3413526643577476	complete	
10804	01	ugr	1	sub-10804_ses-01_task-ugr_run-1	syngo MR E11	E11	1	240	69487	0.11290334717051281	22	22	20	13	0.09205020920502092	0.34791064937286725	0.25960448736579317	15.882619309884845	-141337.30130100256	-525.0624209893701	-2.1551513153547557	complete	
10804	01	ugr	2	sub-10804_ses-01_task-ugr_run-2	syngo MR E11	E11	0	240	69458	0.1483726368250235	32	32	26	19	0.13333333333333333	0.5460420542018072	0.4179266485777331	14.54505002319841	-142019.28302962435	-506.6049177189152	-1.9783220140601323	complete	
10806	01	doors	1	sub-10806_ses-01_task-doors_run-1	syngo MR E11	E11	5	218	75765	0.13224986610883427	25	25	23	14	0.11737089201877934	0.4167278430875828	0.31623150689017737	14.17221788361766	-151619.0627998699	-505.1589338637126	-0.028391627596901954	complete	
10806	01	sharedreward	1	sub-10806_ses-01_task-sharedreward_run-1	syngo MR E11	E11	3	255	75623	0.26845631744665233	52	52	47	34	0.20634920634920634	0.7362850734110181	0.5472645494907504	17.80006822751565	-152577.66360356484	-448.9593442001577	-0.6654815578020571	complete	
10806	01	sharedreward	2	sub-10806_ses-01_task-sharedreward_run-2	syngo MR E11	E11	2	255	75850	0.38030570566403926	69	69	60	41	0.2727272727272727	0.8097661416102626	0.5655172647660537	24.577588834330232	-152262.54120760088	-427.19484470993626	-0.8201810223686735	complete	
10806	01	socialdoors	1	sub-10806_ses-01_task-socialdoors_run-1	syngo MR E11	E11	6	218	75555	0.11452872217838146	26	26	23	15	0.12264150943396226	0.3925303325385359	0.27995361871567015	16.96004315208119	-152416.0771962629	-506.8741123088531	-0.360209139809554	complete	
10806	01	trust	1	sub-10806_ses-01_task-trust_run-1	syngo MR E11	E11	3	280	75245	0.12675322584915652	30	30	27	17	0.10830324909747292	0.5940406834983567	0.506709013217035	7.853905896120577	-153533.00871735808	-500.9387308763959	-1.8147585918253837	complete	
10806	01	trust	2	sub-10806_ses-01_task-trust_run-2	syngo MR E11	E11	3	280	76899	0.18624827647336165	43	43	37	25	0.1552346570397112	0.6570347140175796	0.5054096538886728	14.83369317039945	-149631.3724458536	-516.1486756197354	-1.3160858128380917	complete	
10806	01	ugr	1	sub-10806_ses-01_task-ugr_run-1	syngo MR E11	E11	1	240	75726	0.11521259671691797	29	29	26	16	0.12133891213389121	0.46814354484699505	0.35251869502867067	14.31239627021683	-151273.7517773261	-499.7733859858403	-1.044571631824324	complete	
10806	01	ugr	2	sub-10806_ses-01_task-ugr_run-2	syngo MR E11	E11	2	240	75729	0.11314129921244476	26	26	23	13	0.1092436974789916	0.4678116931617346	0.3751256454016887	9.381414290118453	-151959.63175690867	-509.3681724413301	-0.886743586923933	complete	
10807	01	doors	1	sub-10807_ses-01_task-doors_run-1	syngo MR E11	E11	1	218	76632	0.34019786564749588	34	34	32	23	0.15668202764976957	0.5949232844639983	0.4462088145218104	15.482648839192553	-139402.81428540844	-403.26098479896405	2.5531708218936027	complete	
10807	01	sharedreward	1	sub-10807_ses-01_task-sharedreward_run-1	syngo MR E11	E11	2	255	77264	0.50478325892768749	47	47	41	28	0.1857707509881423	0.6936659516985407	0.5117259555203796	18.74661478108103	-138990.55155123578	-411.85646067563533	0.4855459842264683	complete	
10807	01	sharedreward	2	sub-10807_ses-01_task-sharedreward_run-2	syngo MR E11	E11	1	255	77248	0.39777368952869224	41	41	38	24	0.16141732283464566	0.6760018010579888	0.5151293683104381	14.13089887559236	-138351.23612238053	-408.27239521168036	-0.00591853741780338	complete	
10807	01	socialdoors	1	sub-10807_ses-01_task-socialdoors_run-1	syngo MR E11	E11	1	218	77125	0.28960576159962625	40	40	37	25	0.18433179723502305	0.6443609350139099	0.4727840982935928	18.068660676914345	-138609.46429034267	-390.83263766987403	0.6604496742885387	complete	
10807	01	trust	1	sub-10807_ses-01_task-trust_run-1	syngo MR E11	E11	2	280	77317	0.41158282832618731	53	53	48	30	0.1906474820143885	0.6968381636478929	0.4994136745971137	20.9212306895403	-138722.71652738896	-381.7061376832145	0.30480036988239534	complete	
10807	01	trust	2	sub-10807_ses-01_task-trust_run-2	syngo MR E11	E11	0	280	77061	0.4794713579409326	52	52	44	28	0.18571428571428572	0.6880253669281962	0.48447877043052984	22.47048267706053	-138431.60211811424	-367.7529477192265	1.8566684012620847	complete	
10807	01	ugr	1	sub-10807_ses-01_task-ugr_run-1	syngo MR E11	E11	2	240	77366	0.34806063596210779	37	37	34	25	0.15546218487394958	0.6603651858903229	0.5329837353832533	13.048536973570357	-138401.00576891677	-404.78996894388246	2.2281383604581566	complete	
10807	01	ugr	2	sub-10807_ses-01_task-ugr_run-2	syngo MR E11	E11	2	240	77150	0.30066396706351378	37	37	34	23	0.15546218487394958	0.580882450577125	0.4275061030283906	16.95009608274243	-139042.3052126371	-393.9384196090417	3.1535398678581577	complete	
10807	02	doors	1	sub-10807_ses-02_task-doors_run-1	syngo MR XA60	XA60	1	218	77082	0.49980776879684435	32	32	26	16	0.14746543778801843	0.7166635103745709	0.5060212143066394	19.06398783505042	-297097.2108142737	-419.5813676973872	7.60550915963401	complete	
10807	02	socialdoors	1	sub-10807_ses-02_task-socialdoors_run-1	syngo MR XA60	XA60	0	218	77260	0.57923386711377489	99	99	90	64	0.4541284403669725	0.9081643174659856	0.5473585086640321	35.63065195187019	-293797.8977101714	-362.78654708160883	5.8576017089195735	complete	
10807	02	ugr	1	sub-10807_ses-02_task-ugr_run-1	syngo MR XA60	XA60	0	240	77207	0.39468188632631757	97	97	87	56	0.4041666666666667	0.8904824258499273	0.5769472306283664	29.971296759824863	-300060.10222116037	-407.64268223962034	6.810203717205403	complete	
10807	02	ugr	2	sub-10807_ses-02_task-ugr_run-2	syngo MR XA60	XA60	0	240	77067	0.37855146650372151	30	30	27	17	0.125	0.6959724020163887	0.4776147822178293	19.725349757201762	-300604.8858155231	-460.430552900743	7.848587021706926	complete	
10809	01	doors	1	sub-10809_ses-01_task-doors_run-1	syngo MR E11	E11	2	218	83989	0.082803765643100422	25	25	21	15	0.11574074074074074	0.40474976681568325	0.30232097473086944	17.178467188059578	-147292.3662438856	-493.6753520950179	-1.9525685675806357	complete	
10809	01	sharedreward	1	sub-10809_ses-01_task-sharedreward_run-1	syngo MR E11	E11	3	255	83901	0.10688381812967743	24	24	22	16	0.09523809523809523	0.5392464863236225	0.4669834892438296	9.576955788208384	-146743.29807190166	-501.5250644015877	-2.5491080084008413	complete	
10809	01	sharedreward	2	sub-10809_ses-01_task-sharedreward_run-2	syngo MR E11	E11	2	255	83649	0.081115110111794467	26	26	23	17	0.10276679841897234	0.4427830313063621	0.3468180144783853	13.39421778595888	-147283.41914354125	-491.7322745876872	-2.391790865628853	complete	
10809	01	socialdoors	1	sub-10809_ses-01_task-socialdoors_run-1	syngo MR E11	E11	3	218	83736	0.078172096686975112	25	25	21	16	0.11627906976744186	0.3693008614967248	0.2598155025754226	18.821131092462533	-147700.592429061	-493.10988087258414	-1.3394966375049102	complete	
10809	01	trust	1	sub-10809_ses-01_task-trust_run-1	syngo MR E11	E11	1	280	83685	0.094355007765827378	31	31	26	19	0.1111111111111111	0.49248932545428087	0.3738477272221893	15.235546777045803	-147442.7681473073	-490.8900562959406	-2.3656397670982634	complete	
10809	01	trust	2	sub-10809_ses-01_task-trust_run-2	syngo MR E11	E11	2	280	83671	0.10233866589860705	30	30	27	18	0.1079136690647482	0.5659427795303921	0.47333161543762103	10.043653244691967	-147342.11166353276	-486.9149056264593	-3.230088854711943	complete	
10809	01	ugr	1	sub-10809_ses-01_task-ugr_run-1	syngo MR E11	E11	2	240	84073	0.10992095807675523	29	29	26	17	0.12184873949579832	0.6117308371374687	0.5208276108702339	8.314757086631294	-147750.399253478	-482.669387238625	-3.546383020655002	complete	
10809	01	ugr	2	sub-10809_ses-01_task-ugr_run-2	syngo MR E11	E11	2	240	83988	0.088440240272963919	28	28	25	17	0.11764705882352941	0.40899474024356275	0.2809684462213946	19.9925698558398	-147235.11379300148	-494.8221936337127	-2.2667409206515186	complete	
10809	02	doors	1	sub-10809_ses-02_task-doors_run-1	syngo MR XA60	XA60	1	218	83726	0.14256886994383972	66	66	57	41	0.30414746543778803	0.7531271573000905	0.4604674976373741	32.0482980760142	-274726.4514089967	-509.424426529341	9.360565284374315	complete	
10809	02	socialdoors	1	sub-10809_ses-02_task-socialdoors_run-1	syngo MR XA60	XA60	1	218	83560	0.13001923104629734	23	23	19	11	0.10599078341013825	0.5884861094528459	0.45124899348244313	15.582209865945583	-275031.250844905	-502.3733859406755	9.615420417145495	complete	
10809	02	ugr	1	sub-10809_ses-02_task-ugr_run-1	syngo MR XA60	XA60	0	240	83795	0.15798259224853514	78	78	70	48	0.325	0.8138107147779579	0.5228145583319556	27.48763727494235	-274162.48593679967	-462.38408494130863	7.238277207323051	complete	
10809	02	ugr	2	sub-10809_ses-02_task-ugr_run-2	syngo MR XA60	XA60	1	240	83708	0.12622259170841182	24	24	18	10	0.100418410041841	0.546121864118707	0.39951463936233017	17.32216069630995	-273875.2050193983	-502.2378334683866	9.255797841909782	complete	
10810	01	doors	1	sub-10810_ses-01_task-doors_run-1	syngo MR E11	E11	3	218	76071	0.13511413809422931	22	22	20	13	0.10232558139534884	0.4587326064494189	0.3843020353015481	12.577338228107806	-117154.5197249184	-478.6378482032185	-1.4860432891687743	complete	
10810	01	sharedreward	1	sub-10810_ses-01_task-sharedreward_run-1	syngo MR E11	E11	0	255	75629	0.14469151142275491	24	24	21	16	0.09411764705882353	0.4798674008570998	0.3987050289283055	13.467237637975275	-118794.89371575782	-474.57656789272784	-1.1406986210707388	complete	
10810	01	sharedreward	2	sub-10810_ses-01_task-sharedreward_run-2	syngo MR E11	E11	3	255	75923	0.19428236158774365	32	32	28	19	0.12698412698412698	0.6355784199205783	0.5314304521683964	9.318467635861127	-119456.42686173184	-499.2167789199572	-2.8964387371466165	complete	
10810	01	socialdoors	1	sub-10810_ses-01_task-socialdoors_run-1	syngo MR E11	E11	2	218	76059	0.16781353147909686	22	22	19	13	0.10185185185185185	0.4817763511673239	0.40301729252618146	11.769734579341424	-117703.58282633891	-480.851734262796	-1.366220430501596	complete	
10810	01	trust	1	sub-10810_ses-01_task-trust_run-1	syngo MR E11	E11	2	280	75942	0.17298081387087177	35	35	32	21	0.12589928057553956	0.5861975500983211	0.45766619928814395	14.104267908426571	-120292.3243596408	-487.7999134670892	-2.7177252892589365	complete	
10810	01	trust	2	sub-10810_ses-01_task-trust_run-2	syngo MR E11	E11	1	280	76176	0.17827675377462252	37	37	31	22	0.13261648745519714	0.6043776635666792	0.4722511253532018	12.094645968992333	-120692.22657555385	-481.07083049744483	-2.2019911793509976	complete	
10810	01	ugr	1	sub-10810_ses-01_task-ugr_run-1	syngo MR E11	E11	2	240	76017	0.14642786505868619	23	23	20	15	0.09663865546218488	0.46183578951579685	0.379864857694146	11.86594791530958	-116243.61834743465	-486.46426013134845	-1.5360710817273593	complete	
10810	01	ugr	2	sub-10810_ses-01_task-ugr_run-2	syngo MR E11	E11	3	240	76026	0.14673147638266004	21	21	20	12	0.08860759493670886	0.4275506464347375	0.35798442978607475	12.781923915983638	-116846.03116377597	-484.41968348437257	-1.5657843386377936	complete	
10810	02	doors	1	sub-10810_ses-02_task-doors_run-1	syngo MR XA60	XA60	1	218	73315	0.1227208392940833	24	24	21	13	0.11059907834101383	0.5193576111114713	0.39802108065021924	16.388922711597388	-294318.13633615384	-656.5286133792259	9.514765883131968	complete	
10810	02	socialdoors	1	sub-10810_ses-02_task-socialdoors_run-1	syngo MR XA60	XA60	1	218	75298	0.10446048046429414	41	41	37	24	0.1889400921658986	0.5950497139173723	0.39817751142960195	24.025022174124214	-289169.6318497532	-661.2916205347312	9.620411329798824	complete	
10810	02	ugr	1	sub-10810_ses-02_task-ugr_run-1	syngo MR XA60	XA60	1	240	75408	0.12461289108769792	49	49	45	32	0.20502092050209206	0.6551848745978971	0.4201723178290542	26.073126092385728	-290200.7167123846	-626.6536035322752	8.231489304413648	complete	
10810	02	ugr	2	sub-10810_ses-02_task-ugr_run-2	syngo MR XA60	XA60	1	240	75320	0.1133534750694293	24	24	20	12	0.100418410041841	0.5009417278073778	0.38224338601684776	15.797488282623913	-289523.0857163683	-659.6239115437382	9.86302195461307	complete	
10812	01	doors	1	sub-10812_ses-01_task-doors_run-1	syngo MR E11	E11	1	218	64706	0.14705445894388217	27	27	23	16	0.12442396313364056	0.6300221167496302	0.5400048039414254	9.110361533319715	-139688.17310402813	-491.48731497664426	-3.460557049512242	complete	
10812	01	sharedreward	1	sub-10812_ses-01_task-sharedreward_run-1	syngo MR E11	E11	1	255	64336	0.15823286764999261	31	31	29	21	0.1220472440944882	0.6543013189973638	0.5458241484633112	10.637132712700812	-139518.71705071276	-491.37823244298784	-3.7603695045053835	complete	
10812	01	sharedreward	2	sub-10812_ses-01_task-sharedreward_run-2	syngo MR E11	E11	1	255	64771	0.13858054125157268	29	29	25	19	0.1141732283464567	0.6036025051558589	0.5055827972765173	11.253911893695904	-138664.39893628444	-487.73150423232255	-3.8687069264705296	complete	
10812	01	trust	1	sub-10812_ses-01_task-trust_run-1	syngo MR E11	E11	2	280	64465	0.27038939717379079	52	52	45	33	0.18705035971223022	0.7953194011320224	0.6265537791483798	14.842712031341486	-138972.85623808877	-455.1667916004816	-4.302562047547946	complete	
10812	01	trust	2	sub-10812_ses-01_task-trust_run-2	syngo MR E11	E11	2	280	64473	0.20140293907516274	36	36	31	21	0.12949640287769784	0.6432633916346572	0.5249539671406996	11.585504112086994	-138231.95835369028	-485.083597007948	-3.6701296550674742	complete	
10812	01	ugr	1	sub-10812_ses-01_task-ugr_run-1	syngo MR E11	E11	1	240	64608	0.19505130940906426	32	32	30	22	0.13389121338912133	0.6649837733224732	0.5442705424107737	14.087798347237275	-139971.6136573837	-475.84024133153025	-3.526973260714246	complete	
10812	01	ugr	2	sub-10812_ses-01_task-ugr_run-2	syngo MR E11	E11	1	240	64671	0.13777540411210512	26	26	23	16	0.1087866108786611	0.5098993106610611	0.4082588836239197	14.741939153027742	-138776.13728473854	-472.4195639815797	-3.0126374907522195	complete	
10817	01	doors	1	sub-10817_ses-01_task-doors_run-1	syngo MR E11	E11	1	218	64973	0.18233991350228251	37	37	31	20	0.17050691244239632	0.6971227776431227	0.5661445523674001	10.565538855726492	-162318.13412785417	-543.2479240724242	-2.8292958605560976	complete	
10817	01	sharedreward	1	sub-10817_ses-01_task-sharedreward_run-1	syngo MR E11	E11	0	255	65415	0.19398747709466327	40	40	36	25	0.1568627450980392	0.6644458056949617	0.5145845773765837	14.506354548693265	-160078.30575689263	-514.6394325847918	-1.094684112407002	complete	
10817	01	sharedreward	2	sub-10817_ses-01_task-sharedreward_run-2	syngo MR E11	E11	2	255	65344	0.34253871388987339	60	60	52	38	0.23715415019762845	0.7872651518787422	0.564657565289597	20.736898596748233	-159803.59228584517	-500.1378173673397	-1.5071937096351773	complete	
10817	01	socialdoors	1	sub-10817_ses-01_task-socialdoors_run-1	syngo MR E11	E11	2	218	65355	0.254460627301897	46	46	42	30	0.21296296296296297	0.7076663983502366	0.49386672384044666	20.195539303634963	-161260.76872622274	-523.7685484765016	-1.8584068047730247	complete	
10817	01	trust	1	sub-10817_ses-01_task-trust_run-1	syngo MR E11	E11	3	280	65191	0.25034441177853295	52	52	45	32	0.18772563176895307	0.7891194675589073	0.6325035481203373	13.395888740301322	-162059.69126510216	-461.78092647749946	-1.212954787763268	complete	
10817	01	trust	2	sub-10817_ses-01_task-trust_run-2	syngo MR E11	E11	1	280	64577	0.240035408916557	46	46	41	28	0.16487455197132617	0.6809916639772982	0.511029049557111	15.398563346195129	-162451.01298733745	-559.6365128597781	-1.4020758594584704	complete	
10817	01	ugr	1	sub-10817_ses-01_task-ugr_run-1	syngo MR E11	E11	0	240	65095	0.21939627722396562	45	45	39	28	0.1875	0.7234992100601197	0.553044943673271	17.284610886287503	-162395.65393244612	-533.1163104935785	-2.5497070328205673	complete	
10827	01	doors	1	sub-10827_ses-01_task-doors_run-1	syngo MR E11	E11	1	218	67896	0.10023705386471697	17	17	15	11	0.07834101382488479	0.3151548714906616	0.26251243359346427	12.500906954796484	-142562.11098820742	-413.2136691012507	-0.035072572747091024	complete	
10827	01	sharedreward	1	sub-10827_ses-01_task-sharedreward_run-1	syngo MR E11	E11	2	255	67810	0.12124159963313555	23	23	20	13	0.09090909090909091	0.37597552142190305	0.28833561272484515	13.863416734941467	-142913.7158062177	-407.68912535882015	0.02256006868732175	complete	
10827	01	sharedreward	2	sub-10827_ses-01_task-sharedreward_run-2	syngo MR E11	E11	1	255	67811	0.12154266467067253	21	21	18	12	0.08267716535433071	0.31985616147367185	0.24139051449647625	15.302219597447781	-142429.06281593454	-408.8409628104187	-0.47560803909677973	complete	
10827	01	socialdoors	1	sub-10827_ses-01_task-socialdoors_run-1	syngo MR E11	E11	1	218	67854	0.10525000228327233	21	21	19	14	0.0967741935483871	0.3396593726209533	0.2522415727343079	16.829692397734323	-142959.94962688387	-413.31905567235594	0.0012929727939268016	complete	
10827	01	trust	1	sub-10827_ses-01_task-trust_run-1	syngo MR E11	E11	1	280	67931	0.11537364158709185	22	22	20	13	0.07885304659498207	0.3352528306370198	0.2577694632960002	15.054360434797312	-142680.68100694913	-409.11334180311434	-0.5992968043797477	complete	
10827	01	trust	2	sub-10827_ses-01_task-trust_run-2	syngo MR E11	E11	1	280	67711	0.12810086458970135	21	21	19	13	0.07526881720430108	0.3361486618089981	0.26559147799625704	13.544471544968122	-143072.82051663534	-410.512999974068	-0.4260472711361888	complete	
10827	01	ugr	1	sub-10827_ses-01_task-ugr_run-1	syngo MR E11	E11	1	240	67966	0.092578425643937381	20	20	18	12	0.08368200836820083	0.3677058214282925	0.29983217364087256	11.584109349034504	-142230.7340137094	-411.01057833685076	-0.11754524290407825	complete	
10827	01	ugr	2	sub-10827_ses-01_task-ugr_run-2	syngo MR E11	E11	1	240	67414	0.090575067020535943	24	24	20	14	0.100418410041841	0.42102645662338467	0.3354524491034656	11.623295480855033	-143159.34762539287	-411.4034171178712	0.2950285571828463	complete	
10831	01	doors	1	sub-10831_ses-01_task-doors_run-1	syngo MR E11	E11	1	218	69322	0.35225127009947343	50	50	42	30	0.2304147465437788	0.7487651573481534	0.552153931187464	18.44605637621287	-140982.88245288283	-448.59135968823546	-2.0107562744481906	complete	
10831	01	sharedreward	1	sub-10831_ses-01_task-sharedreward_run-1	syngo MR E11	E11	2	255	69079	0.2571484406976377	42	42	36	25	0.16600790513833993	0.6773205006878591	0.531625526790197	13.387316130096712	-140700.7467151517	-478.731772023192	-1.899625183846193	complete	
10831	01	sharedreward	2	sub-10831_ses-01_task-sharedreward_run-2	syngo MR E11	E11	0	255	69253	0.30102161845234293	49	49	45	29	0.19215686274509805	0.7343304841404561	0.565888263081927	17.279778491457762	-140415.6632053313	-451.5702530934616	-2.3277668671054355	complete	
10831	01	socialdoors	1	sub-10831_ses-01_task-socialdoors_run-1	syngo MR E11	E11	1	218	68669	0.23531819943984356	38	38	33	24	0.17511520737327188	0.6688277909427502	0.5231425412564654	14.704989656361532	-140797.65170402025	-474.7980671157697	-2.4286283483289983	complete	
10831	01	trust	1	sub-10831_ses-01_task-trust_run-1	syngo MR E11	E11	1	280	69282	0.1899237099877818	34	34	31	23	0.12186379928315412	0.6149986698024439	0.49559123253631937	11.25948191729406	-139339.67283076848	-491.47866843139616	-2.0918561283268295	complete	
10831	01	trust	2	sub-10831_ses-01_task-trust_run-2	syngo MR E11	E11	0	280	69273	0.18959296756146046	36	36	32	22	0.12857142857142856	0.5855975867525053	0.4506332696097044	13.034853329393966	-139709.38775541415	-483.00175867598557	-2.0628660802636465	complete	
10831	01	ugr	1	sub-10831_ses-01_task-ugr_run-1	syngo MR E11	E11	1	240	68929	0.25393899666018427	45	45	41	28	0.18828451882845187	0.7293876046247668	0.5794651740633422	14.925638644844017	-140941.77411205016	-445.3122971652396	-2.389118264056254	complete	
10831	01	ugr	2	sub-10831_ses-01_task-ugr_run-2	syngo MR E11	E11	0	240	68914	0.36814015953834645	57	57	48	34	0.2375	0.798981098397055	0.5975794285323647	18.18913820417834	-141148.33955465877	-427.1268230619932	-2.1539312499084504	complete	
10834	01	doors	1	sub-10834_ses-01_task-doors_run-1	syngo MR E11	E11	2	218	95190	0.070357956790438964	27	27	21	17	0.125	0.5043811481676768	0.4089576834313076	10.857484544231744	-151889.64371923057	-495.6748204192789	-2.6195192060458896	complete	
10834	01	sharedreward	1	sub-10834_ses-01_task-sharedreward_run-1	syngo MR E11	E11	3	255	95187	0.096414995112955038	32	32	30	20	0.12698412698412698	0.5286987152721023	0.4130163480886255	12.884082635930026	-151807.8261912213	-501.3075495587197	-3.048135765254065	complete	
10834	01	sharedreward	2	sub-10834_ses-01_task-sharedreward_run-2	syngo MR E11	E11	2	255	95214	0.091355978370290206	32	32	29	18	0.12648221343873517	0.4992840815734568	0.3797459266341041	13.641115581770112	-151314.3929618501	-492.11793465666153	-2.2361240827938973	complete	
10834	01	socialdoors	1	sub-10834_ses-01_task-socialdoors_run-1	syngo MR E11	E11	3	218	95191	0.083624225749341877	25	25	23	16	0.11627906976744186	0.5105248334531322	0.42381198637380385	11.353191877766193	-151692.54674927323	-492.1707335852528	-1.9968165485273999	complete	
10834	01	trust	1	sub-10834_ses-01_task-trust_run-1	syngo MR E11	E11	1	280	94665	0.11493015276801985	39	39	36	25	0.13978494623655913	0.6314152151585829	0.4971869169319544	12.885961584532836	-150668.0348889281	-456.02770063346145	-2.734812199752975	complete	
10834	01	trust	2	sub-10834_ses-01_task-trust_run-2	syngo MR E11	E11	2	280	94792	0.079037638146056827	33	33	30	19	0.11870503597122302	0.5295828458022397	0.41686117570004966	11.642538433103894	-150200.88418848516	-503.64862682581565	-3.1780014953992444	complete	
10834	01	ugr	1	sub-10834_ses-01_task-ugr_run-1	syngo MR E11	E11	3	240	95257	0.064967130438310788	30	30	27	20	0.12658227848101267	0.5356169190694008	0.4326606455101753	10.439523593817716	-152068.29772020172	-496.08914251304395	-3.1923090192083876	complete	
10834	01	ugr	2	sub-10834_ses-01_task-ugr_run-2	syngo MR E11	E11	2	240	95425	0.057674248303451102	28	28	23	18	0.11764705882352941	0.4768973702400722	0.3748110226091028	11.36177596742547	-151652.48424554247	-495.06026255287594	-2.6779737949608813	complete	
10836	01	socialdoors	1	sub-10836_ses-01_task-socialdoors_run-1	syngo MR E11	E11	0	218	72674	0.16898691996852488	28	28	25	17	0.12844036697247707	0.556460253053367	0.44654544821638115	11.846809274490047	-160567.67616876605	-472.2056890145373	-2.1100412139854634	complete	
10836	01	trust	1	sub-10836_ses-01_task-trust_run-1	syngo MR E11	E11	1	280	72480	0.17919560325507614	36	36	30	20	0.12903225806451613	0.627528554360696	0.5176234941800933	9.229717200408368	-160632.58641838236	-460.5981064828265	-2.0414671222540286	complete	
10836	01	ugr	1	sub-10836_ses-01_task-ugr_run-1	syngo MR E11	E11	3	240	72506	0.17897577055916816	37	37	31	21	0.15611814345991562	0.6561845539690251	0.5317379614270631	10.576939151678014	-161696.57843360657	-468.27390428048255	-2.6828510274895367	complete	
10838	01	doors	1	sub-10838_ses-01_task-doors_run-1	syngo MR E11	E11	1	218	70399	0.17954245297575963	35	35	32	23	0.16129032258064516	0.7084615404421644	0.5867003732079509	12.288614854614401	-151000.3025000996	-459.9336490999018	-2.2490562582971405	complete	
10838	01	sharedreward	1	sub-10838_ses-01_task-sharedreward_run-1	syngo MR E11	E11	1	255	70177	0.12458513300916808	35	35	30	21	0.1377952755905512	0.6394346070972554	0.5163673480465484	12.317363039781666	-152780.13658250152	-480.5294768459352	-2.4485090331721735	complete	
10838	01	sharedreward	2	sub-10838_ses-01_task-sharedreward_run-2	syngo MR E11	E11	1	255	69928	0.32132006871035673	65	65	58	42	0.2559055118110236	0.8249943904473666	0.5891410825945241	23.294609504461558	-153215.7729353238	-359.25765806202196	-0.7026726018982715	complete	
10838	01	socialdoors	1	sub-10838_ses-01_task-socialdoors_run-1	syngo MR E11	E11	1	218	70206	0.12458956900214964	33	33	31	22	0.15207373271889402	0.5966213656786243	0.4554036450767192	14.183703973743867	-153592.66915391383	-497.86123797982697	-2.3862641154805244	complete	
10838	01	trust	1	sub-10838_ses-01_task-trust_run-1	syngo MR E11	E11	1	280	69991	0.21576392039625883	56	56	46	32	0.2007168458781362	0.7892602111855953	0.6185106628624338	15.611581392445386	-153071.4068366862	-419.13441079557555	-1.5098618380937217	complete	
10838	01	trust	2	sub-10838_ses-01_task-trust_run-2	syngo MR E11	E11	0	280	70098	0.72268540370578693	85	85	73	58	0.30357142857142855	0.9006033764985735	0.6050684994702626	27.86343472975587	-153322.0115842629	-299.79441871141023	-0.46724224891570443	complete	
10838	01	ugr	1	sub-10838_ses-01_task-ugr_run-1	syngo MR E11	E11	1	240	70185	0.20253694053939558	42	42	34	23	0.17573221757322174	0.7462840163948319	0.6275294425307558	10.31716813827129	-152639.99478374657	-445.8007532890452	-2.0045764398801684	complete	
10838	01	ugr	2	sub-10838_ses-01_task-ugr_run-2	syngo MR E11	E11	0	240	70177	0.18074457325344656	45	45	39	27	0.1875	0.6697293617009185	0.4890339682435485	17.806088143808914	-152696.0811399733	-471.58652167845923	-2.49548935878104	complete	
10843	01	doors	1	sub-10843_ses-01_task-doors_run-1	syngo MR E11	E11	2	218	58571	0.097661979862501802	20	20	16	12	0.09259259259259259	0.3227134793535539	0.24632574619618886	15.227293009992797	-157531.90529778195	-540.0656539032171	-1.6287432423474182	complete	
10843	01	sharedreward	1	sub-10843_ses-01_task-sharedreward_run-1	syngo MR E11	E11	3	255	58796	0.11085880722600382	19	19	17	11	0.07539682539682539	0.34992880022503114	0.29053754425308886	12.390364160408023	-155426.8536147232	-544.5475546503487	-2.104447813334304	complete	
10843	01	sharedreward	2	sub-10843_ses-01_task-sharedreward_run-2	syngo MR E11	E11	2	255	58866	0.0987156768323669	21	21	17	11	0.08300395256916997	0.35930515821812914	0.28638891620723156	13.382203658886448	-154785.3226633116	-531.0025497131264	-2.104969598450637	complete	
10843	01	socialdoors	1	sub-10843_ses-01_task-socialdoors_run-1	syngo MR E11	E11	2	218	58466	0.13876931813691099	29	29	26	15	0.13425925925925927	0.5937204905438994	0.48991590380352557	11.432601600686633	-157595.92785244828	-512.0687452503633	-2.0000698170911355	complete	
10843	01	trust	1	sub-10843_ses-01_task-trust_run-1	syngo MR E11	E11	2	280	58847	0.12061586323147368	21	21	19	13	0.07553956834532374	0.4182559679509251	0.35028132287740105	10.520681672085997	-155116.90774765116	-534.2320189787279	-2.5097000539242313	complete	
10843	01	trust	2	sub-10843_ses-01_task-trust_run-2	syngo MR E11	E11	3	280	58827	0.12940009305562589	21	21	19	13	0.07581227436823104	0.45023608340553173	0.38445835539484524	9.55039984596415	-154579.79571124946	-535.6313434176739	-2.3322908586788453	complete	
10843	01	ugr	1	sub-10843_ses-01_task-ugr_run-1	syngo MR E11	E11	1	240	58355	0.16565512875817245	31	31	27	17	0.1297071129707113	0.5734766804433267	0.4496617558801205	14.058050440839638	-158510.52397527764	-508.4467034357822	-1.920782758846508	complete	
10843	01	ugr	2	sub-10843_ses-01_task-ugr_run-2	syngo MR E11	E11	1	240	58663	0.10928628181772181	23	23	20	13	0.09623430962343096	0.5261897133354724	0.4546893099861161	8.925138064622821	-157767.67548762384	-509.84558275530475	-1.6204422622679544	complete	
10850	01	doors	1	sub-10850_ses-01_task-doors_run-1	syngo MR E11	E11	2	218	80835	0.079128728837736889	26	26	24	18	0.12037037037037036	0.4483704719794295	0.3351249518165244	14.331082207900453	-169718.18563168653	-584.0770679710754	0.02356566274547888	complete	
10850	01	sharedreward	1	sub-10850_ses-01_task-sharedreward_run-1	syngo MR E11	E11	2	255	81349	0.074052033371699619	24	24	21	15	0.09486166007905138	0.38404741139281307	0.2888889562023251	15.719742967812664	-168998.60850696766	-584.6020260361448	0.5756322496278714	complete	
10850	01	sharedreward	2	sub-10850_ses-01_task-sharedreward_run-2	syngo MR E11	E11	2	255	81001	0.090487365842229689	27	27	25	18	0.1067193675889328	0.4750104613640657	0.3697209389914148	12.340503328941091	-169810.20349888457	-578.2631980531712	-0.15346912147851177	complete	
10850	01	socialdoors	1	sub-10850_ses-01_task-socialdoors_run-1	syngo MR E11	E11	2	218	81043	0.086211657451798929	23	23	22	15	0.10648148148148148	0.4436956062417807	0.35642078030372204	11.24888226010556	-169797.569764397	-577.9646982090272	0.346837675977863	complete	
10850	01	trust	1	sub-10850_ses-01_task-trust_run-1	syngo MR E11	E11	2	280	81467	0.09059281373813774	29	29	26	18	0.10431654676258993	0.4767492417936823	0.3663872651682755	14.892149781827932	-168838.96244361435	-566.2538830673416	1.436457472810235	complete	
10850	01	trust	2	sub-10850_ses-01_task-trust_run-2	syngo MR E11	E11	1	280	81199	0.076999129962067273	27	27	25	17	0.0967741935483871	0.3924593660188138	0.2867622895165788	17.288034515737923	-169180.72828197968	-584.7928094784136	1.0021015731732363	complete	
10850	01	ugr	1	sub-10850_ses-01_task-ugr_run-1	syngo MR E11	E11	2	240	80825	0.076806284084452267	25	25	23	17	0.10504201680672269	0.384878676171236	0.26920625555700095	18.451754316709508	-169566.5682636718	-582.1087370368697	0.5273224772389916	complete	
10850	01	ugr	2	sub-10850_ses-01_task-ugr_run-2	syngo MR E11	E11	2	240	80981	0.082968987631264882	28	28	25	19	0.11764705882352941	0.4245336157855414	0.301625276278032	18.179955171221764	-169156.5015890991	-573.4523183846364	0.5340599944156167	complete	
10854	01	doors	1	sub-10854_ses-01_task-doors_run-1	syngo MR E11	E11	2	218	64939	0.14560837546891936	20	20	17	13	0.09259259259259259	0.3994323084335653	0.32936527329528653	10.59795047483705	-135318.92582902653	-373.8863370230135	0.8137640349223791	complete	
10854	01	sharedreward	1	sub-10854_ses-01_task-sharedreward_run-1	syngo MR E11	E11	1	255	64838	0.1256815936340695	23	23	19	15	0.09055118110236221	0.49705205276978914	0.4267022859286017	9.482081927721772	-135658.45645619958	-384.4602126320543	0.5638225216767077	complete	
10854	01	sharedreward	2	sub-10854_ses-01_task-sharedreward_run-2	syngo MR E11	E11	3	255	64852	0.131226325207803	18	18	15	12	0.07142857142857142	0.36573267627551553	0.3134200316952694	11.035437800544795	-136046.93215446605	-370.2908887056211	0.9151376243510583	complete	
10854	01	socialdoors	1	sub-10854_ses-01_task-socialdoors_run-1	syngo MR E11	E11	2	218	64904	0.15036912058590624	21	21	18	13	0.09722222222222222	0.5214519393840586	0.4586983277741908	6.200960752325396	-135802.4125096413	-391.7617468887713	0.7739385987413119	complete	
10854	01	trust	1	sub-10854_ses-01_task-trust_run-1	syngo MR E11	E11	2	280	64830	0.099031263598336	19	19	17	13	0.0683453237410072	0.36676106221441596	0.3085861595047944	11.021362076100914	-136674.04380481684	-381.61680268714554	0.29386525393467555	complete	
10854	01	trust	2	sub-10854_ses-01_task-trust_run-2	syngo MR E11	E11	3	280	64892	0.11381694920174408	18	18	16	12	0.06498194945848375	0.39808930009691196	0.3511704464092239	7.83095012243208	-136456.5231903905	-379.1729343779089	0.9085085088531234	complete	
10854	01	ugr	1	sub-10854_ses-01_task-ugr_run-1	syngo MR E11	E11	2	240	64860	0.11567241228228754	18	18	16	12	0.07563025210084033	0.34697822246638876	0.2907192108453285	12.03168574948765	-135346.81091940159	-368.81688340359636	0.860999766353842	complete	
10854	01	ugr	2	sub-10854_ses-01_task-ugr_run-2	syngo MR E11	E11	3	240	64337	0.13952445858252677	20	20	17	14	0.08438818565400844	0.34974276199443594	0.2758324844192211	14.256727733988848	-136265.1659177051	-365.4402043077006	0.8785865487928586	complete	
10857	01	doors	1	sub-10857_ses-01_task-doors_run-1	syngo MR E11	E11	2	218	83783	0.16389073449780298	40	40	35	24	0.18518518518518517	0.6438186451407036	0.4870671558848127	13.665019469792856	-155077.15224687516	-460.9523465302105	-1.7269949086391518	complete	
10857	01	sharedreward	1	sub-10857_ses-01_task-sharedreward_run-1	syngo MR E11	E11	1	255	83717	0.14505463801690996	40	40	36	26	0.15748031496062992	0.6050438116223955	0.4369217095255848	17.305862681674295	-154926.7679376409	-448.3706303901267	-1.557295328537893	complete	
10857	01	sharedreward	2	sub-10857_ses-01_task-sharedreward_run-2	syngo MR E11	E11	2	255	83762	0.20680508348379689	45	45	42	30	0.17786561264822134	0.6453056116545839	0.46589808863477017	16.99187249937179	-154653.50649149754	-443.5605552868381	-1.1485568979748322	complete	
10857	01	socialdoors	1	sub-10857_ses-01_task-socialdoors_run-1	syngo MR E11	E11	2	218	83435	0.15498767855380868	38	38	34	23	0.17592592592592593	0.6141249686477087	0.45765729601565813	15.14330637163815	-155978.72991054523	-468.6028778384942	-1.1721203144419474	complete	
10857	01	trust	1	sub-10857_ses-01_task-trust_run-1	syngo MR E11	E11	1	280	83624	0.22305541639242454	50	50	43	30	0.17921146953405018	0.6841889298606442	0.5065641930424861	18.928853327879068	-154332.02235610315	-444.6360196320335	-1.7581147044863832	complete	
10857	01	trust	2	sub-10857_ses-01_task-trust_run-2	syngo MR E11	E11	4	280	83466	0.48739375395641266	81	81	70	46	0.29347826086956524	0.8044602140672664	0.5281140693048055	28.105248572222596	-155810.22308715325	-398.4689470023646	-1.470390649206221	complete	
10857	01	ugr	1	sub-10857_ses-01_task-ugr_run-1	syngo MR E11	E11	1	240	84022	0.13908257402341986	38	38	34	23	0.1589958158995816	0.5820468950658575	0.4286167900823844	15.405147806155307	-155208.83765787043	-445.88867717451603	-1.076129010823289	complete	
10857	01	ugr	2	sub-10857_ses-01_task-ugr_run-2	syngo MR E11	E11	1	240	83582	0.16171081746075122	40	40	36	26	0.16736401673640167	0.5984095767505583	0.42687110147695123	18.879174172581077	-154659.86204453086	-454.4050601204472	-1.5292271673945037	complete	
10858	01	doors	1	sub-10858_ses-01_task-doors_run-1	syngo MR E11	E11	2	218	84768	0.39024663212908578	52	52	48	32	0.24074074074074073	0.7662823435764887	0.575486009192222	17.79466834564861	-130980.99055799287	-443.3729078207925	-1.5567048508179215	complete	
10858	01	sharedreward	1	sub-10858_ses-01_task-sharedreward_run-1	syngo MR E11	E11	2	255	84975	0.2219096126582874	40	40	35	24	0.15810276679841898	0.7539236802514897	0.6531928884360478	10.372767296602122	-130964.83873372739	-492.6991808511436	-4.858393379478821	complete	
10858	01	sharedreward	2	sub-10858_ses-01_task-sharedreward_run-2	syngo MR E11	E11	2	255	84676	0.22404510844231509	31	31	26	19	0.1225296442687747	0.6881766368819621	0.6018961380539397	8.9172437753392	-131162.85282381607	-471.32358815950244	-2.8570679119696387	complete	
10858	01	socialdoors	1	sub-10858_ses-01_task-socialdoors_run-1	syngo MR E11	E11	2	218	84918	0.26108995673175034	37	37	32	21	0.1712962962962963	0.687347848919805	0.5606585804319407	12.705678303535876	-130636.80144499186	-480.15726923250116	-2.9003292944413794	complete	
10858	01	trust	1	sub-10858_ses-01_task-trust_run-1	syngo MR E11	E11	2	280	85411	0.25557630460132735	43	43	37	24	0.15467625899280577	0.7419044984440637	0.625481611456469	11.364339919089343	-131138.2146693273	-475.03128512734645	-4.469750951861187	complete	
10858	01	trust	2	sub-10858_ses-01_task-trust_run-2	syngo MR E11	E11	1	280	84974	0.20750087173199433	31	31	27	20	0.1111111111111111	0.5858412342043053	0.4795630542988492	12.758675777717828	-131308.21074935998	-480.9668642510227	-2.486043984012646	complete	
10858	01	ugr	1	sub-10858_ses-01_task-ugr_run-1	syngo MR E11	E11	2	240	85831	0.24920446966769438	36	36	31	22	0.15126050420168066	0.6785677365512761	0.558951821912508	13.051597889176827	-142399.78240684865	-497.33238424340124	-3.2462111478713878	complete	
10858	01	ugr	2	sub-10858_ses-01_task-ugr_run-2	syngo MR E11	E11	2	240	86096	0.18189962167779258	29	29	27	21	0.12184873949579832	0.6609136053150545	0.5700623609102634	9.340432790095834	-141498.84034494637	-488.1489208884861	-3.4111654904612867	complete	
10860	01	doors	1	sub-10860_ses-01_task-doors_run-1	syngo MR E11	E11	3	218	86746	0.11488207339082353	22	22	20	14	0.10232558139534884	0.4049655437616733	0.32744966239966167	10.345137333209054	-143114.723557655	-432.5314929766498	-0.06534686367237252	complete	
10860	01	sharedreward	1	sub-10860_ses-01_task-sharedreward_run-1	syngo MR E11	E11	1	255	86374	0.085348907870486879	23	23	20	12	0.09055118110236221	0.29604962536876744	0.21297000460974844	17.303960948200643	-143292.69958154968	-440.16903393071766	0.3824380585525936	complete	
10860	01	sharedreward	2	sub-10860_ses-01_task-sharedreward_run-2	syngo MR E11	E11	1	255	86233	0.21836597027143245	40	40	36	25	0.15748031496062992	0.6511860768405557	0.5026778261639372	16.05814693936791	-139674.71042064187	-391.5547728365168	-0.17885734211410034	complete	
10860	01	socialdoors	1	sub-10860_ses-01_task-socialdoors_run-1	syngo MR E11	E11	2	218	86701	0.096891582712207935	20	20	18	12	0.09259259259259259	0.3046797711498564	0.23205838316641408	14.313279266342004	-143078.1654544653	-432.5309025625441	0.25390177383656376	complete	
10860	01	trust	1	sub-10860_ses-01_task-trust_run-1	syngo MR E11	E11	1	280	86645	0.12310293766021366	28	28	24	14	0.1003584229390681	0.5046216348999778	0.42205024223006316	8.518960909209085	-142820.4999357618	-420.57623473439645	0.6449121580076144	complete	
10860	01	trust	2	sub-10860_ses-01_task-trust_run-2	syngo MR E11	E11	2	280	86626	0.12333410440230864	30	30	26	16	0.1079136690647482	0.5586375386377019	0.47585554816229375	8.054589841786468	-141742.0683248761	-429.2872110189628	-0.04911160047297472	complete	
10860	01	ugr	1	sub-10860_ses-01_task-ugr_run-1	syngo MR E11	E11	1	240	87030	0.10291095667409333	26	26	22	16	0.1087866108786611	0.5362669875920143	0.4621088765024192	6.7029735811840565	-143455.47900820314	-427.9391295359931	0.0911715737218726	complete	
10860	01	ugr	2	sub-10860_ses-01_task-ugr_run-2	syngo MR E11	E11	1	240	86881	0.10428590845402516	24	24	22	15	0.100418410041841	0.43776142272806606	0.3532175399134183	10.726516985898392	-142981.05905978475	-430.61730752757995	0.29217441519088444	complete	
10862	01	doors	1	sub-10862_ses-01_task-doors_run-1	syngo MR E11	E11	3	218	77844	0.15191048095973467	23	23	21	15	0.10697674418604651	0.5921705647087212	0.531027753134121	7.929049512127422	-135530.42524939898	-452.58501485705574	-2.797427443992661	complete	
10862	01	sharedreward	1	sub-10862_ses-01_task-sharedreward_run-1	syngo MR E11	E11	2	255	77714	0.14178968148591731	22	22	20	14	0.08695652173913043	0.5279679324986508	0.47081035902977586	8.765773147867398	-136121.01345168226	-443.08586611442104	-2.592703800024777	complete	
10862	01	sharedreward	2	sub-10862_ses-01_task-sharedreward_run-2	syngo MR E11	E11	3	255	77882	0.16587230980605308	26	26	22	17	0.10317460317460317	0.6456088628991825	0.5794878125088154	8.568211325617986	-135821.40160478812	-447.7681489983355	-3.5890529846974335	complete	
10862	01	socialdoors	1	sub-10862_ses-01_task-socialdoors_run-1	syngo MR E11	E11	2	218	77815	0.14283851415286838	22	22	21	16	0.10185185185185185	0.5684855185848838	0.501156640317835	8.356431909772583	-135909.0903534947	-449.49874990432295	-3.2873160093998486	complete	
10862	01	trust	1	sub-10862_ses-01_task-trust_run-1	syngo MR E11	E11	4	280	78116	0.155605467180154	25	25	21	15	0.09057971014492754	0.6174761032899786	0.5575720061165172	6.481526624740402	-136229.18991369352	-450.992632902188	-4.734731432909975	complete	
10862	01	trust	2	sub-10862_ses-01_task-trust_run-2	syngo MR E11	E11	3	280	77996	0.15627915060916547	25	25	22	15	0.09025270758122744	0.6306714078238417	0.5744935842145474	6.413984271777124	-135885.24402003436	-449.1313593272771	-3.845447984130337	complete	
10862	01	ugr	1	sub-10862_ses-01_task-ugr_run-1	syngo MR E11	E11	3	240	78096	0.16122336264536297	24	24	21	15	0.10126582278481013	0.5625328021483864	0.4935018006940843	9.445980677674056	-135505.5364197489	-445.6440915355509	-2.769670221338703	complete	
10862	01	ugr	2	sub-10862_ses-01_task-ugr_run-2	syngo MR E11	E11	3	240	78084	0.1654149019794966	28	28	25	20	0.11814345991561181	0.6655738201923916	0.5862169865516157	8.593529868434022	-135639.7200740356	-447.78533882374506	-2.8448963271524823	complete	
10862	02	doors	1	sub-10862_ses-02_task-doors_run-1	syngo MR XA60	XA60	1	218	75831	0.18400001135352401	57	57	48	33	0.2626728110599078	0.7337515207819298	0.5064109765263887	23.048993165866978	-295487.7580215143	-608.8751439027917	3.617547518652402	complete	
10862	02	socialdoors	1	sub-10862_ses-02_task-socialdoors_run-1	syngo MR XA60	XA60	1	218	77059	0.19625285583281432	67	67	57	38	0.3087557603686636	0.7692898197448405	0.4810584188870294	29.912941846348353	-292184.265969288	-563.5193937836247	3.9527777308742142	complete	
10862	02	ugr	1	sub-10862_ses-02_task-ugr_run-1	syngo MR XA60	XA60	1	240	77103	0.14266562393214191	47	47	43	30	0.19665271966527198	0.7255011541439342	0.5440961496209219	18.195681776999876	-292951.35820729804	-624.672831706307	2.233873661978541	complete	
10862	02	ugr	2	sub-10862_ses-02_task-ugr_run-2	syngo MR XA60	XA60	1	240	77133	0.13957256138902693	52	52	47	32	0.2175732217573222	0.6927883869820207	0.47838968135940496	23.16706227864986	-292347.801108116	-624.4150826389789	4.634630948036626	complete	
10863	01	doors	1	sub-10863_ses-01_task-doors_run-1	syngo MR E11	E11	1	218	77302	0.10938008893415348	24	24	21	15	0.11059907834101383	0.5661959035954461	0.49117807850530415	7.246527098878075	-164360.5762678821	-532.5105578737586	-1.646259915933719	complete	
10863	01	sharedreward	1	sub-10863_ses-01_task-sharedreward_run-1	syngo MR E11	E11	1	255	77469	0.11523910303398972	25	25	22	14	0.0984251968503937	0.5908050278444528	0.5295678119502903	6.569703385848823	-164740.57670305995	-535.389567326553	-1.7406594104345412	complete	
10863	01	sharedreward	2	sub-10863_ses-01_task-sharedreward_run-2	syngo MR E11	E11	2	255	77175	0.14970160304373903	28	28	26	18	0.11067193675889328	0.5670755939518988	0.47067219530430254	10.251318194439765	-165095.33379851785	-532.6253634265939	-1.0607551983108479	complete	
10863	01	socialdoors	1	sub-10863_ses-01_task-socialdoors_run-1	syngo MR E11	E11	1	218	77329	0.1106109825038661	23	23	21	13	0.10599078341013825	0.5150744210896643	0.4454610204651324	7.67608564029107	-164289.70774948352	-546.0529851886507	-1.9749808144965506	complete	
10863	01	trust	1	sub-10863_ses-01_task-trust_run-1	syngo MR E11	E11	0	280	77425	0.11557269328133382	28	28	25	16	0.1	0.5302713094983705	0.4426750253364389	9.2517516480589	-165876.31565895205	-545.8607136611671	-1.7586695383085154	complete	
10863	01	trust	2	sub-10863_ses-01_task-trust_run-2	syngo MR E11	E11	1	280	77121	0.097053230084217734	26	26	22	15	0.0931899641577061	0.48441905003381885	0.4060570857105383	9.200587395262781	-165809.6908173319	-557.5941541081227	-2.0062634292306325	complete	
10863	01	ugr	1	sub-10863_ses-01_task-ugr_run-1	syngo MR E11	E11	1	240	77320	0.1238152450503857	25	25	23	18	0.10460251046025104	0.5681234011226157	0.489795047640245	7.276819838945922	-164029.27227647236	-541.7645269806238	-1.6910882842703463	complete	
10863	01	ugr	2	sub-10863_ses-01_task-ugr_run-2	syngo MR E11	E11	0	240	77426	0.10922335082363903	27	27	23	17	0.1125	0.5710071313421756	0.48538414832455684	8.828288900839134	-163708.54372739338	-537.5852097622485	-1.7965769537789773	complete	
10866	01	doors	1	sub-10866_ses-01_task-doors_run-1	syngo MR E11	E11	2	218	78219	0.22947314203240521	31	31	28	21	0.14351851851851852	0.6173895924357315	0.4920193120013172	13.264752239707747	-137826.23516197252	-475.2015865360531	-3.233430619799133	complete	
10866	01	sharedreward	1	sub-10866_ses-01_task-sharedreward_run-1	syngo MR E11	E11	1	255	78443	0.19561683561084248	31	31	27	20	0.1220472440944882	0.6094059571198701	0.4927919248316471	12.21491889322136	-138557.3974385	-489.5193410155276	-4.495386669393572	complete	
10866	01	sharedreward	2	sub-10866_ses-01_task-sharedreward_run-2	syngo MR E11	E11	2	255	78326	0.20061161268551964	34	34	30	21	0.13438735177865613	0.6329399942620021	0.5097305202689839	13.428150269885666	-137899.89316057487	-477.53280836999534	-3.74774564451614	complete	
10866	01	socialdoors	1	sub-10866_ses-01_task-socialdoors_run-1	syngo MR E11	E11	1	218	78143	0.21676170872079292	33	33	30	21	0.15207373271889402	0.6938455465144123	0.5906328419014649	8.613645274182087	-138686.11509256775	-497.17811828345947	-4.805048568133847	complete	
10866	01	trust	1	sub-10866_ses-01_task-trust_run-1	syngo MR E11	E11	2	280	78323	0.18032529650285756	35	35	31	21	0.12589928057553956	0.6830164737249315	0.5810735580573251	9.410053742851778	-139179.36766733878	-537.2280320033966	-6.069583407702668	complete	
10866	01	trust	2	sub-10866_ses-01_task-trust_run-2	syngo MR E11	E11	2	280	78163	0.17148611653791465	29	29	26	21	0.10431654676258993	0.5802001853890179	0.47564659313883706	12.157926831632057	-138812.35861973505	-491.2688096811451	-4.298066102475214	complete	
10866	01	ugr	1	sub-10866_ses-01_task-ugr_run-1	syngo MR E11	E11	2	240	78419	0.3004362038951664	47	47	41	26	0.19747899159663865	0.7589756416753477	0.6062548657715251	12.214365590707981	-138209.24504106765	-498.20558202667723	-5.06422188581058	complete	
10866	01	ugr	2	sub-10866_ses-01_task-ugr_run-2	syngo MR E11	E11	2	240	78557	0.26817984543971135	42	42	36	23	0.17647058823529413	0.7312910165342146	0.6048429574818738	10.10876002334007	-137474.46548375973	-496.18341281782153	-4.5340116483456185	complete	
10866	02	doors	1	sub-10866_ses-02_task-doors_run-1	syngo MR XA60	XA60	0	218	78542	0.22188943949695139	23	23	19	12	0.10550458715596331	0.6124264054347102	0.48454965550003	14.894951426525106	-289289.1996373333	-506.56827706409484	13.638649170429199	complete	
10866	02	socialdoors	1	sub-10866_ses-02_task-socialdoors_run-1	syngo MR XA60	XA60	0	218	78492	0.2099930353385287	68	68	62	43	0.3119266055045872	0.8010712288500297	0.5282119048902585	27.93959819581157	-290419.00116415165	-505.91194670335204	11.952259187604621	complete	
10866	02	ugr	1	sub-10866_ses-02_task-ugr_run-1	syngo MR XA60	XA60	1	240	78598	0.27714753694504396	102	102	91	63	0.42677824267782427	0.8832245044747572	0.5307825300595519	35.493359102684394	-291832.57864427625	-426.2578894642043	8.411623437491986	complete	
10866	02	ugr	2	sub-10866_ses-02_task-ugr_run-2	syngo MR XA60	XA60	0	240	78380	0.25763946962963097	27	27	21	13	0.1125	0.6575078225653529	0.5090193303062134	15.864240752390591	-291032.9927521304	-477.3347842340027	11.972585556353861	complete	
10875	01	doors	1	sub-10875_ses-01_task-doors_run-1	syngo MR E11	E11	2	218	77297	0.14012174523862156	23	23	22	15	0.10648148148148148	0.48176313596961534	0.3972437733125511	9.876287819930248	-151167.96361803764	-471.9875881781509	-1.0926374997930675	complete	
10875	01	sharedreward	1	sub-10875_ses-01_task-sharedreward_run-1	syngo MR E11	E11	2	255	78757	0.14933638428109544	27	27	24	15	0.1067193675889328	0.6721684433079501	0.6132828976404097	5.147046136283712	-150706.7111770683	-458.6586068089929	-2.149379892992364	complete	
10875	01	sharedreward	2	sub-10875_ses-01_task-sharedreward_run-2	syngo MR E11	E11	2	255	78518	0.12837805902386634	25	25	24	16	0.09881422924901186	0.5386387602700713	0.4625189232781959	7.121695306608497	-150523.4028067596	-460.30817900380697	-1.3702891098728087	complete	
10875	01	socialdoors	1	sub-10875_ses-01_task-socialdoors_run-1	syngo MR E11	E11	2	218	76942	0.13954347652315086	27	27	24	17	0.125	0.5293205031164314	0.42733330994560564	10.38163847120895	-152215.6346999681	-463.1069325908031	-1.3563122655775404	complete	
10875	01	trust	1	sub-10875_ses-01_task-trust_run-1	syngo MR E11	E11	1	280	80118	0.13666919556460855	28	28	24	17	0.1003584229390681	0.5324485657173913	0.4475937213468224	8.555108220663291	-149611.75605771918	-478.60096926574266	-1.0739277689506919	complete	
10875	01	trust	2	sub-10875_ses-01_task-trust_run-2	syngo MR E11	E11	4	280	79341	0.13586501944905063	27	27	23	17	0.09782608695652174	0.4177455205827223	0.31543776928937634	13.481350924584254	-150617.3565657237	-483.34293041698896	-0.45266561868079275	complete	
10875	01	ugr	1	sub-10875_ses-01_task-ugr_run-1	syngo MR E11	E11	2	240	76007	0.12636272202497711	25	25	23	16	0.10504201680672269	0.42666763799287744	0.3268300389038955	13.48484538676329	-151992.2303326012	-475.2754642140625	-0.9699169760034412	complete	
10875	01	ugr	2	sub-10875_ses-01_task-ugr_run-2	syngo MR E11	E11	1	240	75934	0.14127476379104442	27	27	23	17	0.11297071129707113	0.6111442193015878	0.534950327940028	6.467491020558939	-151501.60595473714	-457.92542889929643	-2.0291531005862615	complete	
10881	01	doors	1	sub-10881_ses-01_task-doors_run-1	syngo MR E11	E11	2	218	70057	0.61707895793651568	83	83	72	51	0.38425925925925924	0.8572749157845769	0.5132770334233653	34.666193170317534	-123607.34026900475	-398.92188038503264	-1.8016035225580243	complete	
10881	01	sharedreward	1	sub-10881_ses-01_task-sharedreward_run-1	syngo MR E11	E11	2	255	70065	0.5756371054965671	74	74	65	44	0.2924901185770751	0.8065731977079711	0.5147175487695538	29.73296804776309	-123460.29394233016	-431.62522642159655	-1.5958126002616584	complete	
10881	01	socialdoors	1	sub-10881_ses-01_task-socialdoors_run-1	syngo MR E11	E11	2	218	70056	0.36175690467774096	56	56	46	32	0.25925925925925924	0.7469785139409373	0.5181276603823508	22.822656931024152	-123909.23097862523	-449.2461614632739	-1.3886902942738641	complete	
10881	01	trust	1	sub-10881_ses-01_task-trust_run-1	syngo MR E11	E11	2	280	71112	0.641298711526881	90	90	78	53	0.3237410071942446	0.8408843206180608	0.5198906699975103	32.90933811309357	-121053.98472605817	-412.915160851038	-1.7810283976537813	complete	
10881	01	ugr	1	sub-10881_ses-01_task-ugr_run-1	syngo MR E11	E11	1	240	70160	0.55820926061725262	73	73	65	45	0.3054393305439331	0.8389637876903889	0.5748573873882762	25.707093090794533	-124057.9782759233	-420.3363599660855	-2.018059897496796	complete	
10881	02	doors	1	sub-10881_ses-02_task-doors_run-1	syngo MR XA60	XA60	1	218	51179	0.14753435880164903	38	38	33	23	0.17511520737327188	0.6568894861044322	0.47961606892722675	19.50275933394029	-295816.24386687996	-521.8627237528642	10.170566746582942	complete	
10881	02	socialdoors	1	sub-10881_ses-02_task-socialdoors_run-1	syngo MR XA60	XA60	0	218	57742	0.15808278396982187	35	35	30	20	0.16055045871559634	0.7073931481384014	0.544359281587891	16.957467714306294	-281698.46708006336	-443.5647908575541	10.241799952433581	complete	
10881	02	ugr	1	sub-10881_ses-02_task-ugr_run-1	syngo MR XA60	XA60	1	240	28089	0.19294178619744354	48	48	41	28	0.200836820083682	0.7750311563423293	0.5940711232162338	15.31835890356789	-376563.11000847083	-503.5278597099558	4.157100640325184	complete	
10886	01	doors	1	sub-10886_ses-01_task-doors_run-1	syngo MR E11	E11	2	218	77348	0.3554584041118537	40	40	34	25	0.18518518518518517	0.7482856738765178	0.6283634177110483	12.344270101646456	-131228.647022323	-448.0019997516399	1.3724964050039785	complete	
10886	01	sharedreward	1	sub-10886_ses-01_task-sharedreward_run-1	syngo MR E11	E11	1	255	77331	0.47609078952902684	67	67	60	42	0.2637795275590551	0.8089746243573946	0.5935593089218005	22.11441140959794	-130720.63165570293	-405.80998476125785	-1.0472588786011612	complete	
10886	01	socialdoors	1	sub-10886_ses-01_task-socialdoors_run-1	syngo MR E11	E11	1	218	77256	0.44904122125338952	50	50	43	32	0.2304147465437788	0.7631002288570808	0.5920779478431464	17.7112370791929	-131245.9450887665	-422.6081856714878	0.502022137450315	complete	
10886	01	trust	1	sub-10886_ses-01_task-trust_run-1	syngo MR E11	E11	2	280	76589	0.56811211816731011	80	80	73	54	0.28776978417266186	0.8516794945224739	0.5796791958277648	23.60748975249112	-127039.03871092951	-372.91992779344594	-0.4020372186820823	complete	
10886	01	ugr	1	sub-10886_ses-01_task-ugr_run-1	syngo MR E11	E11	2	240	76978	0.25449540993671527	32	32	28	19	0.13445378151260504	0.5984008981971467	0.49243019714876135	13.88047615646024	-132344.3087489622	-450.7312195059762	1.9669001416687735	complete	
10886	01	ugr	2	sub-10886_ses-01_task-ugr_run-2	syngo MR E11	E11	2	240	76941	0.27390423126218733	34	34	31	20	0.14285714285714285	0.6770943225261441	0.5734532774148564	12.614974140001905	-131924.71891880524	-435.38920861600184	1.6227529069410436	complete	
10886	02	doors	1	sub-10886_ses-02_task-doors_run-1	syngo MR XA60	XA60	1	218	75530	0.29434608934382317	92	92	81	60	0.423963133640553	0.8671894252461115	0.48912874006439216	39.082877364215136	-295223.513151115	-492.0958802072808	2.72184041761071	complete	
10886	02	socialdoors	1	sub-10886_ses-02_task-socialdoors_run-1	syngo MR XA60	XA60	0	218	75254	0.22962420720978358	86	86	76	53	0.3944954128440367	0.8815439044171937	0.5776440488078638	28.565517495792733	-298363.3375821262	-460.1692209233571	4.7170404600974765	complete	
10886	02	ugr	1	sub-10886_ses-02_task-ugr_run-1	syngo MR XA60	XA60	1	240	75642	0.16940001542496541	19	19	17	11	0.0794979079497908	0.5386234096046204	0.4340660301145192	14.374098816179286	-296733.05649821187	-603.0670581085233	5.730874646432926	complete	
10886	02	ugr	2	sub-10886_ses-02_task-ugr_run-2	syngo MR XA60	XA60	1	240	73940	0.21359585767077532	26	26	20	13	0.1087866108786611	0.6169150766450991	0.452784512005026	17.608978835963153	-300465.8135707271	-555.6859510961457	3.893168128701103	complete	
10887	01	doors	1	sub-10887_ses-01_task-doors_run-1	syngo MR E11	E11	3	218	70103	0.1046972044213476	31	31	26	17	0.14418604651162792	0.5981528630875903	0.4852147694177453	11.897163967320726	-190679.69409432422	-659.6045456869291	-2.772817773871396	complete	
10887	01	sharedreward	1	sub-10887_ses-01_task-sharedreward_run-1	syngo MR E11	E11	3	255	70118	0.21021164887756383	48	48	41	27	0.19047619047619047	0.7877424773292667	0.6502186430217017	13.190784726552787	-195375.3826393021	-549.9632536561414	-2.2501475031789933	complete	
10887	01	sharedreward	2	sub-10887_ses-01_task-sharedreward_run-2	syngo MR E11	E11	0	255	70148	0.33899566772448314	64	64	55	38	0.25098039215686274	0.831208483563018	0.6201311756584179	20.908993574778375	-192436.4457981802	-514.5671749325052	-2.01423622513734	complete	
10887	01	socialdoors	1	sub-10887_ses-01_task-socialdoors_run-1	syngo MR E11	E11	3	218	70158	0.17596336038541205	41	41	36	22	0.19069767441860466	0.7016953800546004	0.5568056079358495	14.103541660155406	-190405.22795969647	-604.8119540891773	-2.883623421667775	complete	
10887	01	trust	1	sub-10887_ses-01_task-trust_run-1	syngo MR E11	E11	1	280	69360	0.17479460230656368	44	44	39	25	0.15770609318996415	0.7577911526203096	0.640080942412439	11.629389193766942	-196838.55743557733	-562.7466238556524	-2.682990589744623	complete	
10887	01	trust	2	sub-10887_ses-01_task-trust_run-2	syngo MR E11	E11	1	280	69581	0.47341997334130703	81	81	70	52	0.2903225806451613	0.859414538920136	0.6006903560244904	25.151825047444714	-191668.62037641305	-468.623697837389	-1.5686195652047326	complete	
10887	01	ugr	1	sub-10887_ses-01_task-ugr_run-1	syngo MR E11	E11	4	240	70336	0.0823970612718017	23	23	19	13	0.09745762711864407	0.4026220692135264	0.321046132450599	13.204318986895347	-190729.098786485	-711.5355517094932	-2.016099183978643	complete	
10887	01	ugr	2	sub-10887_ses-01_task-ugr_run-2	syngo MR E11	E11	3	240	70329	0.076568742910777074	23	23	21	15	0.0970464135021097	0.46671538526093637	0.38805897290045666	9.343165716339959	-189980.34711103234	-692.3575962521901	-2.465703465964763	complete	
10896	01	doors	1	sub-10896_ses-01_task-doors_run-1	syngo MR E11	E11	2	218	74931	0.12345212050398797	26	26	24	19	0.12037037037037036	0.517051760186337	0.4207971720697984	9.801853528746648	-136297.45468703832	-494.8434953504922	-0.5749513030565733	complete	
10896	01	sharedreward	1	sub-10896_ses-01_task-sharedreward_run-1	syngo MR E11	E11	1	255	75005	0.17306750332228504	35	35	31	19	0.1377952755905512	0.6160832584258664	0.4998724087931696	10.020617896345932	-135506.51259126875	-489.8604670674484	-1.0259994863162372	complete	
10896	01	sharedreward	2	sub-10896_ses-01_task-sharedreward_run-2	syngo MR E11	E11	2	255	74821	0.1438593886741423	31	31	27	19	0.1225296442687747	0.47629205575629285	0.34414684144354263	17.63722832581434	-135766.8936132552	-501.16353896367866	-1.1437319095011687	complete	
10896	01	socialdoors	1	sub-10896_ses-01_task-socialdoors_run-1	syngo MR E11	E11	2	218	75142	0.12660037869137611	29	29	27	18	0.13425925925925927	0.5165629473782908	0.39853897691628964	11.810183095393826	-135672.25980069875	-496.52885254223906	-0.845803903869767	complete	
10896	01	trust	1	sub-10896_ses-01_task-trust_run-1	syngo MR E11	E11	3	280	74742	0.14969714770180717	31	31	28	20	0.11191335740072202	0.48903598164177176	0.3673270940306543	14.319441977595543	-135175.91658309696	-498.2139813255781	-0.9446811559134088	complete	
10896	01	trust	2	sub-10896_ses-01_task-trust_run-2	syngo MR E11	E11	2	280	75022	0.13675893567527442	30	30	27	19	0.1079136690647482	0.4825275390064866	0.3721270672121547	12.81931996505049	-134823.23925014894	-495.5257442523225	-1.0658494570535977	complete	
10896	01	ugr	1	sub-10896_ses-01_task-ugr_run-1	syngo MR E11	E11	2	240	74986	0.16207712473145033	27	27	24	18	0.1134453781512605	0.5225528016769277	0.42549910346313147	9.446053334092095	-136179.90193163723	-497.422959326688	-0.7657511431065129	complete	
10896	01	ugr	2	sub-10896_ses-01_task-ugr_run-2	syngo MR E11	E11	1	240	75235	0.14259488636180997	32	32	28	20	0.13389121338912133	0.4868840975225645	0.35044637811175405	16.619167697153834	-135131.65786692023	-499.1183776043888	-0.9069064121811473	complete	
10897	01	doors	1	sub-10897_ses-01_task-doors_run-1	syngo MR E11	E11	2	218	71457	0.15407335924405374	36	36	31	21	0.16666666666666666	0.7463293401470126	0.6550163627799945	7.825376725557927	-143837.57273691634	-521.8343090174569	-1.1184576967623465	complete	
10897	01	sharedreward	1	sub-10897_ses-01_task-sharedreward_run-1	syngo MR E11	E11	2	255	71463	0.13913643363080214	32	32	28	20	0.12648221343873517	0.6714026494493925	0.5864879656274262	8.781677228766794	-143894.78558708998	-542.7018005572843	-0.9965236880869877	complete	
10897	01	socialdoors	1	sub-10897_ses-01_task-socialdoors_run-1	syngo MR E11	E11	5	218	71448	0.18080017003143017	38	38	33	21	0.1784037558685446	0.7599189680234811	0.6597405118458617	8.564212525370133	-144778.92276448364	-551.5454272125932	-1.7174298190720627	complete	
10897	01	trust	1	sub-10897_ses-01_task-trust_run-1	syngo MR E11	E11	2	280	71459	0.18028387067699686	36	36	33	22	0.12949640287769784	0.7114517462342643	0.6186428517810031	8.575130091958478	-144454.82175533974	-559.6753248935729	-1.4061856641168862	complete	
10897	01	ugr	1	sub-10897_ses-01_task-ugr_run-1	syngo MR E11	E11	2	240	72056	0.12520875575479432	27	27	23	16	0.1134453781512605	0.5523053592859336	0.4652834354339041	9.029268759256926	-141743.35309247163	-544.3475402507754	-0.6242704844453295	complete	
10897	01	ugr	2	sub-10897_ses-01_task-ugr_run-2	syngo MR E11	E11	1	240	71780	0.13391733687794763	31	31	27	19	0.1297071129707113	0.6781362396180606	0.5934870168895993	8.218911722044142	-143203.70663788798	-552.8467097326343	-0.8615662013978252	complete	
10898	01	doors	1	sub-10898_ses-01_task-doors_run-1	syngo MR E11	E11	2	218	64734	0.24080178991121448	25	25	24	16	0.11574074074074074	0.5718617166515071	0.48200240153071633	10.140435278866919	-136548.51697735378	-446.5650668379839	-0.9798725678049806	complete	
10898	01	sharedreward	1	sub-10898_ses-01_task-sharedreward_run-1	syngo MR E11	E11	1	255	64355	0.25567294624518871	32	32	28	20	0.12598425196850394	0.6849260146604278	0.5838669996564219	9.318115863185023	-136610.42871694648	-435.95823622902634	-1.8650143552598548	complete	
10898	01	sharedreward	2	sub-10898_ses-01_task-sharedreward_run-2	syngo MR E11	E11	1	255	64124	0.27665031237790849	30	30	27	19	0.11811023622047244	0.5902177986194304	0.4722633735700838	13.092394608511544	-136800.73641182279	-437.32252156511896	-0.4621622684971944	complete	
10898	01	socialdoors	1	sub-10898_ses-01_task-socialdoors_run-1	syngo MR E11	E11	1	218	64860	0.24388128499170994	28	28	24	18	0.12903225806451613	0.6580959199486137	0.568106543074628	8.491106513446896	-135838.91405956866	-440.9589036373678	-1.3493948181788373	complete	
10898	01	trust	1	sub-10898_ses-01_task-trust_run-1	syngo MR E11	E11	1	280	64692	0.2450863239416004	33	33	29	19	0.11827956989247312	0.5849703988582792	0.466467183435588	12.537031811711728	-135402.81413582113	-433.6355664204975	-0.8441783285173504	complete	
10898	01	trust	2	sub-10898_ses-01_task-trust_run-2	syngo MR E11	E11	2	280	64799	0.29006181286262883	34	34	31	21	0.1223021582733813	0.6355930470695321	0.5229978784707594	10.631256652260856	-135331.63769773793	-433.97991124366973	-1.2337158717882808	complete	
10898	01	ugr	1	sub-10898_ses-01_task-ugr_run-1	syngo MR E11	E11	1	240	64949	0.25322306454385846	24	24	21	15	0.100418410041841	0.5024735390754359	0.41659601844960314	12.10957212834917	-136413.62010660404	-447.10591239019874	0.17308302172003168	complete	
10898	01	ugr	2	sub-10898_ses-01_task-ugr_run-2	syngo MR E11	E11	1	240	64449	0.23376134567567922	26	26	25	16	0.1087866108786611	0.5811682747219509	0.49693377644705916	9.737832931643469	-136673.22269811944	-449.4439863571943	-0.483179344327042	complete	
10898	02	doors	1	sub-10898_ses-02_task-doors_run-1	syngo MR XA60	XA60	2	218	63364	0.19117276178040815	26	26	23	13	0.12037037037037036	0.531419629397179	0.3846547420170714	17.66988232532675	-277968.6468214735	-581.9270798012877	4.7729242099409355	complete	
10898	02	socialdoors	1	sub-10898_ses-02_task-socialdoors_run-1	syngo MR XA60	XA60	0	218	64965	0.19786951519595816	27	27	22	14	0.12385321100917432	0.5270771845064192	0.3569824862570056	20.08052649570721	-273351.747383031	-567.1778516388522	5.345318627975051	complete	
10898	02	ugr	1	sub-10898_ses-02_task-ugr_run-1	syngo MR XA60	XA60	2	240	63721	0.19535284763748531	27	27	23	13	0.1134453781512605	0.5087164402394935	0.3482274146653151	19.62715614050718	-277348.2690704198	-572.3669720191373	5.313209155783149	complete	
10898	02	ugr	2	sub-10898_ses-02_task-ugr_run-2	syngo MR XA60	XA60	1	240	65016	0.21049323660521496	17	17	13	7	0.07112970711297072	0.44597963051588935	0.35950967088086644	13.720889545978391	-273214.9359984789	-553.7621647033508	5.391743456056846	complete	
10908	01	doors	1	sub-10908_ses-01_task-doors_run-1	syngo MR E11	E11	4	218	67242	0.24252659712111291	37	37	34	24	0.17289719626168223	0.704946988940437	0.5691697876642025	13.696993666595286	-128216.14304705805	-441.9264518831713	-1.3441745554920947	complete	
10908	01	sharedreward	1	sub-10908_ses-01_task-sharedreward_run-1	syngo MR E11	E11	1	255	67191	0.28197067487295024	42	42	37	27	0.16535433070866143	0.7523296234608498	0.616475730988262	13.327461958567703	-126627.939333747	-436.9671794023211	-1.7070417007410659	complete	
10908	01	sharedreward	2	sub-10908_ses-01_task-sharedreward_run-2	syngo MR E11	E11	2	255	66917	0.2982388064782025	46	46	41	31	0.18181818181818182	0.7421809127149197	0.5777799319615968	15.964474380821448	-127682.88427578265	-458.73550948912106	-1.8723719345521619	complete	
10908	01	socialdoors	1	sub-10908_ses-01_task-socialdoors_run-1	syngo MR E11	E11	2	218	67278	0.54538972374024586	62	62	56	42	0.28703703703703703	0.82795477368053	0.5794478819266883	23.491851694419584	-128343.0256915478	-375.6490250700194	-0.8787618420972434	complete	
10908	01	trust	1	sub-10908_ses-01_task-trust_run-1	syngo MR E11	E11	4	280	66857	0.32210082032294712	49	49	43	32	0.17753623188405798	0.7614330044246677	0.5988554854780411	15.598056284732865	-127444.46504200941	-427.7694512367177	-1.9502809332870905	complete	
10908	01	trust	2	sub-10908_ses-01_task-trust_run-2	syngo MR E11	E11	1	280	67058	0.30831165014957773	49	49	42	31	0.17562724014336917	0.7587915663749129	0.6081722608294314	13.981526703174566	-126941.00871173338	-437.1665243494816	-1.8861300451713832	complete	
10908	01	ugr	1	sub-10908_ses-01_task-ugr_run-1	syngo MR E11	E11	4	240	67600	0.33629650540536066	46	46	43	33	0.19491525423728814	0.8032479551311821	0.636247918090582	16.197808291529906	-127554.03991902684	-440.6020567578928	-1.9580579214713199	complete	
10908	01	ugr	2	sub-10908_ses-01_task-ugr_run-2	syngo MR E11	E11	1	240	67277	0.28585074709007974	38	38	33	27	0.1589958158995816	0.7450901597929569	0.6148506539610109	13.800754748491968	-128147.05120941189	-427.2527880190386	-1.5529464673491855	complete	
10913	01	sharedreward	1	sub-10913_ses-01_task-sharedreward_run-1	syngo MR E11	E11	1	255	76556	0.20533456430093011	31	31	26	21	0.1220472440944882	0.6164236354307057	0.5158914722827732	10.832695516963184	-128096.83935114341	-495.35928422471363	-3.6016495170656664	complete	
10913	01	sharedreward	2	sub-10913_ses-01_task-sharedreward_run-2	syngo MR E11	E11	1	255	75769	0.2528446863444011	38	38	34	24	0.14960629921259844	0.7035173678655842	0.5811223833356735	12.179543114050276	-129389.53538449334	-482.8226310834023	-2.9187135092645184	complete	
10913	01	ugr	1	sub-10913_ses-01_task-ugr_run-1	syngo MR E11	E11	3	240	75302	0.23632237490200586	39	39	33	22	0.16455696202531644	0.6949423447849576	0.5759744180589808	10.642407274093555	-129701.36065219548	-489.38836839552556	-3.72071656678995	complete	
10913	01	ugr	2	sub-10913_ses-01_task-ugr_run-2	syngo MR E11	E11	3	240	75019	0.2261187397222858	34	34	29	20	0.14345991561181434	0.6377914327454961	0.522721234576469	10.846223341582679	-129506.49153885344	-487.37617896300634	-2.944066800099822	complete	
10913	02	doors	1	sub-10913_ses-02_task-doors_run-1	syngo MR XA60	XA60	1	218	75479	0.15868164328969336	43	43	36	26	0.19815668202764977	0.6501804934797083	0.4439855935379848	23.529605065692216	-271264.96806299494	-669.9405192887866	1.57281126190919	complete	
10913	02	socialdoors	1	sub-10913_ses-02_task-socialdoors_run-1	syngo MR XA60	XA60	1	218	75243	0.17960597496463104	38	38	34	25	0.17511520737327188	0.6332043228644251	0.46354314184181455	18.259085864563094	-271698.32056586456	-706.4851804263551	1.1629425893003245	complete	
10913	02	ugr	1	sub-10913_ses-02_task-ugr_run-1	syngo MR XA60	XA60	1	240	75297	0.15349178738774699	47	47	42	30	0.19665271966527198	0.6922660888167865	0.4889189051598431	22.034585702982874	-272381.6733454506	-666.9909393878463	0.1023795243589568	complete	
10913	02	ugr	2	sub-10913_ses-02_task-ugr_run-2	syngo MR XA60	XA60	2	240	75298	0.16413661469593452	48	48	41	28	0.20168067226890757	0.6699489381326577	0.4686140525124077	20.987387441827238	-272269.5838560186	-690.9835083026903	0.7675033941761507	complete	
10918	01	doors	1	sub-10918_ses-01_task-doors_run-1	syngo MR E11	E11	5	218	79555	0.095220168631312829	28	28	25	18	0.13145539906103287	0.5417147877568873	0.4312085381578715	9.75254423463902	-169687.37212908888	-639.1527879487654	-1.4278619168599618	complete	
10918	01	sharedreward	1	sub-10918_ses-01_task-sharedreward_run-1	syngo MR E11	E11	4	255	79229	0.11419049328075637	31	31	28	19	0.12350597609561753	0.684570527565096	0.6052214755023714	7.097588607773794	-171230.39003949027	-566.9310033639094	-2.9116916835434186	complete	
10918	01	sharedreward	2	sub-10918_ses-01_task-sharedreward_run-2	syngo MR E11	E11	2	255	79152	0.11418117298506399	27	27	23	19	0.1067193675889328	0.5860316391111227	0.49829848079741756	8.17585449855065	-170192.71884645292	-594.936371860099	-3.0334010755725775	complete	
10918	01	socialdoors	1	sub-10918_ses-01_task-socialdoors_run-1	syngo MR E11	E11	4	218	79061	0.12601728324372052	28	28	25	17	0.1308411214953271	0.6190585002916955	0.531497700588046	7.706749138297793	-169421.97435558567	-597.5473379746929	-1.012766875753277	complete	
10918	01	trust	1	sub-10918_ses-01_task-trust_run-1	syngo MR E11	E11	3	280	78691	0.12989482058382909	37	37	30	19	0.13357400722021662	0.7342412107501939	0.6577053468692923	6.568982809413391	-175729.77009429716	-529.0009503373166	-2.1174917949095327	complete	
10918	01	trust	2	sub-10918_ses-01_task-trust_run-2	syngo MR E11	E11	2	280	79054	0.11087491237827883	29	29	27	19	0.10431654676258993	0.4619007566093845	0.3423760682488253	15.37921949274966	-173140.04028614392	-612.3509563463869	-1.4466915266319091	complete	
10918	01	ugr	1	sub-10918_ses-01_task-ugr_run-1	syngo MR E11	E11	2	240	79158	0.13020161286809948	27	27	24	18	0.1134453781512605	0.5111934047118978	0.40257939192545644	11.827317716899005	-170247.58825266565	-619.5400742029875	-1.2104948664199087	complete	
10918	01	ugr	2	sub-10918_ses-01_task-ugr_run-2	syngo MR E11	E11	4	240	79201	0.13441245034715965	27	27	25	16	0.11440677966101695	0.5118461168315158	0.40868665743229143	10.63057756045117	-169598.2112987063	-625.8609978024365	-0.9651148461512117	complete	
10919	01	doors	1	sub-10919_ses-01_task-doors_run-1	syngo MR E11	E11	2	218	69845	0.16431410673219007	25	25	22	15	0.11574074074074074	0.49375261821707805	0.39756185058372046	10.359260742531314	-135301.36157068328	-449.6431483648554	-0.419929049658007	complete	
10919	01	sharedreward	1	sub-10919_ses-01_task-sharedreward_run-1	syngo MR E11	E11	3	255	70143	0.22747767545530265	33	33	30	19	0.13095238095238096	0.6435087543522164	0.536324188862309	9.410914114656185	-135037.9537784406	-435.90964489289297	-0.8215618348340052	complete	
10919	01	sharedreward	2	sub-10919_ses-01_task-sharedreward_run-2	syngo MR E11	E11	1	255	70138	0.27568948720308567	36	36	33	22	0.14173228346456693	0.6901106345294409	0.5790839799458066	10.254538008761886	-134394.86688766614	-426.86589704677874	-1.246085569366792	complete	
10919	01	socialdoors	1	sub-10919_ses-01_task-socialdoors_run-1	syngo MR E11	E11	1	218	69630	0.25998988336445439	31	31	28	20	0.14285714285714285	0.6236442309526592	0.5031939358096935	11.191978047129112	-135391.87959899986	-446.53874153366763	-0.6110869598293063	complete	
10919	01	trust	1	sub-10919_ses-01_task-trust_run-1	syngo MR E11	E11	2	280	70275	0.15050685324685015	22	22	19	13	0.07913669064748201	0.46897981400554445	0.4085097449684541	8.876654632526305	-134416.631156165	-437.7679535234236	0.2455197181002526	complete	
10919	01	trust	2	sub-10919_ses-01_task-trust_run-2	syngo MR E11	E11	2	280	70294	0.14892542936803649	22	22	20	14	0.07913669064748201	0.44817164474545074	0.3813554504383965	10.63240516420454	-134489.77014996394	-437.23636084885203	-0.1939120391422772	complete	
10919	01	ugr	1	sub-10919_ses-01_task-ugr_run-1	syngo MR E11	E11	1	240	69735	0.2462198729799184	34	34	29	20	0.14225941422594143	0.545068225261497	0.40164549540007055	15.970346621955764	-135165.716127489	-438.5574463064042	-0.20041383530307266	complete	
10919	01	ugr	2	sub-10919_ses-01_task-ugr_run-2	syngo MR E11	E11	0	240	69670	0.2805368122402272	39	39	35	25	0.1625	0.6387086340447611	0.48151311739043856	15.123313055191042	-135085.8267793333	-439.0738009216792	-0.6719243739618111	complete	
10924	01	doors	1	sub-10924_ses-01_task-doors_run-1	syngo MR E11	E11	2	218	66338	0.10996132828314704	26	26	24	17	0.12037037037037036	0.5348143271298913	0.44055561987759406	10.447445720157095	-166386.9617851941	-620.3480872374467	-2.004564992985267	complete	
10924	01	sharedreward	1	sub-10924_ses-01_task-sharedreward_run-1	syngo MR E11	E11	2	255	66272	0.12447076349228135	25	25	23	15	0.09881422924901186	0.496897165438195	0.41137440286064475	9.685668063470743	-165898.4804274399	-616.9269795780094	-1.552245172342024	complete	
10924	01	sharedreward	2	sub-10924_ses-01_task-sharedreward_run-2	syngo MR E11	E11	2	255	66595	0.1587934295687472	29	29	26	19	0.11462450592885376	0.530822304740404	0.4168808121396865	14.420331979374252	-165827.22691263168	-612.6157571030252	-1.3617682719741426	complete	
10924	01	socialdoors	1	sub-10924_ses-01_task-socialdoors_run-1	syngo MR E11	E11	2	218	66491	0.11696051493885644	24	24	23	15	0.1111111111111111	0.5262705335096118	0.4436879680027792	9.205324563830152	-165574.99672881034	-616.4322708606513	-1.8971475744194164	complete	
10924	01	trust	1	sub-10924_ses-01_task-trust_run-1	syngo MR E11	E11	2	280	67119	0.16264866309655365	37	37	33	21	0.13309352517985612	0.6968261612627165	0.6015779588755177	7.545076169074543	-170335.04308060766	-600.8674020609594	-1.8622862300032859	complete	
10924	01	trust	2	sub-10924_ses-01_task-trust_run-2	syngo MR E11	E11	2	280	66279	0.1296843427919411	27	27	24	18	0.09712230215827339	0.4811786555787014	0.3776768555397983	13.123733498295216	-165130.799065016	-623.5644505213832	-1.9509119340057202	complete	
10924	01	ugr	1	sub-10924_ses-01_task-ugr_run-1	syngo MR E11	E11	2	240	66746	0.11411353325256714	29	29	26	18	0.12184873949579832	0.5264061743072045	0.41621466021463366	12.410875015313172	-166232.28382360574	-638.5986437370838	-2.545028090030307	complete	
10924	01	ugr	2	sub-10924_ses-01_task-ugr_run-2	syngo MR E11	E11	2	240	66619	0.11556874185408968	28	28	23	17	0.11764705882352941	0.540648076006086	0.44161248876724096	10.111858628637085	-165781.31493661908	-622.8925048919651	-2.161171990724288	complete	
10926	01	doors	1	sub-10926_ses-01_task-doors_run-1	syngo MR E11	E11	1	218	65221	0.35419973853417985	44	44	41	27	0.20276497695852536	0.6677932380719949	0.4635947952696341	21.829313622530208	-169150.3976238941	-483.8957333563846	-1.2220853289582079	complete	
10926	01	sharedreward	1	sub-10926_ses-01_task-sharedreward_run-1	syngo MR E11	E11	1	255	65293	0.52226754275266285	66	66	57	36	0.25984251968503935	0.7858101660065646	0.5351422052505244	25.10977120066781	-168421.66456433703	-432.90908911979227	-0.8621816185239871	complete	
10926	01	sharedreward	2	sub-10926_ses-01_task-sharedreward_run-2	syngo MR E11	E11	0	255	65073	0.428947218567094	56	56	46	30	0.2196078431372549	0.7184727632957432	0.4942495893328115	23.41007771352402	-169079.05820504413	-463.81257985959144	-1.5029402013708728	complete	
10926	01	socialdoors	1	sub-10926_ses-01_task-socialdoors_run-1	syngo MR E11	E11	2	218	65106	0.28801491230061999	40	40	35	25	0.18518518518518517	0.6378469740433494	0.45749681626831895	17.970816760235824	-169259.95882340558	-493.2845401444203	-1.5771289229011445	complete	
10926	01	trust	1	sub-10926_ses-01_task-trust_run-1	syngo MR E11	E11	1	280	65159	0.46292032358508839	64	64	54	34	0.22939068100358423	0.7522960442714757	0.5120602032711552	23.440980002845677	-168906.04695116164	-434.12442400441785	-0.27366533322549724	complete	
10926	01	ugr	1	sub-10926_ses-01_task-ugr_run-1	syngo MR E11	E11	0	240	64880	0.34556072285971795	47	47	39	25	0.19583333333333333	0.6664448942283571	0.45836697956015177	21.889426295139153	-170576.95684856825	-482.77737705200553	-1.3983097219975844	complete	
10926	01	ugr	2	sub-10926_ses-01_task-ugr_run-2	syngo MR E11	E11	1	240	64771	0.3324848890732966	42	42	35	24	0.17573221757322174	0.6603994391096226	0.4860850982363529	15.756220136808508	-170594.63125543855	-488.0355207194199	-1.7883108492921778	complete	
10928	01	doors	1	sub-10928_ses-01_task-doors_run-1	syngo MR E11	E11	1	218	67614	0.17649358719547464	26	26	23	17	0.11981566820276497	0.49131338915632333	0.38109092534382266	13.493224596963797	-139903.74082470872	-460.60358177013507	-2.0214557314424115	complete	
10928	01	sharedreward	1	sub-10928_ses-01_task-sharedreward_run-1	syngo MR E11	E11	1	255	67758	0.17934281496152538	26	26	23	16	0.10236220472440945	0.543327776218794	0.45758887698709483	10.553581344309524	-139485.63167340306	-455.8118469226876	-2.6396211908075564	complete	
10928	01	sharedreward	2	sub-10928_ses-01_task-sharedreward_run-2	syngo MR E11	E11	2	255	67703	0.25509665702762768	34	34	30	24	0.13438735177865613	0.654271985360417	0.5253169354400368	11.820502564529804	-139425.95429990298	-477.1150176626689	-3.2567359074764126	complete	
10928	01	socialdoors	1	sub-10928_ses-01_task-socialdoors_run-1	syngo MR E11	E11	2	218	67600	0.18190767887951292	24	24	22	18	0.1111111111111111	0.48156318097734796	0.37988206100885535	13.209204308003326	-139784.01949591012	-467.89116978232687	-2.0920672461114758	complete	
10928	01	trust	1	sub-10928_ses-01_task-trust_run-1	syngo MR E11	E11	1	280	67776	0.21112433271957742	35	35	31	21	0.12544802867383512	0.5694550713718619	0.4278862232669813	16.094900831761116	-139414.1749682929	-450.19190402060605	-1.8850610558438472	complete	
10928	01	ugr	1	sub-10928_ses-01_task-ugr_run-1	syngo MR E11	E11	1	240	67619	0.17734929000700184	23	23	22	15	0.09623430962343096	0.4900842708006485	0.40827217140656813	9.96296900356723	-139970.043411831	-461.77896710976	-2.22054035633077	complete	
10928	01	ugr	2	sub-10928_ses-01_task-ugr_run-2	syngo MR E11	E11	1	240	67535	0.17474058028596101	23	23	20	15	0.09623430962343096	0.48351226719822044	0.406072153891927	9.605588135694662	-140061.8030743476	-468.0915669298446	-2.389515287044383	complete	
10929	01	doors	1	sub-10929_ses-01_task-doors_run-1	syngo MR E11	E11	2	218	72523	0.15903706128474032	19	19	17	12	0.08796296296296297	0.39959510706089024	0.3412449374190399	11.376419637030077	-132712.53689286468	-497.72292096519874	-0.26170413247184815	complete	
10929	01	sharedreward	1	sub-10929_ses-01_task-sharedreward_run-1	syngo MR E11	E11	2	255	72884	0.1764335239135521	20	20	18	13	0.07905138339920949	0.4751523315597521	0.422136331752229	9.16867060717095	-131828.1651170615	-505.334705408165	-0.7935790469768752	complete	
10929	01	sharedreward	2	sub-10929_ses-01_task-sharedreward_run-2	syngo MR E11	E11	2	255	72534	0.16188925074233076	18	18	17	12	0.07114624505928854	0.40032378942458396	0.35051215318515977	9.678267509941556	-132121.30567197365	-497.06205217059556	-0.6528891028643805	complete	
10929	01	socialdoors	1	sub-10929_ses-01_task-socialdoors_run-1	syngo MR E11	E11	2	218	72525	0.17613724227439045	22	22	20	12	0.10185185185185185	0.45693695683620905	0.3862992553956765	10.766183860581533	-132405.7969543215	-506.45351378932963	-0.5925257763767251	complete	
10929	01	trust	1	sub-10929_ses-01_task-trust_run-1	syngo MR E11	E11	3	280	72836	0.17455809590023594	21	21	19	15	0.07581227436823104	0.5113023824522765	0.4563989750744186	7.4143367456703615	-132311.2956673668	-498.7368688255113	-0.8584284232659553	complete	
10929	01	ugr	1	sub-10929_ses-01_task-ugr_run-1	syngo MR E11	E11	2	240	72582	0.15865879909730002	17	17	17	13	0.07142857142857142	0.3790950689113893	0.3280320632689626	11.137314907472417	-132438.50372238405	-501.1497941603359	-0.9053798432197703	complete	
10929	01	ugr	2	sub-10929_ses-01_task-ugr_run-2	syngo MR E11	E11	1	240	72835	0.16931755420941397	23	23	21	16	0.09623430962343096	0.48617165392962236	0.40582890280273903	10.856594591802159	-132009.0978972219	-495.6829665493162	-1.3898338959360723	complete	
10930	01	doors	1	sub-10930_ses-01_task-doors_run-1	syngo MR E11	E11	0	218	67509	0.077180133865399431	22	22	20	13	0.10091743119266056	0.47899791306589556	0.4027495656020185	9.293145293607585	-148782.14422878803	-516.1392307190987	-3.2446364336371905	complete	
10930	01	sharedreward	1	sub-10930_ses-01_task-sharedreward_run-1	syngo MR E11	E11	1	255	67585	0.096413721089735269	21	21	20	13	0.08267716535433071	0.42707736753930836	0.35456045413155274	9.71774017076645	-146737.7224231602	-507.2866043778428	-3.115842387918395	complete	
10930	01	sharedreward	2	sub-10930_ses-01_task-sharedreward_run-2	syngo MR E11	E11	1	255	67237	0.10229303058395137	24	24	22	15	0.09448818897637795	0.6085978899750271	0.545240646322893	6.043817362364471	-149637.06675713867	-499.5625914800783	-2.73253050951993	complete	
10930	01	socialdoors	1	sub-10930_ses-01_task-socialdoors_run-1	syngo MR E11	E11	1	218	67578	0.1011666543485634	25	25	22	16	0.1152073732718894	0.5151811588728488	0.420584464504404	9.97794435900896	-148698.27191540156	-434.5369355260545	-1.2481684787719427	complete	
10930	01	trust	1	sub-10930_ses-01_task-trust_run-1	syngo MR E11	E11	1	280	67279	0.11430377227785818	27	27	25	19	0.0967741935483871	0.5051276992967129	0.4021701536812511	11.366218317077633	-149071.84911205695	-506.4936336137921	-3.097580600665877	complete	
10930	01	trust	2	sub-10930_ses-01_task-trust_run-2	syngo MR E11	E11	1	280	67159	0.10632649936931168	26	26	24	17	0.0931899641577061	0.457741580314986	0.355440661257259	12.043877781056404	-148966.66715414482	-499.5034668563315	-3.0170465278588656	complete	
10930	01	ugr	1	sub-10930_ses-01_task-ugr_run-1	syngo MR E11	E11	1	240	67523	0.079840999305626562	21	21	20	16	0.08786610878661087	0.47506984929134627	0.40009271408575775	8.404489362219477	-150729.59592611282	-532.3302312686396	-4.17332786405621	complete	
10930	01	ugr	2	sub-10930_ses-01_task-ugr_run-2	syngo MR E11	E11	1	240	67645	0.080359095097489078	22	22	20	15	0.09205020920502092	0.43335970635329324	0.3476296727802548	10.422095288297893	-149036.2932487292	-530.5417883596355	-3.790354264337158	complete	
10938	01	doors	1	sub-10938_ses-01_task-doors_run-1	syngo MR E11	E11	2	218	79285	0.26581827387837187	35	35	30	20	0.16203703703703703	0.6301647552889299	0.4945308448486654	13.938232124196617	-137112.13035956444	-480.6728881578837	-0.38154622908424346	complete	
10938	01	sharedreward	1	sub-10938_ses-01_task-sharedreward_run-1	syngo MR E11	E11	5	255	78779	0.22638354119951917	37	37	32	21	0.148	0.6078305378801278	0.47205578397007614	14.737321290329824	-136833.8808191036	-476.41559474862356	-1.4284839942007281	complete	
10938	01	sharedreward	2	sub-10938_ses-01_task-sharedreward_run-2	syngo MR E11	E11	2	255	79077	0.28978552994616463	45	45	39	26	0.17786561264822134	0.7304304590793959	0.5933681573693301	13.314003909363567	-136756.28439254218	-450.9509999340234	-1.7248743216671385	complete	
10938	01	socialdoors	1	sub-10938_ses-01_task-socialdoors_run-1	syngo MR E11	E11	3	218	79779	0.27479439790497767	38	38	34	22	0.17674418604651163	0.6980634261718373	0.5703468245934734	11.089163678118354	-135955.97198243716	-474.70218903211673	-1.0087037166808488	complete	
10938	01	trust	1	sub-10938_ses-01_task-trust_run-1	syngo MR E11	E11	2	280	79149	0.28779589494251373	42	42	37	23	0.1510791366906475	0.7095132367671311	0.5919517500029897	10.91586042061122	-136247.43460775272	-462.32849490870876	-1.4471575024147074	complete	
10938	01	trust	2	sub-10938_ses-01_task-trust_run-2	syngo MR E11	E11	1	280	78793	0.31034757330436091	45	45	39	25	0.16129032258064516	0.7075425480820955	0.5761633083514873	10.958011875183724	-136281.08691818896	-451.0793626237491	-1.179475942260295	complete	
10938	01	ugr	1	sub-10938_ses-01_task-ugr_run-1	syngo MR E11	E11	2	240	79141	0.19737187115443847	30	30	26	18	0.12605042016806722	0.5183790471663701	0.39968730756708176	14.89244263424651	-138433.76466971997	-465.7615344743674	0.11595918881888152	complete	
10938	01	ugr	2	sub-10938_ses-01_task-ugr_run-2	syngo MR E11	E11	2	240	79042	0.2161691973330534	29	29	26	18	0.12184873949579832	0.49413377385364393	0.3724137347784021	14.347910646746067	-137924.58200808885	-455.4174947796747	1.1569973030573955	complete	
10940	01	doors	1	sub-10940_ses-01_task-doors_run-1	syngo MR E11	E11	1	218	79111	0.094879833632734098	37	37	33	23	0.17050691244239632	0.6410350487246262	0.4961474709211735	14.268189731722668	-165010.432326889	-540.0139847128256	-2.5654784685521483	complete	
10940	01	sharedreward	1	sub-10940_ses-01_task-sharedreward_run-1	syngo MR E11	E11	2	255	79203	0.11364871171516898	37	37	33	24	0.14624505928853754	0.6381395423341739	0.5078961157978554	12.349767353598205	-165530.3195183373	-532.5362512005272	-2.562705351394896	complete	
10940	01	sharedreward	2	sub-10940_ses-01_task-sharedreward_run-2	syngo MR E11	E11	3	255	79329	0.087059481928413035	34	34	30	22	0.1349206349206349	0.6567027118475819	0.553064882020108	9.359889818022427	-164733.21387479684	-533.0869898211998	-2.519695421494111	complete	
10940	01	socialdoors	1	sub-10940_ses-01_task-socialdoors_run-1	syngo MR E11	E11	2	218	78703	0.081188864733171565	29	29	28	19	0.13425925925925927	0.5780565545837634	0.4654716853316733	10.392752959455649	-166154.954030358	-550.5576701540982	-2.857683637290129	complete	
10940	01	trust	1	sub-10940_ses-01_task-trust_run-1	syngo MR E11	E11	0	280	79518	0.0757417888201454	36	36	30	21	0.12857142857142856	0.5593571337522913	0.4280898077230384	14.360096292522652	-164235.2762794225	-545.2915138059485	-2.747490174975179	complete	
10940	01	trust	2	sub-10940_ses-01_task-trust_run-2	syngo MR E11	E11	1	280	79265	0.067100431094935437	29	29	25	17	0.1039426523297491	0.5974255995293695	0.5113766736780917	7.268833803504722	-164712.9142455049	-552.136544233615	-2.6380521620500943	complete	
10940	01	ugr	1	sub-10940_ses-01_task-ugr_run-1	syngo MR E11	E11	1	240	79262	0.095645276249135561	33	33	29	20	0.13807531380753138	0.5170771929717733	0.3704051584544138	16.90287488847533	-164735.80814835668	-559.2820232142502	-2.5520741771320488	complete	
10940	01	ugr	2	sub-10940_ses-01_task-ugr_run-2	syngo MR E11	E11	3	240	79509	0.093091525906274245	37	37	33	23	0.15611814345991562	0.608408627182083	0.46117545853393893	14.083478831001148	-163519.4826420411	-517.827756290831	-1.9705238674401742	complete	
10950	01	doors	1	sub-10950_ses-01_task-doors_run-1	syngo MR E11	E11	1	218	69081	0.11897291832797957	31	31	27	19	0.14285714285714285	0.6008853678861675	0.47888566268502253	10.816278962712891	-168523.9922897749	-601.5369079524027	-2.375981706943274	complete	
10950	01	sharedreward	1	sub-10950_ses-01_task-sharedreward_run-1	syngo MR E11	E11	1	255	69031	0.38761817729060966	54	54	51	37	0.2125984251968504	0.796342369525407	0.5876132207939244	18.95625000391494	-167645.9257763117	-522.7617910430636	-2.3739543361848687	complete	
10950	01	sharedreward	2	sub-10950_ses-01_task-sharedreward_run-2	syngo MR E11	E11	3	255	67546	0.28926648306059516	53	53	48	35	0.21031746031746032	0.796404976860385	0.6032996553197405	19.33525711959778	-171083.6453301455	-554.0205841498403	-2.5904076551253827	complete	
10950	01	socialdoors	1	sub-10950_ses-01_task-socialdoors_run-1	syngo MR E11	E11	3	218	69117	0.20009304467319478	40	40	34	25	0.18604651162790697	0.6666245001498696	0.49789376544508124	16.603648278921394	-168360.0815740593	-591.591304919451	-2.0551361024854358	complete	
10950	01	trust	1	sub-10950_ses-01_task-trust_run-1	syngo MR E11	E11	3	280	68728	0.21563139358016042	42	42	36	28	0.15162454873646208	0.7257247546041781	0.5879351287837118	12.177973486439557	-168530.6199907159	-543.6349781142125	-2.188433831867314	complete	
10950	01	trust	2	sub-10950_ses-01_task-trust_run-2	syngo MR E11	E11	1	280	68752	0.32774141840009552	59	59	52	39	0.2114695340501792	0.8021851867869209	0.5949751223516987	20.955419518103856	-167032.98682651692	-491.0926390088517	-2.141045917915306	complete	
10950	01	ugr	1	sub-10950_ses-01_task-ugr_run-1	syngo MR E11	E11	2	240	69200	0.10646333999961061	30	30	27	18	0.12605042016806722	0.5887072376820728	0.4811060719834883	10.957116403329312	-168970.82260480762	-599.5316125429874	-2.127299861822822	complete	
10950	01	ugr	2	sub-10950_ses-01_task-ugr_run-2	syngo MR E11	E11	2	240	69090	0.17261732636563853	40	40	34	25	0.16806722689075632	0.6504153703180504	0.49131446438536874	16.081528776790574	-169051.0360690458	-578.5125369229237	-1.745446583359659	complete	
10951	01	doors	1	sub-10951_ses-01_task-doors_run-1	syngo MR E11	E11	1	218	86657	0.13127031570215095	34	34	29	20	0.15668202764976957	0.5335407548652468	0.39103726456248283	14.714602081701102	-148713.77658012693	-464.4643650068654	0.24779671698353706	complete	
10951	01	sharedreward	1	sub-10951_ses-01_task-sharedreward_run-1	syngo MR E11	E11	1	255	86462	0.22818570519945944	43	43	38	26	0.16929133858267717	0.6543415577906907	0.49953385872852096	13.924304711007032	-149298.92150039072	-432.7098883532195	-0.1620211066241285	complete	
10951	01	sharedreward	2	sub-10951_ses-01_task-sharedreward_run-2	syngo MR E11	E11	0	255	86292	0.25285375435251228	53	53	47	31	0.20784313725490197	0.6889802983104472	0.4889744583094735	21.502393454706432	-149675.86677876842	-423.5069082219996	0.07770690903800145	complete	
10951	01	socialdoors	1	sub-10951_ses-01_task-socialdoors_run-1	syngo MR E11	E11	3	218	86661	0.20906784656813246	43	43	37	23	0.2	0.7116471089726437	0.5774129435350753	10.388405081236145	-149606.71840669666	-442.88596218526163	0.12805412363144444	complete	
10951	01	ugr	1	sub-10951_ses-01_task-ugr_run-1	syngo MR E11	E11	2	240	86744	0.16390271436624779	38	38	33	22	0.15966386554621848	0.5570190850759952	0.39910867188558713	17.32759984932646	-148285.86948669478	-442.35430181266855	0.348434702274907	complete	
10951	01	ugr	2	sub-10951_ses-01_task-ugr_run-2	syngo MR E11	E11	4	240	86709	0.15590125816779238	40	40	34	23	0.1694915254237288	0.5930799833112117	0.4352177764852558	15.731044326322271	-148528.33408994167	-442.6130881491682	0.2688796737313739	complete	
10952	01	doors	1	sub-10952_ses-01_task-doors_run-1	syngo MR E11	E11	1	218	80752	0.087247843202112221	21	21	18	13	0.0967741935483871	0.4344162135153843	0.3675945234651566	9.664011775214538	-162414.62182957056	-490.42598883440934	-1.518190460667994	complete	
10952	01	sharedreward	1	sub-10952_ses-01_task-sharedreward_run-1	syngo MR E11	E11	2	255	80939	0.16984974969913627	34	34	29	19	0.13438735177865613	0.617161455240128	0.5059620315753505	11.72191765085134	-163034.12245739004	-470.82699398470277	-1.738790204038554	complete	
10952	01	sharedreward	2	sub-10952_ses-01_task-sharedreward_run-2	syngo MR E11	E11	0	255	80637	0.13045339145158802	30	30	27	17	0.11764705882352941	0.6023612605083248	0.5118227376511857	10.285224863312548	-163763.85564316664	-491.7102651685839	-1.7921903046964758	complete	
10952	01	socialdoors	1	sub-10952_ses-01_task-socialdoors_run-1	syngo MR E11	E11	2	218	80699	0.073695683883939711	19	19	16	11	0.08796296296296297	0.34533662621476174	0.2874180768431429	12.17503729702753	-163461.82901382458	-532.8834599638109	-1.9009998987194874	complete	
10952	01	trust	1	sub-10952_ses-01_task-trust_run-1	syngo MR E11	E11	1	280	80465	0.18740265722637658	35	35	29	21	0.12544802867383512	0.6167553551841045	0.5036653582004965	11.22617698337172	-164626.7786677404	-478.1307848580768	-1.5426423588825307	complete	
10952	01	ugr	1	sub-10952_ses-01_task-ugr_run-1	syngo MR E11	E11	1	240	80580	0.088793468497469122	23	23	20	14	0.09623430962343096	0.4503562072637419	0.3788166006791715	10.679868409484286	-168047.82471682227	-537.7422025413932	-2.4620101742852234	complete	
10952	01	ugr	2	sub-10952_ses-01_task-ugr_run-2	syngo MR E11	E11	3	240	80927	0.077768322398569095	18	18	16	12	0.0759493670886076	0.3437051389580964	0.29411547303959257	10.27305041304544	-166665.7909386393	-536.9235959613196	-2.110769504523438	complete	
10953	01	doors	1	sub-10953_ses-01_task-doors_run-1	syngo MR E11	E11	1	218	73396	0.39938564528474041	44	44	39	28	0.20276497695852536	0.6992693849592162	0.5042234805847546	18.664169494978104	-121426.64630153589	-391.8659332599542	0.1415227811760205	complete	
10953	01	sharedreward	1	sub-10953_ses-01_task-sharedreward_run-1	syngo MR E11	E11	1	255	73348	0.34435551961940741	32	32	29	20	0.12598425196850394	0.6386675926626474	0.5333056762216164	11.820230771459226	-122028.59760578389	-398.659038360096	-1.1692378547187994	complete	
10953	01	sharedreward	2	sub-10953_ses-01_task-sharedreward_run-2	syngo MR E11	E11	1	255	72910	0.44372805534340309	37	37	34	20	0.14566929133858267	0.6924681461194946	0.5704106562338996	13.070011356483267	-122262.37230417448	-397.8106327842964	-0.8712593888152795	complete	
10953	01	socialdoors	1	sub-10953_ses-01_task-socialdoors_run-1	syngo MR E11	E11	1	218	73104	0.39569654689811484	36	36	31	21	0.16589861751152074	0.6840888468457045	0.5530756378314025	12.70756831002209	-122054.91872417445	-406.6851474742422	-1.761437042631893	complete	
10953	01	trust	1	sub-10953_ses-01_task-trust_run-1	syngo MR E11	E11	1	280	73549	0.25883105559185282	28	28	25	19	0.1003584229390681	0.5138955844052956	0.4168557245735261	13.473075591915183	-122768.98111714733	-410.2100458825523	-0.09459821680576287	complete	
10953	01	trust	2	sub-10953_ses-01_task-trust_run-2	syngo MR E11	E11	1	280	72511	0.32602916560452877	27	27	25	18	0.0967741935483871	0.568165911109338	0.4838035127003135	12.134977360195853	-123679.89275319422	-401.45488225420144	0.27915064906961395	complete	
10953	01	ugr	1	sub-10953_ses-01_task-ugr_run-1	syngo MR E11	E11	1	240	72853	0.37182912914326499	41	41	34	24	0.17154811715481172	0.6814236743620651	0.5300420096721129	16.309112535337043	-121790.61334657123	-391.45764348051966	-0.7911877823894679	complete	
10953	01	ugr	2	sub-10953_ses-01_task-ugr_run-2	syngo MR E11	E11	1	240	72881	0.41109368225356974	39	39	33	22	0.16317991631799164	0.6233515542725641	0.4724490809280971	15.691672024256789	-120655.1748815424	-379.0532540333426	0.4685167694911766	complete	
10953	02	doors	1	sub-10953_ses-02_task-doors_run-1	syngo MR XA60	XA60	0	218	73174	0.33476822381705473	45	45	40	30	0.20642201834862386	0.6986429682774103	0.5058395602063278	20.864599889838047	-315969.2188777426	-625.3544365160542	5.198732369264076	complete	
10953	02	socialdoors	1	sub-10953_ses-02_task-socialdoors_run-1	syngo MR XA60	XA60	1	218	73173	0.35469283763120535	44	44	39	27	0.20276497695852536	0.6750895049393749	0.47877300848314563	21.370096523755322	-316111.9676594181	-643.6338441547957	6.363332385893484	complete	
10953	02	ugr	1	sub-10953_ses-02_task-ugr_run-1	syngo MR XA60	XA60	1	240	73098	0.33121972865920057	51	51	43	29	0.21338912133891214	0.7300301005112713	0.5350003787665177	20.420262681038217	-316846.205445366	-615.7767861142488	3.226702830090425	complete	
10953	02	ugr	2	sub-10953_ses-02_task-ugr_run-2	syngo MR XA60	XA60	0	240	73210	0.31036078044473808	47	47	41	28	0.19583333333333333	0.6591770507436087	0.4470683621402257	24.670447933014632	-315533.2816458244	-646.8072161232689	5.907674500032779	complete	
10954	01	doors	1	sub-10954_ses-01_task-doors_run-1	syngo MR E11	E11	1	218	61725	0.31953981789912589	38	38	31	20	0.17511520737327188	0.7296865169645423	0.6114641978601699	12.990942666387209	-149147.85382950146	-439.92656440705656	-0.8068616432710428	complete	
10954	01	sharedreward	1	sub-10954_ses-01_task-sharedreward_run-1	syngo MR E11	E11	0	255	61556	0.43257489233261137	50	50	43	28	0.19607843137254902	0.7458839746750036	0.5671440875067777	17.13075727571984	-149300.93725800203	-427.0688945910612	-0.9846814429763406	complete	
10954	01	sharedreward	2	sub-10954_ses-01_task-sharedreward_run-2	syngo MR E11	E11	0	255	61721	0.51042619270813749	57	57	47	33	0.2235294117647059	0.7503181702229638	0.5243061800077307	23.398056757267742	-148827.43399498	-435.19965549460176	-1.0734805587692677	complete	
10954	01	socialdoors	1	sub-10954_ses-01_task-socialdoors_run-1	syngo MR E11	E11	0	218	62115	0.47195963279253805	43	43	37	25	0.19724770642201836	0.7151291188399407	0.5580844294200146	15.805772905433521	-148231.03015710073	-458.8154207567304	-1.2017685661550388	complete	
10954	01	trust	1	sub-10954_ses-01_task-trust_run-1	syngo MR E11	E11	0	280	62377	0.42243819519408138	58	58	50	36	0.20714285714285716	0.7631485770365166	0.5498392545111636	22.434426314191278	-146934.00410150306	-423.3495052547782	-0.9214353436811213	complete	
10954	01	trust	2	sub-10954_ses-01_task-trust_run-2	syngo MR E11	E11	0	280	60892	0.45607239241090231	57	57	49	34	0.20357142857142857	0.7612186645334031	0.5720773615814431	20.318472409784565	-149102.45725554263	-413.5739265479505	-0.7989035468123277	complete	
10954	01	ugr	1	sub-10954_ses-01_task-ugr_run-1	syngo MR E11	E11	1	240	62017	0.17536793472892639	24	24	21	15	0.100418410041841	0.525563400184877	0.4441487946257777	11.767989673231682	-149549.04575683214	-460.8450017634131	-0.5719109228141305	complete	
10954	01	ugr	2	sub-10954_ses-01_task-ugr_run-2	syngo MR E11	E11	1	240	61873	0.28186936626785369	31	31	27	18	0.1297071129707113	0.5975568762781635	0.48235619492680143	13.709321807059268	-149598.24433953187	-461.44625883279735	-1.0150712928076162	complete	
10956	01	doors	1	sub-10956_ses-01_task-doors_run-1	syngo MR E11	E11	2	218	78028	0.090803344881060427	27	27	23	18	0.125	0.49230887438072823	0.3799560064135566	12.521410909031493	-175066.6906170502	-578.8498004812237	-3.1309652271828656	complete	
10956	01	sharedreward	1	sub-10956_ses-01_task-sharedreward_run-1	syngo MR E11	E11	1	255	78223	0.083617596455024562	27	27	24	18	0.1062992125984252	0.46371424560009206	0.35609994310277965	11.497691969889647	-174961.23741812064	-579.7801731773362	-2.677266200580322	complete	
10956	01	sharedreward	2	sub-10956_ses-01_task-sharedreward_run-2	syngo MR E11	E11	2	255	78080	0.089856009165255463	30	30	27	19	0.11857707509881422	0.4558985854518748	0.32664672624082103	16.318901018374575	-175082.12548624678	-585.8934807824514	-2.837792957815616	complete	
10956	01	socialdoors	1	sub-10956_ses-01_task-socialdoors_run-1	syngo MR E11	E11	3	218	78108	0.086648399318408439	25	25	23	17	0.11627906976744186	0.3869379984361218	0.27259289616402554	18.17460066532941	-174968.92994752366	-588.6187351466564	-2.7368881960013267	complete	
10956	01	trust	1	sub-10956_ses-01_task-trust_run-1	syngo MR E11	E11	1	280	78094	0.076932138569997463	25	25	23	17	0.08960573476702509	0.4557801937660971	0.36855246078257187	10.109228035854454	-175554.44960544372	-581.9050981446206	-2.986045568840497	complete	
10956	01	trust	2	sub-10956_ses-01_task-trust_run-2	syngo MR E11	E11	2	280	78167	0.077907986380300429	28	28	26	16	0.10071942446043165	0.36538796720486266	0.2459054129209065	19.92108038334915	-174856.00253790323	-592.4897654175675	-3.037359607151217	complete	
10956	01	ugr	1	sub-10956_ses-01_task-ugr_run-1	syngo MR E11	E11	2	240	77898	0.091625520247450423	28	28	25	18	0.11764705882352941	0.5001821028865343	0.39242448329311064	10.461823860805191	-174981.18299964498	-587.6891046703531	-2.649190202155012	complete	
10956	01	ugr	2	sub-10956_ses-01_task-ugr_run-2	syngo MR E11	E11	2	240	77924	0.093376133507715842	33	33	31	21	0.13865546218487396	0.5608929570122333	0.43600886603783456	11.966236509405576	-174868.7355799354	-587.9857690105719	-3.1155084856713877	complete	
10958	01	doors	1	sub-10958_ses-01_task-doors_run-1	syngo MR E11	E11	3	218	69566	0.11308877028849949	30	30	24	17	0.13953488372093023	0.550578297792382	0.4351930682744395	12.138184303104653	-170782.6900492923	-528.7665219449916	-1.1294981700364715	complete	
10958	01	sharedreward	1	sub-10958_ses-01_task-sharedreward_run-1	syngo MR E11	E11	2	255	69426	0.15777815671624515	40	40	34	22	0.15810276679841898	0.6649924582203075	0.5317523888036897	11.560768997964953	-171564.35613814133	-518.3974465423317	-1.1412480899254929	complete	
10958	01	sharedreward	2	sub-10958_ses-01_task-sharedreward_run-2	syngo MR E11	E11	1	255	69600	0.28841694678240981	52	52	44	29	0.2047244094488189	0.7192391051165198	0.5288917505835387	18.923008666589276	-170805.73582425443	-489.07816344782475	-1.070788052881182	complete	
10958	01	socialdoors	1	sub-10958_ses-01_task-socialdoors_run-1	syngo MR E11	E11	2	218	70001	0.17599984369910959	34	34	30	22	0.1574074074074074	0.6991802614374442	0.5824498151810866	10.469158184881758	-170440.66829391907	-507.9601691213801	-1.3824689365103544	complete	
10958	01	trust	1	sub-10958_ses-01_task-trust_run-1	syngo MR E11	E11	2	280	69749	0.23651955326338397	49	49	43	30	0.17625899280575538	0.7786153057923881	0.6402181208625043	12.034346500404071	-170291.39214521367	-459.10366372798427	-1.5693484569880505	complete	
10958	01	trust	2	sub-10958_ses-01_task-trust_run-2	syngo MR E11	E11	1	280	69077	0.41441008577295002	71	71	62	43	0.25448028673835127	0.8103491024780695	0.5517349383956693	26.862655233048997	-171800.7669862646	-477.19518763738233	-1.7235526294089174	complete	
10958	01	ugr	1	sub-10958_ses-01_task-ugr_run-1	syngo MR E11	E11	3	240	69890	0.17468047998568692	40	40	33	23	0.16877637130801687	0.6370361695716259	0.4819260780981577	15.578419008621037	-170182.7259436106	-514.9104432576568	-1.3408658759205434	complete	
10958	01	ugr	2	sub-10958_ses-01_task-ugr_run-2	syngo MR E11	E11	0	240	69829	0.26139487909228637	55	55	48	32	0.22916666666666666	0.7757300352958694	0.5875877357021728	17.669422154997758	-170097.02277766037	-458.39103177256	-1.6653426701985836	complete	
10961	01	doors	1	sub-10961_ses-01_task-doors_run-1	syngo MR E11	E11	2	218	73081	0.13378699113602641	28	28	25	18	0.12962962962962962	0.45201868855276645	0.33082673302298604	14.610675392381438	-138537.63195970052	-508.5051973509796	-1.405365794976572	complete	
10961	01	sharedreward	1	sub-10961_ses-01_task-sharedreward_run-1	syngo MR E11	E11	2	255	73153	0.12544070343299865	27	27	24	16	0.1067193675889328	0.3990566940512692	0.2864439850636967	15.919118950166009	-138738.52356321865	-514.9405450745355	-1.7849451554286817	complete	
10961	01	sharedreward	2	sub-10961_ses-01_task-sharedreward_run-2	syngo MR E11	E11	2	255	73045	0.12755177762582084	25	25	23	15	0.09881422924901186	0.421933037047327	0.32677024299123814	13.257610067524272	-138646.38048207655	-514.2711608888097	-1.7160416562171368	complete	
10961	01	socialdoors	1	sub-10961_ses-01_task-socialdoors_run-1	syngo MR E11	E11	1	218	73132	0.12734707300443276	26	26	23	17	0.11981566820276497	0.4061963719692716	0.2893618076764632	17.555459126021173	-138962.42397014383	-507.2303324452948	-1.3721322727104024	complete	
10961	01	trust	1	sub-10961_ses-01_task-trust_run-1	syngo MR E11	E11	2	280	73057	0.12585589533608713	25	25	23	16	0.08992805755395683	0.3566720440180009	0.2545028187773716	18.31303764279211	-139351.66306614055	-513.7783753863145	-1.6282758351452649	complete	
10961	01	trust	2	sub-10961_ses-01_task-trust_run-2	syngo MR E11	E11	2	280	73088	0.12355065584162808	25	25	24	16	0.08992805755395683	0.3462798833526194	0.2439193237761363	18.286737435051055	-139130.32978539407	-512.9992482723384	-1.7633910712566556	complete	
10961	01	ugr	1	sub-10961_ses-01_task-ugr_run-1	syngo MR E11	E11	2	240	73020	0.13606476798378955	27	27	24	18	0.1134453781512605	0.4131959546207046	0.2960303087653021	16.70908410122439	-138861.92988672783	-507.72961239047095	-1.5486187847013595	complete	
10961	01	ugr	2	sub-10961_ses-01_task-ugr_run-2	syngo MR E11	E11	2	240	72832	0.15080543159606583	28	28	25	17	0.11764705882352941	0.4636538852716413	0.3516564197525822	13.094823005708884	-139119.69249013183	-501.6782019694645	-1.6068480268529541	complete	
10964	01	doors	1	sub-10964_ses-01_task-doors_run-1	syngo MR E11	E11	4	218	64639	0.17775528107062175	21	21	19	13	0.09813084112149532	0.5184912961930811	0.45512538647232553	9.437190282650743	-140411.53918196016	-437.275041609357	-0.022778999485904512	complete	
10964	01	sharedreward	1	sub-10964_ses-01_task-sharedreward_run-1	syngo MR E11	E11	2	255	64798	0.18721862005669879	23	23	21	15	0.09090909090909091	0.5557713007712348	0.4881244333638934	10.382329534398204	-139667.1806807999	-432.2746272343413	0.026025155522103948	complete	
10964	01	sharedreward	2	sub-10964_ses-01_task-sharedreward_run-2	syngo MR E11	E11	2	255	64813	0.26875842354055507	28	28	24	16	0.11067193675889328	0.6462482240686097	0.5692621471841556	10.56589213723911	-138775.94821925435	-426.4900751088277	0.11458803259508514	complete	
10964	01	socialdoors	1	sub-10964_ses-01_task-socialdoors_run-1	syngo MR E11	E11	2	218	64778	0.17825037721977838	25	25	23	15	0.11574074074074074	0.656039823143965	0.5894937864455203	7.0203956158111644	-140178.32492922505	-466.44988247485844	-1.2668863816026685	complete	
10964	01	trust	1	sub-10964_ses-01_task-trust_run-1	syngo MR E11	E11	2	280	64900	0.31784911164671414	42	42	40	26	0.1510791366906475	0.7200271730128592	0.5764192592990427	15.268100056260478	-139699.6315032895	-434.76387948723976	-1.001077630026911	complete	
10964	01	trust	2	sub-10964_ses-01_task-trust_run-2	syngo MR E11	E11	1	280	64655	0.27718572660791108	36	36	30	22	0.12903225806451613	0.7155961855930746	0.6175668191414654	10.018989570816888	-140198.53400864088	-441.3854255291876	-0.7511048430877789	complete	
10964	01	ugr	1	sub-10964_ses-01_task-ugr_run-1	syngo MR E11	E11	2	240	64890	0.193557187694021	26	26	24	16	0.1092436974789916	0.601006793011894	0.5203571519025514	9.290454657297849	-140093.01212389217	-454.49239268534393	-1.2117556162792964	complete	
10964	01	ugr	2	sub-10964_ses-01_task-ugr_run-2	syngo MR E11	E11	2	240	64706	0.23537846935471057	29	29	25	17	0.12184873949579832	0.6020606961032063	0.5056459663200008	11.751077966537775	-140483.8808984326	-445.18809789926024	-0.42193321013865637	complete	
10966	01	doors	1	sub-10966_ses-01_task-doors_run-1	syngo MR E11	E11	2	218	67761	0.094962264040686986	24	24	20	15	0.1111111111111111	0.419295677273459	0.3205554707190046	16.378455787231047	-143836.8276821525	-492.99406630138026	-0.36980151435175895	complete	
10966	01	sharedreward	1	sub-10966_ses-01_task-sharedreward_run-1	syngo MR E11	E11	1	255	67560	0.10012095891576904	24	24	22	15	0.09448818897637795	0.49248864324764313	0.40978415452460115	12.328434557559902	-169325.7198567818	-483.4070643086421	-1.573844975712403	complete	
10966	01	sharedreward	2	sub-10966_ses-01_task-sharedreward_run-2	syngo MR E11	E11	2	255	67271	0.17537556418723968	34	34	30	20	0.13438735177865613	0.7002253270075839	0.6044776216697585	9.399728784795542	-169508.19345958024	-477.8833838874025	-2.5377041291365217	complete	
10966	01	socialdoors	1	sub-10966_ses-01_task-socialdoors_run-1	syngo MR E11	E11	1	218	68056	0.078713059442086467	20	20	16	13	0.09216589861751152	0.4046095182252006	0.33589948452034896	11.275127472998292	-143984.40966135575	-502.5274095126129	-0.9156050357351537	complete	
10966	01	trust	1	sub-10966_ses-01_task-trust_run-1	syngo MR E11	E11	0	280	67168	0.10627376694089252	31	31	26	18	0.11071428571428571	0.5858081463117046	0.4872785909843901	11.082983650231517	-170231.2787957264	-490.5633277007271	-2.4350884701057365	complete	
10966	01	trust	2	sub-10966_ses-01_task-trust_run-2	syngo MR E11	E11	1	280	67908	0.10285455617593403	31	31	25	18	0.1111111111111111	0.6482479318462283	0.5665473886714307	8.71948713480645	-169251.02237338974	-469.59848402614676	-1.4245130886808186	complete	
10966	01	ugr	1	sub-10966_ses-01_task-ugr_run-1	syngo MR E11	E11	1	240	67323	0.099016501045415609	25	25	22	15	0.10460251046025104	0.4401489667711761	0.33996232698586226	14.806498773892153	-157125.06145979845	-491.8238216633818	-1.0232797133711513	complete	
10966	01	ugr	2	sub-10966_ses-01_task-ugr_run-2	syngo MR E11	E11	1	240	67710	0.12589595932702746	29	29	26	18	0.12133891213389121	0.5471034594673082	0.4353751635264476	14.866323450815132	-155539.0165625439	-474.0328687341366	-1.033332821365026	complete	
10969	01	doors	1	sub-10969_ses-01_task-doors_run-1	syngo MR E11	E11	2	218	69160	0.075566901558961244	21	21	19	15	0.09722222222222222	0.4923944166949365	0.4229627660888336	9.085380937278144	-165792.65726908087	-558.9135192084731	-1.0431817553483005	complete	
10969	01	sharedreward	1	sub-10969_ses-01_task-sharedreward_run-1	syngo MR E11	E11	2	255	69606	0.064661176071438106	24	24	21	15	0.09486166007905138	0.44391623997150587	0.35849425928576223	12.887450606098108	-164391.4689101741	-544.8676708411426	-1.5498723745504754	complete	
10969	01	sharedreward	2	sub-10969_ses-01_task-sharedreward_run-2	syngo MR E11	E11	3	255	69537	0.054287246836302198	19	19	17	12	0.07539682539682539	0.3522161225621321	0.2912617588643835	11.98339603553973	-165317.48008945864	-565.0203625865188	-1.270927682814974	complete	
10969	01	socialdoors	1	sub-10969_ses-01_task-socialdoors_run-1	syngo MR E11	E11	2	218	69351	0.063490886641461214	20	20	17	14	0.09259259259259259	0.39598636126614695	0.3235489967376099	12.048116997203135	-165313.17145503152	-557.1667752186514	-0.8726326654697175	complete	
10969	01	trust	1	sub-10969_ses-01_task-trust_run-1	syngo MR E11	E11	4	280	69262	0.062583473582562943	22	22	19	14	0.07971014492753623	0.4300731885004395	0.36074481408430353	9.330523335757782	-165701.74627471797	-548.9447851304674	-1.2766713627282826	complete	
10969	01	trust	2	sub-10969_ses-01_task-trust_run-2	syngo MR E11	E11	3	280	69085	0.065317278202242021	22	22	19	14	0.07942238267148015	0.4608735949676761	0.3948889639473762	8.068842076869048	-165098.45445714536	-552.4584651770205	-1.4500273596149358	complete	
10969	01	ugr	1	sub-10969_ses-01_task-ugr_run-1	syngo MR E11	E11	2	240	69272	0.051673461832532512	20	20	18	13	0.08403361344537816	0.39064206893765024	0.32517651335364905	10.383437176523282	-165996.59074703397	-578.468929352003	-1.2722960114505277	complete	
10969	01	ugr	2	sub-10969_ses-01_task-ugr_run-2	syngo MR E11	E11	3	240	69371	0.052893959933991673	19	19	17	11	0.08016877637130802	0.4136424052844135	0.36006144987944905	8.77832625068764	-165518.50450779503	-572.5429657068889	-1.0314181615779643	complete	
10974	01	doors	1	sub-10974_ses-01_task-doors_run-1	syngo MR E11	E11	2	218	70372	0.25657196389477926	48	48	43	29	0.2222222222222222	0.7259469817765851	0.5249081281478953	19.871063887111802	-147483.72394075716	-484.73767224038227	-3.530587326392615	complete	
10974	01	sharedreward	1	sub-10974_ses-01_task-sharedreward_run-1	syngo MR E11	E11	2	255	70481	0.49328096957988399	84	84	74	51	0.33201581027667987	0.8486742363107479	0.5517052308288206	29.42496869990777	-146257.33788435845	-442.7848423347003	-2.600542300417996	complete	
10974	01	sharedreward	2	sub-10974_ses-01_task-sharedreward_run-2	syngo MR E11	E11	2	255	70423	0.29307406467256286	57	57	50	36	0.22529644268774704	0.7218917821908275	0.4671981978779479	26.425772861811964	-146985.51353124657	-480.75967593265574	-3.0716108685483117	complete	
10974	01	socialdoors	1	sub-10974_ses-01_task-socialdoors_run-1	syngo MR E11	E11	1	218	70415	0.68619709433069664	82	82	75	59	0.3778801843317972	0.8766365962978283	0.5142603782947808	34.46364386881213	-147433.12121728467	-414.970219437524	-2.93625652658496	complete	
10974	01	trust	1	sub-10974_ses-01_task-trust_run-1	syngo MR E11	E11	1	280	70482	0.67415371051753659	90	90	76	48	0.3225806451612903	0.8420089381671281	0.5325764408825139	32.7156059354661	-147073.41677299427	-444.0325912283061	-1.4756318817931473	complete	
10974	01	trust	2	sub-10974_ses-01_task-trust_run-2	syngo MR E11	E11	1	280	70211	0.82916569699626208	104	104	93	66	0.3727598566308244	0.8876914437528283	0.5328381623185585	36.248063793203826	-148085.26374934916	-404.61136849041617	-2.9912653924332213	complete	
10974	01	ugr	1	sub-10974_ses-01_task-ugr_run-1	syngo MR E11	E11	2	240	70462	0.56993382141866988	86	86	75	49	0.36134453781512604	0.8569713930750652	0.554125430263843	29.732410467400655	-147919.2116965099	-463.4964033629948	-1.8467730532053817	complete	
10974	01	ugr	2	sub-10974_ses-01_task-ugr_run-2	syngo MR E11	E11	1	240	70630	0.34848537291249959	63	63	55	37	0.26359832635983266	0.7834306096190725	0.5241072384396533	25.90863950634008	-147540.3600580464	-474.509533255978	-3.2659864524282733	complete	
10974	02	doors	1	sub-10974_ses-02_task-doors_run-1	syngo MR XA60	XA60	2	218	69972	0.15009682559809462	22	22	19	10	0.10185185185185185	0.5466673808245073	0.4136114562790669	16.226513124633385	-295332.5259783495	-608.3289832968621	2.332704645689542	complete	
10974	02	socialdoors	1	sub-10974_ses-02_task-socialdoors_run-1	syngo MR XA60	XA60	0	218	69925	0.17940851531175936	28	28	21	13	0.12844036697247707	0.6142706021607952	0.42926632090324135	19.421051193790163	-295715.0470588992	-565.0803958485016	1.5335872226419258	complete	
10974	02	ugr	1	sub-10974_ses-02_task-ugr_run-1	syngo MR XA60	XA60	1	240	69924	0.13271150343822688	24	24	18	10	0.100418410041841	0.5679464293061296	0.42084528458778625	16.750473299911498	-297786.2329838908	-634.454439285665	1.354436795358848	complete	
10974	02	ugr	2	sub-10974_ses-02_task-ugr_run-2	syngo MR XA60	XA60	1	240	69925	0.17638017520008503	26	26	20	11	0.1087866108786611	0.5804974962732	0.4169735665181071	18.555822847679856	-298177.1344759572	-582.6858971377159	2.5453590610816947	complete	
10977	01	doors	1	sub-10977_ses-01_task-doors_run-1	syngo MR E11	E11	1	218	74063	0.095279609183090128	19	19	17	10	0.08755760368663594	0.3451594557379303	0.28264537150152497	12.349203773022923	-153699.7867814513	-442.9977935732668	-2.4401026832083446	complete	
10977	01	sharedreward	1	sub-10977_ses-01_task-sharedreward_run-1	syngo MR E11	E11	3	255	73956	0.094264115274320839	20	20	18	13	0.07936507936507936	0.36647859922292675	0.30061464389417275	11.819363231127475	-153746.7669594847	-444.42821612005406	-1.8971263269618794	complete	
10977	01	sharedreward	2	sub-10977_ses-01_task-sharedreward_run-2	syngo MR E11	E11	3	255	74087	0.089237261567586698	15	15	14	10	0.05952380952380952	0.24515363765981166	0.21189535845306812	10.871911123024788	-153499.93068049476	-453.29205750804886	-2.5563831010934863	complete	
10977	01	socialdoors	1	sub-10977_ses-01_task-socialdoors_run-1	syngo MR E11	E11	4	218	73990	0.088651124569065459	19	19	17	12	0.08878504672897196	0.3259362895774962	0.2610714334784763	13.373498980997406	-153646.99607643622	-452.494382034443	-2.636607781032995	complete	
10977	01	trust	1	sub-10977_ses-01_task-trust_run-1	syngo MR E11	E11	2	280	74078	0.15420232979097276	39	39	34	24	0.14028776978417265	0.6623368126845535	0.5252886123011802	10.457120418272488	-153573.7442776248	-382.44016362254547	-1.1603630689004403	complete	
10977	01	ugr	1	sub-10977_ses-01_task-ugr_run-1	syngo MR E11	E11	2	240	73740	0.097120720200020119	17	17	16	12	0.07142857142857142	0.340153774555337	0.29434263732417515	9.308741003648642	-154860.46016001434	-453.34642429248544	-3.056144251271435	complete	
10977	01	ugr	2	sub-10977_ses-01_task-ugr_run-2	syngo MR E11	E11	3	240	73164	0.099883359841409586	16	16	15	12	0.06751054852320675	0.2637508862807113	0.22030973223025743	12.723888383268864	-155428.838352089	-458.7273017676632	-3.2828747226749972	complete	
10979	01	doors	1	sub-10979_ses-01_task-doors_run-1	syngo MR E11	E11	4	218	78513	0.1219268876447055	23	23	23	15	0.10747663551401869	0.3795430519970655	0.2828343983505487	16.55989915310067	-148810.61207362378	-497.28959793834173	-2.7364440643338015	complete	
10979	01	sharedreward	1	sub-10979_ses-01_task-sharedreward_run-1	syngo MR E11	E11	2	255	78398	0.10655026560645493	26	26	23	16	0.10276679841897234	0.39259937636548586	0.2898032255334252	16.287704431361085	-149083.2481480616	-504.3843101775559	-3.530110968378201	complete	
10979	01	sharedreward	2	sub-10979_ses-01_task-sharedreward_run-2	syngo MR E11	E11	2	255	78387	0.1060140640496204	25	25	21	14	0.09881422924901186	0.3612880008393132	0.2629904373896949	17.13169685673909	-149246.90337703435	-507.4349779350283	-3.2147064434655483	complete	
10979	01	socialdoors	1	sub-10979_ses-01_task-socialdoors_run-1	syngo MR E11	E11	2	218	78324	0.11459829874627578	23	23	21	15	0.10648148148148148	0.40267745197534444	0.3099752495291397	14.561949852161707	-149448.65849558392	-497.10039423168286	-2.4660472834086935	complete	
10979	01	trust	1	sub-10979_ses-01_task-trust_run-1	syngo MR E11	E11	1	280	78841	0.11268952088950739	27	27	23	18	0.0967741935483871	0.42019653352837455	0.3202034418267704	13.41621844354725	-148690.81547052815	-505.62503619771286	-3.3208804984782816	complete	
10979	01	trust	2	sub-10979_ses-01_task-trust_run-2	syngo MR E11	E11	2	280	78575	0.090725385991672153	23	23	22	16	0.08273381294964029	0.34245679120343503	0.2544525654531558	16.373100750611403	-148761.3213133726	-511.5994397342219	-2.9673318188928386	complete	
10983	01	doors	1	sub-10983_ses-01_task-doors_run-1	syngo MR E11	E11	1	218	71483	0.18423037605940829	31	31	27	19	0.14285714285714285	0.5628134248387846	0.4326793401130987	14.327633662259583	-137953.18492487163	-462.7856638653315	0.23091910974450583	complete	
10983	01	sharedreward	1	sub-10983_ses-01_task-sharedreward_run-1	syngo MR E11	E11	1	255	71183	0.2639664951293989	33	33	28	20	0.12992125984251968	0.5780305665668531	0.4506721281062224	13.381557930187602	-139009.18566824487	-457.4959069430834	-0.12353375717624178	complete	
10983	01	sharedreward	2	sub-10983_ses-01_task-sharedreward_run-2	syngo MR E11	E11	0	255	71646	0.29352879544845961	37	37	32	21	0.1450980392156863	0.6392127792327638	0.5063749355328538	13.667245455701458	-138427.94321491488	-447.0245869153048	-0.09373103473824722	complete	
10983	01	socialdoors	1	sub-10983_ses-01_task-socialdoors_run-1	syngo MR E11	E11	1	218	71378	0.16369218489345316	24	24	22	17	0.11059907834101383	0.4962873129764791	0.4070768710628745	9.309364825697823	-139059.50879664536	-472.33827599192085	-0.021774211950712496	complete	
10983	01	trust	1	sub-10983_ses-01_task-trust_run-1	syngo MR E11	E11	0	280	71207	0.19113847541256804	27	27	25	15	0.09642857142857143	0.48541987539371645	0.39507178867775417	10.359480787547701	-139198.85727875566	-481.4600051825818	0.170320410039702	complete	
10983	01	trust	2	sub-10983_ses-01_task-trust_run-2	syngo MR E11	E11	1	280	71421	0.41212359122553827	55	55	47	33	0.1971326164874552	0.7288731381141477	0.5311627017426555	20.61210413535206	-138562.7773795544	-442.4921777043254	-0.11850666764341518	complete	
10983	01	ugr	1	sub-10983_ses-01_task-ugr_run-1	syngo MR E11	E11	1	240	71479	0.24073324635390289	30	30	26	17	0.12552301255230125	0.5831659031594654	0.4819872860804173	11.415877881805786	-138431.21350222177	-465.1825450823351	-0.20088453142587873	complete	
10983	01	ugr	2	sub-10983_ses-01_task-ugr_run-2	syngo MR E11	E11	1	240	71231	0.19684809315900309	26	26	23	16	0.1087866108786611	0.5653898595114449	0.47848672676492454	10.089854317510547	-138086.96697888232	-471.5151130677571	0.03307681121475648	complete	
10984	01	doors	1	sub-10984_ses-01_task-doors_run-1	syngo MR E11	E11	2	218	82362	0.15087115894301267	34	34	29	20	0.1574074074074074	0.6128990717160004	0.49036929078108155	11.561238313806047	-136433.65324770947	-465.5643851069667	-2.4656406073128974	complete	
10984	01	sharedreward	1	sub-10984_ses-01_task-sharedreward_run-1	syngo MR E11	E11	1	255	82700	0.18152589163552627	33	33	29	22	0.12992125984251968	0.6443399558015858	0.5402283939691425	10.921245122378572	-136199.07914322056	-437.74956232045076	-1.6791937071469023	complete	
10984	01	sharedreward	2	sub-10984_ses-01_task-sharedreward_run-2	syngo MR E11	E11	2	255	82753	0.23389962521367325	41	41	35	24	0.16205533596837945	0.6989202807609863	0.5741182806771716	11.985411012206947	-135650.4716336348	-437.58885261937604	-2.5862601547493984	complete	
10984	01	socialdoors	1	sub-10984_ses-01_task-socialdoors_run-1	syngo MR E11	E11	1	218	82736	0.17338303451345102	33	33	29	20	0.15207373271889402	0.6516456404262796	0.5400816543920515	10.307443803270186	-135912.59860307287	-450.6839511064593	-1.851421561447701	complete	
10984	01	trust	1	sub-10984_ses-01_task-trust_run-1	syngo MR E11	E11	1	280	82564	0.20296896810100645	44	44	40	28	0.15770609318996415	0.6888980625280062	0.5503927431421561	13.298330203531796	-136231.24876899956	-434.71191887240167	-2.412990278736514	complete	
10984	01	trust	2	sub-10984_ses-01_task-trust_run-2	syngo MR E11	E11	1	280	82671	0.25799469467836145	45	45	39	25	0.16129032258064516	0.6875099412421112	0.5424277312213781	15.10697166736991	-135860.2164472995	-431.9059462266371	-2.29077707079525	complete	
10984	01	ugr	1	sub-10984_ses-01_task-ugr_run-1	syngo MR E11	E11	2	240	83051	0.14339770659257184	28	28	24	19	0.11764705882352941	0.5417975794520984	0.44609938102684915	11.06168597285768	-136410.36019754602	-478.34972784395	-1.7334371805406945	complete	
10984	01	ugr	2	sub-10984_ses-01_task-ugr_run-2	syngo MR E11	E11	1	240	82828	0.15315567867409391	30	30	27	19	0.12552301255230125	0.5443389774837313	0.43130522084832534	12.850615619370268	-136355.64756951042	-460.99749745734016	-1.648527868690908	complete	
10998	01	doors	1	sub-10998_ses-01_task-doors_run-1	syngo MR E11	E11	0	218	77738	0.098921813658042229	34	34	30	19	0.1559633027522936	0.5865763093726473	0.4509984321901531	12.210842718737707	-171815.52571501775	-541.011075089333	-2.0447006886073886	complete	
10998	01	sharedreward	1	sub-10998_ses-01_task-sharedreward_run-1	syngo MR E11	E11	2	255	77766	0.099825472599562398	30	30	27	17	0.11857707509881422	0.41746873219904657	0.28758456867320537	20.443171575123102	-171954.42458606145	-560.215599336765	-1.064154938297277	complete	
10998	01	sharedreward	2	sub-10998_ses-01_task-sharedreward_run-2	syngo MR E11	E11	1	255	77747	0.1083571151265786	37	37	31	22	0.14566929133858267	0.5765329469812694	0.4329672159248006	14.777006111575387	-172077.1422990156	-544.1041470830385	-1.575139813468224	complete	
10998	01	socialdoors	1	sub-10998_ses-01_task-socialdoors_run-1	syngo MR E11	E11	2	218	77469	0.095153989229139244	33	33	28	19	0.1527777777777778	0.4981099762072256	0.337239733000235	20.00882616514446	-172254.34672291364	-557.0105417659403	-1.4955954475048567	complete	
10998	01	trust	1	sub-10998_ses-01_task-trust_run-1	syngo MR E11	E11	2	280	77862	0.11890311264289502	41	41	33	22	0.1474820143884892	0.6050354590753735	0.4572024733549397	12.888361869058846	-173466.32036642008	-554.8866351198004	-1.6864224876267242	complete	
10998	01	trust	2	sub-10998_ses-01_task-trust_run-2	syngo MR E11	E11	1	280	77820	0.1072699680249119	37	37	31	21	0.13261648745519714	0.5115721436685678	0.36026637360654423	17.379589003999534	-172659.69914299523	-559.8485529001856	-1.5764168491268495	complete	
10998	01	ugr	1	sub-10998_ses-01_task-ugr_run-1	syngo MR E11	E11	1	240	77725	0.10990701077388487	41	41	34	19	0.17154811715481172	0.5686127890762237	0.3915481491500003	20.197276281363642	-171244.81257223466	-540.7357507775374	-1.59349664844689	complete	
10998	01	ugr	2	sub-10998_ses-01_task-ugr_run-2	syngo MR E11	E11	1	240	77800	0.11321067975430774	40	40	32	20	0.16736401673640167	0.6914520175818293	0.5743438084425315	8.503510732578624	-170622.2509405432	-511.70185199460866	-1.9436848351030782	complete	
11005	01	doors	1	sub-11005_ses-01_task-doors_run-1	syngo MR E11	E11	0	218	73612	0.77608016184099049	87	87	79	56	0.39908256880733944	0.941830423721791	0.7318281924752136	17.816725333584532	-115476.71216077819	-177.091854498544	2.0954082264018123	complete	
11005	01	sharedreward	1	sub-11005_ses-01_task-sharedreward_run-1	syngo MR E11	E11	0	255	73566	0.52691377352962199	79	79	70	49	0.30980392156862746	0.8544693349543022	0.587669776685817	24.92012290771807	-121718.32665653304	-361.115832084691	-0.2972941383654521	complete	
11005	01	sharedreward	2	sub-11005_ses-01_task-sharedreward_run-2	syngo MR E11	E11	0	255	73660	1.2701539352431659	134	134	123	94	0.5254901960784314	0.9470682788724605	0.5073929995914686	46.586728668188336	-122808.34918009593	-239.09470828110113	1.8363569566317097	complete	
11005	01	socialdoors	1	sub-11005_ses-01_task-socialdoors_run-1	syngo MR E11	E11	1	218	73897	3.3672729983830529	165	165	155	126	0.7603686635944701	0.9814251131882723	0.47965969164333416	55.206487072063105	-125693.99128919144	-217.74671906433716	1.4196132478589703	complete	
11005	01	trust	1	sub-11005_ses-01_task-trust_run-1	syngo MR E11	E11	1	280	73695	0.26979287280912279	53	53	46	31	0.18996415770609318	0.7394650312065081	0.576231837632123	14.498301204535096	-120764.01700343215	-452.18821907711174	-0.7036002235261823	complete	
11005	01	trust	2	sub-11005_ses-01_task-trust_run-2	syngo MR E11	E11	1	280	73690	0.29340966728140738	54	54	48	33	0.1935483870967742	0.7790365140521697	0.6146334146301878	14.351539404365196	-120073.55852630893	-406.7753091747551	-0.6457714926215139	complete	
11005	01	ugr	1	sub-11005_ses-01_task-ugr_run-1	syngo MR E11	E11	0	240	73116	2.159183386092975	151	151	136	104	0.6291666666666667	0.9683822503776831	0.5234870007913832	45.40541046794837	-125279.74037642372	-217.38872930989967	2.1756211295149117	complete	
11005	01	ugr	2	sub-11005_ses-01_task-ugr_run-2	syngo MR E11	E11	0	240	75283	1.3630169021154832	139	139	126	88	0.5791666666666667	0.9481891710098888	0.5041910723281696	46.92039224600792	-128735.26624783486	-272.4460973036423	3.081845625261775	complete	
11007	01	doors	1	sub-11007_ses-01_task-doors_run-1	syngo MR E11	E11	4	218	67874	0.20868357797844017	28	28	24	18	0.1308411214953271	0.6447251480764327	0.5539506487788665	8.5084295030667	-147931.5462908226	-447.08069190108637	0.2305120185644109	complete	
11007	01	sharedreward	1	sub-11007_ses-01_task-sharedreward_run-1	syngo MR E11	E11	2	255	68046	0.1961782513073006	23	23	20	17	0.09090909090909091	0.5921637656085595	0.5303839932419614	9.309505473560556	-146968.11347063645	-442.12719326389714	0.8395237878827116	complete	
11007	01	sharedreward	2	sub-11007_ses-01_task-sharedreward_run-2	syngo MR E11	E11	2	255	68177	0.4993431787497154	54	54	48	37	0.2134387351778656	0.782861692171293	0.5541916360613147	20.543339783332794	-146579.7211306537	-407.4644978615606	0.29354773653094407	complete	
11007	01	socialdoors	1	sub-11007_ses-01_task-socialdoors_run-1	syngo MR E11	E11	2	218	68219	0.17755954611050973	26	26	23	14	0.12037037037037036	0.6031156502154841	0.5255389583651956	9.546449445003283	-146742.0763910753	-453.9626052240202	0.5366682296604386	complete	
11007	01	trust	1	sub-11007_ses-01_task-trust_run-1	syngo MR E11	E11	2	280	68607	0.17509599658896391	21	21	18	13	0.07553956834532374	0.47912475432985746	0.4231945473877132	8.950746748985813	-145516.58117577736	-460.0790025710558	1.1752527209803572	complete	
11007	01	trust	2	sub-11007_ses-01_task-trust_run-2	syngo MR E11	E11	2	280	68703	0.2095918138475836	27	27	24	17	0.09712230215827339	0.64682268871645	0.5815625733283266	8.483113657224008	-145488.00964792137	-459.00828456786	0.4781099309993889	complete	
11007	01	ugr	1	sub-11007_ses-01_task-ugr_run-1	syngo MR E11	E11	4	240	67810	0.23130630531150309	29	29	27	17	0.1228813559322034	0.6552129386411244	0.5676682303159418	8.418761952050899	-148429.34452195143	-454.64775608762653	0.3055285891868104	complete	
11007	01	ugr	2	sub-11007_ses-01_task-ugr_run-2	syngo MR E11	E11	2	240	67655	0.32869228557878211	45	45	38	27	0.18907563025210083	0.7493292343076208	0.6026177960538938	15.281690275818391	-147859.1020269454	-426.16348107696484	-0.031073529605228897	complete	
11012	01	doors	1	sub-11012_ses-01_task-doors_run-1	syngo MR E11	E11	1	218	71598	0.15594123506377999	28	28	26	18	0.12903225806451613	0.640791492566748	0.54926476201191	8.766755061800703	-138979.21739389616	-520.5624083843851	-1.7196466364298715	complete	
11012	01	sharedreward	1	sub-11012_ses-01_task-sharedreward_run-1	syngo MR E11	E11	2	255	71744	0.15034377964378878	31	31	25	18	0.1225296442687747	0.6424130252885873	0.5566146831952544	8.813934640279287	-138769.7326014978	-519.6159567604103	-1.6413103999888463	complete	
11012	01	sharedreward	2	sub-11012_ses-01_task-sharedreward_run-2	syngo MR E11	E11	2	255	71868	0.13948159364755272	26	26	23	15	0.10276679841897234	0.5195460671686297	0.43065321584649763	10.524885456602808	-137669.8435817638	-532.0563328901636	-0.9605517342014965	complete	
11012	01	socialdoors	1	sub-11012_ses-01_task-socialdoors_run-1	syngo MR E11	E11	5	218	71617	0.14881383529460446	29	29	24	19	0.13615023474178403	0.6266317448068599	0.5309509608535243	10.6316769770402	-138959.47429022592	-555.6700880245871	-1.8267258559986563	complete	
11012	01	trust	1	sub-11012_ses-01_task-trust_run-1	syngo MR E11	E11	2	280	71833	0.13773586006116179	29	29	25	18	0.10431654676258993	0.630590250211458	0.5536120862027568	8.224994136935326	-139375.00781525127	-524.2359252132907	-1.7757052828317315	complete	
11012	01	trust	2	sub-11012_ses-01_task-trust_run-2	syngo MR E11	E11	5	280	71656	0.1184745882914368	26	26	24	15	0.09454545454545454	0.4511970953162061	0.359534198395668	13.24865499205748	-138843.35846025115	-530.0826070122662	-0.5997184709156658	complete	
11012	01	ugr	1	sub-11012_ses-01_task-ugr_run-1	syngo MR E11	E11	2	240	71573	0.16114231393658104	26	26	23	15	0.1092436974789916	0.5940578380975078	0.5199156247593631	7.836096721740297	-138327.00930735978	-514.8936115168	-1.0723029632348455	complete	
11012	01	ugr	2	sub-11012_ses-01_task-ugr_run-2	syngo MR E11	E11	1	240	71586	0.13049565465967908	25	25	22	15	0.10460251046025104	0.5794544685109614	0.5096973967411017	7.896487668540608	-138600.52056199466	-516.0619832729595	-0.9815552088622572	complete	
11012	02	doors	1	sub-11012_ses-02_task-doors_run-1	syngo MR XA60	XA60	1	218	71801	0.14706738495299718	35	35	29	20	0.16129032258064516	0.6255664265688285	0.48581555693990586	16.469426005191895	-283136.42172440776	-810.6519118878398	-1.7982444263304982	complete	
11012	02	socialdoors	1	sub-11012_ses-02_task-socialdoors_run-1	syngo MR XA60	XA60	2	218	71241	0.17176015713281559	34	34	30	21	0.1574074074074074	0.6039000808431992	0.4585616130400154	18.164712317522948	-284884.23630184354	-821.5796469770986	-1.3053455119528148	complete	
11012	02	ugr	1	sub-11012_ses-02_task-ugr_run-1	syngo MR XA60	XA60	1	240	71544	0.17082405746125651	50	50	45	30	0.20920502092050208	0.71005093387972	0.5038653010412854	20.264324658014303	-282940.8771096828	-711.06208007819	-0.9318092910046528	complete	
11012	02	ugr	2	sub-11012_ses-02_task-ugr_run-2	syngo MR XA60	XA60	5	240	71298	0.18702593614779978	57	57	49	34	0.2425531914893617	0.7010076249955265	0.43554526958795053	30.290557031514908	-282909.2048738478	-691.0543896383826	-0.2717181549676968	complete	
11016	01	doors	1	sub-11016_ses-01_task-doors_run-1	syngo MR E11	E11	1	218	66160	0.10490630467251652	25	25	23	16	0.1152073732718894	0.4924671608096306	0.39344653980037375	10.520673231240494	-170784.4756459879	-611.2156445463042	-1.701387781593608	complete	
11016	01	sharedreward	1	sub-11016_ses-01_task-sharedreward_run-1	syngo MR E11	E11	2	255	65612	0.098654263740617143	25	25	23	16	0.09881422924901186	0.5309113831715077	0.447890110307433	7.332812594265298	-171236.82495214784	-606.038215043723	-2.049159968564905	complete	
11016	01	sharedreward	2	sub-11016_ses-01_task-sharedreward_run-2	syngo MR E11	E11	2	255	65996	0.10682527714120532	28	28	26	17	0.11067193675889328	0.5261352701748858	0.4233699503486622	11.66005537459872	-170406.71268595656	-608.8888746982894	-1.638366849240066	complete	
11016	01	socialdoors	1	sub-11016_ses-01_task-socialdoors_run-1	syngo MR E11	E11	1	218	66362	0.090109005316701796	25	25	24	19	0.1152073732718894	0.4578166595904434	0.34884770317924735	12.986258856341337	-169361.09726670507	-621.1179982826428	-1.5390920086987923	complete	
11016	01	trust	1	sub-11016_ses-01_task-trust_run-1	syngo MR E11	E11	2	280	66077	0.11196496001522821	31	31	27	18	0.11151079136690648	0.5251355679566164	0.4095243054320408	10.74338024688268	-171455.85024396743	-602.8590816994339	-1.6689170481004407	complete	
11016	01	trust	2	sub-11016_ses-01_task-trust_run-2	syngo MR E11	E11	1	280	66157	0.11967589955992627	32	32	27	19	0.11469534050179211	0.502190930522596	0.3722514491005537	13.214183662221254	-170494.69753531195	-614.3377214203953	-1.9776534672712978	complete	
11016	01	ugr	1	sub-11016_ses-01_task-ugr_run-1	syngo MR E11	E11	2	240	66213	0.11768830898022538	30	30	28	20	0.12605042016806722	0.6044738271927982	0.49840632097909465	10.28897858590331	-170059.32329253512	-591.141246139325	-2.075101933625519	complete	
11016	01	ugr	2	sub-11016_ses-01_task-ugr_run-2	syngo MR E11	E11	1	240	65621	0.18661440265331009	46	46	41	26	0.19246861924686193	0.6859399290878142	0.5044758611247638	17.096939397400536	-172003.0490772555	-567.1071796444193	-2.277871798069186	complete	
11021	01	doors	1	sub-11021_ses-01_task-doors_run-1	syngo MR E11	E11	2	218	67170	0.12650513378337214	24	24	22	15	0.1111111111111111	0.45624670228652087	0.35825044813867263	13.291628029387377	-158047.93974191227	-540.7664590974962	-1.166981009371429	complete	
11021	01	sharedreward	1	sub-11021_ses-01_task-sharedreward_run-1	syngo MR E11	E11	2	255	67261	0.13035142325720273	24	24	23	15	0.09486166007905138	0.6092072591634858	0.5459416208285068	6.067596148226824	-157777.44268337867	-542.7885690938931	-1.3494039189314952	complete	
11021	01	sharedreward	2	sub-11021_ses-01_task-sharedreward_run-2	syngo MR E11	E11	2	255	67038	0.13612097744912427	23	23	20	14	0.09090909090909091	0.4426212895337085	0.36367289306661793	11.180846090706101	-157310.6520058655	-538.1982932832967	-0.7691791828893938	complete	
11021	01	socialdoors	1	sub-11021_ses-01_task-socialdoors_run-1	syngo MR E11	E11	2	218	67064	0.13873116286208204	24	24	21	14	0.1111111111111111	0.5142862436005033	0.4311371501273747	8.861126196573592	-157324.74708901503	-536.9037599625086	-0.8104215161891282	complete	
11021	01	trust	1	sub-11021_ses-01_task-trust_run-1	syngo MR E11	E11	2	280	67208	0.13737716308795753	23	23	22	17	0.08273381294964029	0.524464612064655	0.45311823271875223	7.482870138372057	-157156.0936901908	-550.5981512927273	-1.2122404518972396	complete	
11021	01	trust	2	sub-11021_ses-01_task-trust_run-2	syngo MR E11	E11	2	280	67255	0.13856123226833761	24	24	22	15	0.08633093525179857	0.49293904201619776	0.415610372693448	9.458657909117177	-156626.4734107271	-561.0763521357865	-0.9298989124343203	complete	
11021	01	ugr	1	sub-11021_ses-01_task-ugr_run-1	syngo MR E11	E11	3	240	67359	0.10140493429127398	22	22	20	13	0.09282700421940929	0.38567206948649624	0.3037650428388143	13.99679788425649	-157591.84264603766	-533.8524729590912	-0.8690220823220207	complete	
11021	01	ugr	2	sub-11021_ses-01_task-ugr_run-2	syngo MR E11	E11	2	240	67468	0.14176753784636667	26	26	24	13	0.1092436974789916	0.5167911365979525	0.4250522220648885	10.21387462303174	-157311.68886307924	-538.0418884342325	-1.0785538514790924	complete	
11030	01	doors	1	sub-11030_ses-01_task-doors_run-1	syngo MR E11	E11	1	218	75175	0.10413519734631868	27	27	23	17	0.12442396313364056	0.5467176831925242	0.4447423106691822	11.793429724797958	-189241.27834271017	-592.1314939861121	-1.4053059208436254	complete	
11030	01	sharedreward	1	sub-11030_ses-01_task-sharedreward_run-1	syngo MR E11	E11	1	255	75297	0.10737182897603936	28	28	26	17	0.11023622047244094	0.5878843071812299	0.503407445503019	9.336934905283742	-188249.1130325814	-583.5967129669139	-1.5980797492984404	complete	
11030	01	sharedreward	2	sub-11030_ses-01_task-sharedreward_run-2	syngo MR E11	E11	0	255	75375	0.12260618731360357	36	36	29	20	0.1411764705882353	0.7067961152393898	0.6120198449857276	7.588975036065819	-188824.74842793588	-549.3974785671893	-1.5292027733247133	complete	
11030	01	socialdoors	1	sub-11030_ses-01_task-socialdoors_run-1	syngo MR E11	E11	1	218	75442	0.10993550760354902	27	27	23	16	0.12442396313364056	0.6498646940693628	0.5761558028051977	7.549234709670927	-188509.08725163975	-573.8326072416532	-1.900249759034148	complete	
11030	01	trust	1	sub-11030_ses-01_task-trust_run-1	syngo MR E11	E11	0	280	75335	0.12500703370815169	36	36	32	21	0.12857142857142856	0.6319474404659171	0.5213557828654064	11.486958594806875	-188259.98632351152	-565.8787485870218	-1.9650647798160412	complete	
11030	01	trust	2	sub-11030_ses-01_task-trust_run-2	syngo MR E11	E11	1	280	75226	0.1282014485124543	35	35	31	21	0.12544802867383512	0.6182470450033458	0.5025432538060819	13.101510650493129	-188085.03910788507	-568.4343180246204	-1.9955544034324344	complete	
11030	01	ugr	1	sub-11030_ses-01_task-ugr_run-1	syngo MR E11	E11	0	240	75208	0.12901737976949884	34	34	28	20	0.14166666666666666	0.6295527265243004	0.5190751406311958	11.815142554813436	-188655.25802554103	-572.1518380349522	-1.9233532239415376	complete	
11030	01	ugr	2	sub-11030_ses-01_task-ugr_run-2	syngo MR E11	E11	1	240	75271	0.12534057522626127	30	30	27	18	0.12552301255230125	0.5771601509168071	0.4737548841313824	10.819205458412657	-188384.49666606943	-591.55677029393	-1.9580622434631774	complete	
11031	01	doors	1	sub-11031_ses-01_task-doors_run-1	syngo MR E11	E11	3	218	68425	0.15594856391178483	28	28	24	17	0.13023255813953488	0.5764441485560652	0.473441525315925	9.683707465229586	-163770.69294847903	-544.7847496385466	-1.594800736477688	complete	
11031	01	sharedreward	1	sub-11031_ses-01_task-sharedreward_run-1	syngo MR E11	E11	1	255	68862	0.11893312298781744	25	25	22	14	0.0984251968503937	0.481420560903791	0.3976018744409029	10.007434612338546	-162984.9944369321	-556.2638868878183	-1.4997809425316613	complete	
11031	01	sharedreward	2	sub-11031_ses-01_task-sharedreward_run-2	syngo MR E11	E11	1	255	68952	0.13134076110372628	25	25	22	15	0.0984251968503937	0.4690471543145733	0.38120463309854297	11.590261388952483	-162785.22189306482	-548.2123485880603	-1.3804618754155082	complete	
11031	01	socialdoors	1	sub-11031_ses-01_task-socialdoors_run-1	syngo MR E11	E11	2	218	68958	0.12484530971189739	26	26	22	15	0.12037037037037036	0.5369976452825409	0.4438599154088643	8.839991793161596	-162726.4233115454	-547.002568650983	-1.6227517751648894	complete	
11031	01	trust	1	sub-11031_ses-01_task-trust_run-1	syngo MR E11	E11	2	280	68858	0.10194724406979407	24	24	22	14	0.08633093525179857	0.41255047894511915	0.32553876719182917	13.85993018421566	-169898.97641688044	-549.4840092075016	-1.2508483169798088	complete	
11031	01	trust	2	sub-11031_ses-01_task-trust_run-2	syngo MR E11	E11	1	280	68988	0.11025111383577407	26	26	24	15	0.0931899641577061	0.4564270591862768	0.36422752399200725	11.618231625094655	-162841.28672465336	-560.3745367757289	-1.7199571522246808	complete	
11031	01	ugr	1	sub-11031_ses-01_task-ugr_run-1	syngo MR E11	E11	1	240	68652	0.14508289013000764	30	30	26	17	0.12552301255230125	0.6591711214674645	0.5746202156245461	7.301873086063305	-164273.32310822772	-523.3289906311915	-1.9983827762986528	complete	
11031	01	ugr	2	sub-11031_ses-01_task-ugr_run-2	syngo MR E11	E11	1	240	68705	0.14256021834678217	32	32	28	18	0.13389121338912133	0.6278717584227339	0.521608807497148	9.956299135576305	-163874.30789461324	-523.6412576561497	-1.6739282922400798	complete	
11036	01	doors	1	sub-11036_ses-01_task-doors_run-1	syngo MR E11	E11	0	218	70505	0.075413908058331702	31	31	26	13	0.14220183486238533	0.6245981488101114	0.5299783522919341	8.285708026156916	-173929.9254598916	-592.717745542894	-1.7460717306931328	complete	
11036	01	sharedreward	1	sub-11036_ses-01_task-sharedreward_run-1	syngo MR E11	E11	2	255	70460	0.088283524602850022	32	32	28	18	0.12648221343873517	0.5911298177026817	0.4881674842428057	9.294346678226683	-173499.80343384834	-600.6014851667733	-1.7298126604552946	complete	
11036	01	sharedreward	2	sub-11036_ses-01_task-sharedreward_run-2	syngo MR E11	E11	1	255	70445	0.065855408058993897	27	27	23	16	0.1062992125984252	0.4558300519487243	0.35480952400891735	11.814593459886977	-173907.1962153902	-611.4118312083575	-1.9072619669710624	complete	
11036	01	socialdoors	1	sub-11036_ses-01_task-socialdoors_run-1	syngo MR E11	E11	1	218	70361	0.058057029845450442	26	26	23	14	0.11981566820276497	0.4928971541641582	0.3970937549000812	9.62051623938164	-174557.59728810826	-613.1460423741571	-1.618583864635753	complete	
11036	01	trust	1	sub-11036_ses-01_task-trust_run-1	syngo MR E11	E11	1	280	70544	0.084581306106397178	32	32	27	17	0.11469534050179211	0.5439009216073472	0.4394747795944605	9.790060776771055	-173453.13986043909	-591.0537359313511	-1.6389742638575544	complete	
11036	01	trust	2	sub-11036_ses-01_task-trust_run-2	syngo MR E11	E11	1	280	70688	0.0710878625697762	29	29	25	16	0.1039426523297491	0.5088446591183499	0.41534310097908356	9.55673104330468	-172819.5512770412	-602.6301649593232	-1.7702416681784268	complete	
11036	01	ugr	1	sub-11036_ses-01_task-ugr_run-1	syngo MR E11	E11	1	240	70546	0.070456331251847332	30	30	26	15	0.12552301255230125	0.5202833245374425	0.4146653181496873	10.229733149999117	-173400.1451708984	-605.0246978700778	-1.857892837468482	complete	
11036	01	ugr	2	sub-11036_ses-01_task-ugr_run-2	syngo MR E11	E11	2	240	70281	0.087891271781164848	33	33	27	18	0.13865546218487396	0.5305977783079959	0.4026418615381332	12.010836856510108	-173516.0389705378	-611.561416685007	-1.7745984234487036	complete	
11039	01	doors	1	sub-11039_ses-01_task-doors_run-1	syngo MR E11	E11	1	218	66284	0.21132421038553101	31	31	27	19	0.14285714285714285	0.6119184004362271	0.4952274152394346	12.616209537524437	-179244.0155770219	-594.8334793794573	-2.1196933213607223	complete	
11039	01	sharedreward	1	sub-11039_ses-01_task-sharedreward_run-1	syngo MR E11	E11	2	255	66274	0.21729176235670133	25	25	23	17	0.09881422924901186	0.5006555492842538	0.4082232303212404	10.948854499756976	-171743.0396902125	-587.0048027990657	-2.1857431432216012	complete	
11039	01	sharedreward	2	sub-11039_ses-01_task-sharedreward_run-2	syngo MR E11	E11	2	255	66200	0.20998019847794941	28	28	25	17	0.11067193675889328	0.5236747591121823	0.4159618053877186	12.099800620116755	-171870.18256051533	-575.1140987717209	-2.0537080765741442	complete	
11039	01	socialdoors	1	sub-11039_ses-01_task-socialdoors_run-1	syngo MR E11	E11	2	218	66293	0.23830875949984009	32	32	29	21	0.14814814814814814	0.7051423887639272	0.6087494576131482	9.013692970415264	-179701.51047647704	-584.3000301722647	-3.405837937258092	complete	
11039	01	trust	1	sub-11039_ses-01_task-trust_run-1	syngo MR E11	E11	1	280	66081	0.14822977207461313	27	27	24	18	0.0967741935483871	0.49732746243093157	0.3990966182140735	12.016290641892978	-172623.36005311323	-589.5075793420622	-2.899642546353286	complete	
11039	01	trust	2	sub-11039_ses-01_task-trust_run-2	syngo MR E11	E11	2	280	66513	0.20805585558582837	33	33	31	22	0.11870503597122302	0.5992192078021166	0.48604944001530415	11.710981790139092	-171764.1286899865	-583.8606562072052	-2.7459883461802383	complete	
11039	01	ugr	1	sub-11039_ses-01_task-ugr_run-1	syngo MR E11	E11	2	240	66477	0.23874699839979463	33	33	29	21	0.13865546218487396	0.6569070198671814	0.5453810766753002	9.408514084842228	-177839.38117395903	-578.204996617767	-2.229971329857853	complete	
11039	01	ugr	2	sub-11039_ses-01_task-ugr_run-2	syngo MR E11	E11	1	240	65863	0.2486767692650684	29	29	26	18	0.12133891213389121	0.5631868821474856	0.4473349038060065	12.645994690788083	-179072.51806140735	-613.8999813549532	-1.696070393219809	complete	
11042	01	doors	1	sub-11042_ses-01_task-doors_run-1	syngo MR E11	E11	2	218	64196	0.24090312726546675	35	35	29	21	0.16203703703703703	0.6363194517805905	0.4952206973566285	12.106927688242504	-152302.86522139388	-537.6850965174965	-0.7966770665794909	complete	
11042	01	sharedreward	1	sub-11042_ses-01_task-sharedreward_run-1	syngo MR E11	E11	2	255	65340	0.25032050865020217	41	41	36	23	0.16205533596837945	0.6899007729697597	0.5463358249100696	11.385185630391168	-149473.49838815178	-511.4766670977774	-1.3093672492029875	complete	
11042	01	sharedreward	2	sub-11042_ses-01_task-sharedreward_run-2	syngo MR E11	E11	1	255	64515	0.23469844852146343	43	43	36	24	0.16929133858267717	0.6606291946433553	0.49624968336636166	15.757883105699461	-150671.69811765983	-519.5716517946952	-1.2625032380069778	complete	
11042	01	socialdoors	1	sub-11042_ses-01_task-socialdoors_run-1	syngo MR E11	E11	1	218	64496	0.26756814049167371	38	38	33	24	0.17511520737327188	0.6918886632061888	0.5405783863260223	13.70991325426455	-151563.02255365739	-533.5897949571353	-1.4707833537880286	complete	
11042	01	trust	1	sub-11042_ses-01_task-trust_run-1	syngo MR E11	E11	1	280	64605	0.20009902084567224	40	40	34	22	0.14336917562724014	0.6703908617265014	0.5434924773320378	9.461727965866595	-151622.6782180014	-536.1895278708344	-1.7957774159129756	complete	
11042	01	trust	2	sub-11042_ses-01_task-trust_run-2	syngo MR E11	E11	2	280	64705	0.22747238021460689	40	40	33	21	0.14388489208633093	0.6479395716977914	0.509934390479066	12.016076875517074	-150770.52859645124	-536.6287451312991	-1.1885170113911845	complete	
11042	01	ugr	1	sub-11042_ses-01_task-ugr_run-1	syngo MR E11	E11	1	240	64445	0.2587958471919955	45	45	37	25	0.18828451882845187	0.7167458074332583	0.5624640363857768	12.168554614759522	-151201.0939588879	-522.0574933116401	-1.5799078489452174	complete	
11042	01	ugr	2	sub-11042_ses-01_task-ugr_run-2	syngo MR E11	E11	0	240	64578	0.24872194464500622	38	38	32	22	0.15833333333333333	0.6671453883523301	0.5315335414434796	12.107433410374687	-150896.49045991516	-527.6903262840666	-1.2910395615483152	complete	
11053	01	doors	1	sub-11053_ses-01_task-doors_run-1	syngo MR E11	E11	1	218	83232	0.10145190381846633	34	34	28	21	0.15668202764976957	0.6621104565091556	0.5482148989217858	9.918402022138537	-175274.92774842842	-503.88829517029035	-2.620484309005485	complete	
11053	01	sharedreward	1	sub-11053_ses-01_task-sharedreward_run-1	syngo MR E11	E11	1	255	83210	0.12322133360489047	37	37	32	21	0.14566929133858267	0.6488430289304816	0.5262478001648391	11.246435284585942	-175586.1010629397	-504.5755734677242	-2.886864255650429	complete	
11053	01	sharedreward	2	sub-11053_ses-01_task-sharedreward_run-2	syngo MR E11	E11	1	255	83032	0.11308535479513014	38	38	30	20	0.14960629921259844	0.7360516884115926	0.6428059526123491	8.553550181557888	-175489.4667276874	-477.2615721182689	-3.038288781975148	complete	
11053	01	socialdoors	1	sub-11053_ses-01_task-socialdoors_run-1	syngo MR E11	E11	1	218	83224	0.099531441530136738	30	30	25	18	0.1382488479262673	0.6343079530685745	0.535117345792511	8.783865819069634	-175585.27925404342	-508.27307798075157	-2.851814316256085	complete	
11053	01	trust	1	sub-11053_ses-01_task-trust_run-1	syngo MR E11	E11	2	280	83224	0.13056402945050941	41	41	34	23	0.1474820143884892	0.6956471177360417	0.5825968436235641	9.536524704273681	-175192.67170179487	-504.47019829282647	-2.9594482197038663	complete	
11053	01	trust	2	sub-11053_ses-01_task-trust_run-2	syngo MR E11	E11	1	280	83337	0.12346713107312464	40	40	34	22	0.14336917562724014	0.6855530807163499	0.5736637582712854	9.381322640351183	-174554.95464601376	-497.69160561929664	-2.643563617129287	complete	
11053	01	ugr	1	sub-11053_ses-01_task-ugr_run-1	syngo MR E11	E11	1	240	83233	0.11694921219336585	46	46	39	26	0.19246861924686193	0.783093776448582	0.6795231985755636	8.443516770584178	-177909.6321008588	-490.2458111492033	-2.9640663779187353	complete	
11053	01	ugr	2	sub-11053_ses-01_task-ugr_run-2	syngo MR E11	E11	2	240	83387	0.11664944985250042	41	41	34	23	0.1722689075630252	0.7282188920427374	0.6159529972039294	8.542158992307439	-175611.34905053567	-514.6381704100937	-3.1700450529424784	complete	
11058	01	doors	1	sub-11058_ses-01_task-doors_run-1	syngo MR E11	E11	1	218	81536	0.29435256682314109	32	32	30	18	0.14746543778801843	0.655077816807295	0.5460748334734155	11.778321858486413	-124009.00195401686	-435.17964436125516	1.1068699337356	complete	
11058	01	sharedreward	1	sub-11058_ses-01_task-sharedreward_run-1	syngo MR E11	E11	2	255	81288	0.24791285737822499	37	37	33	21	0.14624505928853754	0.6196140353370558	0.4863048100578251	15.873809428503273	-124067.7962393519	-432.5073101491481	0.4512649422445373	complete	
11058	01	sharedreward	2	sub-11058_ses-01_task-sharedreward_run-2	syngo MR E11	E11	3	255	81473	0.33726855955980017	46	46	40	27	0.18253968253968253	0.7395779487744352	0.6074630753053823	11.757541214625611	-123642.90211203345	-437.23060106108403	-1.325502641554296	complete	
11058	01	socialdoors	1	sub-11058_ses-01_task-socialdoors_run-1	syngo MR E11	E11	0	218	81045	0.25421201402962307	33	33	30	20	0.15137614678899083	0.627816146281201	0.5036718096076997	14.454619393869008	-124690.33051889439	-449.6015689616776	-0.12663418549636346	complete	
11058	01	trust	1	sub-11058_ses-01_task-trust_run-1	syngo MR E11	E11	1	280	81351	0.32981792795668247	42	42	36	24	0.15053763440860216	0.6559364841369824	0.5144352865638957	16.6381969820231	-125000.74771606571	-438.40369054587194	0.011672263662250217	complete	
11058	01	trust	2	sub-11058_ses-01_task-trust_run-2	syngo MR E11	E11	1	280	81588	0.33457883201732419	52	52	43	30	0.1863799283154122	0.7546355671760311	0.6074177625377756	15.01207653302061	-123826.27114424715	-414.4997758696022	-0.4015357797568838	complete	
11058	01	ugr	1	sub-11058_ses-01_task-ugr_run-1	syngo MR E11	E11	2	240	81069	0.22499437817998655	34	34	30	19	0.14285714285714285	0.5935043161591441	0.4714495282894639	15.19314761759521	-124355.76435019085	-449.9678203871033	1.0935671723921134	complete	
11058	01	ugr	2	sub-11058_ses-01_task-ugr_run-2	syngo MR E11	E11	2	240	81538	0.26152286567814809	38	38	35	22	0.15966386554621848	0.7001166994331194	0.585381288492125	12.32556476662545	-124683.81095937117	-436.49307009929464	-0.3111532966931781	complete	
11060	01	doors	1	sub-11060_ses-01_task-doors_run-1	syngo MR E11	E11	2	218	74623	0.073594952693118734	23	23	21	16	0.10648148148148148	0.4673168743644241	0.3795185525679023	10.920733332075049	-131560.3852056888	-559.4301101368455	-2.677573988092121	complete	
11060	01	sharedreward	1	sub-11060_ses-01_task-sharedreward_run-1	syngo MR E11	E11	2	255	74715	0.062653437061070474	24	24	20	16	0.09486166007905138	0.43728066510578	0.3493373821721684	11.849679887911153	-132284.7180163484	-563.2403973925419	-2.7044671193611207	complete	
11060	01	sharedreward	2	sub-11060_ses-01_task-sharedreward_run-2	syngo MR E11	E11	2	255	74810	0.078453656128641913	25	25	21	18	0.09881422924901186	0.5124916517669946	0.42969044226877534	10.129991945261178	-132021.4101321269	-547.0545062131009	-2.842863602496543	complete	
11060	01	socialdoors	1	sub-11060_ses-01_task-socialdoors_run-1	syngo MR E11	E11	2	218	74823	0.064665785704290393	23	23	21	15	0.10648148148148148	0.45907844921099855	0.3723312955529829	12.20046625011555	-131389.54437835256	-563.1353966495133	-2.01821610890965	complete	
11060	01	trust	1	sub-11060_ses-01_task-trust_run-1	syngo MR E11	E11	2	280	74671	0.080415810487332789	30	30	25	18	0.1079136690647482	0.5975116712299433	0.510703605391799	7.702695769603521	-133361.04260616694	-555.6790142440049	-3.3162548384115085	complete	
11060	01	trust	2	sub-11060_ses-01_task-trust_run-2	syngo MR E11	E11	2	280	74708	0.069168184651626663	25	25	22	17	0.08992805755395683	0.514317707577317	0.43413300805917515	8.392266930571889	-132489.1672914928	-549.5758699064082	-2.7069051331735774	complete	
11060	01	ugr	1	sub-11060_ses-01_task-ugr_run-1	syngo MR E11	E11	2	240	74659	0.084146882603682457	25	25	22	16	0.10504201680672269	0.46253957744587765	0.3683729430347916	12.94081901162705	-131227.3376657377	-565.8908144591561	-2.6793649375825535	complete	
11060	01	ugr	2	sub-11060_ses-01_task-ugr_run-2	syngo MR E11	E11	1	240	74908	0.096208783432330344	30	30	26	19	0.12552301255230125	0.5833955595701208	0.47949274879018	10.539207096557169	-131955.60819292723	-542.0716142992972	-3.0180826247423074	complete	
11063	01	doors	1	sub-11063_ses-01_task-doors_run-1	syngo MR E11	E11	4	218	78178	0.079257539854621084	22	22	20	15	0.102803738317757	0.40467452131222786	0.3170142500735517	12.76596899847657	-162920.6741761192	-535.924122393982	-3.6042317281075493	complete	
11063	01	sharedreward	1	sub-11063_ses-01_task-sharedreward_run-1	syngo MR E11	E11	2	255	78120	0.079981928124036913	23	23	20	16	0.09090909090909091	0.42514422877931823	0.3424580426115628	10.885641428239543	-162439.8009108271	-527.1318611503348	-3.6575462122324094	complete	
11063	01	sharedreward	2	sub-11063_ses-01_task-sharedreward_run-2	syngo MR E11	E11	3	255	77687	0.094205895887422023	26	26	22	16	0.10317460317460317	0.41902561704540925	0.3173949925530066	14.99266006423397	-162782.25243451374	-536.5840990747471	-3.200267107621073	complete	
11063	01	socialdoors	1	sub-11063_ses-01_task-socialdoors_run-1	syngo MR E11	E11	7	218	77970	0.078713587145383665	21	21	20	16	0.0995260663507109	0.3753447657952208	0.28896878541934923	14.541208531630058	-163146.62958560593	-536.9423452248998	-3.5906347410773622	complete	
11063	01	trust	1	sub-11063_ses-01_task-trust_run-1	syngo MR E11	E11	1	280	77651	0.079529451381253669	24	24	21	16	0.08602150537634409	0.36412490042336	0.2658773521999203	16.94769326080692	-162827.19633055612	-539.4849476239496	-3.8045284522759544	complete	
11063	01	trust	2	sub-11063_ses-01_task-trust_run-2	syngo MR E11	E11	2	280	77850	0.091309923378693453	28	28	23	17	0.10071942446043165	0.39571938883634783	0.28200988827020784	18.23226734939188	-162226.01114589573	-533.04790361277	-3.330611406403029	complete	
11063	01	ugr	1	sub-11063_ses-01_task-ugr_run-1	syngo MR E11	E11	2	240	78067	0.086948638873420081	27	27	23	16	0.1134453781512605	0.44106208948104086	0.3282119601077046	15.273812828505566	-163666.14063925573	-532.7251971679523	-3.263388356730009	complete	
11063	01	ugr	2	sub-11063_ses-01_task-ugr_run-2	syngo MR E11	E11	2	240	77843	0.079518224106465321	25	25	22	16	0.10504201680672269	0.39327646120127524	0.2860985928963658	16.742509792903796	-163211.75154290348	-536.8294786351922	-3.2408516320661556	complete	
11064	01	doors	1	sub-11064_ses-01_task-doors_run-1	syngo MR E11	E11	1	218	72607	0.64352301872059836	90	90	82	60	0.4147465437788018	0.8809093127636304	0.5159767147749371	36.95579795998518	-164949.73847499304	-396.3193414378628	-1.4149780511619867	complete	
11064	01	sharedreward	1	sub-11064_ses-01_task-sharedreward_run-1	syngo MR E11	E11	1	255	72047	1.1694935974022347	137	137	121	88	0.5393700787401575	0.9359812232450491	0.4913304823946901	48.522246016795854	-160164.44185709849	-304.21340916244714	0.6136224224765716	complete	
11064	01	sharedreward	2	sub-11064_ses-01_task-sharedreward_run-2	syngo MR E11	E11	0	255	70746	0.51075099505130739	91	91	83	62	0.3568627450980392	0.8864005623208078	0.5759273005841603	29.81189709302856	-164293.3371621463	-377.0673535693417	-0.5412131919965709	complete	
11064	01	socialdoors	1	sub-11064_ses-01_task-socialdoors_run-1	syngo MR E11	E11	2	218	72496	0.26237310318536389	57	57	49	33	0.2638888888888889	0.7945556477674589	0.6025486642059059	17.31093435316106	-164954.63696084474	-461.9887794962127	-1.1550004690328712	complete	
11064	01	trust	1	sub-11064_ses-01_task-trust_run-1	syngo MR E11	E11	2	280	69935	0.56299783269834525	79	79	69	47	0.2841726618705036	0.8292208217708548	0.5434422777135971	29.114796276562775	-164707.33535340297	-414.7329667604573	-0.8833110025700921	complete	
11064	01	trust	2	sub-11064_ses-01_task-trust_run-2	syngo MR E11	E11	0	280	68138	0.98795917632693464	118	118	104	69	0.42142857142857143	0.8939224214817197	0.5016891792349654	41.599244887921515	-164606.89519775836	-378.9018524722886	-1.1170796574869806	complete	
11064	01	ugr	1	sub-11064_ses-01_task-ugr_run-1	syngo MR E11	E11	1	240	72564	0.1684213132782135	42	42	37	26	0.17573221757322174	0.7215954375109376	0.5824203498391808	12.706075167230368	-164940.82421595557	-491.75320688223576	-1.8811346386474552	complete	
11064	01	ugr	2	sub-11064_ses-01_task-ugr_run-2	syngo MR E11	E11	1	240	73015	0.54707340563047502	86	86	75	53	0.3598326359832636	0.8683504855018515	0.5517919122868687	31.566601945362113	-164207.2332456131	-412.1110455975372	-1.4996156392675615	complete	
11065	01	doors	1	sub-11065_ses-01_task-doors_run-1	syngo MR E11	E11	2	218	77902	0.1283228592537613	28	28	25	18	0.12962962962962962	0.4371607771829395	0.3057545407295064	19.318561821158024	-159571.89824198568	-549.2092567955009	-0.03526953276063574	complete	
11065	01	sharedreward	1	sub-11065_ses-01_task-sharedreward_run-1	syngo MR E11	E11	2	255	77758	0.14756239312507305	30	30	24	18	0.11857707509881422	0.5420374399051152	0.4376331902479163	11.465641071193604	-159435.94119300036	-536.0020482833567	-0.8740175149387432	complete	
11065	01	sharedreward	2	sub-11065_ses-01_task-sharedreward_run-2	syngo MR E11	E11	2	255	77560	0.15781304058949727	36	36	30	20	0.1422924901185771	0.5338998011949435	0.38295621612863795	17.73620608816317	-159720.98468234742	-539.7520737105472	-1.08267461073833	complete	
11065	01	socialdoors	1	sub-11065_ses-01_task-socialdoors_run-1	syngo MR E11	E11	1	218	77758	0.13332837433701544	32	32	27	17	0.14746543778801843	0.49846927223085596	0.3595601280853479	16.858211718858215	-159631.41486504982	-539.5734267960427	-0.5137919167122411	complete	
11065	01	trust	1	sub-11065_ses-01_task-trust_run-1	syngo MR E11	E11	0	280	77758	0.1508940286196119	37	37	34	22	0.13214285714285715	0.4822034735348438	0.31437886127018344	22.985047921667682	-159421.1754339838	-536.3192437322865	-0.4936855872508135	complete	
11065	01	trust	2	sub-11065_ses-01_task-trust_run-2	syngo MR E11	E11	1	280	77727	0.16979604017545644	42	42	36	26	0.15053763440860216	0.5467774510657945	0.3599231346317756	21.96379677570826	-159415.45855188704	-535.9306400182618	-0.9699194826016599	complete	
11065	01	ugr	1	sub-11065_ses-01_task-ugr_run-1	syngo MR E11	E11	1	240	77903	0.13915461882656088	34	34	29	17	0.14225941422594143	0.519544248602109	0.374900181377597	17.3030347788616	-160138.06353819027	-532.9458110320219	-0.918893422639945	complete	
11065	01	ugr	2	sub-11065_ses-01_task-ugr_run-2	syngo MR E11	E11	1	240	77841	0.13510115422989685	35	35	30	19	0.14644351464435146	0.4595702867949698	0.2938051831650224	24.74633822398853	-159821.10159731802	-544.4419313179035	-0.1397562017238143	complete	
11066	01	doors	1	sub-11066_ses-01_task-doors_run-1	syngo MR E11	E11	2	218	71447	0.12102586646644682	28	28	24	16	0.12962962962962962	0.5153821605927055	0.40777917388681606	12.67950079775896	-164429.35312737257	-505.9565256930843	-1.9992165931956003	complete	
11066	01	sharedreward	1	sub-11066_ses-01_task-sharedreward_run-1	syngo MR E11	E11	2	255	71811	0.13705234190045257	31	31	29	18	0.1225296442687747	0.5736831413968845	0.4616047642021879	11.736745084383106	-162656.81753717604	-492.7338590062994	-2.1333161928799704	complete	
11066	01	sharedreward	2	sub-11066_ses-01_task-sharedreward_run-2	syngo MR E11	E11	1	255	71760	0.17811534663679193	33	33	28	20	0.12992125984251968	0.6213536478831387	0.5127299657460028	11.133025216444103	-163944.67859668095	-489.34908662008434	-2.026935257100661	complete	
11066	01	socialdoors	1	sub-11066_ses-01_task-socialdoors_run-1	syngo MR E11	E11	6	218	72024	0.10302901330343109	23	23	21	13	0.10849056603773585	0.44031266343576336	0.35612592576861807	10.459241765970262	-163529.7834386964	-518.5691015776654	-1.4450651447555767	complete	
11066	01	trust	1	sub-11066_ses-01_task-trust_run-1	syngo MR E11	E11	2	280	71838	0.10284965260155567	26	26	24	17	0.09352517985611511	0.46763134577316856	0.37776525132938577	9.703620774903525	-163693.13492681127	-511.6634994570378	-1.860792747412896	complete	
11066	01	trust	2	sub-11066_ses-01_task-trust_run-2	syngo MR E11	E11	3	280	71731	0.14311917189803644	32	32	31	20	0.11552346570397112	0.5680226644832189	0.4532667608926064	12.686114241129896	-163046.0969996463	-503.6121500092715	-2.2343777458032634	complete	
11066	01	ugr	1	sub-11066_ses-01_task-ugr_run-1	syngo MR E11	E11	2	240	71749	0.1285217692815829	31	31	28	17	0.13025210084033614	0.5978741498110127	0.4936094866386477	10.857520408152249	-164862.62224912617	-495.9717460364241	-2.093070695082002	complete	
11066	01	ugr	2	sub-11066_ses-01_task-ugr_run-2	syngo MR E11	E11	1	240	71502	0.15463398842726972	32	32	27	17	0.13389121338912133	0.5623179758208536	0.4437769259742559	12.980423644106603	-165533.80208932635	-506.7192680008108	-1.6492278795461368	complete	
11068	01	doors	1	sub-11068_ses-01_task-doors_run-1	syngo MR E11	E11	1	218	68142	0.11591082144538369	29	29	25	17	0.1336405529953917	0.6027474896715476	0.5048084343306066	8.339469533730322	-162261.7568738349	-564.6342940996519	-1.8563547652237584	complete	
11068	01	sharedreward	1	sub-11068_ses-01_task-sharedreward_run-1	syngo MR E11	E11	2	255	67810	0.12931872366567507	31	31	29	18	0.1225296442687747	0.5768346849537976	0.47144315955002875	10.1379060573159	-163850.97777492082	-563.3340198131939	-1.9126713766616845	complete	
11068	01	sharedreward	2	sub-11068_ses-01_task-sharedreward_run-2	syngo MR E11	E11	3	255	68056	0.14163384767152534	34	34	28	19	0.1349206349206349	0.591822312851393	0.47554066985196974	11.006338348155591	-163042.1777362668	-561.750066321694	-1.4538379895320812	complete	
11068	01	socialdoors	1	sub-11068_ses-01_task-socialdoors_run-1	syngo MR E11	E11	2	218	68078	0.12846045708911324	30	30	25	17	0.1388888888888889	0.6081970529183666	0.4990368269308361	9.60734549223688	-163292.23197661104	-590.7648737104215	-2.1747881170823575	complete	
11068	01	trust	1	sub-11068_ses-01_task-trust_run-1	syngo MR E11	E11	1	280	67952	0.19772139333138011	47	47	42	26	0.16845878136200718	0.6968131998994078	0.5452742745689513	15.82362809678235	-163836.30226541008	-525.6663948614422	-1.7450001470758485	complete	
11068	01	trust	2	sub-11068_ses-01_task-trust_run-2	syngo MR E11	E11	1	280	67542	0.13128909516396367	34	34	29	18	0.12186379928315412	0.5514007685181442	0.4274956157555089	12.416392964787299	-163863.62035851667	-556.6559795263299	-1.9831103150229077	complete	
11068	01	ugr	1	sub-11068_ses-01_task-ugr_run-1	syngo MR E11	E11	1	240	68477	0.077570258959781035	23	23	21	14	0.09623430962343096	0.46080045634538686	0.38100123038052874	9.921933927919179	-161849.74595732152	-568.3275502984833	-1.9809710740521511	complete	
11068	01	ugr	2	sub-11068_ses-01_task-ugr_run-2	syngo MR E11	E11	1	240	68156	0.12857487692946948	35	35	30	20	0.14644351464435146	0.5821930151762127	0.44401965187678066	13.643086781412155	-162191.3244746751	-555.6249531907414	-2.224299348040727	complete	
11071	01	doors	1	sub-11071_ses-01_task-doors_run-1	syngo MR E11	E11	2	218	91630	0.18875519702767535	40	40	34	24	0.18518518518518517	0.6684119007721566	0.518951182984118	15.606680735209785	-117698.35168636616	-431.54072784531775	-1.6131045410637943	complete	
11071	01	sharedreward	1	sub-11071_ses-01_task-sharedreward_run-1	syngo MR E11	E11	3	255	91830	0.2332422849714583	41	41	36	25	0.1626984126984127	0.6704008217397822	0.5261539830690746	15.954769184693864	-117096.344908495	-429.76745506903075	-1.0080042311342028	complete	
11071	01	sharedreward	2	sub-11071_ses-01_task-sharedreward_run-2	syngo MR E11	E11	1	255	91485	0.19481304834335325	54	54	48	32	0.2125984251968504	0.7215378323882633	0.5284635127490132	18.761765581627934	-115239.78742428363	-393.0638463462729	-2.0515445219332644	complete	
11071	01	socialdoors	1	sub-11071_ses-01_task-socialdoors_run-1	syngo MR E11	E11	3	218	91925	0.14460096189867561	38	38	32	23	0.17674418604651163	0.6776283968429099	0.5546607127233093	13.781126855827189	-117372.77284489876	-439.8710175188618	-2.1267556965821863	complete	
11071	01	trust	1	sub-11071_ses-01_task-trust_run-1	syngo MR E11	E11	5	280	91714	0.22630426454066524	44	44	40	25	0.16	0.7475337059108559	0.635987032003657	11.120434819161762	-116921.45128196804	-425.54424535364274	-2.541646556800582	complete	
11071	01	trust	2	sub-11071_ses-01_task-trust_run-2	syngo MR E11	E11	2	280	91531	0.46522459544662875	78	78	71	50	0.2805755395683453	0.8653030667854575	0.6149784040941244	23.734889047211105	-116513.367352543	-337.4363673650287	-2.0606330761600726	complete	
11071	01	ugr	1	sub-11071_ses-01_task-ugr_run-1	syngo MR E11	E11	3	240	91689	0.28557691984490069	47	47	43	31	0.19831223628691982	0.7731452436754689	0.6070964123745158	16.07519522217268	-118656.97885332939	-414.86435150966486	-2.3658442343624304	complete	
11071	01	ugr	2	sub-11071_ses-01_task-ugr_run-2	syngo MR E11	E11	5	240	91588	0.22646373753180021	42	42	36	25	0.17872340425531916	0.7184820495749129	0.5849830865397163	13.67129032487797	-117871.23302365484	-437.80580986557493	-2.2898199750663193	complete	
11072	01	doors	1	sub-11072_ses-01_task-doors_run-1	syngo MR E11	E11	2	218	67975	0.11742586679867625	21	21	18	13	0.09722222222222222	0.4453191977895375	0.3751992477167656	8.951953456722315	-152692.74730269454	-481.59750540385375	-2.062006827275742	complete	
11072	01	sharedreward	1	sub-11072_ses-01_task-sharedreward_run-1	syngo MR E11	E11	1	255	67800	0.1551024355781751	28	28	24	17	0.11023622047244094	0.6625816481250708	0.5910150375143378	7.072719412101491	-152409.9691580077	-463.0265458778542	-2.68895421230558	complete	
11072	01	sharedreward	2	sub-11072_ses-01_task-sharedreward_run-2	syngo MR E11	E11	0	255	67710	0.1365045742093341	31	31	27	17	0.12156862745098039	0.6802685195420626	0.5976477436287962	6.8385477033620345	-152180.14405814165	-468.38911908257194	-2.292418691762519	complete	
11072	01	socialdoors	1	sub-11072_ses-01_task-socialdoors_run-1	syngo MR E11	E11	0	218	67710	0.11679179485738173	23	23	19	14	0.10550458715596331	0.5719672731333871	0.5056318276594803	5.887182681360596	-152961.20031330583	-480.13369638292556	-2.019247337527198	complete	
11072	01	trust	1	sub-11072_ses-01_task-trust_run-1	syngo MR E11	E11	2	280	67790	0.12393298120444282	28	28	23	14	0.10071942446043165	0.59972699594128	0.5290593758184503	6.02771955186956	-152350.33926957723	-474.76747511108823	-2.1312198804482643	complete	
11072	01	trust	2	sub-11072_ses-01_task-trust_run-2	syngo MR E11	E11	1	280	67766	0.123919982098446	30	30	25	17	0.10752688172043011	0.47943379272313463	0.37100335648148425	11.418167007310904	-152300.97713425633	-463.22177889353867	-1.1307378285046161	complete	
11072	01	ugr	1	sub-11072_ses-01_task-ugr_run-1	syngo MR E11	E11	1	240	67899	0.12316307839941407	25	25	21	14	0.10460251046025104	0.5386648423756734	0.45941122417433583	7.683365978399036	-152483.49806168364	-486.57346466542737	-2.116208461264577	complete	
11072	01	ugr	2	sub-11072_ses-01_task-ugr_run-2	syngo MR E11	E11	2	240	67640	0.12749557521433458	26	26	23	14	0.1092436974789916	0.5174091573081279	0.4280378066313528	9.22649445272942	-153101.76834183483	-494.9030192038977	-2.7202799969423865	complete	
11074	01	doors	1	sub-11074_ses-01_task-doors_run-1	syngo MR E11	E11	0	218	74817	0.13433575236191259	28	28	25	17	0.12844036697247707	0.5406465771981444	0.43297219567970435	12.258565454018976	-143469.65051081026	-448.9712767368414	0.2777250587671898	complete	
11074	01	sharedreward	1	sub-11074_ses-01_task-sharedreward_run-1	syngo MR E11	E11	1	255	74381	0.13496671881526423	24	24	20	14	0.09448818897637795	0.4982581697539568	0.42809980565489053	9.690110965166289	-140669.68272987966	-445.9049753980889	-0.29531578699410754	complete	
11074	01	sharedreward	2	sub-11074_ses-01_task-sharedreward_run-2	syngo MR E11	E11	2	255	74887	0.11940405493832718	25	25	23	16	0.09881422924901186	0.4322486311622049	0.33973680137362566	14.232574962425875	-142952.03041147155	-452.9666033555979	0.5012628632454927	complete	
11074	01	socialdoors	1	sub-11074_ses-01_task-socialdoors_run-1	syngo MR E11	E11	1	218	74852	0.14464371245193422	30	30	25	17	0.1382488479262673	0.6036414572158231	0.5039415941608669	9.821645541623397	-143401.93029627446	-467.47658368234613	-0.5839458803265415	complete	
11074	01	trust	1	sub-11074_ses-01_task-trust_run-1	syngo MR E11	E11	3	280	74905	0.16786130303311275	26	26	22	16	0.09386281588447654	0.5929873010917776	0.526811175821965	6.827478897000095	-141214.74554750585	-458.7216521956674	-0.8261379291644391	complete	
11074	01	trust	2	sub-11074_ses-01_task-trust_run-2	syngo MR E11	E11	1	280	74971	0.12073257947418231	25	25	23	16	0.08960573476702509	0.4712144454999818	0.3885102677124834	10.402263939743108	-141019.78375332413	-453.764893269106	-0.2630388881590714	complete	
11074	01	ugr	1	sub-11074_ses-01_task-ugr_run-1	syngo MR E11	E11	4	240	74860	0.18371750550097715	31	31	27	18	0.13135593220338984	0.5993589752307351	0.4926468115811775	12.47199377186095	-145725.13379391632	-485.5021959983853	-1.1786652558966642	complete	
11074	01	ugr	2	sub-11074_ses-01_task-ugr_run-2	syngo MR E11	E11	2	240	74721	0.1376484148634555	25	25	22	15	0.10504201680672269	0.4623572557795334	0.37319452833347144	12.746855971020947	-144835.03989810764	-463.54797677047594	-0.5532914871608451	complete	
11075	01	sharedreward	1	sub-11075_ses-01_task-sharedreward_run-1	syngo MR E11	E11	3	255	84688	0.087989202659737364	25	25	21	15	0.0992063492063492	0.49167299481072363	0.4147854057038651	10.544499155226822	-141635.93166314685	-470.95780931376527	-2.6293779807898416	complete	
11075	01	sharedreward	2	sub-11075_ses-01_task-sharedreward_run-2	syngo MR E11	E11	2	255	84651	0.11110511864029909	29	29	26	18	0.11462450592885376	0.4865591556591806	0.3767708908441412	14.735377089537403	-141901.560222207	-477.69898808841623	-2.6088339041508934	complete	
11075	01	trust	1	sub-11075_ses-01_task-trust_run-1	syngo MR E11	E11	2	280	84436	0.17222167490655219	33	33	30	22	0.11870503597122302	0.5099348202126988	0.3793805150764589	17.772782361229385	-142573.80343736403	-471.5658418019575	-2.1698057920476517	complete	
11075	01	trust	2	sub-11075_ses-01_task-trust_run-2	syngo MR E11	E11	2	280	84580	0.1592919879583978	32	32	29	20	0.11510791366906475	0.5055648938621378	0.38623740532352935	15.469738536301708	-142227.8451694343	-470.08934442834004	-2.117297843869771	complete	
11075	01	ugr	1	sub-11075_ses-01_task-ugr_run-1	syngo MR E11	E11	2	240	84792	0.13143218159481332	27	27	26	18	0.1134453781512605	0.5398636132808335	0.44925129653851387	8.663625648106201	-141786.60076533587	-478.6665796185624	-2.792816905956472	complete	
11075	01	ugr	2	sub-11075_ses-01_task-ugr_run-2	syngo MR E11	E11	2	240	84594	0.11806468152648397	28	28	26	18	0.11764705882352941	0.4942746131896875	0.38932889801279497	12.04734752123412	-142315.20389721796	-477.9684329305216	-2.6399152547456732	complete	
11076	01	doors	1	sub-11076_ses-01_task-doors_run-1	syngo MR E11	E11	2	218	66274	0.23503029909985981	37	37	35	24	0.1712962962962963	0.6208281104554652	0.44892765150237035	17.69065663106368	-146253.79483623558	-519.0066303205296	-2.621315623538238	complete	
11076	01	sharedreward	1	sub-11076_ses-01_task-sharedreward_run-1	syngo MR E11	E11	2	255	66359	0.22044651861768158	37	37	32	22	0.14624505928853754	0.6587548771985501	0.5241080863673813	12.681932961215859	-145819.5448598123	-522.3003245829443	-3.825730817754694	complete	
11076	01	socialdoors	1	sub-11076_ses-01_task-socialdoors_run-1	syngo MR E11	E11	2	218	66615	0.17715863497723255	27	27	23	15	0.125	0.5046778266073498	0.39651378932724357	13.764641597220203	-145368.29161132255	-513.8361892461799	-2.6657078007212123	complete	
11076	01	trust	1	sub-11076_ses-01_task-trust_run-1	syngo MR E11	E11	1	280	66531	0.3167284349600003	49	49	44	30	0.17562724014336917	0.7416754473111448	0.5561459931717094	17.339470961814495	-145064.55593178578	-493.19212077564737	-3.8707667822374603	complete	
11076	01	ugr	1	sub-11076_ses-01_task-ugr_run-1	syngo MR E11	E11	2	240	66430	0.23991733341252186	32	32	28	19	0.13445378151260504	0.688929141496637	0.5966356586636439	8.551758796696253	-146432.98650951742	-549.3602430934238	-4.521061433005459	complete	
11076	01	ugr	2	sub-11076_ses-01_task-ugr_run-2	syngo MR E11	E11	2	240	66237	0.3530923147412805	51	51	45	32	0.21428571428571427	0.7991981717725952	0.6304014284986226	13.726886716744847	-146222.425686694	-498.6733178932097	-4.150326377295678	complete	
11078	01	doors	1	sub-11078_ses-01_task-doors_run-1	syngo MR E11	E11	2	218	75514	0.23567689303516751	28	28	27	19	0.12962962962962962	0.5218285483428701	0.401043290048803	13.325334957461145	-155038.27706671754	-550.7733298540007	-1.1366709322030195	complete	
11078	01	sharedreward	1	sub-11078_ses-01_task-sharedreward_run-1	syngo MR E11	E11	1	255	75589	0.20495557287086708	28	28	25	20	0.11023622047244094	0.5435211269477288	0.4318118972411537	13.06692824072115	-154567.11788206385	-548.8377080223643	-2.9184676831463854	complete	
11078	01	sharedreward	2	sub-11078_ses-01_task-sharedreward_run-2	syngo MR E11	E11	2	255	75710	0.22700465223333813	30	30	27	22	0.11857707509881422	0.5668044466073188	0.4498145136972366	12.032668448152272	-154063.28767977198	-542.1870829860379	-1.9814609009507955	complete	
11078	01	socialdoors	1	sub-11078_ses-01_task-socialdoors_run-1	syngo MR E11	E11	2	218	75696	0.23844857759929411	23	23	21	18	0.10648148148148148	0.5116199511745033	0.4260827323451088	10.650331972874252	-154577.0871850676	-551.4761131672634	-2.186686617917445	complete	
11078	01	trust	1	sub-11078_ses-01_task-trust_run-1	syngo MR E11	E11	2	280	75686	0.20870133736564292	27	27	24	20	0.09712230215827339	0.5184783726796635	0.4110965742807538	12.476362331710458	-153928.06883852053	-550.4066635652257	-2.5092447256561523	complete	
11078	01	trust	2	sub-11078_ses-01_task-trust_run-2	syngo MR E11	E11	2	280	75462	0.22731578237173608	27	27	25	21	0.09712230215827339	0.5604330053855617	0.4635995252670047	10.372853296274766	-154281.8681056931	-550.9339424670088	-2.073380908497396	complete	
11078	01	ugr	1	sub-11078_ses-01_task-ugr_run-1	syngo MR E11	E11	2	240	75973	0.24023064051325388	27	27	25	18	0.1134453781512605	0.5519481854969291	0.45644390315171374	10.655843455378688	-154451.52443234724	-558.2272273230769	-2.6394285209767925	complete	
11078	01	ugr	2	sub-11078_ses-01_task-ugr_run-2	syngo MR E11	E11	1	240	75197	0.20681554364570315	27	27	25	18	0.11297071129707113	0.5141356043721922	0.404844445721205	12.301830043194984	-155268.3790864695	-553.2514017893922	-2.6053741665395127	complete	
11083	01	sharedreward	1	sub-11083_ses-01_task-sharedreward_run-1	syngo MR E11	E11	3	255	65331	0.20304087777307325	30	30	26	19	0.11904761904761904	0.6380999581838123	0.5420228838428107	10.683281114604721	-127766.58128372993	-509.30375959738	-2.071293562489952	complete	
11083	01	sharedreward	2	sub-11083_ses-01_task-sharedreward_run-2	syngo MR E11	E11	1	255	65455	0.15846239800170495	28	28	25	18	0.11023622047244094	0.5723492160723946	0.4735644951481263	11.456066435718848	-127408.61801888407	-505.82302002113533	-1.4084992763846633	complete	
11083	01	trust	1	sub-11083_ses-01_task-trust_run-1	syngo MR E11	E11	1	280	65132	0.19180889364479325	39	39	35	24	0.13978494623655913	0.7205660201749536	0.6109105704301194	10.283231796431343	-128050.9638427204	-485.63313819135703	-2.744045434888378	complete	
11083	01	trust	2	sub-11083_ses-01_task-trust_run-2	syngo MR E11	E11	1	280	65052	0.24307207760849253	45	45	39	26	0.16129032258064516	0.7294245627165954	0.5882952142835087	12.597129845114448	-128099.86282757329	-492.6613356599821	-2.8134343640035366	complete	
11083	01	ugr	1	sub-11083_ses-01_task-ugr_run-1	syngo MR E11	E11	2	240	65423	0.19022208043094047	30	30	26	20	0.12605042016806722	0.5578692904299246	0.42996537448166766	15.137162623569088	-127773.54804424786	-501.1767136338706	-0.9667883972040989	complete	
11083	01	ugr	2	sub-11083_ses-01_task-ugr_run-2	syngo MR E11	E11	2	240	65252	0.15816114098179468	24	24	22	16	0.10084033613445378	0.5023995339431576	0.41399605432827585	13.448368274451079	-127902.2550135015	-499.6582863739914	-0.6971651888767731	complete	
11084	01	doors	1	sub-11084_ses-01_task-doors_run-1	syngo MR E11	E11	4	218	73955	0.1521648390064963	20	20	18	14	0.09345794392523364	0.4404345063404993	0.37155218045223	11.067189235864205	-169373.22550238165	-582.4077699935594	-1.5853344537844785	complete	
11084	01	sharedreward	1	sub-11084_ses-01_task-sharedreward_run-1	syngo MR E11	E11	3	255	74030	0.10283371757320119	20	20	18	14	0.07936507936507936	0.39660179394281164	0.33165747957431047	11.503936623027187	-170468.63358248377	-596.7831353696059	-2.1275260057066725	complete	
11084	01	sharedreward	2	sub-11084_ses-01_task-sharedreward_run-2	syngo MR E11	E11	3	255	73254	0.11288169628921178	22	22	20	15	0.0873015873015873	0.46419792737754134	0.39495602393859164	8.99296013999039	-171598.8375333823	-588.6080722317438	-1.9715384550732302	complete	
11084	01	socialdoors	1	sub-11084_ses-01_task-socialdoors_run-1	syngo MR E11	E11	5	218	73956	0.1726954355733977	32	32	30	20	0.15023474178403756	0.649644051154577	0.5302861109629144	12.387676725157375	-170316.16855398874	-554.6048554447392	-2.1898015575419265	complete	
11084	01	trust	1	sub-11084_ses-01_task-trust_run-1	syngo MR E11	E11	2	280	73814	0.13053118675552375	21	21	19	15	0.07553956834532374	0.4028268516093313	0.33439774356360225	11.299850472360424	-171744.64826192547	-592.1935397898277	-1.520685734181831	complete	
11084	01	trust	2	sub-11084_ses-01_task-trust_run-2	syngo MR E11	E11	2	280	73850	0.1108146486229921	20	20	19	14	0.07194244604316546	0.4485053912652311	0.3917338181944793	8.06210978845233	-171383.38768421067	-596.5405314322772	-1.8260579461728637	complete	
11084	01	ugr	1	sub-11084_ses-01_task-ugr_run-1	syngo MR E11	E11	2	240	73373	0.14159295485359114	20	20	18	14	0.08403361344537816	0.5470508074769449	0.4960844333413723	6.239526701099347	-169728.2563158167	-581.9546429967995	-2.1084697848527676	complete	
11084	01	ugr	2	sub-11084_ses-01_task-ugr_run-2	syngo MR E11	E11	2	240	73708	0.14002199707767082	24	24	22	15	0.10084033613445378	0.4977822536739969	0.41391365278765313	10.248554977054953	-169441.5994994992	-573.5177389815008	-1.9579938857202381	complete	
11085	01	sharedreward	1	sub-11085_ses-01_task-sharedreward_run-1	syngo MR E11	E11	4	255	66466	0.30944730925117531	48	48	43	30	0.19123505976095617	0.6821540780434452	0.4706779060341445	21.622389253428594	-134702.53972379686	-475.4832021919583	-0.8942361923940383	complete	
11085	01	sharedreward	2	sub-11085_ses-01_task-sharedreward_run-2	syngo MR E11	E11	1	255	66602	0.3033094760460297	47	47	44	28	0.18503937007874016	0.6894930911711662	0.4843971014371788	21.174601411535583	-134437.11151794365	-468.5156202230177	-2.0460325748473784	complete	
11085	01	trust	1	sub-11085_ses-01_task-trust_run-1	syngo MR E11	E11	1	280	66621	0.62992997602480727	79	79	70	45	0.2831541218637993	0.8086150801233742	0.5279943281358056	30.007389091763457	-135218.7290168589	-432.5523467766586	1.734108179095735	complete	
11085	01	trust	2	sub-11085_ses-01_task-trust_run-2	syngo MR E11	E11	1	280	66318	0.52698545761564275	64	64	57	38	0.22939068100358423	0.7598989424682188	0.5032628789622194	26.079104680753872	-135150.57343877127	-481.76033051996063	-0.6524819875894607	complete	
11090	01	doors	1	sub-11090_ses-01_task-doors_run-1	syngo MR E11	E11	2	218	86004	0.34342333586772211	43	43	39	25	0.19907407407407407	0.7141417572549167	0.5701050800227404	12.324747765016896	-128208.65796350679	-420.61595921249386	-1.6094625925175743	complete	
11090	01	sharedreward	1	sub-11090_ses-01_task-sharedreward_run-1	syngo MR E11	E11	2	255	86163	0.3999443531033674	65	65	56	38	0.25691699604743085	0.8317218618288037	0.6615964242004615	15.291824439805337	-128174.29679667081	-409.42621332193124	-3.0773587664813364	complete	
11090	01	sharedreward	2	sub-11090_ses-01_task-sharedreward_run-2	syngo MR E11	E11	3	255	86136	0.37668345437527245	47	47	42	30	0.1865079365079365	0.6954189188977989	0.5222154010017264	18.88745012718188	-128354.39780860997	-425.8059044579112	-0.5744295714491954	complete	
11090	01	socialdoors	1	sub-11090_ses-01_task-socialdoors_run-1	syngo MR E11	E11	3	218	85753	0.35193695572360367	48	48	43	30	0.22325581395348837	0.78634291577627	0.6552510320539597	11.424710904448125	-128573.06261115517	-432.02201700755177	-2.858878291673014	complete	
11090	01	trust	1	sub-11090_ses-01_task-trust_run-1	syngo MR E11	E11	3	280	86490	0.30831707830361321	46	46	38	27	0.16606498194945848	0.7531052794380828	0.6421635668823948	10.01308277796693	-128441.59391711536	-440.28918018278324	-3.383897972835476	complete	
11090	01	trust	2	sub-11090_ses-01_task-trust_run-2	syngo MR E11	E11	3	280	86312	0.29506129655919466	37	37	33	21	0.13357400722021662	0.6160884691872761	0.4901115546429636	13.730007127800267	-128042.3101562217	-425.1172349246675	0.5344694646646855	complete	
11090	01	ugr	1	sub-11090_ses-01_task-ugr_run-1	syngo MR E11	E11	3	240	86536	0.39556845355074671	55	55	48	34	0.2320675105485232	0.7453058953363108	0.552126054929221	17.376129662128697	-127383.56272322583	-416.83112455263654	-0.5619983941791957	complete	
11090	01	ugr	2	sub-11090_ses-01_task-ugr_run-2	syngo MR E11	E11	2	240	86535	0.45967039700184492	66	66	58	40	0.2773109243697479	0.794579536877765	0.5770774969361135	22.18885878712368	-127339.53665245688	-434.26819843117653	-1.2073539766848023	complete	
11110	01	sharedreward	1	sub-11110_ses-01_task-sharedreward_run-1	syngo MR E11	E11	3	255	75151	0.14037307590120576	18	18	16	11	0.07142857142857142	0.45298346326966293	0.4133522760765672	8.528898211643577	-134707.79261114603	-494.9193100968846	-0.10171231612163871	complete	
11110	01	sharedreward	2	sub-11110_ses-01_task-sharedreward_run-2	syngo MR E11	E11	2	255	75331	0.18196046979454464	22	22	20	14	0.08695652173913043	0.48407119741926713	0.4195748443284743	11.512114880667676	-134489.35532088918	-486.0481804122143	-0.24472676193816184	complete	
11110	01	ugr	1	sub-11110_ses-01_task-ugr_run-1	syngo MR E11	E11	2	240	75085	0.1591510242827914	21	21	19	14	0.08823529411764706	0.49717455746574823	0.4397447461076641	10.15908995864553	-134780.57446288026	-489.6351042858095	0.06729761361759978	complete	
11110	01	ugr	2	sub-11110_ses-01_task-ugr_run-2	syngo MR E11	E11	3	240	75085	0.18946102462748002	26	26	23	18	0.10970464135021098	0.6058769000327007	0.5317364762306583	8.989221648347499	-134579.86115127808	-477.51743467625187	-0.640174836377071	complete	
11113	01	doors	1	sub-11113_ses-01_task-doors_run-1	syngo MR E11	E11	1	218	85282	0.097376667175929951	40	40	36	25	0.18433179723502305	0.6128596071647475	0.4335063490458731	17.260568966427	-149843.67454100493	-510.52913088505113	-2.514305829281114	complete	
11113	01	sharedreward	1	sub-11113_ses-01_task-sharedreward_run-1	syngo MR E11	E11	2	255	85517	0.088759701500342333	36	36	31	24	0.1422924901185771	0.5558756879833883	0.41075500201807785	15.067222630478355	-148540.62666031742	-533.1475407554193	-3.139012349648465	complete	
11113	01	sharedreward	2	sub-11113_ses-01_task-sharedreward_run-2	syngo MR E11	E11	1	255	85185	0.082556430612789805	34	34	28	22	0.13385826771653545	0.45356595837608094	0.29265837612364043	24.376331701697914	-148695.80683943714	-540.133101948077	-2.360414565454071	complete	
11113	01	socialdoors	1	sub-11113_ses-01_task-socialdoors_run-1	syngo MR E11	E11	2	218	85391	0.079184450816693189	35	35	32	22	0.16203703703703703	0.5277341676088421	0.35874059772813466	17.34599061293583	-149802.5144258711	-553.9688099622965	-2.704200086485001	complete	
11113	01	trust	1	sub-11113_ses-01_task-trust_run-1	syngo MR E11	E11	1	280	85645	0.067708605022064092	34	34	30	23	0.12186379928315412	0.5208970689093395	0.3701044671570661	16.678390904038146	-149380.81401512108	-532.1683506485165	-2.571560015348894	complete	
11113	01	trust	2	sub-11113_ses-01_task-trust_run-2	syngo MR E11	E11	0	280	85565	0.088507756809524329	41	41	36	26	0.14642857142857144	0.5529835459891543	0.3748359014399373	21.588160372241777	-148933.89441555395	-533.4151573601177	-2.69184516176486	complete	
11113	01	ugr	1	sub-11113_ses-01_task-ugr_run-1	syngo MR E11	E11	2	240	84976	0.10304751203133317	39	39	35	25	0.1638655462184874	0.5659505383365708	0.3932936511407884	19.32478964911492	-150948.72741440192	-530.5686987211787	-2.469744684843704	complete	
11113	01	ugr	2	sub-11113_ses-01_task-ugr_run-2	syngo MR E11	E11	1	240	85049	0.085434022130216752	36	36	33	23	0.1506276150627615	0.5394109107247176	0.37720785110730265	17.775743763828846	-150785.31841295975	-537.3479399005281	-2.7832025598421404	complete	
11116	01	doors	1	sub-11116_ses-01_task-doors_run-1	syngo MR E11	E11	2	218	69833	0.19025172552705658	33	33	29	22	0.1527777777777778	0.5793429972176749	0.43306079677374587	15.130633758591738	-144893.1926872969	-510.36497779179837	-3.407400907130904	complete	
11116	01	sharedreward	1	sub-11116_ses-01_task-sharedreward_run-1	syngo MR E11	E11	3	255	69688	0.13015470752237912	25	25	22	15	0.0992063492063492	0.5126649717336603	0.4297468885500516	10.4535230504113	-145244.41161740897	-510.5330038381126	-3.095954227438157	complete	
11116	01	sharedreward	2	sub-11116_ses-01_task-sharedreward_run-2	syngo MR E11	E11	2	255	69879	0.18840519091110056	33	33	29	20	0.13043478260869565	0.6933070097038715	0.5996795533587939	7.512292028824707	-144378.54855155823	-475.7672986370359	-3.822713243710468	complete	
11116	01	socialdoors	1	sub-11116_ses-01_task-socialdoors_run-1	syngo MR E11	E11	2	218	69969	0.23533823145688529	40	40	34	25	0.18518518518518517	0.6987348695313078	0.5533758531704223	11.91214450354429	-145333.14639626697	-493.9653724020284	-3.6139726640915706	complete	
11116	01	trust	1	sub-11116_ses-01_task-trust_run-1	syngo MR E11	E11	1	280	69920	0.16762470758151146	33	33	28	21	0.11827956989247312	0.6786578274584085	0.5788680216729707	10.1662962200427	-146280.2869460578	-517.1732339615675	-3.942614301253533	complete	
11116	01	trust	2	sub-11116_ses-01_task-trust_run-2	syngo MR E11	E11	3	280	70035	0.16037269311765157	30	30	26	19	0.10830324909747292	0.5923377837976178	0.48859279149917106	11.201087209398803	-145301.9535266906	-518.2997448102249	-4.173476934251139	complete	
11116	01	ugr	1	sub-11116_ses-01_task-ugr_run-1	syngo MR E11	E11	3	240	70190	0.20839435240699308	33	33	28	20	0.13924050632911392	0.6313525777122783	0.5170234546995097	10.763739843415822	-144659.93492197752	-514.0489858725824	-3.567922566159941	complete	
11116	01	ugr	2	sub-11116_ses-01_task-ugr_run-2	syngo MR E11	E11	3	240	69558	0.17411271687324756	25	25	22	17	0.10548523206751055	0.6232716388927345	0.548431156102292	6.910363501174442	-147361.4192434959	-495.89171033585063	-3.382412779686576	complete	
11120	01	doors	1	sub-11120_ses-01_task-doors_run-1	syngo MR E11	E11	3	218	73565	0.11696481658620365	31	31	28	22	0.14418604651162792	0.655956378373656	0.5401039672931215	9.595480703624371	-152301.27182894977	-613.3972361840722	-7.67143862625317	complete	
11120	01	sharedreward	1	sub-11120_ses-01_task-sharedreward_run-1	syngo MR E11	E11	2	255	73404	0.13426324737655898	31	31	29	20	0.1225296442687747	0.6328929206939947	0.5227853892372479	12.501374872013347	-152819.11829118175	-603.0262023722288	-7.096359722529928	complete	
11120	01	sharedreward	2	sub-11120_ses-01_task-sharedreward_run-2	syngo MR E11	E11	4	255	73206	0.22416842645608517	52	52	48	35	0.20717131474103587	0.7955004254198399	0.6079741492671179	16.116827224252937	-153121.86178015766	-556.6972048392095	-7.214927914082841	complete	
11120	01	socialdoors	1	sub-11120_ses-01_task-socialdoors_run-1	syngo MR E11	E11	2	218	73390	0.19339516859876976	49	49	43	32	0.22685185185185186	0.7827140675611068	0.5981532507274344	15.693947882147587	-153123.7838256033	-603.351295107689	-7.806363441531218	complete	
11120	01	trust	1	sub-11120_ses-01_task-trust_run-1	syngo MR E11	E11	2	280	73331	0.1256726582834094	38	38	35	25	0.1366906474820144	0.6198707064095044	0.45579118264057317	18.257254898238614	-153106.7990646271	-603.0336106933577	-7.050912501769542	complete	
11120	01	trust	2	sub-11120_ses-01_task-trust_run-2	syngo MR E11	E11	3	280	73189	0.13105705182533606	38	38	34	24	0.1371841155234657	0.6852611954413811	0.5603592627543751	11.329584173671869	-153055.36636891472	-609.6184422648871	-8.216657823985866	complete	
11120	01	ugr	1	sub-11120_ses-01_task-ugr_run-1	syngo MR E11	E11	3	240	73650	0.23505421327273773	52	52	46	33	0.21940928270042195	0.8046202860218704	0.6255537495412601	15.831634130063089	-151797.30102891393	-558.7683373181762	-7.392633513679968	complete	
11120	01	ugr	2	sub-11120_ses-01_task-ugr_run-2	syngo MR E11	E11	3	240	73374	0.15556927892629352	33	33	29	22	0.13924050632911392	0.6259873478234526	0.5012985273930839	11.97420802246979	-151757.41289675227	-603.4853170409912	-6.8902273879819464	complete	
11125	01	doors	1	sub-11125_ses-01_task-doors_run-1	syngo MR E11	E11	2	218	70573	0.87671998546386942	28	28	25	20	0.12962962962962962	0.5872050853943974	0.48488025527860446	10.635629684177786	-122556.63180321343	-319.36688045752004	5.701503868016005	complete	
11125	01	sharedreward	1	sub-11125_ses-01_task-sharedreward_run-1	syngo MR E11	E11	4	255	70073	0.52765898336516448	41	41	35	25	0.16334661354581673	0.6805624528078089	0.5276758905844295	16.219855601346236	-124301.9721856534	-313.3489212476855	0.7778391481793617	complete	
11125	01	sharedreward	2	sub-11125_ses-01_task-sharedreward_run-2	syngo MR E11	E11	2	255	70062	0.620832729378058	56	56	49	38	0.22134387351778656	0.7514124275892776	0.5218140295905318	22.32599190886382	-123451.58426541911	-302.01222621116955	0.6515891164681691	complete	
11125	01	socialdoors	1	sub-11125_ses-01_task-socialdoors_run-1	syngo MR E11	E11	1	218	70019	1.1779872269179359	38	38	34	25	0.17511520737327188	0.7133143033888588	0.5847505938515108	13.70516525165653	-123553.89063329982	-313.02193850926045	5.294766109398224	complete	
11125	01	trust	1	sub-11125_ses-01_task-trust_run-1	syngo MR E11	E11	2	280	69882	0.5827599267542547	44	44	41	30	0.15827338129496402	0.6772534037294708	0.4915117466806363	20.516083082456934	-125299.09678066908	-329.86581548953524	1.5784564917764434	complete	
11125	01	trust	2	sub-11125_ses-01_task-trust_run-2	syngo MR E11	E11	2	280	69646	0.57149202154142997	50	50	43	30	0.17985611510791366	0.7171747071775832	0.5271636691220297	18.90136247438252	-125362.98467749843	-304.76407671402745	0.7263530223767033	complete	
11126	01	doors	1	sub-11126_ses-01_task-doors_run-1	syngo MR E11	E11	2	218	74375	0.14846400289594824	31	31	27	19	0.14351851851851852	0.5417456459249473	0.4151307272689287	18.208485503564138	-144822.49162252722	-494.3888243926584	-0.10039928078921553	complete	
11126	01	sharedreward	1	sub-11126_ses-01_task-sharedreward_run-1	syngo MR E11	E11	3	255	74373	0.21042972343671884	43	43	39	27	0.17063492063492064	0.7630911505832587	0.6282115357371582	11.790202757885856	-146103.7980258592	-452.37975615221234	-2.703851865858345	complete	
11126	01	socialdoors	1	sub-11126_ses-01_task-socialdoors_run-1	syngo MR E11	E11	2	218	74408	0.23681697511144037	39	39	34	23	0.18055555555555555	0.681434481888959	0.504245556270515	19.86093631116568	-144577.66588440427	-479.0329677848369	-2.0386687294987555	complete	
11126	01	trust	1	sub-11126_ses-01_task-trust_run-1	syngo MR E11	E11	2	280	74537	0.1654126372070191	35	35	31	22	0.12589928057553956	0.6148358031463428	0.4765028526273799	16.635757569944143	-145562.22712547923	-499.92533999006383	-1.1051329484282708	complete	
11126	01	trust	2	sub-11126_ses-01_task-trust_run-2	syngo MR E11	E11	2	280	74469	0.18430919818290897	41	41	35	23	0.1474820143884892	0.7295198889831209	0.6118517569495587	9.4191463765481	-145610.20514098456	-473.7549926070608	-1.876973157920054	complete	
11126	01	ugr	1	sub-11126_ses-01_task-ugr_run-1	syngo MR E11	E11	3	240	74360	0.17140678737046716	40	40	34	23	0.16877637130801687	0.6181976875953664	0.4520033472221652	21.083116390816418	-144711.6013388267	-478.00557405184185	-0.7123111269632223	complete	
11126	01	ugr	2	sub-11126_ses-01_task-ugr_run-2	syngo MR E11	E11	2	240	74575	0.23976110756835217	47	47	40	29	0.19747899159663865	0.7359468910521327	0.5496522298493992	18.658029207587557	-144562.73916577033	-470.95100319504087	-2.5563559768139403	complete	
11128	01	sharedreward	1	sub-11128_ses-01_task-sharedreward_run-1	syngo MR E11	E11	3	255	72789	0.27202756971670689	24	24	23	18	0.09523809523809523	0.6012524883480188	0.5340328222501972	8.450559411787397	-144991.97731772644	-441.88698736603845	1.363921197464839	complete	
11128	01	sharedreward	2	sub-11128_ses-01_task-sharedreward_run-2	syngo MR E11	E11	4	255	72885	0.22005884954637114	20	20	17	15	0.0796812749003984	0.4922537482005736	0.4359840639262382	8.67377963627546	-144145.50610037963	-439.6979227984785	1.813513683085223	complete	
11128	01	trust	1	sub-11128_ses-01_task-trust_run-1	syngo MR E11	E11	3	280	72700	0.18592555690522611	24	24	21	15	0.08664259927797834	0.5671539224729989	0.5069779449359412	8.191763157843422	-145902.4721329364	-449.1598263616412	1.7445935969489172	complete	
11128	01	trust	2	sub-11128_ses-01_task-trust_run-2	syngo MR E11	E11	2	280	72591	0.23915411234561809	22	22	18	14	0.07913669064748201	0.496299958375544	0.4389386445174969	10.55711169653992	-145586.38481530384	-441.8544753327172	3.050573264264225	complete	
11128	01	ugr	1	sub-11128_ses-01_task-ugr_run-1	syngo MR E11	E11	2	240	72652	0.21981769552011329	21	21	19	16	0.08823529411764706	0.5724284323047834	0.5162183378655473	6.967020545031818	-144682.14061715614	-447.33080543745746	-0.40252273459581334	complete	
11128	01	ugr	2	sub-11128_ses-01_task-ugr_run-2	syngo MR E11	E11	3	240	72786	0.26680320908191318	26	26	24	18	0.10970464135021098	0.5233993024577789	0.42511776957914676	12.965687015417364	-144308.332073102	-441.3235488341073	0.6965146408870577	complete	
11134	01	doors	1	sub-11134_ses-01_task-doors_run-1	syngo MR E11	E11	2	218	61502	0.13316451340330895	30	30	26	18	0.1388888888888889	0.6047381564438911	0.4835715905214595	10.472275771756037	-138172.68801146824	-519.9180561477771	-2.1104984312245305	complete	
11134	01	sharedreward	1	sub-11134_ses-01_task-sharedreward_run-1	syngo MR E11	E11	2	255	61718	0.13148432280549066	24	24	21	15	0.09486166007905138	0.5072619693437947	0.42556497027943124	10.008871204589713	-138801.26376403598	-548.3428602216821	-2.4472155441011987	complete	
11134	01	sharedreward	2	sub-11134_ses-01_task-sharedreward_run-2	syngo MR E11	E11	1	255	61982	0.13178946767173352	25	25	22	14	0.0984251968503937	0.5842190188927466	0.5114629519492134	8.478293590452646	-137834.31205421107	-544.2922251215316	-3.1184098685483885	complete	
11134	01	socialdoors	1	sub-11134_ses-01_task-socialdoors_run-1	syngo MR E11	E11	2	218	61809	0.14450656970765205	25	25	22	16	0.11574074074074074	0.4620690804140621	0.3503814372257488	15.396349721852518	-137728.33060300618	-525.2735382126149	-1.794500365324702	complete	
11134	01	trust	1	sub-11134_ses-01_task-trust_run-1	syngo MR E11	E11	2	280	61764	0.12692392134995978	25	25	24	15	0.08992805755395683	0.5085151773166	0.4226164894296215	10.381415085578178	-138957.14944388185	-549.34423264361	-2.4414397062003546	complete	
11134	01	trust	2	sub-11134_ses-01_task-trust_run-2	syngo MR E11	E11	2	280	61802	0.14742901313615239	30	30	26	17	0.1079136690647482	0.568874627762086	0.4705335127282429	9.579067006742148	-138055.65980051222	-532.1034153312252	-2.5570759751292043	complete	
11134	01	ugr	1	sub-11134_ses-01_task-ugr_run-1	syngo MR E11	E11	1	240	61646	0.15193742137700267	27	27	24	17	0.11297071129707113	0.4867261655583259	0.36349194284829517	16.547860950411597	-137241.7090695597	-512.0019243305286	-1.6663755224276937	complete	
11134	01	ugr	2	sub-11134_ses-01_task-ugr_run-2	syngo MR E11	E11	0	240	61635	0.29652209633494403	46	46	41	27	0.19166666666666668	0.7111697424348704	0.532554832137087	17.827580448664627	-137566.84419216885	-468.8802686014408	-1.5958062497860326	complete	
11139	01	doors	1	sub-11139_ses-01_task-doors_run-1	syngo MR E11	E11	2	218	68596	0.13574542107365284	35	35	31	20	0.16203703703703703	0.6219923086491049	0.48963046346046146	11.791624315450486	-178993.01099840543	-593.9469132746308	-2.1990204779433915	complete	
11139	01	sharedreward	1	sub-11139_ses-01_task-sharedreward_run-1	syngo MR E11	E11	1	255	68655	0.1435883596097407	33	33	28	18	0.12992125984251968	0.471948494483939	0.32962950984768136	18.316108515235594	-179537.52542760305	-610.4262148159114	-1.6258487697421489	complete	
11139	01	sharedreward	2	sub-11139_ses-01_task-sharedreward_run-2	syngo MR E11	E11	1	255	68706	0.19076387461137914	37	37	31	21	0.14566929133858267	0.5600839117786304	0.40694394212653845	17.713372705770073	-179443.65851842862	-597.6079252869533	-1.3317986398721506	complete	
11139	01	socialdoors	1	sub-11139_ses-01_task-socialdoors_run-1	syngo MR E11	E11	1	218	68946	0.12409674050170226	31	31	27	17	0.14285714285714285	0.5045890978396776	0.36738995906051664	16.670763944253867	-178486.89912577823	-610.5426045757953	-2.2036032475092133	complete	
11139	01	trust	1	sub-11139_ses-01_task-trust_run-1	syngo MR E11	E11	1	280	68909	0.14027800741354693	33	33	29	18	0.11827956989247312	0.5073774154285035	0.3725295663280646	17.34265519930296	-179812.4867228688	-605.8588009961045	-1.9713363429617385	complete	
11139	01	trust	2	sub-11139_ses-01_task-trust_run-2	syngo MR E11	E11	1	280	68757	0.17516541181768427	41	41	33	21	0.14695340501792115	0.5536355926824608	0.37521818991541	20.85595185320799	-179617.23390017988	-596.1831671586567	-1.6534408168507286	complete	
11139	01	ugr	1	sub-11139_ses-01_task-ugr_run-1	syngo MR E11	E11	1	240	68454	0.13234374760729417	36	36	31	19	0.1506276150627615	0.5518712872577041	0.40261676059863005	17.349754562822184	-178850.53964537388	-606.3453659769033	-1.7794996750031458	complete	
11139	01	ugr	2	sub-11139_ses-01_task-ugr_run-2	syngo MR E11	E11	2	240	68602	0.13984350688594016	33	33	29	20	0.13865546218487396	0.5295179848520911	0.3887948881436123	14.303485931491268	-178792.11552978517	-611.0663013120484	-1.6066063183818673	complete	
11145	01	sharedreward	1	sub-11145_ses-01_task-sharedreward_run-1	syngo MR E11	E11	2	255	73658	0.24692330314012817	57	57	51	35	0.22529644268774704	0.7504047663962826	0.5135380177717381	23.893010553888008	-142358.38687991665	-481.8416792712071	-4.29714854759566	complete	
11145	01	sharedreward	2	sub-11145_ses-01_task-sharedreward_run-2	syngo MR E11	E11	1	255	73694	0.16185802459939971	49	49	43	30	0.19291338582677164	0.6828275056283212	0.47265792112289096	22.95681458410154	-141832.4509835326	-487.45062290142	-4.015128941661237	complete	
11145	01	ugr	1	sub-11145_ses-01_task-ugr_run-1	syngo MR E11	E11	3	240	73770	0.245408597424355	47	47	41	29	0.19831223628691982	0.7384628825484045	0.5605915187787998	16.938319544885854	-152936.7066880409	-532.9164039297492	-4.23694395071441	complete	
11145	01	ugr	2	sub-11145_ses-01_task-ugr_run-2	syngo MR E11	E11	1	240	73592	0.22461085043763901	54	54	45	31	0.22594142259414227	0.7648714602369706	0.554476371071289	19.864832936009574	-142483.41373585968	-516.7985518963781	-5.3680581366062015	complete	
11164	01	doors	1	sub-11164_ses-01_task-doors_run-1	syngo MR E11	E11	2	218	75145	0.15898131920664688	22	22	21	15	0.10185185185185185	0.5677114749949868	0.49639991323418947	9.556205688690813	-127393.05028017303	-540.5136889954317	-4.683701197554292	complete	
11164	01	sharedreward	1	sub-11164_ses-01_task-sharedreward_run-1	syngo MR E11	E11	2	255	74312	0.20591308210904058	29	29	25	20	0.11462450592885376	0.602747691068585	0.5083901085086429	9.842621704545087	-120025.26919955715	-522.9416245618157	-5.063833090779419	complete	
11164	01	socialdoors	1	sub-11164_ses-01_task-socialdoors_run-1	syngo MR E11	E11	1	218	74632	0.13875340993525467	24	24	21	18	0.11059907834101383	0.523190175867528	0.43167709839573914	11.55429265473538	-127614.59640440045	-532.4436636192924	-5.104078117369213	complete	
11164	01	trust	1	sub-11164_ses-01_task-trust_run-1	syngo MR E11	E11	1	280	76121	0.23937150210536767	42	42	36	26	0.15053763440860216	0.7607665895307043	0.6486841266126873	9.811742230648735	-118454.56018678025	-467.9913466143722	-5.955592551285065	complete	
11164	01	ugr	1	sub-11164_ses-01_task-ugr_run-1	syngo MR E11	E11	2	240	75250	0.1608203314177731	25	25	23	17	0.10504201680672269	0.5228031734404996	0.43435821989531254	11.46377475342532	-128435.5035317594	-528.2568851066936	-3.070887411092794	complete	
11164	01	ugr	2	sub-11164_ses-01_task-ugr_run-2	syngo MR E11	E11	3	240	75170	0.16459682888587071	27	27	24	17	0.11392405063291139	0.575942817338059	0.48808899720894383	9.466313250370396	-127992.52894080878	-531.674053769775	-4.150047241878904	complete	
11167	01	doors	1	sub-11167_ses-01_task-doors_run-1	syngo MR E11	E11	2	218	73622	0.14091577788834767	27	27	23	17	0.125	0.5833777283966884	0.4933669048510102	11.166170592782015	-133785.30090569	-462.40845597268185	-0.9610142377127286	complete	
11167	01	sharedreward	1	sub-11167_ses-01_task-sharedreward_run-1	syngo MR E11	E11	3	255	74538	0.16341673039966623	33	33	27	18	0.13095238095238096	0.5942100042457116	0.475703880094367	14.916824470676822	-137007.87126120008	-482.5054668754835	-1.3192961486542565	complete	
11167	01	sharedreward	2	sub-11167_ses-01_task-sharedreward_run-2	syngo MR E11	E11	1	255	73911	0.21057449288769006	39	39	35	24	0.15354330708661418	0.7019067724808351	0.5714506725121752	14.016548246869002	-134231.26680795383	-451.2073210520372	-3.036693173321961	complete	
11167	01	socialdoors	1	sub-11167_ses-01_task-socialdoors_run-1	syngo MR E11	E11	3	218	73782	0.15358676842344307	30	30	27	18	0.13953488372093023	0.630421381047559	0.5335175915908751	10.683135416736846	-133879.63940420854	-453.92057331516406	-1.27236419300589	complete	
11167	01	trust	1	sub-11167_ses-01_task-trust_run-1	syngo MR E11	E11	2	280	74075	0.16449661808801394	28	28	24	17	0.10071942446043165	0.5548822404833632	0.4680555597689346	11.457142454519907	-134167.86636157753	-473.1158751032355	-1.3328204070254266	complete	
11167	01	trust	2	sub-11167_ses-01_task-trust_run-2	syngo MR E11	E11	3	280	74127	0.15311871002650501	28	28	24	16	0.10108303249097472	0.5836660731700193	0.506510894134134	10.806179252125473	-133421.94220492238	-468.7409263908061	-2.2356277480296	complete	
11167	01	ugr	1	sub-11167_ses-01_task-ugr_run-1	syngo MR E11	E11	3	240	74424	0.15403649007356601	32	32	30	20	0.1350210970464135	0.663588983734343	0.5651097236772236	11.369208800928849	-132239.69581843776	-451.2563220513005	-1.9552587233872838	complete	
11167	01	ugr	2	sub-11167_ses-01_task-ugr_run-2	syngo MR E11	E11	2	240	72952	0.20331654789535708	43	43	38	25	0.18067226890756302	0.7430473126760776	0.6177229712165758	12.288528139327449	-134510.52716750957	-449.7225301962367	-2.5489339511919424	complete	
11168	01	doors	1	sub-11168_ses-01_task-doors_run-1	syngo MR E11	E11	1	218	73888	0.36531366562052525	68	68	61	41	0.31336405529953915	0.8300342472327724	0.5958238168943921	19.785649516886888	-151401.03989787586	-469.0279431266456	-3.0002322653509195	complete	
11168	01	sharedreward	1	sub-11168_ses-01_task-sharedreward_run-1	syngo MR E11	E11	2	255	74527	0.27454013177608455	57	57	50	33	0.22529644268774704	0.7786801854845801	0.6101117970369445	13.043027494756162	-149397.61079755527	-457.32475569430505	-3.185783543717398	complete	
11168	01	sharedreward	2	sub-11168_ses-01_task-sharedreward_run-2	syngo MR E11	E11	1	255	74197	0.2512814622644477	49	49	42	26	0.19291338582677164	0.6921133647740738	0.5176066112713047	16.51093690947335	-150525.95600785062	-473.82517849067324	-2.9174028209883693	complete	
11168	01	socialdoors	1	sub-11168_ses-01_task-socialdoors_run-1	syngo MR E11	E11	2	218	74022	0.22930578232829732	43	43	39	27	0.19907407407407407	0.6803050216642967	0.5075674421667272	15.816253225807678	-168554.79000312826	-512.1731774215353	-2.1254390418895155	complete	
11168	01	trust	1	sub-11168_ses-01_task-trust_run-1	syngo MR E11	E11	2	280	74515	0.16319601341754261	41	41	37	26	0.1474820143884892	0.6311732646112722	0.4758766281891401	14.690901797839619	-149721.01717173852	-480.4520529137433	-2.75827089655723	complete	
11168	01	trust	2	sub-11168_ses-01_task-trust_run-2	syngo MR E11	E11	1	280	74496	0.25367941012702855	52	52	46	30	0.1863799283154122	0.7468753742340627	0.5928308500056991	12.329792821733008	-149032.00277248866	-477.14705850615957	-3.133788805961887	complete	
11168	01	ugr	1	sub-11168_ses-01_task-ugr_run-1	syngo MR E11	E11	3	240	73473	0.5298726193375467	91	91	77	56	0.38396624472573837	0.8709535459822171	0.5576257627178326	30.88086594790537	-152124.39388620874	-448.9789841211142	-2.3791578397211537	complete	
11168	01	ugr	2	sub-11168_ses-01_task-ugr_run-2	syngo MR E11	E11	2	240	73305	0.49986617698187763	81	81	72	50	0.3403361344537815	0.8508870517944687	0.5762737373074757	26.213353647718133	-152067.19084712933	-460.8543189830082	-3.2988165790097406	complete	
11171	01	sharedreward	1	sub-11171_ses-01_task-sharedreward_run-1	syngo MR E11	E11	2	255	83288	0.10336411435742224	28	28	25	15	0.11067193675889328	0.4833548780609739	0.37989264755553553	11.819423226703778	-153021.110726765	-464.03190519536884	0.45545909887355374	complete	
11171	01	sharedreward	2	sub-11171_ses-01_task-sharedreward_run-2	syngo MR E11	E11	1	255	83447	0.08993834602184228	27	27	22	16	0.1062992125984252	0.3829560090490012	0.27242159199885063	17.38975201288006	-153411.43006169557	-477.1618866371358	0.5922988945215939	complete	
11171	01	trust	1	sub-11171_ses-01_task-trust_run-1	syngo MR E11	E11	2	280	83582	0.090616559238279548	28	28	25	15	0.10071942446043165	0.5379188133197077	0.45868339559043697	7.3894984563369555	-152974.34073611256	-457.9479540622242	0.5420163038272212	complete	
11171	01	trust	2	sub-11171_ses-01_task-trust_run-2	syngo MR E11	E11	2	280	83246	0.093014321394720767	29	29	27	18	0.10431654676258993	0.3939840227400756	0.27620140229032464	17.926795145244174	-152849.03921855736	-469.3675928006929	0.8238066126609433	complete	
11177	01	doors	1	sub-11177_ses-01_task-doors_run-1	syngo MR E11	E11	3	218	83259	0.11756634683960993	24	24	23	16	0.11162790697674418	0.48822577246052196	0.3967659506942062	10.87693754187504	-150159.70005404533	-477.0613819741273	-4.487834051373671	complete	
11177	01	sharedreward	1	sub-11177_ses-01_task-sharedreward_run-1	syngo MR E11	E11	3	255	83130	0.10934051274871814	22	22	20	15	0.0873015873015873	0.46120997183650775	0.388703240606936	9.252138053692159	-152256.03959075612	-492.1005938283586	-4.077085166852295	complete	
11177	01	sharedreward	2	sub-11177_ses-01_task-sharedreward_run-2	syngo MR E11	E11	1	255	83132	0.09837364487589402	26	26	23	17	0.10236220472440945	0.5406982424358527	0.45515113251156986	8.92720850432518	-151892.64392420457	-486.18912038644504	-4.381786027314261	complete	
11177	01	socialdoors	1	sub-11177_ses-01_task-socialdoors_run-1	syngo MR E11	E11	3	218	83302	0.10388566358219543	20	20	18	13	0.09302325581395349	0.46844251430296224	0.4075574641639233	7.515149899406136	-150269.96911145363	-484.2800338782183	-4.101920121699178	complete	
11177	01	trust	1	sub-11177_ses-01_task-trust_run-1	syngo MR E11	E11	2	280	83446	0.091106702472048468	22	22	20	14	0.07913669064748201	0.37721489385805507	0.3033702641065892	12.909842934979489	-152949.58488210657	-498.61560644853574	-3.9484920214229158	complete	
11177	01	trust	2	sub-11177_ses-01_task-trust_run-2	syngo MR E11	E11	4	280	83224	0.10206338212907083	22	22	20	14	0.07971014492753623	0.39882794015924694	0.32643193089473505	11.76927785497409	-152341.07323757335	-497.5533218131157	-4.104507296494271	complete	
11177	01	ugr	1	sub-11177_ses-01_task-ugr_run-1	syngo MR E11	E11	3	240	83109	0.09271172023687356	21	21	19	14	0.08860759493670886	0.5156045943049459	0.4580861630530845	6.797315994307796	-150224.11721802372	-481.9366419722866	-4.433927207175294	complete	
11177	01	ugr	2	sub-11177_ses-01_task-ugr_run-2	syngo MR E11	E11	2	240	83167	0.095172897991496266	25	25	24	16	0.10504201680672269	0.4699918569609688	0.3772255905481121	10.817178408970467	-150378.66096803083	-481.0071557547239	-4.689541583455964	complete	
11192	01	doors	1	sub-11192_ses-01_task-doors_run-1	syngo MR E11	E11	0	218	81993	0.2611861650390796	46	46	41	28	0.21100917431192662	0.6899817487614991	0.5065416525254558	19.140048063616433	-140296.75466124923	-454.3174342122731	-1.529322046712023	complete	
11192	01	sharedreward	1	sub-11192_ses-01_task-sharedreward_run-1	syngo MR E11	E11	3	255	82121	0.20984137853369816	31	31	27	18	0.12301587301587301	0.5673270623646693	0.4559534001134504	12.689981315242532	-138634.68041535537	-467.0963548030386	-0.559402611526165	complete	
11192	01	sharedreward	2	sub-11192_ses-01_task-sharedreward_run-2	syngo MR E11	E11	1	255	82138	0.25392696964143024	41	41	36	24	0.16141732283464566	0.6526753864594053	0.5003979155592547	16.48875828997527	-139466.84613738925	-473.10990511351866	-0.7536011597134886	complete	
11192	01	socialdoors	1	sub-11192_ses-01_task-socialdoors_run-1	syngo MR E11	E11	1	218	81760	0.20589181755015359	34	34	30	21	0.15668202764976957	0.5876754312121744	0.44378295918429206	17.58684726146441	-141215.63563386866	-470.79569849482584	-0.6804437967229184	complete	
11192	01	trust	1	sub-11192_ses-01_task-trust_run-1	syngo MR E11	E11	2	280	82078	0.21959065272620718	35	35	31	20	0.12589928057553956	0.598479332842623	0.48421652186270514	13.031206630376968	-139349.47795657566	-486.1732183837819	-0.8591643039656998	complete	
11192	01	trust	2	sub-11192_ses-01_task-trust_run-2	syngo MR E11	E11	1	280	81829	0.22515897539155114	44	44	40	25	0.15770609318996415	0.6412438180745191	0.4877575565785447	16.32396219789174	-139037.78765423992	-459.96585492756	-1.0277886013893618	complete	
11192	01	ugr	1	sub-11192_ses-01_task-ugr_run-1	syngo MR E11	E11	2	240	81885	0.31222311611404691	46	46	39	26	0.19327731092436976	0.6592438721403381	0.48373816436956846	18.57310580602399	-140311.02001762486	-468.4098260985517	-0.3724096558629227	complete	
11192	01	ugr	2	sub-11192_ses-01_task-ugr_run-2	syngo MR E11	E11	2	240	81972	0.26865135791072148	46	46	40	26	0.19327731092436976	0.6482538930612702	0.46475594722238167	19.16348587196886	-140272.54955527093	-469.40655071570256	-0.6831971669776558	complete	
11193	01	doors	1	sub-11193_ses-01_task-doors_run-1	syngo MR E11	E11	1	218	60579	0.1707397154243632	25	25	22	16	0.1152073732718894	0.6555332061429835	0.5851457830061109	7.514635990996766	-134786.02717826518	-313.28066678159655	-1.7077475105800741	complete	
11193	01	sharedreward	1	sub-11193_ses-01_task-sharedreward_run-1	syngo MR E11	E11	2	255	60263	0.21742925525668697	28	28	26	19	0.11067193675889328	0.5656219839724843	0.4667823486997242	9.831693278051414	-135560.11893280022	-326.7392993941376	-1.1659310653011261	complete	
11193	01	sharedreward	2	sub-11193_ses-01_task-sharedreward_run-2	syngo MR E11	E11	3	255	60354	0.31019062612411269	38	38	34	24	0.15079365079365079	0.7757790339049281	0.6619028817099835	11.542855330262334	-135348.85737159112	-292.2388075540581	-1.281674084317246	complete	
11193	01	socialdoors	1	sub-11193_ses-01_task-socialdoors_run-1	syngo MR E11	E11	1	218	60453	0.21835113713029383	28	28	24	17	0.12903225806451613	0.6098128522715963	0.510978543347203	11.224249083054847	-134711.35639674432	-316.95324816479166	-1.617895731664078	complete	
11193	01	trust	1	sub-11193_ses-01_task-trust_run-1	syngo MR E11	E11	1	280	60550	0.27551037902111153	42	42	37	27	0.15053763440860216	0.7498893330312286	0.605219645934208	14.568479830831338	-135818.16237769264	-300.83490884956433	-1.9058203300409613	complete	
11193	01	trust	2	sub-11193_ses-01_task-trust_run-2	syngo MR E11	E11	2	280	60568	0.24130767197863373	31	31	27	20	0.11151079136690648	0.6521103643755732	0.5565485353424962	10.084277147574163	-135862.42487590556	-319.89780722623885	-1.2603055655118258	complete	
11193	01	ugr	1	sub-11193_ses-01_task-ugr_run-1	syngo MR E11	E11	1	240	60842	0.23844622336605004	30	30	27	19	0.12552301255230125	0.7071778726403853	0.6273294509848046	9.159885268019329	-134068.54132519863	-285.2640372327752	-1.5003438198545103	complete	
11193	01	ugr	2	sub-11193_ses-01_task-ugr_run-2	syngo MR E11	E11	2	240	60400	0.32436391687122784	40	40	37	27	0.16806722689075632	0.7939802924723127	0.6773785410984673	11.333166780206964	-135458.4728375158	-264.4055777351986	-1.21384959166735	complete	
11201	01	doors	1	sub-11201_ses-01_task-doors_run-1	syngo MR E11	E11	1	218	58370	0.47471766419969635	26	26	24	17	0.11981566820276497	0.6180463033118034	0.5266602868484663	10.966325215261755	-130777.62834693729	-421.63181183639824	0.7176107282497635	complete	
11201	01	sharedreward	1	sub-11201_ses-01_task-sharedreward_run-1	syngo MR E11	E11	0	255	58433	0.66769499627070561	29	29	24	17	0.11372549019607843	0.6874237990609579	0.6075753569818305	9.1422839391341	-130529.5540144162	-443.8819389607831	1.0216812199261411	complete	
11201	01	socialdoors	1	sub-11201_ses-01_task-socialdoors_run-1	syngo MR E11	E11	0	218	58437	0.54610629383005094	24	24	21	15	0.11009174311926606	0.595637916100185	0.5259116763727163	8.685623306399977	-130080.97182344133	-439.5650542073514	2.027005884909591	complete	
11201	01	trust	1	sub-11201_ses-01_task-trust_run-1	syngo MR E11	E11	0	280	58258	0.58410968350679082	37	37	32	21	0.13214285714285715	0.6905897706153405	0.566028568731091	12.977131167539826	-131218.80971310125	-417.0496841023429	0.1845052049072928	complete	
11201	01	ugr	1	sub-11201_ses-01_task-ugr_run-1	syngo MR E11	E11	1	240	58956	0.58297759149261963	30	30	26	18	0.12552301255230125	0.6588982527169712	0.5620242226741651	10.78547197334913	-129781.160450544	-430.9716477881071	0.3499254075403445	complete	
11201	01	ugr	2	sub-11201_ses-01_task-ugr_run-2	syngo MR E11	E11	1	240	59055	0.83904844054750449	29	29	25	18	0.12133891213389121	0.6567882685662587	0.5664465230690484	10.707204265025547	-129521.00363548311	-428.47031534487894	2.862756438124272	complete	
11203	01	sharedreward	1	sub-11203_ses-01_task-sharedreward_run-1	syngo MR E11	E11	1	255	53256	0.32745898465241735	34	34	29	19	0.13385826771653545	0.6440670186174546	0.5173836914296999	15.716363892811835	-110391.03685062009	-404.2861189133229	-1.0071323595890747	complete	
11203	01	sharedreward	2	sub-11203_ses-01_task-sharedreward_run-2	syngo MR E11	E11	0	255	53057	0.32398725788763727	37	37	32	22	0.1450980392156863	0.6527604767169818	0.5012025670238222	16.369176567152273	-110743.63749853961	-403.39560748887226	-1.5780249637625356	complete	
11203	01	trust	1	sub-11203_ses-01_task-trust_run-1	syngo MR E11	E11	0	280	53235	0.39538117354430374	38	38	33	21	0.1357142857142857	0.6503724241146527	0.5172900690953889	15.36332040574575	-110640.37861696286	-398.95988176841246	-1.1552737908519568	complete	
11203	01	trust	2	sub-11203_ses-01_task-trust_run-2	syngo MR E11	E11	1	280	53432	0.26557505062950465	28	28	23	14	0.1003584229390681	0.5371389746533244	0.4469119680292049	13.261445968511175	-110045.08938640782	-403.8142778017002	-0.15072288167876563	complete	
11209	01	doors	1	sub-11209_ses-01_task-doors_run-1	syngo MR E11	E11	1	218	74861	0.23007840503628965	32	32	30	21	0.14746543778801843	0.6562734341987729	0.5394506384931195	11.852245202723692	-118517.2553201958	-465.9830425959383	-1.539810036443848	complete	
11209	01	sharedreward	1	sub-11209_ses-01_task-sharedreward_run-1	syngo MR E11	E11	2	255	74511	0.33858721985791351	44	44	38	25	0.17391304347826086	0.7381131638404438	0.6010996571663071	11.993569536482129	-119235.21174299055	-465.41757798387954	-1.7371301800204177	complete	
11209	01	sharedreward	2	sub-11209_ses-01_task-sharedreward_run-2	syngo MR E11	E11	1	255	75028	0.28442072718135658	38	38	34	23	0.14960629921259844	0.6582356556352298	0.5262657961464852	13.513085978557829	-118380.59193451371	-459.69110958140607	-1.3930312379794152	complete	
11209	01	socialdoors	1	sub-11209_ses-01_task-socialdoors_run-1	syngo MR E11	E11	1	218	74613	0.30664319581149735	41	41	37	25	0.1889400921658986	0.6986233772116373	0.5437364039880601	15.123059614703356	-119039.44306887097	-476.39918866574766	-1.833461695326157	complete	
11209	01	trust	1	sub-11209_ses-01_task-trust_run-1	syngo MR E11	E11	2	280	74602	0.26382498511706415	44	44	38	25	0.15827338129496402	0.7105490559642499	0.583503249144226	13.67668862415065	-119203.13769702078	-470.5932703052999	-2.0604418596394933	complete	
11209	01	trust	2	sub-11209_ses-01_task-trust_run-2	syngo MR E11	E11	2	280	74777	0.24396321151549547	40	40	35	24	0.14388489208633093	0.6921934881434577	0.5664345488043769	13.825554498753249	-118868.79617557836	-454.2143709475421	-1.4385335530853827	complete	
11209	01	ugr	1	sub-11209_ses-01_task-ugr_run-1	syngo MR E11	E11	2	240	74158	0.29964250828014383	37	37	30	22	0.15546218487394958	0.6473272186420932	0.5145432478240255	15.454481464348886	-119394.00041492889	-473.0815440248179	-0.7548498478205089	complete	
11209	01	ugr	2	sub-11209_ses-01_task-ugr_run-2	syngo MR E11	E11	2	240	74957	0.36887995338835311	45	45	38	27	0.18907563025210083	0.7113037886200585	0.5481601465472858	17.3596159541315	-118297.38636805968	-460.7020111720211	-0.9663802057168537	complete	
11227	01	doors	1	sub-11227_ses-01_task-doors_run-1	syngo MR E11	E11	1	218	68606	0.068874763799807268	24	24	21	15	0.11059907834101383	0.4196572192398052	0.3149180651681592	15.365496193048404	-166478.9938263875	-570.17238673616	-2.365222281579781	complete	
11227	01	sharedreward	1	sub-11227_ses-01_task-sharedreward_run-1	syngo MR E11	E11	1	255	68771	0.075746324909984994	23	23	21	16	0.09055118110236221	0.49076492135605443	0.41287444122655304	9.513439875056275	-165802.16111794158	-554.9481447887312	-2.7001958403846764	complete	
11227	01	sharedreward	2	sub-11227_ses-01_task-sharedreward_run-2	syngo MR E11	E11	1	255	68492	0.078143187451912025	22	22	21	16	0.08661417322834646	0.4591564096873537	0.3764178124554175	10.3399895031622	-166376.2882685389	-556.031273187349	-2.104506044377337	complete	
11227	01	socialdoors	1	sub-11227_ses-01_task-socialdoors_run-1	syngo MR E11	E11	1	218	68779	0.069291540019662923	23	23	20	16	0.10599078341013825	0.4179138494253922	0.3155971241719831	15.721343014305164	-166242.98772886387	-565.330699911031	-2.2484325658699116	complete	
11227	01	trust	1	sub-11227_ses-01_task-trust_run-1	syngo MR E11	E11	1	280	68553	0.079974062108582877	23	23	21	16	0.08243727598566308	0.4078547328579911	0.31745275420396746	15.408516628158118	-165921.35017391207	-560.5946579699342	-2.548327190245648	complete	
11227	01	trust	2	sub-11227_ses-01_task-trust_run-2	syngo MR E11	E11	1	280	68579	0.081911684444310767	25	25	22	17	0.08960573476702509	0.4572961377752964	0.36532673013248085	11.07659085601341	-165682.8997308055	-550.8118226361728	-2.696894747093094	complete	
11227	01	ugr	1	sub-11227_ses-01_task-ugr_run-1	syngo MR E11	E11	1	240	68782	0.071482266899112024	25	25	23	14	0.10460251046025104	0.4205868752468793	0.3188300273232781	16.86854622723139	-166949.5879109544	-571.2727167651084	-2.654885457334406	complete	
11227	01	ugr	2	sub-11227_ses-01_task-ugr_run-2	syngo MR E11	E11	2	240	68460	0.070996385591437852	22	22	21	15	0.09243697478991597	0.424487182261861	0.3411976941605536	11.943009345699743	-167151.69107599507	-572.0235643224801	-2.5308570328558417	complete	
11238	01	doors	1	sub-11238_ses-01_task-doors_run-1	syngo MR E11	E11	1	218	76980	0.14573629877074845	22	22	19	15	0.10138248847926268	0.4326545222906925	0.3475591393027996	10.659856171458177	-147323.17937738492	-449.7729062295252	-1.865522129787498	complete	
11238	01	sharedreward	1	sub-11238_ses-01_task-sharedreward_run-1	syngo MR E11	E11	1	255	77102	0.13792507399778095	25	25	23	16	0.0984251968503937	0.41107014685044735	0.31616016557437565	12.89060606495985	-147834.03504582334	-453.97079910811806	-1.84283309347261	complete	
11238	01	sharedreward	2	sub-11238_ses-01_task-sharedreward_run-2	syngo MR E11	E11	2	255	77016	0.15421955722952418	24	24	23	17	0.09486166007905138	0.453189191400136	0.36618289824976175	10.418204740361404	-147399.52987210228	-449.99011646667617	-2.4395627766283017	complete	
11238	01	socialdoors	1	sub-11238_ses-01_task-socialdoors_run-1	syngo MR E11	E11	1	218	76878	0.15717915541092434	26	26	24	17	0.11981566820276497	0.4939336370463847	0.38873581672860646	11.819155730456652	-147272.4350396734	-448.69815139858434	-2.28600360805888	complete	
11238	01	trust	1	sub-11238_ses-01_task-trust_run-1	syngo MR E11	E11	1	280	77124	0.13279726364608477	25	25	22	15	0.08960573476702509	0.40033879690804036	0.30869005176620673	12.823732377932455	-147235.73297655967	-447.69368350170856	-1.7921765850240516	complete	
11238	01	trust	2	sub-11238_ses-01_task-trust_run-2	syngo MR E11	E11	2	280	76862	0.12956352981636748	25	25	22	17	0.08992805755395683	0.42257024661501164	0.33371677800041594	11.7121761513771	-147485.70841967897	-450.283473474911	-1.824187903589329	complete	
11238	01	ugr	1	sub-11238_ses-01_task-ugr_run-1	syngo MR E11	E11	1	240	77131	0.17215214883444255	25	25	20	15	0.10460251046025104	0.49245208487618125	0.40719610888038177	9.870263814073514	-147754.24717938981	-455.3034978251237	-1.8467022620365234	complete	
11238	01	ugr	2	sub-11238_ses-01_task-ugr_run-2	syngo MR E11	E11	2	240	76700	0.15403123787822834	22	22	20	14	0.09243697478991597	0.39070092714287813	0.3129286458772062	12.31963577658585	-148106.59379939578	-457.29091486111713	-1.7438168499179059	complete	
11241	01	doors	1	sub-11241_ses-01_task-doors_run-1	syngo MR E11	E11	4	218	82264	0.091190520260923849	33	33	29	19	0.1542056074766355	0.5580053081022882	0.4092891285811961	18.14355466969583	-171024.8956875666	-636.8886183885459	-3.0512573725576018	complete	
11241	01	sharedreward	1	sub-11241_ses-01_task-sharedreward_run-1	syngo MR E11	E11	3	255	82217	0.11485013543411933	43	43	38	25	0.17063492063492064	0.6541452458692496	0.5009615500052046	15.865537793206997	-169206.07466967488	-622.6770594156583	-3.726209529921554	complete	
11241	01	sharedreward	2	sub-11241_ses-01_task-sharedreward_run-2	syngo MR E11	E11	3	255	82253	0.094323551042607603	33	33	30	20	0.13095238095238096	0.5561012301436952	0.4242083873856015	16.485133567754637	-168822.6278944827	-631.1962539577648	-3.2574188542875	complete	
11241	01	socialdoors	1	sub-11241_ses-01_task-socialdoors_run-1	syngo MR E11	E11	2	218	82205	0.11243609368003681	37	37	36	23	0.1712962962962963	0.6301296556789591	0.4795698190009597	16.06858630014163	-171159.2474414849	-616.0062326425963	-3.119674818972788	complete	
11241	01	ugr	1	sub-11241_ses-01_task-ugr_run-1	syngo MR E11	E11	2	240	82355	0.08779445179837439	36	36	31	19	0.15126050420168066	0.5953656932209083	0.4671801113039071	13.328710302843863	-171968.059623598	-641.7416078083497	-3.0999498228512445	complete	
11241	01	ugr	2	sub-11241_ses-01_task-ugr_run-2	syngo MR E11	E11	3	240	82362	0.084606318884863252	34	34	29	21	0.14345991561181434	0.5728307565224173	0.4454480626403412	13.026535198736875	-171338.73114266727	-640.6907993577319	-3.2101146082594725	complete	
11246	01	doors	1	sub-11246_ses-01_task-doors_run-1	syngo MR E11	E11	1	218	76885	0.098915064929580909	26	26	23	18	0.11981566820276497	0.4920624678747326	0.38983249320086627	13.00590977107069	-141827.30457018188	-450.17622585631057	-0.9891366620432915	complete	
11246	01	sharedreward	1	sub-11246_ses-01_task-sharedreward_run-1	syngo MR E11	E11	0	255	76994	0.11761415912399313	29	29	26	17	0.11372549019607843	0.5635560040762282	0.4649103483136312	9.24304263074107	-141658.13584882292	-442.1380241209455	-1.7166915250744794	complete	
11246	01	sharedreward	2	sub-11246_ses-01_task-sharedreward_run-2	syngo MR E11	E11	2	255	76740	0.12048903929589241	26	26	22	16	0.10276679841897234	0.5423795352200165	0.4629665727903044	8.619240238187599	-141647.2052164419	-445.082899296739	-1.4438950013037581	complete	
11246	01	socialdoors	1	sub-11246_ses-01_task-socialdoors_run-1	syngo MR E11	E11	2	218	76791	0.084932343082906064	25	25	20	15	0.11574074074074074	0.48703037473745625	0.3976053759872035	11.015170295547936	-142236.4624589444	-453.20641149759007	-1.2062666345685338	complete	
11246	01	trust	1	sub-11246_ses-01_task-trust_run-1	syngo MR E11	E11	1	280	76648	0.14307261164834495	31	31	27	18	0.1111111111111111	0.5056959930370198	0.3858478721914185	13.050161535116844	-141534.7125773915	-436.82972199240805	-1.2087512216211183	complete	
11246	01	trust	2	sub-11246_ses-01_task-trust_run-2	syngo MR E11	E11	1	280	76945	0.14828347463120545	28	28	25	17	0.1003584229390681	0.48693017513440984	0.3887757768621544	12.007519617559964	-141679.12043544673	-446.9551361054311	-0.9278296171834245	complete	
11246	01	ugr	1	sub-11246_ses-01_task-ugr_run-1	syngo MR E11	E11	2	240	77034	0.11995263484500891	38	38	35	22	0.15966386554621848	0.740088214333475	0.6389610319942428	7.693854949666079	-138580.08094272384	-271.65289997576906	2.80178219639117	complete	
11246	01	ugr	2	sub-11246_ses-01_task-ugr_run-2	syngo MR E11	E11	1	240	76826	0.14652375069150902	31	31	29	19	0.1297071129707113	0.5968621222101004	0.48798378181785984	10.829932410734026	-141799.17482422697	-450.95592102792483	-1.7903819277832405	complete	
11276	01	doors	1	sub-11276_ses-01_task-doors_run-1	syngo MR E11	E11	1	218	86650	0.5353897501021071	84	84	74	54	0.3870967741935484	0.8972680603966923	0.6280511516675046	25.510657478416096	-137413.23786700307	-274.48143698974155	0.03152239759166308	complete	
11276	01	sharedreward	1	sub-11276_ses-01_task-sharedreward_run-1	syngo MR E11	E11	2	255	86494	0.67355096030955997	99	99	90	64	0.391304347826087	0.9016671982556496	0.5745791833483166	29.305321132081314	-137490.40300369004	-289.7648072158401	0.3816844559710727	complete	
11276	01	sharedreward	2	sub-11276_ses-01_task-sharedreward_run-2	syngo MR E11	E11	0	255	86849	0.81573403339993145	105	105	93	67	0.4117647058823529	0.893381330309592	0.5245348728561489	38.143886412848715	-137028.30923751785	-312.0447499664263	0.024534435960508427	complete	
11276	01	socialdoors	1	sub-11276_ses-01_task-socialdoors_run-1	syngo MR E11	E11	0	218	86683	0.53312524525811211	80	80	72	49	0.3669724770642202	0.85590796335071	0.5570366158846999	28.867517512045406	-138387.25482939347	-379.1577987229128	-0.6629816738807792	complete	
11276	01	trust	1	sub-11276_ses-01_task-trust_run-1	syngo MR E11	E11	0	280	87307	0.89233775931444215	140	140	124	88	0.5	0.9157102540150825	0.4549071365790126	54.32134260166235	-138739.53659606547	-337.7485517985807	0.4695607327829746	complete	
11276	01	trust	2	sub-11276_ses-01_task-trust_run-2	syngo MR E11	E11	3	280	86522	1.0295882192478265	144	144	133	91	0.51985559566787	0.9220278438877335	0.4233460399817302	60.22495036545694	-138257.6543811564	-298.11077114674606	0.4376922405768354	complete	
11276	01	ugr	1	sub-11276_ses-01_task-ugr_run-1	syngo MR E11	E11	1	240	87604	0.54196683342534124	85	85	76	55	0.35564853556485354	0.8599352297752403	0.5393976776044794	31.8024835125772	-138808.47171517985	-350.7948086221469	-0.9191774162407284	complete	
11276	01	ugr	2	sub-11276_ses-01_task-ugr_run-2	syngo MR E11	E11	1	240	87568	0.69469472562118961	89	89	77	54	0.3723849372384937	0.8815105574477553	0.5790834244512668	30.536942602329496	-136519.569756937	-333.08643562214485	-1.2227711343918612	complete	
11286	01	doors	1	sub-11286_ses-01_task-doors_run-1	syngo MR E11	E11	3	218	74071	0.072232444355920231	23	23	21	13	0.10697674418604651	0.42045430824769453	0.334113920455191	11.216756083732083	-167659.43783775688	-478.94380575237346	-2.4064372516583252	complete	
11286	01	sharedreward	1	sub-11286_ses-01_task-sharedreward_run-1	syngo MR E11	E11	2	255	73815	0.089670822902095867	26	26	23	16	0.10276679841897234	0.46284983947528735	0.36892973810436247	11.94126664391066	-167331.78686036295	-473.71618068022514	-2.246983383430339	complete	
11286	01	socialdoors	1	sub-11286_ses-01_task-socialdoors_run-1	syngo MR E11	E11	2	218	73988	0.078501673362197835	20	20	18	12	0.09259259259259259	0.36555731711810213	0.2958608131209131	12.339713752348423	-168182.75729969348	-472.94670335723305	-1.8572533964722622	complete	
11286	01	trust	1	sub-11286_ses-01_task-trust_run-1	syngo MR E11	E11	4	280	73414	0.14064493620404683	32	32	28	19	0.11594202898550725	0.6819263679901056	0.5992213738031724	6.32348186135392	-168279.1990209847	-465.7335801679288	-1.9395419882858018	complete	
11286	01	ugr	1	sub-11286_ses-01_task-ugr_run-1	syngo MR E11	E11	2	240	74413	0.088205412370204656	22	22	19	14	0.09243697478991597	0.3872245590849381	0.30310134862304533	13.026816040893175	-167648.2187607233	-469.6747893624187	-1.9383388709523264	complete	
11286	01	ugr	2	sub-11286_ses-01_task-ugr_run-2	syngo MR E11	E11	1	240	74200	0.091507893282834762	28	28	23	16	0.11715481171548117	0.5959656286371645	0.511022456912417	7.339940332709965	-167336.09339165624	-484.0008954687782	-2.9265953777531934	complete	
11301	01	doors	1	sub-11301_ses-01_task-doors_run-1	syngo MR E11	E11	1	218	70546	0.088967512893073003	29	29	24	15	0.1336405529953917	0.49360936863914123	0.37455623832403856	12.629859084193741	-168878.86739718457	-555.285434747054	-2.6117906459099403	complete	
11301	01	sharedreward	1	sub-11301_ses-01_task-sharedreward_run-1	syngo MR E11	E11	1	255	70463	0.13378907562504147	36	36	32	22	0.14173228346456693	0.6410190671068104	0.5176916755581317	12.01784937376939	-169677.87120254035	-539.6317980007009	-3.07269010206398	complete	
11301	01	sharedreward	2	sub-11301_ses-01_task-sharedreward_run-2	syngo MR E11	E11	2	255	70553	0.10520523775474684	31	31	27	16	0.1225296442687747	0.4554114823033353	0.328747028972916	17.19884902437609	-169945.13520199663	-565.9591182785492	-2.6001033731722507	complete	
11301	01	socialdoors	1	sub-11301_ses-01_task-socialdoors_run-1	syngo MR E11	E11	1	218	70618	0.098576425482934146	30	30	26	17	0.1382488479262673	0.5366893072016451	0.42073971185442427	10.943152243424223	-168895.895383047	-547.3266558470591	-2.7955151246443912	complete	
11301	01	trust	1	sub-11301_ses-01_task-trust_run-1	syngo MR E11	E11	2	280	70350	0.089237044763695275	27	27	23	18	0.09712230215827339	0.5734688747552475	0.4880685437551793	7.240595932763355	-171438.97005006424	-565.996434877549	-3.48675455003877	complete	
11301	01	trust	2	sub-11301_ses-01_task-trust_run-2	syngo MR E11	E11	2	280	70572	0.11103378307859618	31	31	27	20	0.11151079136690648	0.5961761140620602	0.49875802402922015	7.437778540086679	-170141.75242280064	-564.8496503386148	-3.211035474149088	complete	
11301	01	ugr	1	sub-11301_ses-01_task-ugr_run-1	syngo MR E11	E11	2	240	70999	0.077176966641266706	26	26	24	18	0.1092436974789916	0.45151372437357284	0.3453896064123784	13.221358836853067	-174694.25318122745	-552.9374056015748	-2.573431118040622	complete	
11311	01	doors	1	sub-11311_ses-01_task-doors_run-1	syngo MR E11	E11	1	218	71295	0.09114347689859785	22	22	19	15	0.10138248847926268	0.45308579525227816	0.36915122055103927	11.060669330663366	-165111.67635239192	-526.068655647954	-1.7996860094151308	complete	
11311	01	sharedreward	1	sub-11311_ses-01_task-sharedreward_run-1	syngo MR E11	E11	1	255	71400	0.098983081366739042	23	23	21	16	0.09055118110236221	0.4838720721881719	0.4075569837074201	9.98085437593976	-163829.67807068676	-504.8298618211374	-1.0180849592675985	complete	
11311	01	sharedreward	2	sub-11311_ses-01_task-sharedreward_run-2	syngo MR E11	E11	2	255	71333	0.1015497894961287	26	26	23	15	0.10276679841897234	0.4595731046410533	0.3620404141695696	13.011422541002403	-163574.70570046897	-503.1768364614837	-0.8084498233747321	complete	
11311	01	socialdoors	1	sub-11311_ses-01_task-socialdoors_run-1	syngo MR E11	E11	1	218	71250	0.096618244152710364	24	24	22	15	0.11059907834101383	0.5295367772142339	0.44890666309734145	8.631012746314811	-164731.4029300391	-506.6748878738169	-1.4000106713573763	complete	
11311	01	trust	1	sub-11311_ses-01_task-trust_run-1	syngo MR E11	E11	1	280	71501	0.096722533523447451	26	26	22	16	0.0931899641577061	0.43868903558917366	0.34534208060709237	13.041513848350643	-163315.99001747475	-508.2312929172296	-0.8165767856822895	complete	
11311	01	trust	2	sub-11311_ses-01_task-trust_run-2	syngo MR E11	E11	2	280	71441	0.093742137156628699	24	24	22	17	0.08633093525179857	0.43782649143593316	0.3471687892828345	12.837487209065902	-163353.28229220046	-509.7341012512301	-1.3543280585281716	complete	
11311	01	ugr	1	sub-11311_ses-01_task-ugr_run-1	syngo MR E11	E11	1	240	71239	0.092112425904710582	27	27	24	17	0.11297071129707113	0.5266579905274409	0.42797677250504473	9.562340910657985	-166626.29448000222	-524.9691643326967	-1.8236589858332268	complete	
11311	01	ugr	2	sub-11311_ses-01_task-ugr_run-2	syngo MR E11	E11	1	240	71451	0.079374193578222507	25	25	23	15	0.10460251046025104	0.4391964146721843	0.34024616629212967	13.179140037119792	-165392.63066022523	-530.9551141114804	-1.511592348721988	complete	
11312	01	doors	1	sub-11312_ses-01_task-doors_run-1	syngo MR E11	E11	1	218	73060	0.094264412542133649	27	27	22	13	0.12442396313364056	0.48450309775936096	0.38259913556725916	12.071692690028485	-158687.43314338833	-482.82751318574526	-1.1854699765147485	complete	
11312	01	sharedreward	1	sub-11312_ses-01_task-sharedreward_run-1	syngo MR E11	E11	2	255	72854	0.092950035696795844	23	23	20	14	0.09090909090909091	0.4156512306287334	0.3364705236903531	12.06546212566481	-159311.26259052174	-477.3672965702818	-1.147174421646921	complete	
11312	01	sharedreward	2	sub-11312_ses-01_task-sharedreward_run-2	syngo MR E11	E11	1	255	72885	0.1075137935056108	28	28	23	15	0.11023622047244094	0.545695508020554	0.4583684701834774	9.90357331010858	-160056.6959333617	-473.25721958409684	-1.123352506812495	complete	
11312	01	socialdoors	1	sub-11312_ses-01_task-socialdoors_run-1	syngo MR E11	E11	1	218	72700	0.10592471349141776	28	28	25	16	0.12903225806451613	0.5881980431411586	0.49538994924676316	8.857078515453845	-159025.99446827284	-472.6140390500349	-1.2798035373059762	complete	
11312	01	trust	1	sub-11312_ses-01_task-trust_run-1	syngo MR E11	E11	2	280	72648	0.10855519237037083	28	28	24	17	0.10071942446043165	0.44132893725311717	0.33662315912485585	15.596167337615505	-161476.58701776093	-478.58397618308896	-1.0744824103666686	complete	
11312	01	trust	2	sub-11312_ses-01_task-trust_run-2	syngo MR E11	E11	1	280	72701	0.11628426559957644	29	29	25	18	0.1039426523297491	0.5707045482714301	0.4826253564576902	8.25047541913829	-160372.1317373523	-468.8403603638519	-1.0213479732880921	complete	
11312	01	ugr	1	sub-11312_ses-01_task-ugr_run-1	syngo MR E11	E11	1	240	73057	0.092596568335230403	23	23	19	13	0.09623430962343096	0.43402861381019975	0.3584198695278374	10.201994291556368	-158373.95001256707	-493.85308412816966	-1.2539026718634196	complete	
11312	01	ugr	2	sub-11312_ses-01_task-ugr_run-2	syngo MR E11	E11	2	240	72943	0.12180504727516454	29	29	26	16	0.12184873949579832	0.6380324584625522	0.5593660528934778	7.847904862610863	-158640.54836488262	-476.68375536010564	-0.7654773265956225	complete	
11316	01	doors	1	sub-11316_ses-01_task-doors_run-1	syngo MR E11	E11	3	218	79299	0.24431571286677845	45	45	37	26	0.20930232558139536	0.7194796616260878	0.5664190017402698	12.389402697367055	-158870.18488476294	-452.8404201630962	-0.7370450697532203	complete	
11316	01	sharedreward	1	sub-11316_ses-01_task-sharedreward_run-1	syngo MR E11	E11	0	255	78274	0.22490874268499242	37	37	34	23	0.1450980392156863	0.6323055036497995	0.5025246942734979	12.079800532814344	-162160.77183448395	-481.0079838706763	-0.6644009606054578	complete	
11316	01	sharedreward	2	sub-11316_ses-01_task-sharedreward_run-2	syngo MR E11	E11	0	255	77898	0.27959195588090874	43	43	39	24	0.16862745098039217	0.6540086002784496	0.5038781519565655	14.139351444519162	-162317.93617103552	-470.32970045764273	-0.3296417487426158	complete	
11316	01	socialdoors	1	sub-11316_ses-01_task-socialdoors_run-1	syngo MR E11	E11	1	218	77382	0.30266107852735602	51	51	46	30	0.2350230414746544	0.7345861887448114	0.5418527661708646	16.990712064098627	-162608.8561597162	-477.47635398865305	-0.7423192340911269	complete	
11316	01	trust	1	sub-11316_ses-01_task-trust_run-1	syngo MR E11	E11	0	280	78712	0.13774071485004119	34	34	30	22	0.12142857142857143	0.5853205269020284	0.46720471284354426	11.049317696439818	-163082.36550106463	-493.51086247901617	-1.3672685907930284	complete	
11316	01	trust	2	sub-11316_ses-01_task-trust_run-2	syngo MR E11	E11	1	280	78561	0.1861103600685704	38	38	34	23	0.13620071684587814	0.5693370590658362	0.42565551292137815	14.319840934962846	-162134.0445063472	-486.6511963257724	-0.7256581514779233	complete	
11316	01	ugr	1	sub-11316_ses-01_task-ugr_run-1	syngo MR E11	E11	2	240	79051	0.24411168067138236	45	45	40	26	0.18907563025210083	0.6805663272988313	0.5209498951727203	13.439008746462642	-159490.41257107767	-468.58324182618753	-0.6453782744235184	complete	
11316	01	ugr	2	sub-11316_ses-01_task-ugr_run-2	syngo MR E11	E11	1	240	79148	0.29808501192310766	47	47	41	29	0.19665271966527198	0.6996176099165724	0.5131854186843341	19.135930348834385	-159816.50453961958	-442.2570792151641	-0.5330284628560832	complete	
11317	01	ugr	1	sub-11317_ses-01_task-ugr_run-1	syngo MR E11	E11	1	240	69461	0.16790099938783287	32	32	27	18	0.13389121338912133	0.6149618895340372	0.5044942475280296	10.740778252249642	-165207.14105506687	-513.1671938490658	-0.30772694590553334	complete	
11317	01	ugr	2	sub-11317_ses-01_task-ugr_run-2	syngo MR E11	E11	0	240	69538	0.18250333421142362	38	38	33	24	0.15833333333333333	0.6300025073347565	0.4701996126965858	16.483178250924	-164664.79258967572	-484.65017901326854	0.3516215515654613	complete	
11318	01	doors	1	sub-11318_ses-01_task-doors_run-1	syngo MR E11	E11	1	218	70678	0.1146036311224141	25	25	22	15	0.1152073732718894	0.4838299150973132	0.3870112108320657	13.749401861409995	-173672.51741854887	-579.4805506897644	-1.080399916478595	complete	
11318	01	sharedreward	1	sub-11318_ses-01_task-sharedreward_run-1	syngo MR E11	E11	0	255	70980	0.079078852628004848	22	22	20	14	0.08627450980392157	0.3968036521835625	0.3160188281500012	14.135247762340098	-171633.8816616281	-582.0666364868879	-1.0796440320676204	complete	
11318	01	sharedreward	2	sub-11318_ses-01_task-sharedreward_run-2	syngo MR E11	E11	3	255	70295	0.11601436300388171	27	27	24	15	0.10714285714285714	0.5081260476829014	0.4156866807232315	11.267023057857546	-172726.27875089753	-596.6277335177351	-1.2845395814011291	complete	
11318	01	socialdoors	1	sub-11318_ses-01_task-socialdoors_run-1	syngo MR E11	E11	2	218	70952	0.11118209999147348	26	26	23	16	0.12037037037037036	0.4542505377510329	0.34502413493962775	15.121483123826385	-172570.16005790213	-585.0533701164463	-0.8913832714270243	complete	
11318	01	trust	1	sub-11318_ses-01_task-trust_run-1	syngo MR E11	E11	1	280	71216	0.10029217053375281	25	25	22	15	0.08960573476702509	0.43439687362000673	0.3440375198319714	14.687987606382979	-171627.24172962495	-574.0193869368829	-1.1793144569492067	complete	
11318	01	trust	2	sub-11318_ses-01_task-trust_run-2	syngo MR E11	E11	0	280	70851	0.096882671006754184	28	28	25	15	0.1	0.4750561321568555	0.37565853563722745	13.503992920539382	-172176.20892844247	-578.9691598297951	-1.4758320133936664	complete	
11318	01	ugr	1	sub-11318_ses-01_task-ugr_run-1	syngo MR E11	E11	2	240	70601	0.10833764384967193	25	25	22	15	0.10504201680672269	0.435288255297851	0.3390407701531575	15.364452760480567	-173517.69263522656	-633.3227855608636	-1.713240840728287	complete	
11318	01	ugr	2	sub-11318_ses-01_task-ugr_run-2	syngo MR E11	E11	1	240	70767	0.10289426732023479	27	27	24	15	0.11297071129707113	0.4639210256558118	0.35941734278578574	15.46016324190662	-173267.08694394553	-580.8501436692825	-1.255664463330353	complete	
11321	01	doors	1	sub-11321_ses-01_task-doors_run-1	syngo MR E11	E11	2	218	71144	0.064130381428294095	20	20	18	12	0.09259259259259259	0.3755231920650505	0.30618155796468083	11.08122670992247	-147973.91000826843	-509.36470411777384	-2.9847686096543447	complete	
11321	01	sharedreward	1	sub-11321_ses-01_task-sharedreward_run-1	syngo MR E11	E11	2	255	71095	0.060635969982711715	22	22	20	13	0.08695652173913043	0.3069819543036899	0.22260934332880697	17.143128947165415	-147481.30007886238	-504.9248857239466	-3.004363507440234	complete	
11321	01	sharedreward	2	sub-11321_ses-01_task-sharedreward_run-2	syngo MR E11	E11	2	255	71179	0.058852452641234579	21	21	19	12	0.08300395256916997	0.3572992371787226	0.285649116155099	13.679638422828843	-147093.74743100084	-504.50264614537053	-3.256936315864304	complete	
11321	01	socialdoors	1	sub-11321_ses-01_task-socialdoors_run-1	syngo MR E11	E11	4	218	71226	0.055078687905711736	18	18	17	12	0.08411214953271028	0.3654204841324076	0.30822313953561586	10.197278360029117	-147638.10889560202	-509.54517067179046	-2.941747480032419	complete	
11321	01	trust	1	sub-11321_ses-01_task-trust_run-1	syngo MR E11	E11	3	280	71168	0.058609139487318614	21	21	19	12	0.07581227436823104	0.3262463836041372	0.2566601908665539	13.056546612974808	-146937.94736956918	-505.2968851599918	-3.1391991735618547	complete	
11321	01	trust	2	sub-11321_ses-01_task-trust_run-2	syngo MR E11	E11	3	280	71168	0.05194280881557356	23	23	20	13	0.08303249097472924	0.3508493768971846	0.26973673329332787	13.519152805507105	-146896.25217767007	-502.16026982841447	-3.322978930024286	complete	
11321	01	ugr	1	sub-11321_ses-01_task-ugr_run-1	syngo MR E11	E11	2	240	71242	0.061133503598252967	20	20	19	13	0.08403361344537816	0.37994908055073784	0.31292743981921695	10.708786766223621	-149063.1950550289	-512.8032727022917	-3.102889868537774	complete	
11321	01	ugr	2	sub-11321_ses-01_task-ugr_run-2	syngo MR E11	E11	2	240	71183	0.06212748488324725	22	22	17	13	0.09243697478991597	0.36404602078446024	0.2849015132188563	13.023688902372914	-148352.9656511715	-513.2052911294561	-3.159970149458858	complete	
11325	01	doors	1	sub-11325_ses-01_task-doors_run-1	syngo MR E11	E11	2	218	82672	0.09738283430657757	30	30	28	19	0.1388888888888889	0.5971901666298163	0.49566867939504294	9.181935408267774	-167631.0313418312	-553.0992007555033	-3.1958708917331986	complete	
11325	01	sharedreward	1	sub-11325_ses-01_task-sharedreward_run-1	syngo MR E11	E11	3	255	82178	0.10693961926923051	31	31	27	19	0.12301587301587301	0.5439418063767429	0.43263600413145314	11.992639469392193	-169781.98070407673	-561.4279024089891	-2.522469534302605	complete	
11325	01	sharedreward	2	sub-11325_ses-01_task-sharedreward_run-2	syngo MR E11	E11	2	255	82219	0.11734716453736548	34	34	31	20	0.13438735177865613	0.6282822424906717	0.5239714819747471	9.464280849564314	-169062.40272220038	-565.5008957669567	-2.7049783967016108	complete	
11325	01	socialdoors	1	sub-11325_ses-01_task-socialdoors_run-1	syngo MR E11	E11	2	218	82987	0.12786068996807937	30	30	27	20	0.1388888888888889	0.5940907869636569	0.48954686970528694	9.79941881582968	-166926.58430061614	-552.1582200455939	-2.345145123695169	complete	
11325	01	trust	1	sub-11325_ses-01_task-trust_run-1	syngo MR E11	E11	1	280	80535	0.10471280896950289	32	32	28	20	0.11469534050179211	0.560097261233588	0.4572057859751698	10.81705814480535	-168956.85721953644	-521.8140712826129	-1.8076337647967697	complete	
11325	01	trust	2	sub-11325_ses-01_task-trust_run-2	syngo MR E11	E11	1	280	80882	0.10459298265157106	32	32	28	19	0.11469534050179211	0.46186074047068426	0.33501676807906616	18.005432546954825	-169036.88174586868	-542.8887574581856	-2.291194491788079	complete	
11325	01	ugr	1	sub-11325_ses-01_task-ugr_run-1	syngo MR E11	E11	1	240	83254	0.1040336996390519	26	26	23	16	0.1087866108786611	0.3997403603318359	0.2935834501500983	16.894105985394393	-165367.20141470028	-567.8814187526928	-0.9904198733198113	complete	
11325	01	ugr	2	sub-11325_ses-01_task-ugr_run-2	syngo MR E11	E11	2	240	83074	0.11112527715786391	30	30	25	16	0.12605042016806722	0.5731334480273602	0.47969802534483097	8.294819479784769	-165398.71099524185	-547.5267032854645	-2.3696696145318334	complete	
11326	01	doors	1	sub-11326_ses-01_task-doors_run-1	syngo MR E11	E11	1	218	66772	0.12801319241956771	22	22	19	15	0.10138248847926268	0.378497375890765	0.2852519155955902	15.791232114270613	-122198.04333170294	-442.8065857337866	-0.5860061653512998	complete	
11326	01	sharedreward	1	sub-11326_ses-01_task-sharedreward_run-1	syngo MR E11	E11	1	255	66951	0.13876358042529668	25	25	21	14	0.0984251968503937	0.5072982164248705	0.42686707246502387	8.304989681827715	-122947.5272460394	-429.9903984607506	-0.4159503829833314	complete	
11326	01	sharedreward	2	sub-11326_ses-01_task-sharedreward_run-2	syngo MR E11	E11	1	255	66861	0.2008989069420376	31	31	27	19	0.1220472440944882	0.6207663930562538	0.5211423992456147	10.124252913833436	-123002.73824468763	-430.39187065967434	-1.1180859144584188	complete	
11326	01	socialdoors	1	sub-11326_ses-01_task-socialdoors_run-1	syngo MR E11	E11	1	218	66501	0.148205756718813	24	24	22	15	0.11059907834101383	0.510525561627627	0.4236168971581137	8.74244791981965	-123203.85188322219	-436.8341863350205	-1.0717517526732314	complete	
11326	01	trust	1	sub-11326_ses-01_task-trust_run-1	syngo MR E11	E11	1	280	66952	0.16113432093780533	30	30	26	17	0.10752688172043011	0.5536208357844304	0.45312248139025324	10.718074671843086	-122152.09148244117	-429.60926415342317	-1.087392903036053	complete	
11326	01	trust	2	sub-11326_ses-01_task-trust_run-2	syngo MR E11	E11	1	280	66866	0.14275955999255444	25	25	21	15	0.08960573476702509	0.4204254821123052	0.3301181388433701	14.659933076489352	-122604.68255991238	-427.16455486590803	-0.9210848978641026	complete	
11326	01	ugr	1	sub-11326_ses-01_task-ugr_run-1	syngo MR E11	E11	2	240	66942	0.1340131860816558	21	21	18	14	0.08823529411764706	0.49450298519374747	0.42966849732645795	8.322867106143514	-122926.78615756115	-449.6010555547827	-1.1459758424967466	complete	
11326	01	ugr	2	sub-11326_ses-01_task-ugr_run-2	syngo MR E11	E11	2	240	66791	0.12250139972550053	22	22	20	15	0.09243697478991597	0.4752174145408372	0.4005757210251544	9.048181878393976	-122724.79119222958	-449.4005107725081	-0.9156106086914284	complete	
11329	01	doors	1	sub-11329_ses-01_task-doors_run-1	syngo MR E11	E11	1	218	86731	0.10365293352208992	32	32	26	19	0.14746543778801843	0.46703321881642657	0.32380178080869354	18.41782025382318	-157552.11201587424	-509.26891985215894	-2.3620203619363185	complete	
11329	01	sharedreward	1	sub-11329_ses-01_task-sharedreward_run-1	syngo MR E11	E11	2	255	86660	0.092876978166048271	31	31	28	19	0.1225296442687747	0.44175456622923104	0.3109595599591101	17.257713747921045	-158630.13218155384	-508.1649287214629	-2.0494276652918466	complete	
11329	01	sharedreward	2	sub-11329_ses-01_task-sharedreward_run-2	syngo MR E11	E11	0	255	86786	0.10395625065375309	35	35	31	21	0.13725490196078433	0.535288130736517	0.39893045992240855	13.83185535964323	-158027.97435711938	-497.72810040704866	-2.706747286205469	complete	
11329	01	socialdoors	1	sub-11329_ses-01_task-socialdoors_run-1	syngo MR E11	E11	2	218	86697	0.082333064444449516	27	27	24	17	0.125	0.4034731716744313	0.2795764573533652	17.248262542378143	-157645.74732194227	-514.3342607937182	-2.1045642160751035	complete	
11329	01	trust	1	sub-11329_ses-01_task-trust_run-1	syngo MR E11	E11	2	280	86792	0.09542732760981959	31	31	27	18	0.11151079136690648	0.4222289499490163	0.29778628945928437	16.251571508752537	-160008.05405136492	-525.065180136005	-1.7954779469929572	complete	
11329	01	trust	2	sub-11329_ses-01_task-trust_run-2	syngo MR E11	E11	3	280	86459	0.10166585464423461	33	33	30	21	0.11913357400722022	0.4519792787074929	0.3153815021169737	18.276038375838354	-159340.7908673026	-516.055637944781	-1.7630177093988295	complete	
11329	01	ugr	1	sub-11329_ses-01_task-ugr_run-1	syngo MR E11	E11	6	240	86836	0.10151775378636871	33	33	29	21	0.14102564102564102	0.47122558775834367	0.3308638135540639	17.459358403561545	-157134.80323238543	-495.52919064063786	-1.863106622202851	complete	
11329	01	ugr	2	sub-11329_ses-01_task-ugr_run-2	syngo MR E11	E11	2	240	86695	0.10136704809176134	32	32	30	18	0.13445378151260504	0.4818410620892342	0.34879580977790303	16.485701353942908	-157282.42954415779	-499.5226312349405	-2.366744255887463	complete	
11330	01	doors	1	sub-11330_ses-01_task-doors_run-1	syngo MR E11	E11	3	218	76179	0.081804181799734171	27	27	25	18	0.12558139534883722	0.5036601409927798	0.39747803434745194	11.523032408890884	-163934.9053410815	-605.7619118917638	-1.2566372416088698	complete	
11330	01	sharedreward	1	sub-11330_ses-01_task-sharedreward_run-1	syngo MR E11	E11	2	255	76013	0.072779080208281124	32	32	28	19	0.12648221343873517	0.5595294326270005	0.4421151686429287	12.564225766786976	-164071.5842781001	-604.4118755968407	-2.214985399756603	complete	
11330	01	sharedreward	2	sub-11330_ses-01_task-sharedreward_run-2	syngo MR E11	E11	1	255	76105	0.072868661161236206	31	31	29	20	0.1220472440944882	0.4346485738872012	0.28900172927563017	21.152107384490492	-163842.2656353732	-614.0778617424064	-1.4463001241194084	complete	
11330	01	socialdoors	1	sub-11330_ses-01_task-socialdoors_run-1	syngo MR E11	E11	1	218	76229	0.075123987879899892	26	26	22	16	0.11981566820276497	0.4956034371097968	0.39678486804681057	10.568920308741966	-163745.06755911538	-612.1669832128914	-1.5556884333904777	complete	
11330	01	trust	1	sub-11330_ses-01_task-trust_run-1	syngo MR E11	E11	2	280	75976	0.062724835838913376	28	28	25	18	0.10071942446043165	0.39369136373238034	0.2742783110042586	19.270688160398542	-164055.77298753592	-620.5318857304487	-0.7824073931152365	complete	
11330	01	trust	2	sub-11330_ses-01_task-trust_run-2	syngo MR E11	E11	2	280	76086	0.074248653367065237	31	31	25	18	0.11151079136690648	0.49085702475599224	0.3781461027553947	12.435940710397587	-163668.62567572782	-614.3375916827652	-1.1908235054931453	complete	
11330	01	ugr	1	sub-11330_ses-01_task-ugr_run-1	syngo MR E11	E11	2	240	76561	0.087093372915976769	27	27	25	19	0.1134453781512605	0.4450534335102287	0.3200898653357853	17.079074606448827	-163377.9689629907	-605.3173010047877	-1.2128860876551792	complete	
11330	01	ugr	2	sub-11330_ses-01_task-ugr_run-2	syngo MR E11	E11	4	240	76017	0.087702666308796973	27	27	25	19	0.11440677966101695	0.4913811223650591	0.38310290958424764	12.204125808124239	-164456.27041665773	-613.283670829769	-1.8697617836204312	complete	
11337	01	doors	1	sub-11337_ses-01_task-doors_run-1	syngo MR E11	E11	0	218	84079	0.28736917984776478	44	44	38	26	0.2018348623853211	0.7145057790031407	0.5408665599841858	14.505786292888784	-175134.22598201982	-413.1583243709839	1.5705013751295565	complete	
11337	01	sharedreward	1	sub-11337_ses-01_task-sharedreward_run-1	syngo MR E11	E11	1	255	84152	0.15496811902602392	41	41	35	23	0.16141732283464566	0.6734154261524479	0.5404731592161224	13.249716380793364	-174951.75972602502	-432.1218298261886	1.905409026386853	complete	
11337	01	sharedreward	2	sub-11337_ses-01_task-sharedreward_run-2	syngo MR E11	E11	2	255	83879	0.12866387083553238	32	32	28	19	0.12648221343873517	0.6741469976438277	0.587961767107487	8.950256809551167	-176135.00925281955	-421.2315800904996	1.6136259944844222	complete	
11337	01	socialdoors	1	sub-11337_ses-01_task-socialdoors_run-1	syngo MR E11	E11	1	218	84084	0.097333565445090656	31	31	28	20	0.14285714285714285	0.5751437264755852	0.4640040864405064	10.655032178677878	-174221.11469886746	-474.81516323883665	1.2468389705297838	complete	
11337	01	trust	1	sub-11337_ses-01_task-trust_run-1	syngo MR E11	E11	0	280	84020	0.18884819984412457	48	48	41	29	0.17142857142857143	0.6379349215058189	0.456643334980101	17.949691343692553	-174835.0944061119	-455.71748596695045	1.1072057703403708	complete	
11337	01	trust	2	sub-11337_ses-01_task-trust_run-2	syngo MR E11	E11	2	280	83450	0.28011536205348103	51	51	46	33	0.18345323741007194	0.7205722750651677	0.5404068225717537	17.4221784145903	-174850.96950410606	-404.47384475326487	1.0695446987157176	complete	
11337	01	ugr	1	sub-11337_ses-01_task-ugr_run-1	syngo MR E11	E11	1	240	84826	0.062605932669221986	22	22	20	15	0.09205020920502092	0.3976531807203253	0.32349363248205065	10.38560334577938	-173266.71975341937	-490.6440651011092	2.352164094578804	complete	
11337	01	ugr	2	sub-11337_ses-01_task-ugr_run-2	syngo MR E11	E11	2	240	84174	0.092843401815295074	30	30	27	20	0.12605042016806722	0.49243703229589575	0.3737156545921003	12.530212055888663	-174590.38000140915	-494.3089968663542	1.2653430099050917	complete	
11338	01	doors	1	sub-11338_ses-01_task-doors_run-1	syngo MR E11	E11	2	218	82110	0.06289537980550014	30	30	28	18	0.1388888888888889	0.42154740039049715	0.2744585731723742	21.116535822050466	-166469.64304410742	-499.76464627142	-1.7915356527514397	complete	
11338	01	sharedreward	1	sub-11338_ses-01_task-sharedreward_run-1	syngo MR E11	E11	2	255	82024	0.10121555406406015	35	35	31	21	0.1383399209486166	0.5136832989191126	0.3658552186661621	16.406666779642595	-166200.4863002809	-483.98440455766365	-1.6089197323397444	complete	
11338	01	sharedreward	2	sub-11338_ses-01_task-sharedreward_run-2	syngo MR E11	E11	2	255	82048	0.099089859594819252	34	34	29	19	0.13438735177865613	0.46796343029194787	0.32116793123498955	19.937387318339965	-165954.7153454292	-486.87190119737005	-2.0569555579881955	complete	
11338	01	socialdoors	1	sub-11338_ses-01_task-socialdoors_run-1	syngo MR E11	E11	1	218	82102	0.094938719998281504	34	34	31	19	0.15668202764976957	0.5018703480064791	0.3445952977646582	19.320326517105983	-166416.70600562924	-490.4594080007787	-1.9061733513120593	complete	
11338	01	trust	1	sub-11338_ses-01_task-trust_run-1	syngo MR E11	E11	2	280	81946	0.088791688001596716	36	36	32	20	0.12949640287769784	0.48319285076534046	0.3349437818305308	18.838945217706698	-165856.28489274197	-482.63077059367095	-2.0039619796414283	complete	
11338	01	trust	2	sub-11338_ses-01_task-trust_run-2	syngo MR E11	E11	2	280	81861	0.079777398430061944	35	35	30	20	0.12589928057553956	0.45657404626491654	0.31035782084598373	20.34947463880236	-165717.94254916828	-484.1872545777841	-2.6396897062009232	complete	
11338	01	ugr	1	sub-11338_ses-01_task-ugr_run-1	syngo MR E11	E11	3	240	82068	0.070475690042170025	32	32	27	20	0.1350210970464135	0.45319066759737725	0.30756354025899096	17.680116872075608	-167530.96945697043	-504.4411621121487	-1.752876911143561	complete	
11338	01	ugr	2	sub-11338_ses-01_task-ugr_run-2	syngo MR E11	E11	1	240	82143	0.080820925579891886	33	33	28	21	0.13807531380753138	0.47468868279100834	0.32408948119530073	18.891206166365038	-166754.60197732187	-494.770675762137	-1.6263634741052426	complete	
11340	01	doors	1	sub-11340_ses-01_task-doors_run-1	syngo MR E11	E11	2	218	70026	0.23835581402413988	34	34	31	22	0.1574074074074074	0.608934785922835	0.451254238157879	17.383130802818027	-127100.96104060949	-442.9199768677373	-1.9111362531947043	complete	
11340	01	sharedreward	1	sub-11340_ses-01_task-sharedreward_run-1	syngo MR E11	E11	2	255	69501	0.18048000125034586	28	28	25	19	0.11067193675889328	0.5366697623103914	0.4247247379376514	12.885870308550135	-132397.43763621768	-506.37891277955595	-1.161011668648169	complete	
11340	01	sharedreward	2	sub-11340_ses-01_task-sharedreward_run-2	syngo MR E11	E11	2	255	69523	0.16135271153302477	26	26	23	18	0.10276679841897234	0.5275468405447777	0.4339284977278581	11.139581765848497	-131950.00655795162	-493.9537640142401	-1.2418927611922295	complete	
11340	01	socialdoors	1	sub-11340_ses-01_task-socialdoors_run-1	syngo MR E11	E11	2	218	70022	0.16751192051821834	22	22	20	14	0.10185185185185185	0.44136557670045334	0.3567038150627213	13.774477048428313	-131240.10112347052	-474.66105325075057	-0.5651292582116751	complete	
11340	01	trust	1	sub-11340_ses-01_task-trust_run-1	syngo MR E11	E11	2	280	69993	0.18328816339567536	27	27	24	16	0.09712230215827339	0.45399562150815975	0.35195952207312087	12.893162152878563	-130777.7705462545	-473.05877885909234	-0.7869903808033616	complete	
11340	01	trust	2	sub-11340_ses-01_task-trust_run-2	syngo MR E11	E11	3	280	69755	0.16330294131053391	23	23	22	13	0.08303249097472924	0.3923880018750819	0.31115244588092256	13.185798706088837	-131257.40110163623	-472.30713474721415	-0.48814252372197126	complete	
11340	01	ugr	1	sub-11340_ses-01_task-ugr_run-1	syngo MR E11	E11	2	240	70176	0.21274147022933351	31	31	27	18	0.13025210084033614	0.5897086311865383	0.48203543885913774	11.205475583347301	-127342.19278580774	-439.8501123492688	-1.842327033244688	complete	
11340	01	ugr	2	sub-11340_ses-01_task-ugr_run-2	syngo MR E11	E11	1	240	70135	0.18700696248535845	26	26	23	17	0.1087866108786611	0.54190527924351	0.445840251949493	12.633374283831593	-126934.45040646003	-442.7046364878656	-1.7281846596393047	complete	
11343	01	doors	1	sub-11343_ses-01_task-doors_run-1	syngo MR E11	E11	2	218	64940	0.14361451232371636	23	23	20	15	0.10648148148148148	0.5057055370171435	0.42375874732690044	9.31879152708217	-134451.2905006711	-472.2115396544449	-1.6589251999065024	complete	
11343	01	sharedreward	1	sub-11343_ses-01_task-sharedreward_run-1	syngo MR E11	E11	2	255	64963	0.10822430535419908	19	19	16	11	0.07509881422924901	0.47361983180526823	0.42717653976516	6.100900714300562	-134751.93619359683	-475.85151861564276	-1.6363477187859103	complete	
11343	01	sharedreward	2	sub-11343_ses-01_task-sharedreward_run-2	syngo MR E11	E11	2	255	64773	0.12132816359839116	21	21	19	13	0.08300395256916997	0.5256295546794958	0.4661759751430305	6.977212874953725	-134648.48888192134	-467.72786232085764	-1.699776442384678	complete	
11343	01	socialdoors	1	sub-11343_ses-01_task-socialdoors_run-1	syngo MR E11	E11	2	218	64716	0.12578449662991265	21	21	20	14	0.09722222222222222	0.5187858093324544	0.45228814833315195	7.794068870590716	-134967.44578831425	-469.1185333697915	-1.500706186338774	complete	
11343	01	ugr	1	sub-11343_ses-01_task-ugr_run-1	syngo MR E11	E11	2	240	64955	0.11659181609507846	20	20	19	13	0.08403361344537816	0.4904738735375281	0.43116893457038546	7.222274359572666	-134242.85038853151	-474.1040565245858	-1.8227158724033194	complete	
11343	01	ugr	2	sub-11343_ses-01_task-ugr_run-2	syngo MR E11	E11	2	240	64904	0.11265792011754143	21	21	18	13	0.08823529411764706	0.5473281155770819	0.4901712047775836	6.381317708546158	-134562.0326210554	-472.2616130982233	-1.8527083188854447	complete	
11345	01	doors	1	sub-11345_ses-01_task-doors_run-1	syngo MR E11	E11	3	218	59788	0.06395233403825136	20	20	18	13	0.09302325581395349	0.4085335990759878	0.3393760426294938	10.5352427453821	-176100.48138061393	-659.0253138837189	-1.5412504584179025	complete	
11345	01	sharedreward	1	sub-11345_ses-01_task-sharedreward_run-1	syngo MR E11	E11	3	255	59775	0.049672847147746842	19	19	18	11	0.07539682539682539	0.3726072006078846	0.3115006128293554	10.644776284749563	-176459.37190047273	-656.623042313189	-2.2165898654275313	complete	
11345	01	sharedreward	2	sub-11345_ses-01_task-sharedreward_run-2	syngo MR E11	E11	2	255	59735	0.051225165944817588	21	21	18	12	0.08300395256916997	0.3587483016661302	0.2858962551023294	13.334165107251767	-176479.65784177915	-663.6973928111297	-2.0506067757247433	complete	
11345	01	socialdoors	1	sub-11345_ses-01_task-socialdoors_run-1	syngo MR E11	E11	2	218	59673	0.055516638141021077	19	19	17	13	0.08796296296296297	0.45571281978237493	0.396164212126607	7.841930726070915	-176675.2663228826	-648.2784614042122	-1.367048940514536	complete	
11345	01	trust	1	sub-11345_ses-01_task-trust_run-1	syngo MR E11	E11	1	280	59812	0.062807536768710245	21	21	19	13	0.07526881720430108	0.41679243482229045	0.34693068945823524	10.225310857493913	-177540.9140692273	-656.0139128164814	-2.0458329314632553	complete	
11345	01	trust	2	sub-11345_ses-01_task-trust_run-2	syngo MR E11	E11	2	280	59754	0.060457435447351257	24	24	22	16	0.08633093525179857	0.4367729473889942	0.34459089619393296	11.938322522311408	-176959.16052022087	-659.0595667133974	-1.9440907552805975	complete	
11345	01	ugr	1	sub-11345_ses-01_task-ugr_run-1	syngo MR E11	E11	1	240	59879	0.059753175420667597	20	20	17	13	0.08368200836820083	0.4153170495665228	0.3474548380759027	10.215131120462237	-175513.00452412834	-651.7493054060374	-1.8042104674235653	complete	
11345	01	ugr	2	sub-11345_ses-01_task-ugr_run-2	syngo MR E11	E11	2	240	59663	0.063462045795828065	22	22	19	14	0.09243697478991597	0.4617434638801898	0.3838263712730544	9.965609706485367	-176006.81357556683	-642.9695768342809	-1.5572768422849643	complete	
11348	01	doors	1	sub-11348_ses-01_task-doors_run-1	syngo MR E11	E11	1	218	70011	0.10369066901827606	25	25	22	14	0.1152073732718894	0.5087990783613533	0.4174608107168107	10.711215646870782	-132450.3180162105	-403.56186689668834	-1.3323213229106756	complete	
11348	01	sharedreward	1	sub-11348_ses-01_task-sharedreward_run-1	syngo MR E11	E11	2	255	70067	0.13277613277000616	26	26	23	16	0.10276679841897234	0.5391197476953818	0.45608178509635655	9.738221087646902	-132082.7290948172	-406.83016148387486	-1.592461435266857	complete	
11348	01	sharedreward	2	sub-11348_ses-01_task-sharedreward_run-2	syngo MR E11	E11	1	255	70292	0.11895098290558541	27	27	26	18	0.1062992125984252	0.5229242141135115	0.42169720648078374	12.281185769329946	-130801.08712209317	-396.1696824320015	-1.2148501210402138	complete	
11348	01	socialdoors	1	sub-11348_ses-01_task-socialdoors_run-1	syngo MR E11	E11	2	218	69771	0.12382568894854817	28	28	25	18	0.12962962962962962	0.5170873190387392	0.3963673972836788	15.216188580539468	-132491.03360124902	-415.6949861645106	-1.0647532907896355	complete	
11348	01	trust	1	sub-11348_ses-01_task-trust_run-1	syngo MR E11	E11	1	280	70141	0.10102285196410013	27	27	24	16	0.0967741935483871	0.5041025364200012	0.4106716934921596	11.9544821042838	-131405.1731838024	-393.6615743980994	-1.069803567896578	complete	
11348	01	trust	2	sub-11348_ses-01_task-trust_run-2	syngo MR E11	E11	1	280	70258	0.11111940194966037	29	29	26	18	0.1039426523297491	0.5382597418989616	0.4294723441977891	13.644875597815423	-132022.53469308288	-399.0663353003829	-1.4973662226391193	complete	
11348	01	ugr	1	sub-11348_ses-01_task-ugr_run-1	syngo MR E11	E11	1	240	70029	0.096914793754138209	26	26	22	15	0.1087866108786611	0.4690650196383054	0.36910207337970197	14.609186915487774	-132987.223139642	-401.5212154245503	-1.3847139918271005	complete	
11348	01	ugr	2	sub-11348_ses-01_task-ugr_run-2	syngo MR E11	E11	1	240	70339	0.097302497621784556	25	25	21	15	0.10460251046025104	0.5458928546774934	0.4682783837594232	9.259165307682778	-131996.89748156682	-402.5188763720872	-1.353015773007773	complete	
11358	01	doors	1	sub-11358_ses-01_task-doors_run-1	syngo MR E11	E11	6	218	67736	0.12657584909312447	24	24	21	17	0.11320754716981132	0.4805449544086543	0.39032353907830236	13.43804738151238	-148270.853533943	-583.7485395033517	-2.253410090545333	complete	
11358	01	sharedreward	1	sub-11358_ses-01_task-sharedreward_run-1	syngo MR E11	E11	2	255	67763	0.11760487315728803	25	25	22	16	0.09881422924901186	0.4479009784831224	0.35328903942165085	13.466991771181812	-148158.07638032618	-575.999538914208	-1.777501797466578	complete	
11358	01	sharedreward	2	sub-11358_ses-01_task-sharedreward_run-2	syngo MR E11	E11	1	255	67713	0.12474081092844977	25	25	23	16	0.0984251968503937	0.40919535472283763	0.30669244765135345	16.7127250341704	-148012.5335812263	-580.3746312831279	-1.9936937378137383	complete	
11358	01	trust	1	sub-11358_ses-01_task-trust_run-1	syngo MR E11	E11	1	280	67682	0.13812823602363389	26	26	23	16	0.0931899641577061	0.5027069004027965	0.41342165215167176	10.510945481929225	-147988.1878898878	-574.1374152848475	-2.2339395706406107	complete	
11358	01	trust	2	sub-11358_ses-01_task-trust_run-2	syngo MR E11	E11	2	280	67821	0.14002824663268484	29	29	26	18	0.10431654676258993	0.5079002360099003	0.3943647098913471	13.563649391851364	-147760.74306685248	-566.4625337654619	-1.908882791219749	complete	
11358	01	ugr	1	sub-11358_ses-01_task-ugr_run-1	syngo MR E11	E11	1	240	67944	0.11475370145238967	20	20	19	15	0.08368200836820083	0.46054378540303303	0.39306976736907245	11.040989039813708	-148731.9728520413	-584.3210778556613	-2.836064000160648	complete	
11358	01	ugr	2	sub-11358_ses-01_task-ugr_run-2	syngo MR E11	E11	1	240	68116	0.11716641038926438	27	27	21	14	0.11297071129707113	0.45156773603634476	0.3463046741861155	16.35073616811573	-147986.49240241354	-584.7285656941715	-2.197677404046189	complete	
11364	01	sharedreward	1	sub-11364_ses-01_task-sharedreward_run-1	syngo MR E11	E11	3	255	75372	0.13570418440075219	24	24	22	15	0.09523809523809523	0.5984762283331971	0.5292777047497836	7.044999125085286	-125867.55637323375	-452.23907333470106	-1.6384715640522243	complete	
11364	01	sharedreward	2	sub-11364_ses-01_task-sharedreward_run-2	syngo MR E11	E11	2	255	75115	0.14607990465842785	25	25	22	15	0.09881422924901186	0.55289368702328	0.4738802019650432	9.192622026176906	-126316.14308336312	-461.8643312748176	-1.5501188832994692	complete	
11364	01	trust	1	sub-11364_ses-01_task-trust_run-1	syngo MR E11	E11	1	280	75250	0.14156937237102596	29	29	26	19	0.1039426523297491	0.6136907034573399	0.5250613824574237	8.192495477297223	-126859.41371501281	-452.43153300948376	-1.5454327300715862	complete	
11364	01	trust	2	sub-11364_ses-01_task-trust_run-2	syngo MR E11	E11	2	280	75308	0.126705794926292	26	26	22	16	0.09352517985611511	0.46473801173323565	0.37132277937113295	12.300865151163174	-126036.77242771091	-446.64749998263255	-0.8292278096955552	complete	
11364	01	ugr	1	sub-11364_ses-01_task-ugr_run-1	syngo MR E11	E11	1	240	75454	0.164196099307716	25	25	22	15	0.10460251046025104	0.5824884526407276	0.5069593946818981	8.578623614897758	-124143.19772481083	-450.02649655240054	-1.1930046646148587	complete	
11364	01	ugr	2	sub-11364_ses-01_task-ugr_run-2	syngo MR E11	E11	2	240	75491	0.11155266195083866	23	23	21	14	0.09663865546218488	0.4241284889886019	0.3383142509124268	13.177696982013359	-125125.52830665605	-443.77924060834556	0.25394642434558906	complete	
11367	01	doors	1	sub-11367_ses-01_task-doors_run-1	syngo MR E11	E11	2	218	68914	0.1186377819772805	24	24	21	16	0.1111111111111111	0.5893302603526238	0.5163974511304473	7.927318374378054	-128488.6996511272	-488.13070766232994	-2.1015064911164876	complete	
11367	01	sharedreward	1	sub-11367_ses-01_task-sharedreward_run-1	syngo MR E11	E11	4	255	68869	0.0649900140213171	17	17	16	14	0.06772908366533864	0.41966191754124327	0.3732273682174211	7.371442734128267	-128354.17866306301	-512.3095852375312	-2.638319472753328	complete	
11367	01	sharedreward	2	sub-11367_ses-01_task-sharedreward_run-2	syngo MR E11	E11	3	255	68857	0.07749575036655959	23	23	20	13	0.09126984126984126	0.5285495408603704	0.46703515381977656	7.622434230854003	-127862.04690109409	-500.5082849523415	-2.398949052782427	complete	
11367	01	socialdoors	1	sub-11367_ses-01_task-socialdoors_run-1	syngo MR E11	E11	2	218	68809	0.073957722029640419	15	15	14	11	0.06944444444444445	0.4296257139050176	0.40001341767815024	6.388064604820344	-127745.85448456465	-512.9663643283936	-2.455650909074759	complete	
11367	01	trust	1	sub-11367_ses-01_task-trust_run-1	syngo MR E11	E11	4	280	68825	0.070140114012323909	16	16	15	13	0.057971014492753624	0.5004007921678423	0.46995057302447707	5.3550472515379335	-127455.07325894931	-510.6914550936588	-2.249345698129571	complete	
11367	01	trust	2	sub-11367_ses-01_task-trust_run-2	syngo MR E11	E11	3	280	69063	0.072534066224734448	16	16	14	12	0.05776173285198556	0.48554113465904203	0.45518190848842766	5.371567056877766	-126748.13575162135	-505.7479776697739	-2.4953152597914796	complete	
11367	01	ugr	1	sub-11367_ses-01_task-ugr_run-1	syngo MR E11	E11	3	240	68342	0.082908204543774761	17	17	16	12	0.07172995780590717	0.4678711716846246	0.42891101608712034	6.024719333422786	-130366.86210154291	-507.0514283835447	-1.983406571192829	complete	
11367	01	ugr	2	sub-11367_ses-01_task-ugr_run-2	syngo MR E11	E11	3	240	68732	0.11030478542660196	25	25	23	15	0.10548523206751055	0.5827630852338974	0.5120876763372498	7.731152848191174	-129143.91348825213	-490.10386441429836	-2.2543571854847766	complete	
11374	01	doors	1	sub-11374_ses-01_task-doors_run-1	syngo MR E11	E11	1	218	72766	0.46618979081786338	76	76	65	43	0.35023041474654376	0.837394682563545	0.5399451716561038	29.179387800532144	-135823.8477627005	-408.3170555879538	-1.6097902404079205	complete	
11374	01	sharedreward	1	sub-11374_ses-01_task-sharedreward_run-1	syngo MR E11	E11	2	255	72655	0.6025355170632426	94	94	80	53	0.3715415019762846	0.8588592153725323	0.5111245739229792	34.88471773529301	-136883.04939951355	-413.66660902179444	-1.6602981276744406	complete	
11374	01	sharedreward	2	sub-11374_ses-01_task-sharedreward_run-2	syngo MR E11	E11	1	255	72754	0.50279121690975537	77	77	66	44	0.3031496062992126	0.8144988335405441	0.5215849298497293	28.354753255844997	-136458.84244738956	-410.32064930148846	-1.4723641009977744	complete	
11374	01	socialdoors	1	sub-11374_ses-01_task-socialdoors_run-1	syngo MR E11	E11	1	218	72938	0.31622811181778415	57	57	49	34	0.2626728110599078	0.7858511074810736	0.5729785625059987	18.71470326604739	-135267.13938305437	-431.0558815871127	-2.366032215978229	complete	
11374	01	trust	1	sub-11374_ses-01_task-trust_run-1	syngo MR E11	E11	2	280	72938	0.77376726623077108	93	93	80	54	0.3345323741007194	0.8438506299622471	0.5159864585708138	34.75274286615894	-137058.55411698972	-403.7783881035461	-0.33567351923214045	complete	
11374	01	trust	2	sub-11374_ses-01_task-trust_run-2	syngo MR E11	E11	1	280	72616	0.60022192748709824	81	81	69	46	0.2903225806451613	0.8180844663874492	0.5252115351756877	28.612012464702214	-136703.9679494824	-420.93495604655703	-1.9846277527458482	complete	
11374	01	ugr	1	sub-11374_ses-01_task-ugr_run-1	syngo MR E11	E11	1	240	72790	0.68460390825478112	90	90	77	48	0.37656903765690375	0.8553745759977489	0.5209243665574045	34.189267946017374	-136040.1579158664	-394.8505518100726	-0.7783169304093892	complete	
11376	01	doors	1	sub-11376_ses-01_task-doors_run-1	syngo MR E11	E11	2	218	88285	0.20381278418574736	38	38	33	25	0.17592592592592593	0.726657208255645	0.6002675294789798	13.106896177433265	-153589.2719199172	-459.1791014674456	-3.5635295123365176	complete	
11376	01	sharedreward	1	sub-11376_ses-01_task-sharedreward_run-1	syngo MR E11	E11	2	255	88400	0.12257472681563414	37	37	34	24	0.14624505928853754	0.5472557300823417	0.376906017380344	21.689897310556862	-154184.72906046407	-506.93104884980113	-4.262338629705907	complete	
11376	01	sharedreward	2	sub-11376_ses-01_task-sharedreward_run-2	syngo MR E11	E11	3	255	88502	0.11977953302575299	34	34	32	21	0.1349206349206349	0.5471723863863593	0.41139102547455453	15.45037657051296	-154019.51256740594	-509.3462658573451	-3.6218904251761193	complete	
11376	01	socialdoors	1	sub-11376_ses-01_task-socialdoors_run-1	syngo MR E11	E11	3	218	88625	0.12040270286201143	36	36	33	25	0.16744186046511628	0.6218922654010075	0.4740517266876818	15.909304668963074	-153630.03124475537	-498.72194040185815	-3.6535858047884937	complete	
11376	01	trust	1	sub-11376_ses-01_task-trust_run-1	syngo MR E11	E11	2	280	88539	0.19463794246192662	38	38	34	21	0.1366906474820144	0.7281618647794147	0.6357407485720581	7.416397806679205	-115801.79769298802	-244.31877634351886	-2.0370120294696497	complete	
11376	01	trust	2	sub-11376_ses-01_task-trust_run-2	syngo MR E11	E11	2	280	88297	0.15108708759990214	42	42	37	28	0.1510791366906475	0.6586070987662087	0.5040732744834543	15.848561015485023	-143343.16639490848	-512.981418789694	-5.855400539128458	complete	
11376	01	ugr	1	sub-11376_ses-01_task-ugr_run-1	syngo MR E11	E11	2	240	88408	0.20058529716036591	50	50	43	30	0.21008403361344538	0.750125215958119	0.5779933099832324	14.573237771808683	-152890.76190365176	-475.5467626956509	-4.617916492175603	complete	
11376	01	ugr	2	sub-11376_ses-01_task-ugr_run-2	syngo MR E11	E11	2	240	88764	0.23881760000831978	67	67	58	41	0.2815126050420168	0.7848394132488264	0.5260106619742593	24.58642029200814	-152593.9873931382	-479.0268681093197	-4.482840252096057	complete	
11377	01	doors	1	sub-11377_ses-01_task-doors_run-1	syngo MR XA30	XA30	2	218	63105	0.15269475128483467	25	25	22	17	0.11574074074074074	0.5988924631742158	0.515527344385118	9.978629887483635	-131987.78208507135	-513.605774049301	-1.4740151609031436	complete	
11377	01	sharedreward	1	sub-11377_ses-01_task-sharedreward_run-1	syngo MR XA30	XA30	5	255	63075	0.1515660924599663	26	26	22	15	0.104	0.5635201388884604	0.4854796883929977	9.654199729609202	-132849.08304577207	-518.4447164063322	-2.007531838077553	complete	
11377	01	sharedreward	2	sub-11377_ses-01_task-sharedreward_run-2	syngo MR XA30	XA30	2	255	63126	0.16486435506113323	25	25	23	15	0.09881422924901186	0.5342915877998781	0.4465691899192685	10.87312651266416	-132550.5926626139	-511.7880106775359	-2.1808044591614366	complete	
11377	01	socialdoors	1	sub-11377_ses-01_task-socialdoors_run-1	syngo MR XA30	XA30	3	218	62970	0.17447926152106102	22	22	20	14	0.10232558139534884	0.5484222324710296	0.4808407428035556	11.496114305313522	-132217.7224470744	-502.01734430949796	0.5074807537869278	complete	
11377	01	trust	1	sub-11377_ses-01_task-trust_run-1	syngo MR XA30	XA30	2	280	63101	0.11296786753436434	17	17	15	12	0.06115107913669065	0.41725175305536255	0.3783754984757187	10.155950913729566	-134012.48628055328	-518.857508131486	-0.8261244449009921	complete	
11377	01	trust	2	sub-11377_ses-01_task-trust_run-2	syngo MR XA30	XA30	2	280	62423	0.15625216049581239	23	23	21	14	0.08273381294964029	0.604254896050093	0.5453881242173145	6.9686784871901395	-134711.9063504065	-536.0053958828028	-2.9826342389079046	complete	
11377	01	ugr	1	sub-11377_ses-01_task-ugr_run-1	syngo MR XA30	XA30	2	240	63021	0.16247810515248737	23	23	21	16	0.09663865546218488	0.5834774944654528	0.5081195650689422	9.304875086418456	-133444.03414755993	-521.7421637200406	-2.397872523731751	complete	
11377	01	ugr	2	sub-11377_ses-01_task-ugr_run-2	syngo MR XA30	XA30	4	240	63137	0.17691051692054061	24	24	22	17	0.1016949152542373	0.5750661825493285	0.49426272810340083	8.219272311746003	-132807.47256252423	-526.3563207324205	-3.1364326198113637	complete	
11387	01	doors	1	sub-11387_ses-01_task-doors_run-1	syngo MR E11	E11	2	218	74026	0.20761441636735473	31	31	26	18	0.14351851851851852	0.5889392387444746	0.4705576731990743	14.620446455297524	-152621.2578789173	-538.9954518816821	-3.6849081668353723	complete	
11387	01	sharedreward	1	sub-11387_ses-01_task-sharedreward_run-1	syngo MR E11	E11	1	255	74004	0.19396831452170127	25	25	22	16	0.0984251968503937	0.5026212400766975	0.41940106448087083	12.431100690604373	-153728.1126623853	-529.0728259820037	0.12792631529622273	complete	
11387	01	sharedreward	2	sub-11387_ses-01_task-sharedreward_run-2	syngo MR E11	E11	3	255	74080	0.18733533431962499	28	28	23	18	0.1111111111111111	0.4973304432573716	0.3934924801165205	15.415498956774934	-153198.79292568282	-529.3189106990629	-0.5109354976589418	complete	
11387	01	socialdoors	1	sub-11387_ses-01_task-socialdoors_run-1	syngo MR E11	E11	2	218	73901	0.20987946815691985	27	27	25	17	0.125	0.5470662883146379	0.4474964067933212	13.221767142938289	-153603.99179372954	-533.5350398798641	-2.5618669084345727	complete	
11387	01	trust	1	sub-11387_ses-01_task-trust_run-1	syngo MR E11	E11	1	280	74265	0.21438386558975486	28	28	24	17	0.1003584229390681	0.5797925946299238	0.49531665492468124	10.885483148406308	-153897.2181621514	-524.7016256946137	-1.1807063953131927	complete	
11387	01	trust	2	sub-11387_ses-01_task-trust_run-2	syngo MR E11	E11	3	280	74043	0.22992870562802406	29	29	26	20	0.10469314079422383	0.5207651975617525	0.4113536521931687	14.513224413581778	-154061.0348894153	-535.1878770477817	-1.5351948743494492	complete	
11387	01	ugr	1	sub-11387_ses-01_task-ugr_run-1	syngo MR E11	E11	2	240	74130	0.21054560151106524	27	27	24	17	0.1134453781512605	0.562002591356215	0.4765375023953725	10.64000113668079	-152624.58502295148	-543.1290465059203	-3.6094951006508413	complete	
11387	01	ugr	2	sub-11387_ses-01_task-ugr_run-2	syngo MR E11	E11	2	240	73984	0.20406764438403102	28	28	25	18	0.11764705882352941	0.5154828018149648	0.40973069333950407	14.660132736483362	-152169.54089242828	-531.6769187521439	-3.2466815812413254	complete	
11396	01	trust	1	sub-11396_ses-01_task-trust_run-1	syngo MR E11	E11	0	280	77201	0.58090808729372478	82	82	70	51	0.29285714285714287	0.8274872292233759	0.5142216476004544	31.84870069446165	-123443.6452690141	-344.93110841333095	-0.576802608268326	complete	
11396	01	trust	2	sub-11396_ses-01_task-trust_run-2	syngo MR E11	E11	0	280	77635	0.32645396199837506	43	43	38	24	0.15357142857142858	0.6505089744555438	0.49736862418981265	16.759718868046296	-127143.4578295296	-351.260762889735	0.5431042848786405	complete	
11410	01	doors	1	sub-11410_ses-01_task-doors_run-1	syngo MR E11	E11	1	218	64490	0.35319765595272717	36	36	33	25	0.16589861751152074	0.7120448920874096	0.5757511193132203	15.537758497847689	-163763.71316234395	-408.07317846886485	-0.8513746705332212	complete	
11410	01	sharedreward	1	sub-11410_ses-01_task-sharedreward_run-1	syngo MR E11	E11	0	255	65287	0.28077818028483137	39	39	33	25	0.15294117647058825	0.7198952283307135	0.597932749974214	12.973055708853817	-162730.97955010022	-403.22279099223095	-1.6363914603010097	complete	
11410	01	sharedreward	2	sub-11410_ses-01_task-sharedreward_run-2	syngo MR E11	E11	0	255	64799	0.33958254380414088	48	48	42	31	0.18823529411764706	0.7611720787323654	0.5733244871625065	18.11899652987305	-164307.948131047	-414.51811791873894	-1.2967309637363411	complete	
11410	01	socialdoors	1	sub-11410_ses-01_task-socialdoors_run-1	syngo MR E11	E11	1	218	64744	0.23863183365133381	29	29	24	17	0.1336405529953917	0.6039551816331137	0.5031985425543519	9.982029871428335	-162686.83910973644	-431.64749017383343	-0.9570077776597007	complete	
11410	01	trust	1	sub-11410_ses-01_task-trust_run-1	syngo MR E11	E11	2	280	65772	0.14944694359766866	23	23	22	14	0.08273381294964029	0.45906460784535047	0.3850264587024739	8.855107214375947	-163266.70737372097	-401.0250244440762	-1.2814909152593525	complete	
11410	01	trust	2	sub-11410_ses-01_task-trust_run-2	syngo MR E11	E11	1	280	65681	0.21405975620421161	38	38	33	24	0.13620071684587814	0.6922767793843607	0.5726170683175698	11.739901299565238	-161910.090673525	-400.6036638455866	-1.560794548267691	complete	
11410	01	ugr	1	sub-11410_ses-01_task-ugr_run-1	syngo MR E11	E11	0	240	64477	0.35163478971215467	45	45	39	28	0.1875	0.7696138744446287	0.6222701222291082	13.736516226847447	-162887.06788686445	-401.21110624412637	-1.3502277314205073	complete	
11410	01	ugr	2	sub-11410_ses-01_task-ugr_run-2	syngo MR E11	E11	0	240	64162	0.39773182763911552	54	54	49	35	0.225	0.770201893530339	0.5530156824972203	21.778189933656353	-163918.79197774894	-389.5301928886294	-0.5050662285727433	complete	
11416	01	doors	1	sub-11416_ses-01_task-doors_run-1	syngo MR E11	E11	1	218	70844	0.21841034829725445	54	54	46	28	0.2488479262672811	0.7922298605802104	0.6179213968984378	14.818468655186166	-147038.55772691543	-465.5683836217731	-1.463144298428247	complete	
11416	01	sharedreward	1	sub-11416_ses-01_task-sharedreward_run-1	syngo MR E11	E11	1	255	71170	0.38060692453086187	66	66	57	42	0.25984251968503935	0.8345480201206494	0.6106353320551422	19.84466417454422	-146244.99794871555	-401.5078629904965	-0.5208365273333343	complete	
11416	01	socialdoors	1	sub-11416_ses-01_task-socialdoors_run-1	syngo MR E11	E11	1	218	71110	0.32155103968854509	63	63	54	34	0.2903225806451613	0.8116273136781637	0.5956464598216463	21.745368711522893	-146293.09446882218	-457.80219752792385	-1.3752239503891857	complete	
11416	01	trust	1	sub-11416_ses-01_task-trust_run-1	syngo MR E11	E11	2	280	71466	0.41957222257326204	74	74	64	49	0.26618705035971224	0.8356676006746413	0.5794659137439013	23.6382739877618	-145885.30773386176	-430.92016932924423	-1.0269123963724165	complete	
11416	01	ugr	1	sub-11416_ses-01_task-ugr_run-1	syngo MR E11	E11	1	240	71191	0.29951674938640138	61	61	53	37	0.25523012552301255	0.7939979047964598	0.5822371631680523	19.44665539670288	-146866.93726303725	-494.01496700688074	-1.5769434594081104	complete	
11416	01	ugr	2	sub-11416_ses-01_task-ugr_run-2	syngo MR E11	E11	1	240	70834	0.36364294609215647	68	68	61	41	0.28451882845188287	0.8437492014441091	0.630181241269889	18.165571915455754	-146807.31399537923	-403.9028024736931	-0.6837138229923895	complete	
11426	01	doors	1	sub-11426_ses-01_task-doors_run-1	syngo MR E11	E11	0	218	70435	0.29312906734701227	30	30	26	18	0.13761467889908258	0.6144258299856759	0.5096632812099513	12.562104356737564	-124176.52309993959	-477.4850856547426	-1.0098927326309959	complete	
11426	01	sharedreward	1	sub-11426_ses-01_task-sharedreward_run-1	syngo MR E11	E11	0	255	70616	0.26817459468171917	31	31	27	20	0.12156862745098039	0.5806171929545757	0.46924023798704845	14.261864397234781	-124341.536488372	-472.9338008869782	-1.1432164428158287	complete	
11426	01	socialdoors	1	sub-11426_ses-01_task-socialdoors_run-1	syngo MR E11	E11	0	218	70538	0.21953724945609218	29	29	26	19	0.13302752293577982	0.6167180768066739	0.5223894048743616	10.35106354502048	-125168.18971709636	-486.0232466615537	-1.5107359269391891	complete	
11426	01	trust	1	sub-11426_ses-01_task-trust_run-1	syngo MR E11	E11	0	280	70451	0.29886943279248268	30	30	28	21	0.10714285714285714	0.6282788178209672	0.5347997073796313	11.678300904610598	-124257.66030597968	-485.87049508485967	-1.6607135077162787	complete	
11426	01	ugr	1	sub-11426_ses-01_task-ugr_run-1	syngo MR E11	E11	0	240	70270	0.25543629739592832	30	30	26	19	0.125	0.612076630228058	0.511200327179706	12.022559078127031	-125183.5540394845	-476.0767748867454	-1.1047463628772367	complete	
11430	01	doors	1	sub-11430_ses-01_task-doors_run-1	syngo MR E11	E11	1	218	68426	0.15072432085466428	15	15	13	10	0.06912442396313365	0.33610321448652714	0.3011553337919269	8.987197876042126	-109866.0561351756	-324.3715147275255	1.382614571730587	complete	
11430	01	sharedreward	1	sub-11430_ses-01_task-sharedreward_run-1	syngo MR E11	E11	2	255	68633	0.13099130601669287	16	16	15	10	0.06324110671936758	0.3122177519277479	0.2743158833077557	9.475468880092825	-109823.04440857569	-327.3712541443621	1.8954319068552727	complete	
11430	01	socialdoors	1	sub-11430_ses-01_task-socialdoors_run-1	syngo MR E11	E11	7	218	68589	0.1845434031005331	19	19	16	13	0.09004739336492891	0.4390966734347786	0.3848010183977969	8.927426147632149	-110054.42408888906	-322.6938743874352	1.0270153476840513	complete	
11430	01	trust	1	sub-11430_ses-01_task-trust_run-1	syngo MR E11	E11	1	280	68680	0.12888078723838406	14	14	12	8	0.05017921146953405	0.2744309131951512	0.2513846793256831	7.004643088610352	-109666.19943941614	-328.8392903989264	1.5474354294960957	complete	
11430	01	trust	2	sub-11430_ses-01_task-trust_run-2	syngo MR E11	E11	0	280	68526	0.12827129488351938	15	15	13	9	0.05357142857142857	0.3178680319959383	0.29113342658040137	6.402739477308333	-109927.27270406704	-325.2219335085802	1.3735994382271974	complete	
11430	01	ugr	1	sub-11430_ses-01_task-ugr_run-1	syngo MR E11	E11	1	240	68240	0.12914861130313246	17	17	14	9	0.07112970711297072	0.34327949696014254	0.30032002060695634	9.862520460172373	-110471.4609840344	-327.012949031543	1.6453711962606996	complete	
11432	01	doors	1	sub-11432_ses-01_task-doors_run-1	syngo MR E11	E11	1	218	75155	0.13842043199937645	24	24	20	15	0.11059907834101383	0.5954989891294011	0.5254972945122512	7.398455032137715	-151159.76626116008	-434.80615636335733	-2.522800909806467	complete	
11432	01	sharedreward	1	sub-11432_ses-01_task-sharedreward_run-1	syngo MR E11	E11	2	255	75446	0.099506407120089665	23	23	20	14	0.09090909090909091	0.49040988390230145	0.4222669966134961	8.87921674037601	-150472.44717300634	-437.877034585266	-2.426489307309645	complete	
11432	01	sharedreward	2	sub-11432_ses-01_task-sharedreward_run-2	syngo MR E11	E11	3	255	75385	0.10271574275766981	24	24	21	14	0.09523809523809523	0.5753498473368195	0.5153994410363892	5.977968591914736	-150912.75868704123	-421.44186527901775	-2.3199281812818477	complete	
11432	01	socialdoors	1	sub-11432_ses-01_task-socialdoors_run-1	syngo MR E11	E11	2	218	74863	0.12186623158470394	28	28	25	16	0.12962962962962962	0.659885529792723	0.5872710831204753	6.53593504016722	-150545.88460556272	-428.02059462480224	-2.4182333131673985	complete	
11432	01	trust	1	sub-11432_ses-01_task-trust_run-1	syngo MR E11	E11	1	280	75449	0.096865769819625497	23	23	20	15	0.08243727598566308	0.4036734608681458	0.3274715693429508	11.26686670845166	-151113.22347761167	-445.9299481605929	-2.5877116377575717	complete	
11432	01	ugr	1	sub-11432_ses-01_task-ugr_run-1	syngo MR E11	E11	2	240	75234	0.22704513107694321	41	41	34	24	0.1722689075630252	0.740221263883241	0.6250624150326908	10.500156114925272	-150118.16053754927	-406.3863656178345	-2.1481426438622155	complete	
11432	01	ugr	2	sub-11432_ses-01_task-ugr_run-2	syngo MR E11	E11	1	240	75119	0.21348106205182787	39	39	34	23	0.16317991631799164	0.7003423330279882	0.5803267267922709	10.607783143918233	-151484.3524496104	-406.86838828992256	-1.7562609067860087	complete	
11433	01	doors	1	sub-11433_ses-01_task-doors_run-1	syngo MR E11	E11	1	218	72905	0.11711523602472176	34	34	29	17	0.15668202764976957	0.6203112749993305	0.5039390060664055	10.495441044590908	-165389.80690565475	-458.77449939181633	-1.0528536965727713	complete	
11433	01	sharedreward	1	sub-11433_ses-01_task-sharedreward_run-1	syngo MR E11	E11	2	255	73232	0.10481758414484883	28	28	24	14	0.11067193675889328	0.4646890162270426	0.3618226107091224	11.830797542591167	-165284.97840031938	-470.19074207872063	0.16640668891897875	complete	
11433	01	sharedreward	2	sub-11433_ses-01_task-sharedreward_run-2	syngo MR E11	E11	1	255	73242	0.10120922485036833	29	29	24	16	0.1141732283464567	0.4757774775327228	0.3698670252578927	11.908238980224775	-165156.96799178037	-484.52691063650207	-1.5354426229262914	complete	
11433	01	socialdoors	1	sub-11433_ses-01_task-socialdoors_run-1	syngo MR E11	E11	1	218	72952	0.094694081545610376	29	29	24	13	0.1336405529953917	0.4248393890646086	0.2997513069663487	17.55778866686579	-165845.88825585865	-481.51614209021545	-0.6452791784781003	complete	
11433	01	trust	1	sub-11433_ses-01_task-trust_run-1	syngo MR E11	E11	0	280	73065	0.088765307900632487	31	31	28	17	0.11071428571428571	0.5601926296109578	0.46421486787979466	9.056836846382453	-166236.94636446633	-465.62250479308966	0.6406757839870422	complete	
11433	01	trust	2	sub-11433_ses-01_task-trust_run-2	syngo MR E11	E11	1	280	73046	0.085838826634209331	28	28	24	14	0.1003584229390681	0.39255950719242666	0.28482748223194776	17.07040909385469	-166304.85441862312	-491.6885441553251	-0.18966118164722878	complete	
11433	01	ugr	1	sub-11433_ses-01_task-ugr_run-1	syngo MR E11	E11	0	240	73178	0.095061757799147037	28	28	24	15	0.11666666666666667	0.46157558837286483	0.356584713510515	14.360014127930684	-165264.1974410632	-471.36590085020356	-0.49193612410884285	complete	
11433	01	ugr	2	sub-11433_ses-01_task-ugr_run-2	syngo MR E11	E11	0	240	72783	0.097939627338053156	30	30	26	15	0.125	0.4124943419722748	0.2830835734677776	19.299447291114618	-165542.1932914075	-475.50633400524436	-0.6610983520861395	complete	
11435	01	doors	1	sub-11435_ses-01_task-doors_run-1	syngo MR E11	E11	2	218	71184	0.11700552674374856	22	22	21	14	0.10185185185185185	0.5042995767930774	0.4304888021688462	8.073340981897017	-157164.56495175802	-568.5082594318023	-1.1892274343195204	complete	
11435	01	sharedreward	1	sub-11435_ses-01_task-sharedreward_run-1	syngo MR E11	E11	1	255	71100	0.089072460675241008	21	21	19	14	0.08267716535433071	0.4526959590320016	0.38871939926095345	8.85872868837148	-158145.90973708028	-572.1862122868334	-0.3775925981040733	complete	
11435	01	sharedreward	2	sub-11435_ses-01_task-sharedreward_run-2	syngo MR E11	E11	2	255	71241	0.094818962970360271	20	20	17	12	0.07905138339920949	0.4542740411062309	0.4014544078717889	7.748195527878531	-157733.1355767017	-575.1673257913853	-1.0345608917105604	complete	
11435	01	socialdoors	1	sub-11435_ses-01_task-socialdoors_run-1	syngo MR E11	E11	2	218	71406	0.094736097231733624	18	18	16	13	0.08333333333333333	0.4507995432998567	0.39900148357486365	7.303899025419275	-157197.39377635156	-580.2263300951081	-1.338837807012007	complete	
11435	01	trust	1	sub-11435_ses-01_task-trust_run-1	syngo MR E11	E11	2	280	71087	0.097182234948539836	17	17	14	12	0.06115107913669065	0.4521046287971315	0.41624413334621374	5.789993712106376	-158396.18057594352	-578.4773580677829	-1.1087886250784569	complete	
11435	01	trust	2	sub-11435_ses-01_task-trust_run-2	syngo MR E11	E11	0	280	71292	0.094781970340104077	21	21	20	13	0.075	0.4654137505207944	0.4081665883337034	7.286026774993722	-157316.6286845024	-570.1624947914657	-0.9316689257280321	complete	
11435	01	ugr	1	sub-11435_ses-01_task-ugr_run-1	syngo MR E11	E11	2	240	71064	0.11254345546774353	18	18	17	11	0.07563025210084033	0.41760407482869694	0.3694039221167054	8.134189809623031	-157316.68821066772	-585.4817337293736	-1.0280928196655492	complete	
11435	01	ugr	2	sub-11435_ses-01_task-ugr_run-2	syngo MR E11	E11	3	240	71034	0.090371041410011274	20	20	17	12	0.08438818565400844	0.420015750010575	0.3572577796862736	9.780801013068723	-157943.2250779787	-584.9214315973979	-0.764784242490264	complete	
11439	01	doors	1	sub-11439_ses-01_task-doors_run-1	syngo MR E11	E11	2	218	77462	0.16042688794194798	31	31	29	18	0.14351851851851852	0.5822622345379198	0.4700998641758513	12.106830120947954	-142139.79015309626	-409.47977877063727	1.3319722341742986	complete	
11439	01	sharedreward	1	sub-11439_ses-01_task-sharedreward_run-1	syngo MR E11	E11	2	255	77547	0.24841824357356371	35	35	28	18	0.1383399209486166	0.6781461727774051	0.5859295759734727	9.306441870422182	-142904.85865737437	-436.05501358070575	0.18894201662093943	complete	
11439	01	socialdoors	1	sub-11439_ses-01_task-socialdoors_run-1	syngo MR E11	E11	2	218	77906	0.18973074339789431	32	32	27	18	0.14814814814814814	0.6260197192638406	0.5238153775190171	10.548244166335328	-141770.97824731327	-435.20292402669196	-0.025824765715638198	complete	
11439	01	trust	1	sub-11439_ses-01_task-trust_run-1	syngo MR E11	E11	2	280	78996	0.25080710997155187	33	33	29	17	0.11870503597122302	0.5952313216233547	0.49915075875041554	11.02590991006314	-142064.6838634922	-417.91108783995	1.3485894133040501	complete	
11439	01	trust	2	sub-11439_ses-01_task-trust_run-2	syngo MR E11	E11	2	280	78627	0.27023876926972623	32	32	28	18	0.11510791366906475	0.5608805608415901	0.4589643633054365	12.82445303050608	-142604.61331285042	-418.04081995155553	1.3510351132675666	complete	
11439	01	ugr	1	sub-11439_ses-01_task-ugr_run-1	syngo MR E11	E11	3	240	77756	0.24756549118875551	35	35	31	20	0.14767932489451477	0.7154357890174019	0.6274516150214281	9.05520283039604	-141933.76547681337	-419.82964228606244	-0.22953257611646033	complete	
11440	01	doors	1	sub-11440_ses-01_task-doors_run-1	syngo MR E11	E11	1	218	71077	0.108350564419983	27	27	23	16	0.12442396313364056	0.5123942718648756	0.4094993403254281	13.056422829585616	-156229.87194609694	-520.6814417522829	-1.3033461992491933	complete	
11440	01	sharedreward	1	sub-11440_ses-01_task-sharedreward_run-1	syngo MR E11	E11	1	255	71052	0.16027333084899884	32	32	29	17	0.12598425196850394	0.6788503961464729	0.5921464151139949	7.754127105769798	-157382.50731216418	-524.2647350497675	-1.6723169427340545	complete	
11440	01	sharedreward	2	sub-11440_ses-01_task-sharedreward_run-2	syngo MR E11	E11	1	255	71060	0.11764715378435706	27	27	23	15	0.1062992125984252	0.46884952559953114	0.370575232298805	14.270876923517154	-156487.65444236432	-518.8679223162651	-1.205745095015307	complete	
11440	01	socialdoors	1	sub-11440_ses-01_task-socialdoors_run-1	syngo MR E11	E11	1	218	71072	0.12492152234373707	29	29	23	16	0.1336405529953917	0.5920898384363685	0.49437480217912055	9.271049277567766	-156305.8631038692	-524.4254812038298	-1.7567196003554035	complete	
11440	01	trust	1	sub-11440_ses-01_task-trust_run-1	syngo MR E11	E11	1	280	71284	0.11886251436253578	28	28	25	18	0.1003584229390681	0.5369177004474457	0.44028808745040937	12.56275335738761	-158335.4187127018	-525.9617384783503	-2.1029738637882933	complete	
11440	01	trust	2	sub-11440_ses-01_task-trust_run-2	syngo MR E11	E11	1	280	71142	0.13198017839834308	29	29	27	18	0.1039426523297491	0.5367528026027207	0.4347153574380924	12.079335438805161	-157556.9943188047	-528.924903580847	-2.4323232928298375	complete	
11440	01	ugr	1	sub-11440_ses-01_task-ugr_run-1	syngo MR E11	E11	1	240	71206	0.16655985325579045	31	31	28	19	0.1297071129707113	0.6215929272005046	0.5135811768089509	12.25364376764842	-155764.781660142	-519.9250578430324	-2.6618126740613572	complete	
11440	01	ugr	2	sub-11440_ses-01_task-ugr_run-2	syngo MR E11	E11	1	240	70834	0.13443945194651541	28	28	25	16	0.11715481171548117	0.5163832016027163	0.4083803768319861	14.72959037859859	-156657.57212321664	-520.3755970711964	-3.091128078097346	complete	
11443	01	sharedreward	1	sub-11443_ses-01_task-sharedreward_run-1	syngo MR E11	E11	1	255	58563	0.39488916642178828	39	39	35	22	0.15354330708661418	0.6694642110007182	0.524862361967147	15.609822515604723	-139637.14122672926	-439.4940718609921	-0.1515614340310141	complete	
11443	01	trust	1	sub-11443_ses-01_task-trust_run-1	syngo MR E11	E11	2	280	58374	0.36822940458576103	42	42	35	23	0.1510791366906475	0.6882148497423094	0.5457752307162607	14.862290696993407	-141410.5863768964	-480.12931076928606	-0.8588164128103973	complete	
11443	01	trust	2	sub-11443_ses-01_task-trust_run-2	syngo MR E11	E11	1	280	58469	0.23941939822849967	30	30	28	18	0.10752688172043011	0.538986164073292	0.4238113207533003	14.278743463542176	-140399.2753579923	-451.9974118227705	-0.008027313463251294	complete	
11443	01	ugr	1	sub-11443_ses-01_task-ugr_run-1	syngo MR E11	E11	0	240	58471	0.41951364430582727	45	45	40	25	0.1875	0.746912023730552	0.5875702455022327	15.99038897682739	-139627.0193652197	-438.15651113997836	-1.3828188761218634	complete	
11450	01	doors	1	sub-11450_ses-01_task-doors_run-1	syngo MR E11	E11	3	218	81968	0.10262840869166621	23	23	19	13	0.10697674418604651	0.476604941031085	0.4037115493427637	10.0743434795692	-174100.49331174907	-572.9868542622086	-1.1454493582057046	complete	
11450	01	sharedreward	1	sub-11450_ses-01_task-sharedreward_run-1	syngo MR E11	E11	2	255	82367	0.11159385467539068	28	28	25	17	0.11067193675889328	0.6569184431478781	0.5900632414686764	6.365324183783549	-173919.19976658662	-548.792774039768	-1.797631072985678	complete	
11450	01	sharedreward	2	sub-11450_ses-01_task-sharedreward_run-2	syngo MR E11	E11	3	255	82361	0.10466619722782911	27	27	24	16	0.10714285714285714	0.620799221550945	0.5518814176739231	6.421178083961003	-173931.2657266802	-540.9538307952727	-1.6869604664486904	complete	
11450	01	socialdoors	1	sub-11450_ses-01_task-socialdoors_run-1	syngo MR E11	E11	2	218	82313	0.11187642601752741	27	27	23	15	0.125	0.7028990974144372	0.6444010415326257	6.053486989250961	-172374.60635631802	-516.0931740386794	-1.9741856757923608	complete	
11450	01	trust	1	sub-11450_ses-01_task-trust_run-1	syngo MR E11	E11	2	280	82295	0.12009544755223746	28	28	25	18	0.10071942446043165	0.6390521235769658	0.5733414972041037	7.508887253254106	-174714.97774532903	-549.793130394124	-2.0465525898053443	complete	
11450	01	ugr	1	sub-11450_ses-01_task-ugr_run-1	syngo MR E11	E11	2	240	82577	0.17627661939003525	37	37	32	22	0.15546218487394958	0.7410309107768859	0.641816686813943	9.806531967376914	-172012.22140287852	-487.283501564913	-1.7204108929811335	complete	
11450	01	ugr	2	sub-11450_ses-01_task-ugr_run-2	syngo MR E11	E11	3	240	82667	0.11358710454815137	26	26	22	15	0.10970464135021098	0.5363345209848209	0.4560769562325035	8.92152275786084	-171815.68232495204	-548.8117520699077	-1.5041578807023415	complete	
11451	01	doors	1	sub-11451_ses-01_task-doors_run-1	syngo MR E11	E11	4	218	82848	0.20892457575612289	29	29	26	19	0.13551401869158877	0.48821708187367435	0.3618039524732035	15.234352585514088	-147309.80859781738	-521.481708011013	-1.7200432699675188	complete	
11451	01	sharedreward	1	sub-11451_ses-01_task-sharedreward_run-1	syngo MR E11	E11	3	255	82462	0.2131284783078676	30	30	27	18	0.11904761904761904	0.4988886314422881	0.38250476981409876	15.076080971892573	-147556.32700824505	-534.0029467936935	-2.60537135371371	complete	
11451	01	sharedreward	2	sub-11451_ses-01_task-sharedreward_run-2	syngo MR E11	E11	3	255	82671	0.24218408913818809	27	27	25	18	0.10714285714285714	0.4696547811505112	0.3697103048837341	13.667413626516444	-147402.20090866098	-541.1029876178703	-2.1796897017139862	complete	
11451	01	socialdoors	1	sub-11451_ses-01_task-socialdoors_run-1	syngo MR E11	E11	3	218	82638	0.21731671761860416	27	27	23	17	0.12558139534883722	0.4702259170374555	0.3607253625664482	15.110187244226926	-147654.51413059243	-532.147624784063	-2.1558751960029223	complete	
11451	01	trust	1	sub-11451_ses-01_task-trust_run-1	syngo MR E11	E11	2	280	83040	0.18895694290601739	29	29	26	17	0.10431654676258993	0.46955797880177064	0.36188155479824474	15.152435983562382	-147051.59886308855	-535.2334275373829	-3.3863090079327183	complete	
11451	01	trust	2	sub-11451_ses-01_task-trust_run-2	syngo MR E11	E11	2	280	82907	0.22581115527276036	32	32	28	18	0.11510791366906475	0.5018657835028266	0.38019068681862606	14.759666617874165	-147338.22660959134	-541.6236563134746	-3.05271094231399	complete	
11451	01	ugr	1	sub-11451_ses-01_task-ugr_run-1	syngo MR E11	E11	2	240	83178	0.17872465103300059	30	30	26	18	0.12605042016806722	0.4753411803957481	0.3530735706951556	16.5419229726043	-146825.94504031044	-529.2289583896603	-3.1044666164456958	complete	
11451	01	ugr	2	sub-11451_ses-01_task-ugr_run-2	syngo MR E11	E11	2	240	82999	0.23659428201737351	31	31	26	19	0.13025210084033614	0.5483893330440727	0.4370322802993395	11.393973886339284	-148264.2034918671	-554.7122278080022	-2.814297889654485	complete	
11461	01	doors	1	sub-11461_ses-01_task-doors_run-1	syngo MR E11	E11	2	218	76306	0.3475380044735229	52	52	47	32	0.24074074074074073	0.709578618839751	0.47803195763237744	25.243625305084937	-129604.2282372308	-477.1062288755516	-5.336371544321825	complete	
11461	01	sharedreward	1	sub-11461_ses-01_task-sharedreward_run-1	syngo MR E11	E11	2	255	76156	0.41995615114183865	74	74	61	46	0.2924901185770751	0.8429331646250197	0.5746864751908562	25.368727555968114	-130056.52549988947	-480.13448383522217	-7.170923118909696	complete	
11461	01	sharedreward	2	sub-11461_ses-01_task-sharedreward_run-2	syngo MR E11	E11	2	255	76083	0.27019651236214814	47	47	41	26	0.1857707509881423	0.7240131839892856	0.5740264301018865	15.701865451221012	-127887.95081084712	-470.69819668597165	-4.608698084444835	complete	
11461	01	socialdoors	1	sub-11461_ses-01_task-socialdoors_run-1	syngo MR E11	E11	3	218	76290	0.23469649404317933	45	45	38	26	0.20930232558139536	0.6994413904473937	0.5203546330238784	17.771887022425503	-129399.72362087529	-484.0082713986721	-6.543020914123214	complete	
11461	01	trust	1	sub-11461_ses-01_task-trust_run-1	syngo MR E11	E11	4	280	76081	0.56694379945179396	63	63	53	35	0.22826086956521738	0.7658277306712644	0.5321990988312483	23.28233772138493	-127197.26479517017	-490.5294508112637	-3.6280854806571092	complete	
11461	01	trust	2	sub-11461_ses-01_task-trust_run-2	syngo MR E11	E11	2	280	76238	0.64299842101307514	71	71	64	40	0.25539568345323743	0.8269449444566417	0.566982337595367	23.96175747301907	-127208.1242383494	-451.3622903999581	-4.698161437731443	complete	
11461	01	ugr	1	sub-11461_ses-01_task-ugr_run-1	syngo MR E11	E11	3	240	76461	0.31131555747451889	44	44	36	22	0.18565400843881857	0.7219985526351068	0.5864581220848561	13.980732637748188	-130437.14554040322	-506.101351521071	-5.263375863193597	complete	
11461	01	ugr	2	sub-11461_ses-01_task-ugr_run-2	syngo MR E11	E11	5	240	76458	0.42857194987498354	54	54	45	30	0.2297872340425532	0.7658052914063846	0.5559298922369568	19.466049118540962	-130081.04004131131	-494.71152786963097	-4.858203378342203	complete	
11462	01	doors	1	sub-11462_ses-01_task-doors_run-1	syngo MR E11	E11	2	218	84405	0.13561654679743121	40	40	34	24	0.18518518518518517	0.5893429428087049	0.40425039346381997	21.06601200874204	-148928.9047654734	-526.7318164154352	-1.6934590061932049	complete	
11462	01	sharedreward	1	sub-11462_ses-01_task-sharedreward_run-1	syngo MR E11	E11	4	255	84324	0.1477713705078052	47	47	42	30	0.18725099601593626	0.6611160443450825	0.47000660239012965	17.170276280732033	-148306.79615722835	-513.2000432778815	-1.9452809658655634	complete	
11462	01	socialdoors	1	sub-11462_ses-01_task-socialdoors_run-1	syngo MR E11	E11	2	218	84504	0.13329978887959895	41	41	38	24	0.18981481481481483	0.5988931954617598	0.42177755138740225	18.36492775361184	-148170.7798367288	-510.5485369057513	-1.6595063441284268	complete	
11462	01	trust	1	sub-11462_ses-01_task-trust_run-1	syngo MR E11	E11	2	280	84456	0.5528605950767973	100	100	88	61	0.3597122302158273	0.8734794575149486	0.55064849584305	33.22058069635096	-148218.92547534071	-447.4226729133734	-1.1321885703018704	complete	
11462	01	ugr	1	sub-11462_ses-01_task-ugr_run-1	syngo MR E11	E11	2	240	84448	0.33922371025176146	60	60	53	34	0.25210084033613445	0.7712768850251922	0.5590024782442238	19.21250861207322	-149809.22858673427	-512.4410716590701	-2.109844820923497	complete	
11472	01	doors	1	sub-11472_ses-01_task-doors_run-1	syngo MR XA30	XA30	1	218	71865	0.13211246733848922	23	23	21	16	0.10599078341013825	0.516616001344808	0.4385432651067614	9.522921291161	-136298.18058883923	-446.82662865881264	-3.628984952185188	complete	
11472	01	sharedreward	1	sub-11472_ses-01_task-sharedreward_run-1	syngo MR XA30	XA30	1	255	76652	0.14114357293536151	28	28	24	17	0.11023622047244094	0.531562492651327	0.4314848928053859	12.9231024430423	-136627.89789880652	-491.456397700931	-2.998666802663511	complete	
11472	01	sharedreward	2	sub-11472_ses-01_task-sharedreward_run-2	syngo MR XA30	XA30	1	255	71982	0.20413849945533899	41	41	36	26	0.16141732283464566	0.6713624578163379	0.5149697843897899	15.111504566064621	-143480.47997644581	-434.6515968695051	-2.8063167684094696	complete	
11472	01	socialdoors	1	sub-11472_ses-01_task-socialdoors_run-1	syngo MR XA30	XA30	1	218	71986	0.14080714485411178	26	26	23	18	0.11981566820276497	0.5694458815347618	0.4749034195394449	9.13425727836738	-137901.82681130298	-434.61614220695367	-1.778317679977261	complete	
11472	01	trust	1	sub-11472_ses-01_task-trust_run-1	syngo MR XA30	XA30	1	280	71998	0.19280207629703061	41	41	37	30	0.14695340501792115	0.6814307702538425	0.516547062413882	15.490799921059569	-143450.05244492737	-394.80339566001163	-1.7444648328240575	complete	
11472	01	trust	2	sub-11472_ses-01_task-trust_run-2	syngo MR XA30	XA30	1	280	71843	0.28757726501810915	49	49	42	33	0.17562724014336917	0.7441896244792239	0.5713039195943034	16.792588979089984	-144591.67902222142	-409.82139577563703	-2.2945023451941986	complete	
11472	01	ugr	1	sub-11472_ses-01_task-ugr_run-1	syngo MR XA30	XA30	1	240	77580	0.11828234955218914	26	26	23	16	0.1087866108786611	0.5314580427310449	0.44082959890953416	10.704014394180069	-129914.9037562096	-492.90239144793526	-3.2161309956359085	complete	
11472	01	ugr	2	sub-11472_ses-01_task-ugr_run-2	syngo MR XA30	XA30	1	240	71458	0.13742717557303441	29	29	26	17	0.12133891213389121	0.5548820397690316	0.4518931168117742	13.73382881231746	-137204.35959519487	-445.87731598601715	-2.8333225412200753	complete	
11492	01	doors	1	sub-11492_ses-01_task-doors_run-1	syngo MR XA30	XA30	1	218	82261	0.47807135721364413	91	91	78	50	0.41935483870967744	0.8729053248333125	0.582889714159455	28.829455889761288	-128378.70019347408	-401.5214189490633	-0.7315667251117688	complete	
11492	01	sharedreward	1	sub-11492_ses-01_task-sharedreward_run-1	syngo MR XA30	XA30	1	255	81192	0.26263356197673055	59	59	51	32	0.23228346456692914	0.7272693586828937	0.5043824084376332	22.313380647002937	-131360.39057995344	-463.4291835021233	-1.8652255598141882	complete	
11492	01	sharedreward	2	sub-11492_ses-01_task-sharedreward_run-2	syngo MR XA30	XA30	1	255	82298	0.25055310611464965	60	60	52	32	0.23622047244094488	0.7541530025609395	0.5454056369420454	19.556673398846424	-130144.3981018543	-453.24553840590545	-2.112687202784564	complete	
11492	01	socialdoors	1	sub-11492_ses-01_task-socialdoors_run-1	syngo MR XA30	XA30	1	218	81819	0.19476027886509087	49	49	43	27	0.22580645161290322	0.7214006084420402	0.5332109090082201	17.747981738293102	-129220.61124115012	-473.101041513838	-2.649320923425338	complete	
11492	01	trust	1	sub-11492_ses-01_task-trust_run-1	syngo MR XA30	XA30	1	280	82072	0.18947131942353332	50	50	45	30	0.17921146953405018	0.6765054833735096	0.5020003914901751	17.375486684536206	-132598.81059940645	-497.3377380674233	-2.3054707823649645	complete	
11492	01	trust	2	sub-11492_ses-01_task-trust_run-2	syngo MR XA30	XA30	1	280	80621	0.17417863455737165	53	53	45	28	0.18996415770609318	0.7311287646595582	0.5672740451799426	14.933103486902219	-133266.83685140536	-470.3206154301546	-2.9675666670531307	complete	
11492	01	ugr	1	sub-11492_ses-01_task-ugr_run-1	syngo MR XA30	XA30	2	240	82425	0.3066406525059554	68	68	59	39	0.2857142857142857	0.8192493944087501	0.5967135732881756	18.025325610740882	-127996.6597388718	-418.59231006168466	-0.9690071978772102	complete	
11492	01	ugr	2	sub-11492_ses-01_task-ugr_run-2	syngo MR XA30	XA30	1	240	82356	0.31844758262632877	76	76	64	43	0.3179916317991632	0.8170963381002826	0.5583244857933366	25.17351877804914	-127188.1242509417	-419.73857305322883	-0.8803165496012085	complete	
11493	01	doors	1	sub-11493_ses-01_task-doors_run-1	syngo MR E11	E11	2	218	68748	0.21743523995543168	23	23	20	15	0.10648148148148148	0.48961531107738726	0.40501412805630077	10.632650493249084	-150791.7164390517	-536.6361792419038	-1.0177710186841773	complete	
11493	01	sharedreward	1	sub-11493_ses-01_task-sharedreward_run-1	syngo MR E11	E11	3	255	68655	0.3761326260519568	39	39	35	24	0.15476190476190477	0.7016425649520075	0.5712137222265223	13.28748727971832	-150394.3596616144	-491.5775428473656	-1.153381357027052	complete	
11493	01	sharedreward	2	sub-11493_ses-01_task-sharedreward_run-2	syngo MR E11	E11	2	255	68709	0.30147201947259233	34	34	32	22	0.13438735177865613	0.6385746088083822	0.5066351654002001	13.305595822934505	-150638.7038170535	-495.945261768458	-1.1604698177694774	complete	
11493	01	socialdoors	1	sub-11493_ses-01_task-socialdoors_run-1	syngo MR E11	E11	2	218	68667	0.31586215172956628	32	32	28	20	0.14814814814814814	0.5845691406010315	0.44940464569082966	14.654764962023574	-151001.2100770343	-523.095379529031	-0.8162436702774043	complete	
11493	01	trust	1	sub-11493_ses-01_task-trust_run-1	syngo MR E11	E11	1	280	68653	0.3197821108809446	36	36	33	22	0.12903225806451613	0.6597641708645497	0.5369616213299163	12.15891481051262	-150683.13976409653	-504.33813712730154	-0.9749762803384617	complete	
11493	01	trust	2	sub-11493_ses-01_task-trust_run-2	syngo MR E11	E11	3	280	68802	0.35344483020715312	39	39	35	27	0.1407942238267148	0.672364131700919	0.5348192750601207	13.190128890816274	-150076.04640827008	-501.6115873711398	-0.8948119707741844	complete	
11493	01	ugr	1	sub-11493_ses-01_task-ugr_run-1	syngo MR E11	E11	4	240	68780	0.21360502080015456	28	28	26	18	0.11864406779661017	0.510334697568454	0.3961897232258986	13.804461929505651	-150480.76954929193	-533.6435196997601	-1.2980170114310183	complete	
11493	01	ugr	2	sub-11493_ses-01_task-ugr_run-2	syngo MR E11	E11	1	240	68614	0.23129659007102127	29	29	24	18	0.12133891213389121	0.5428093140332686	0.4351115850095025	13.12448544507166	-151348.07132811818	-527.5161428139648	-1.4675600708137106	complete	
11498	01	doors	1	sub-11498_ses-01_task-doors_run-1	syngo MR E11	E11	1	218	75362	0.12746923112721864	27	27	23	17	0.12442396313364056	0.642429792114293	0.5568261678089816	8.824939964968205	-141966.47645138	-416.39028406204574	-1.5166972357033537	complete	
11498	01	sharedreward	1	sub-11498_ses-01_task-sharedreward_run-1	syngo MR E11	E11	2	255	75277	0.15155025894188742	32	32	27	19	0.12648221343873517	0.6808847765486723	0.591387596372764	7.783277964322593	-142162.6866865297	-403.91460734925005	-1.61600222594565	complete	
11498	01	socialdoors	1	sub-11498_ses-01_task-socialdoors_run-1	syngo MR E11	E11	2	218	75365	0.14006947301924963	26	26	23	16	0.12037037037037036	0.5450003209481148	0.45084778322985514	11.738545171636767	-141670.31329227792	-402.6043329337578	-0.5390151115732478	complete	
11498	01	trust	1	sub-11498_ses-01_task-trust_run-1	syngo MR E11	E11	3	280	75763	0.11909162894102955	21	21	19	12	0.07581227436823104	0.47560944708946157	0.4223911330199257	9.047060095139784	-141290.1544657393	-399.94635084332276	-0.07926576008107833	complete	
11498	01	ugr	1	sub-11498_ses-01_task-ugr_run-1	syngo MR E11	E11	1	240	75307	0.12072838190655834	25	25	23	14	0.10460251046025104	0.5541814974122522	0.47909422057563833	9.770588645379084	-142526.0919999977	-416.35833995210186	-1.1314876640346683	complete	
11517	01	doors	1	sub-11517_ses-01_task-doors_run-1	syngo MR XA30	XA30	2	218	69522	0.15659099375746835	23	23	22	15	0.10648148148148148	0.38222769171062254	0.28218332545871416	15.744551602262433	-141884.44456253562	-499.7500078250961	-0.9937643927898137	complete	
11517	01	sharedreward	1	sub-11517_ses-01_task-sharedreward_run-1	syngo MR XA30	XA30	2	255	69657	0.16291786413130213	29	29	25	18	0.11462450592885376	0.4350257960692811	0.3085757001438269	17.41458954570237	-141999.70908428472	-497.7760343261889	-1.1830341496875934	complete	
11517	01	sharedreward	2	sub-11517_ses-01_task-sharedreward_run-2	syngo MR XA30	XA30	2	255	69513	0.17241291891050128	27	27	23	18	0.1067193675889328	0.5475639541605082	0.45955434282222135	9.952268539648523	-142937.80840913302	-504.7355340174705	-2.0422291120783043	complete	
11517	01	socialdoors	1	sub-11517_ses-01_task-socialdoors_run-1	syngo MR XA30	XA30	4	218	69693	0.16685778385853775	27	27	23	17	0.1261682242990654	0.6048165176874745	0.516563635182315	7.2616386037392555	-141745.80135250458	-495.1714345702847	-2.0070886833339343	complete	
11517	01	trust	1	sub-11517_ses-01_task-trust_run-1	syngo MR XA30	XA30	2	280	69653	0.14237947305236878	28	28	25	18	0.10071942446043165	0.47172090846892806	0.36374903488110766	13.053064097561874	-142556.34498375465	-497.36900550931	-1.8561214464461444	complete	
11517	01	trust	2	sub-11517_ses-01_task-trust_run-2	syngo MR XA30	XA30	2	280	69805	0.18143875660000339	34	34	29	22	0.1223021582733813	0.5596205917212028	0.42498091505155133	14.14849667572173	-142741.97069182046	-528.9150378905804	-1.847824240948129	complete	
11517	01	ugr	1	sub-11517_ses-01_task-ugr_run-1	syngo MR XA30	XA30	2	240	69780	0.18141306913856772	28	28	24	17	0.11764705882352941	0.4852937643146606	0.3757878834997144	13.393460328361893	-141431.27907248077	-491.6863489051327	-0.7733193385541632	complete	
11517	01	ugr	2	sub-11517_ses-01_task-ugr_run-2	syngo MR XA30	XA30	1	240	69929	0.18281758777891005	30	30	26	17	0.12552301255230125	0.4861642270458829	0.36493305686890154	13.204402468277785	-141292.79412991361	-491.19025933538364	-0.6933004485660417	complete	
11518	01	doors	1	sub-11518_ses-01_task-doors_run-1	syngo MR XA30	XA30	2	218	66782	0.28826342179771591	38	38	35	26	0.17592592592592593	0.6852222434902523	0.5148457050776905	17.220107910518912	-135650.6125705594	-469.19502471829753	0.041061691231183896	complete	
11518	01	sharedreward	1	sub-11518_ses-01_task-sharedreward_run-1	syngo MR XA30	XA30	2	255	66306	0.16159176631072947	27	27	24	18	0.1067193675889328	0.5890835151379075	0.4984443239938926	9.805278089067247	-137248.5283340815	-490.2461040794918	0.9150162549145048	complete	
11518	01	sharedreward	2	sub-11518_ses-01_task-sharedreward_run-2	syngo MR XA30	XA30	2	255	66229	0.28389014809910329	38	38	34	25	0.15019762845849802	0.7108888447644387	0.5782705075081078	12.760768383384793	-135698.42088826504	-465.8393969598448	-0.006143643200222186	complete	
11518	01	socialdoors	1	sub-11518_ses-01_task-socialdoors_run-1	syngo MR XA30	XA30	1	218	66234	0.21018445926962015	29	29	25	19	0.1336405529953917	0.5719662611985199	0.46260263262162443	13.289740591315015	-135296.30830797122	-489.82595717529887	-0.1855833389356929	complete	
11518	01	trust	1	sub-11518_ses-01_task-trust_run-1	syngo MR XA30	XA30	2	280	66099	0.096910242637535005	23	23	20	15	0.08273381294964029	0.3753089021465294	0.2836786104194614	15.383478466013774	-140064.98832431453	-545.4673431870356	1.262311301058185	complete	
11518	01	trust	2	sub-11518_ses-01_task-trust_run-2	syngo MR XA30	XA30	2	280	66260	0.13927503648942452	24	24	23	17	0.08633093525179857	0.5227651414076675	0.44462068466216165	8.814466929269395	-138891.58133442892	-526.8403208711368	-0.4585654458670772	complete	
11518	01	ugr	1	sub-11518_ses-01_task-ugr_run-1	syngo MR XA30	XA30	2	240	66471	0.15749916405503697	25	25	23	18	0.10504201680672269	0.5485881384886713	0.46485208462740707	8.533222008829968	-137448.22685276056	-487.4968487477213	0.09105580265944864	complete	
11518	01	ugr	2	sub-11518_ses-01_task-ugr_run-2	syngo MR XA30	XA30	1	240	66496	0.31042435560949494	43	43	38	29	0.1799163179916318	0.7857725573968284	0.6419802450419086	13.844860859829556	-136031.2079454928	-433.31347712192274	0.4626526179993599	complete	
11523	01	doors	1	sub-11523_ses-01_task-doors_run-1	syngo MR XA30	XA30	4	218	76864	0.15976825567220881	30	30	27	19	0.14018691588785046	0.5224845437710384	0.39589258493471585	14.726453711156891	-137521.52345054038	-599.8565371021209	-1.5924144155041196	complete	
11523	01	sharedreward	1	sub-11523_ses-01_task-sharedreward_run-1	syngo MR XA30	XA30	1	255	77217	0.17504396564457092	33	33	30	22	0.12992125984251968	0.6384240504483081	0.5294782224262459	11.300251409852468	-136715.25614467787	-556.3833397177145	-2.6037597013751035	complete	
11523	01	sharedreward	2	sub-11523_ses-01_task-sharedreward_run-2	syngo MR XA30	XA30	1	255	77503	0.2497674935524406	41	41	35	23	0.16141732283464566	0.6445668568819026	0.4880967580824273	15.600254022224586	-135426.6894598653	-550.2969141482728	-1.9588025867517194	complete	
11523	01	socialdoors	1	sub-11523_ses-01_task-socialdoors_run-1	syngo MR XA30	XA30	1	218	76478	0.20808605752020173	39	39	34	22	0.17972350230414746	0.6605795514586649	0.5066384851362709	14.39784294999491	-138119.74891527224	-553.3972703531695	-1.5093773643436754	complete	
11523	01	trust	1	sub-11523_ses-01_task-trust_run-1	syngo MR XA30	XA30	2	280	77444	0.13574962864322315	29	29	26	16	0.10431654676258993	0.5072188354992924	0.41125010540435236	11.359766262319313	-136780.90825604025	-614.0504541856242	-2.075753327581329	complete	
11523	01	trust	2	sub-11523_ses-01_task-trust_run-2	syngo MR XA30	XA30	1	280	77461	0.17213578324754672	34	34	30	22	0.12186379928315412	0.6388466548880464	0.5389113899221976	8.999984306547182	-136196.88782958072	-569.4352080369707	-2.153967660277869	complete	
11523	01	ugr	1	sub-11523_ses-01_task-ugr_run-1	syngo MR XA30	XA30	1	240	76687	0.18159476191003354	33	33	29	22	0.13807531380753138	0.560923906188668	0.4299476641032622	14.28206737074162	-136991.07807712155	-576.5100189524649	-0.6572438347261578	complete	
11523	01	ugr	2	sub-11523_ses-01_task-ugr_run-2	syngo MR XA30	XA30	1	240	76735	0.26080099183601735	44	44	39	26	0.18410041841004185	0.6689942708673031	0.5049195728789717	15.978396983621648	-137280.67566903858	-542.1711900765125	-1.7642668293859944	complete	
11526	01	doors	1	sub-11526_ses-01_task-doors_run-1	syngo MR XA60	XA60	1	218	76070	0.066431463347908074	41	41	35	22	0.1889400921658986	0.5403609210465028	0.3377519275796128	25.677640735301836	-331143.7717107689	-702.8256625682184	-0.01996267357046314	complete	
11526	01	sharedreward	1	sub-11526_ses-01_task-sharedreward_run-1	syngo MR XA60	XA60	2	255	76577	0.053171657955001533	38	38	31	20	0.15019762845849802	0.4705836545574832	0.2905425871246727	25.86689086252083	-330543.58370519505	-700.6821119187482	0.3798856726951183	complete	
11526	01	sharedreward	2	sub-11526_ses-01_task-sharedreward_run-2	syngo MR XA60	XA60	2	255	76529	0.077992564291373592	22	22	17	10	0.08695652173913043	0.43692211892985705	0.34032290415713967	14.87899473687079	-330239.7124262846	-681.6473591892296	1.0544287449422174	complete	
11526	01	socialdoors	1	sub-11526_ses-01_task-socialdoors_run-1	syngo MR XA60	XA60	1	218	74138	0.05861626420189818	33	33	27	19	0.15207373271889402	0.45345808043258046	0.28252756656094596	23.82687729856442	-338220.02160647186	-716.8367139004713	0.4339020207568394	complete	
11526	01	trust	1	sub-11526_ses-01_task-trust_run-1	syngo MR XA60	XA60	1	280	76319	0.059283943810811909	19	19	18	12	0.06810035842293907	0.4003421607486116	0.30848336426092576	14.493176181250814	-332288.30690129206	-685.8856594809347	-1.0914557351431746	complete	
11526	01	trust	2	sub-11526_ses-01_task-trust_run-2	syngo MR XA60	XA60	2	280	76281	0.063443623272865332	40	40	33	22	0.14388489208633093	0.4678741642745313	0.27033696078026714	28.000955928250978	-332138.05556814297	-697.6273488035473	0.1770604935536525	complete	
11526	01	ugr	1	sub-11526_ses-01_task-ugr_run-1	syngo MR XA60	XA60	2	240	75963	0.062721111439195176	40	40	34	22	0.16806722689075632	0.5025289530729165	0.3080696843654061	26.41152683741345	-330825.0506222337	-689.727750916335	0.7322493284777682	complete	
11526	01	ugr	2	sub-11526_ses-01_task-ugr_run-2	syngo MR XA60	XA60	1	240	76112	0.071916453565012806	24	24	20	13	0.100418410041841	0.49500484732591343	0.36913594316184173	15.486617542285257	-330131.1800863486	-676.9394130400331	0.12902411926410373	complete	
11527	01	doors	1	sub-11527_ses-01_task-doors_run-1	syngo MR XA30	XA30	2	218	72658	0.16291872726615611	32	32	26	18	0.14814814814814814	0.6517539372864481	0.555014282813514	7.29676093337265	-135581.20600166306	-364.3533856446801	-1.5718230122048809	complete	
11527	01	sharedreward	1	sub-11527_ses-01_task-sharedreward_run-1	syngo MR XA30	XA30	1	255	72899	0.16878407591140604	33	33	28	19	0.12992125984251968	0.6054290454863911	0.4978439029292745	9.880925523771293	-135657.03171467467	-364.148428565724	-0.9379528763799959	complete	
11527	01	sharedreward	2	sub-11527_ses-01_task-sharedreward_run-2	syngo MR XA30	XA30	1	255	72959	0.26964330790347646	33	33	32	18	0.12992125984251968	0.6885510947116711	0.6001450475178274	9.384622574811775	-135531.03127335964	-351.3107874739577	-1.037070211957362	complete	
11527	01	socialdoors	1	sub-11527_ses-01_task-socialdoors_run-1	syngo MR XA30	XA30	0	218	72741	0.1719634257518759	29	29	26	18	0.13302752293577982	0.4956579756060211	0.3712907114687987	15.560333652349971	-135728.93428352455	-364.9790651738299	0.8671302729882888	complete	
11527	01	trust	1	sub-11527_ses-01_task-trust_run-1	syngo MR XA30	XA30	1	280	72814	0.11968635875712214	32	32	28	20	0.11469534050179211	0.43726693868844996	0.2980979611681041	18.756388109182694	-135257.38454433696	-369.6918619167867	0.6348780010809398	complete	
11527	01	trust	2	sub-11527_ses-01_task-trust_run-2	syngo MR XA30	XA30	2	280	72872	0.13271204021538235	31	31	27	18	0.11151079136690648	0.516759493886499	0.405811078996256	10.522907598607437	-135347.5573561398	-374.92500906659546	-0.07326008751798645	complete	
11527	01	ugr	1	sub-11527_ses-01_task-ugr_run-1	syngo MR XA30	XA30	2	240	72728	0.16369308327799603	33	33	26	18	0.13865546218487396	0.5333359096113454	0.4072695442680771	11.966759706411294	-136542.42479958726	-375.9689611769452	0.09306339842635454	complete	
11527	01	ugr	2	sub-11527_ses-01_task-ugr_run-2	syngo MR XA30	XA30	1	240	72570	0.13448066039194503	35	35	29	21	0.14644351464435146	0.5890454447368155	0.46306942221067493	9.921270339482536	-137189.06500587106	-369.0593950058266	-0.8420973848490533	complete	
11529	01	doors	1	sub-11529_ses-01_task-doors_run-1	syngo MR XA60	XA60	1	218	77099	0.083743748978645824	42	42	37	26	0.1935483870967742	0.5906222724909919	0.3883089609347118	24.012559020532603	-295014.0312923767	-806.4077317224471	-1.1652372901238495	complete	
11529	01	sharedreward	1	sub-11529_ses-01_task-sharedreward_run-1	syngo MR XA60	XA60	1	255	77232	0.094553035367787933	54	54	47	31	0.2125984251968504	0.6467349873682346	0.42523439129599655	26.312035422910903	-295210.546010856	-750.4086926063953	-0.613412088917109	complete	
11529	01	sharedreward	2	sub-11529_ses-01_task-sharedreward_run-2	syngo MR XA60	XA60	1	255	75588	0.096231948958383898	50	50	43	29	0.1968503937007874	0.6198622048020631	0.39665731076991356	26.480974587312133	-306519.6433031914	-700.1233432349012	1.355081749494331	complete	
11529	01	socialdoors	1	sub-11529_ses-01_task-socialdoors_run-1	syngo MR XA60	XA60	2	218	77181	0.077591712358505718	47	47	41	27	0.2175925925925926	0.6029197716839532	0.3632008879679727	28.266339739445055	-295800.0728144078	-796.8166851464346	-1.044382023374969	complete	
11529	01	trust	1	sub-11529_ses-01_task-trust_run-1	syngo MR XA60	XA60	1	280	77224	0.092604889674202315	51	51	44	29	0.1827956989247312	0.6252680102980684	0.42067855971236245	21.409959513033314	-302818.6671236046	-715.0193109181322	-1.167950156486769	complete	
11529	01	ugr	1	sub-11529_ses-01_task-ugr_run-1	syngo MR XA60	XA60	2	240	77418	0.092400085678853383	48	48	41	28	0.20168067226890757	0.6122794659946407	0.3959128429178714	26.231571988852522	-294602.9710258555	-805.6431423974495	-0.19266845229997914	complete	
11529	01	ugr	2	sub-11529_ses-01_task-ugr_run-2	syngo MR XA60	XA60	1	240	77419	0.099743385132468429	57	57	49	31	0.2384937238493724	0.6886532068462642	0.46316697108465915	23.20870222894593	-294768.7458731535	-784.3013728807325	-2.008931890655321	complete	
11530	01	doors	1	sub-11530_ses-01_task-doors_run-1	syngo MR XA30	XA30	1	218	78115	0.11535805406326016	28	28	24	18	0.12903225806451613	0.5469679206135374	0.43851698191345684	10.979282692943013	-129849.1629478946	-472.86788272917653	-1.8101370658421914	complete	
11530	01	sharedreward	1	sub-11530_ses-01_task-sharedreward_run-1	syngo MR XA30	XA30	2	255	78428	0.15172095518928458	30	30	25	18	0.11857707509881422	0.5460454955509126	0.4363743778249735	11.97664510584504	-129781.94857660738	-483.2334084478672	-1.6737476806746057	complete	
11530	01	sharedreward	2	sub-11530_ses-01_task-sharedreward_run-2	syngo MR XA30	XA30	1	255	78729	0.14194565577982715	32	32	30	20	0.12598425196850394	0.5370543270607819	0.4098715700982471	14.833708962506748	-129309.64300784381	-460.79186738047406	-1.771360558695474	complete	
11530	01	socialdoors	1	sub-11530_ses-01_task-socialdoors_run-1	syngo MR XA30	XA30	1	218	78582	0.15566403023572079	35	35	31	20	0.16129032258064516	0.6177646688588639	0.4873863603712444	11.439522477646035	-128211.95970877886	-453.98218466049025	-1.0731403910328967	complete	
11530	01	trust	1	sub-11530_ses-01_task-trust_run-1	syngo MR XA30	XA30	1	280	78365	0.12803556713345951	30	30	26	17	0.10752688172043011	0.508192318426459	0.4067349788509194	11.127362529516127	-129661.15492091546	-489.27895589257884	-1.8287405355403925	complete	
11530	01	trust	2	sub-11530_ses-01_task-trust_run-2	syngo MR XA30	XA30	1	280	78530	0.13781523082506181	31	31	27	17	0.1111111111111111	0.5160890683477135	0.407128962151268	12.657557362721093	-129846.59184559925	-473.8172469191129	-1.5777895900391137	complete	
11530	01	ugr	1	sub-11530_ses-01_task-ugr_run-1	syngo MR XA30	XA30	2	240	78784	0.14847233995829826	32	32	28	19	0.13445378151260504	0.6618172907960199	0.5696115360448393	7.659731927225427	-128473.73806045955	-463.1827277748898	-1.889712094862515	complete	
11530	01	ugr	2	sub-11530_ses-01_task-ugr_run-2	syngo MR XA30	XA30	1	240	78197	0.11350766635489795	27	27	24	17	0.11297071129707113	0.4623068193317884	0.34988426157270225	13.122525275353647	-129324.07744622279	-476.9519212091732	-1.4262513721166319	complete	
11532	01	doors	1	sub-11532_ses-01_task-doors_run-1	syngo MR XA30	XA30	1	218	66818	0.097044926412902424	21	21	19	13	0.0967741935483871	0.46707686750531074	0.39969262627626184	11.43574701149862	-138643.23002406218	-609.0740906212739	0.14700250561434774	complete	
11532	01	sharedreward	1	sub-11532_ses-01_task-sharedreward_run-1	syngo MR XA30	XA30	2	255	66689	0.089685793092462412	21	21	18	11	0.08300395256916997	0.4002568010267538	0.33682698993516846	13.117246418517407	-139271.59795471808	-620.780283625817	0.08620843059138913	complete	
11532	01	sharedreward	2	sub-11532_ses-01_task-sharedreward_run-2	syngo MR XA30	XA30	2	255	66691	0.088328269856298658	19	19	15	10	0.07509881422924901	0.3912961258395053	0.3414350249539527	10.519757708472689	-139019.2539511685	-620.3522254987821	0.4561843178585603	complete	
11532	01	socialdoors	1	sub-11532_ses-01_task-socialdoors_run-1	syngo MR XA30	XA30	1	218	66718	0.088821180896818702	18	18	16	12	0.08294930875576037	0.43548084369015067	0.385339188599191	9.752823414907072	-138958.22832151214	-608.764996483905	0.21260090111971047	complete	
11532	01	trust	1	sub-11532_ses-01_task-trust_run-1	syngo MR XA30	XA30	1	280	66737	0.09587426937646526	25	25	21	15	0.08960573476702509	0.4926318663699294	0.4155158479363597	12.399943334957545	-139596.83728244997	-616.4947980814312	-0.7267895632560665	complete	
11532	01	trust	2	sub-11532_ses-01_task-trust_run-2	syngo MR XA30	XA30	1	280	66595	0.082370419442477222	22	22	18	13	0.07885304659498207	0.37202785767564817	0.29889228899362474	15.281243848625534	-139266.00965101927	-626.6556685417048	0.5366369636718176	complete	
11532	01	ugr	1	sub-11532_ses-01_task-ugr_run-1	syngo MR XA30	XA30	2	240	66531	0.07213125389680683	18	18	15	12	0.07563025210084033	0.3659611904216302	0.31344233462201776	12.866446258916675	-138927.38386334458	-615.3640048877077	0.03018859586496734	complete	
11532	01	ugr	2	sub-11532_ses-01_task-ugr_run-2	syngo MR XA30	XA30	2	240	66733	0.099621114105652456	23	23	20	14	0.09663865546218488	0.45388969350440245	0.3747547216076801	13.75784147751875	-138687.88178566392	-607.091520620454	-0.5366685304962959	complete	
11533	01	doors	1	sub-11533_ses-01_task-doors_run-1	syngo MR XA30	XA30	2	218	69504	0.096894779642708012	18	18	17	11	0.08333333333333333	0.3047301749362441	0.24382379737917967	14.216353286716819	-133456.25452043163	-639.2576994116813	-0.6771231942570375	complete	
11533	01	sharedreward	1	sub-11533_ses-01_task-sharedreward_run-1	syngo MR XA30	XA30	1	255	69382	0.091143110134270081	19	19	17	12	0.07480314960629922	0.3129577103864613	0.2507408622923668	13.785611864801863	-133333.7313983461	-637.9497356773375	-1.0718606037517937	complete	
11533	01	sharedreward	2	sub-11533_ses-01_task-sharedreward_run-2	syngo MR XA30	XA30	2	255	69496	0.097756949750245153	19	19	16	12	0.07509881422924901	0.3087592181681376	0.24748510183486985	13.616635288950881	-132786.48279284136	-636.6046425105849	-0.7436529292979559	complete	
11533	01	socialdoors	1	sub-11533_ses-01_task-socialdoors_run-1	syngo MR XA30	XA30	4	218	69413	0.093169371338257062	18	18	15	12	0.08411214953271028	0.3119246219866239	0.25438644856138165	13.811354418901093	-133379.13596969808	-639.872120291121	-1.1134120340112943	complete	
11533	01	trust	1	sub-11533_ses-01_task-trust_run-1	syngo MR XA30	XA30	2	280	69305	0.092495437216032594	20	20	19	12	0.07194244604316546	0.3258548923033754	0.2603312993448635	12.31014715151666	-133245.39364588683	-639.222060503183	-0.7335898090983354	complete	
11533	01	trust	2	sub-11533_ses-01_task-trust_run-2	syngo MR XA30	XA30	2	280	68807	0.096297302722415615	21	21	19	13	0.07553956834532374	0.32936868206184716	0.25656035753418105	12.868875748557237	-133605.87388278526	-638.1960384842896	-0.8541504155686213	complete	
11533	01	ugr	1	sub-11533_ses-01_task-ugr_run-1	syngo MR XA30	XA30	3	240	69725	0.10431558994929375	19	19	17	11	0.08016877637130802	0.3223049585575406	0.2603007195587293	13.089012538648557	-133696.99384966795	-642.3783599190043	-0.6937514248324034	complete	
11533	01	ugr	2	sub-11533_ses-01_task-ugr_run-2	syngo MR XA30	XA30	1	240	69652	0.099809160300349753	19	19	18	11	0.0794979079497908	0.33004436193610887	0.2682957592004178	12.678859133741396	-133101.03453674156	-637.863348529195	-1.3000628423297982	complete	
11534	01	doors	1	sub-11534_ses-01_task-doors_run-1	syngo MR XA30	XA30	0	218	74921	0.1028320335968419	31	31	27	17	0.14220183486238533	0.4946629706157927	0.36195729002379223	16.294902775429964	-135842.64141201338	-439.40581310305606	-2.117125742029213	complete	
11534	01	sharedreward	1	sub-11534_ses-01_task-sharedreward_run-1	syngo MR XA30	XA30	1	255	74713	0.11557917756687561	33	33	30	20	0.12992125984251968	0.5751755718577045	0.4535709275411516	13.296579094449603	-135662.8109019449	-427.72758031234656	-1.6940764930012506	complete	
11534	01	sharedreward	2	sub-11534_ses-01_task-sharedreward_run-2	syngo MR XA30	XA30	1	255	74334	0.20730384009849701	41	41	36	24	0.16141732283464566	0.6992313131504315	0.5785378940821714	9.626305397542751	-134493.26207977327	-406.35292954934266	-1.6020317365809948	complete	
11534	01	socialdoors	1	sub-11534_ses-01_task-socialdoors_run-1	syngo MR XA30	XA30	3	218	74928	0.077843239927055996	27	27	23	15	0.12558139534883722	0.4544028821377209	0.3440240378544295	16.181254233999468	-134231.00416219272	-438.64223974199854	-1.8790409729810942	complete	
11534	01	trust	1	sub-11534_ses-01_task-trust_run-1	syngo MR XA30	XA30	1	280	74910	0.1354337409852556	41	41	35	24	0.14695340501792115	0.6714763462006665	0.547469168027024	10.381117227033863	-137332.5445870273	-401.22513725831567	-1.6250298820036104	complete	
11534	01	trust	2	sub-11534_ses-01_task-trust_run-2	syngo MR XA30	XA30	0	280	74350	0.24604081442822368	59	59	51	34	0.21071428571428572	0.7324630596415055	0.5285049647632352	18.69811922976916	-138681.75249103515	-390.7067106425355	-1.1819554721495205	complete	
11534	01	ugr	1	sub-11534_ses-01_task-ugr_run-1	syngo MR XA30	XA30	4	240	75095	0.084514176474768457	31	31	27	18	0.13135593220338984	0.4516892921308771	0.31492275930959457	18.920904069201626	-135168.3473725221	-443.6757529398758	-1.8054931759693962	complete	
11534	01	ugr	2	sub-11534_ses-01_task-ugr_run-2	syngo MR XA30	XA30	0	240	74777	0.12332358496389272	34	34	30	19	0.14166666666666666	0.5297199609680576	0.3903350723559663	17.083466317156724	-136029.39169907197	-436.3935809452766	-1.970785394915989	complete	
11535	01	doors	1	sub-11535_ses-01_task-doors_run-1	syngo MR XA60	XA60	1	218	62714	0.12058049817563551	39	39	35	26	0.17972350230414746	0.6134780542023871	0.4236756764640372	20.835652248129552	-276495.2717181202	-636.4250418644904	0.8097657027176716	complete	
11535	01	sharedreward	1	sub-11535_ses-01_task-sharedreward_run-1	syngo MR XA60	XA60	1	255	62392	0.10357222201518679	19	19	16	12	0.07480314960629922	0.49795923763192623	0.41574856364413065	12.702679421435835	-281413.49669207615	-560.29032523595	0.18817384277939747	complete	
11535	01	sharedreward	2	sub-11535_ses-01_task-sharedreward_run-2	syngo MR XA60	XA60	0	255	63592	0.14787688197503568	23	23	18	14	0.09019607843137255	0.525621295295517	0.41015391306620363	15.896314013524679	-277764.6613133955	-534.0392003418424	1.1568045649200582	complete	
11535	01	socialdoors	1	sub-11535_ses-01_task-socialdoors_run-1	syngo MR XA60	XA60	1	218	62955	0.13091073662293573	21	21	19	12	0.0967741935483871	0.5163393220398319	0.40556362166207105	14.32415909769926	-278819.26242461894	-538.9941663245554	2.118482586296165	complete	
11535	01	trust	1	sub-11535_ses-01_task-trust_run-1	syngo MR XA60	XA60	1	280	62792	0.10226059245313074	36	36	30	20	0.12903225806451613	0.5855421722448311	0.44597993907032435	15.15968837825711	-281202.73509842524	-587.825023257273	0.5080539773097064	complete	
11535	01	trust	2	sub-11535_ses-01_task-trust_run-2	syngo MR XA60	XA60	0	280	63036	0.14813276670701422	49	49	44	29	0.175	0.6381615943034816	0.39929836868571755	27.635105943576878	-280525.9126934504	-538.7789853082519	1.4934394520342473	complete	
11535	01	ugr	1	sub-11535_ses-01_task-ugr_run-1	syngo MR XA60	XA60	1	240	62655	0.11552981955652292	39	39	33	24	0.16317991631799164	0.6439066417707837	0.4877622301724698	15.9701185900534	-277353.5209698554	-668.2206870295314	-1.2177660036544737	complete	
11535	01	ugr	2	sub-11535_ses-01_task-ugr_run-2	syngo MR XA60	XA60	1	240	62908	0.11977471336324974	19	19	18	10	0.0794979079497908	0.45317647760363755	0.36473886662989996	14.98073689146286	-276632.3179376656	-637.3588778371645	-0.09008694112522574	complete	
11536	01	doors	1	sub-11536_ses-01_task-doors_run-1	syngo MR XA30	XA30	1	218	75629	0.14445692044081579	22	22	20	14	0.10138248847926268	0.4176642331006986	0.3356720775439662	11.167833049777322	-134396.55427382412	-430.1129601524029	0.8096928958305	complete	
11536	01	sharedreward	1	sub-11536_ses-01_task-sharedreward_run-1	syngo MR XA30	XA30	1	255	75704	0.16251568777532141	24	24	22	17	0.09448818897637795	0.4132377504943209	0.3179642376772245	14.733652196545142	-134355.1931018453	-427.5194243822089	0.5732570062001319	complete	
11536	01	sharedreward	2	sub-11536_ses-01_task-sharedreward_run-2	syngo MR XA30	XA30	1	255	75660	0.15468543323803388	22	22	19	14	0.08661417322834646	0.3811114891647028	0.3044260212997595	14.040569383805911	-134540.86997932076	-428.85507234174685	-0.04019954273210311	complete	
11536	01	socialdoors	1	sub-11536_ses-01_task-socialdoors_run-1	syngo MR XA30	XA30	1	218	75759	0.18266135666693586	23	23	22	16	0.10599078341013825	0.466238882542433	0.3753277313165906	12.634073853583283	-134295.32197079234	-433.291457772223	0.8374239271489948	complete	
11536	01	trust	1	sub-11536_ses-01_task-trust_run-1	syngo MR XA30	XA30	1	280	75615	0.15128766951543157	29	29	25	17	0.1039426523297491	0.45075082333096833	0.34238218755866573	15.777478905602226	-135594.15981436812	-415.83288251724076	0.7973899726649976	complete	
11536	01	trust	2	sub-11536_ses-01_task-trust_run-2	syngo MR XA30	XA30	0	280	75825	0.21097859331612598	33	33	29	21	0.11785714285714285	0.6037553326533003	0.49326145369440827	11.572967789790333	-135209.71082802746	-448.4456016061421	0.10954408951196501	complete	
11536	01	ugr	1	sub-11536_ses-01_task-ugr_run-1	syngo MR XA30	XA30	4	240	75920	0.17761471631112993	21	21	20	16	0.08898305084745763	0.40549463649266526	0.3268072279224105	10.912175791253368	-133584.46366962141	-438.7755857356786	0.5241171841253722	complete	
11536	01	ugr	2	sub-11536_ses-01_task-ugr_run-2	syngo MR XA30	XA30	3	240	76047	0.15342987751467896	23	23	21	17	0.0970464135021097	0.42056400574526775	0.3320462336186649	12.832169847314685	-134818.21585371552	-434.91549867334555	0.818422286795738	complete	
11539	01	doors	1	sub-11539_ses-01_task-doors_run-1	syngo MR XA30	XA30	2	218	83294	0.073553730747258739	20	20	18	15	0.09259259259259259	0.35246504653102256	0.2793681752153401	12.936712922950917	-132204.4884076304	-490.9085337135014	-1.1534175287004846	complete	
11539	01	sharedreward	1	sub-11539_ses-01_task-sharedreward_run-1	syngo MR XA30	XA30	2	255	83098	0.092133151942365002	25	25	21	15	0.09881422924901186	0.40165279566024076	0.31237318426531063	11.804138654653501	-131806.85173088964	-488.74990767570455	-1.0375134196726283	complete	
11539	01	sharedreward	2	sub-11539_ses-01_task-sharedreward_run-2	syngo MR XA30	XA30	2	255	83351	0.089030558216064051	21	21	18	15	0.08300395256916997	0.3444117837031836	0.2720065046185262	12.953859656171188	-131709.2713947464	-489.23508956802397	-1.3029647682787788	complete	
11539	01	socialdoors	1	sub-11539_ses-01_task-socialdoors_run-1	syngo MR XA30	XA30	1	218	83308	0.078454870166334692	21	21	19	15	0.0967741935483871	0.3303470613784832	0.24713276833135234	15.975718434893963	-131924.64354849394	-488.0070893615217	-0.8368889922981724	complete	
11539	01	trust	1	sub-11539_ses-01_task-trust_run-1	syngo MR XA30	XA30	2	280	83209	0.090057067570986957	20	20	19	14	0.07194244604316546	0.3153862956724688	0.2519242177445479	13.39333064099524	-131258.8157747885	-484.94239221835795	-1.0445575018340578	complete	
11539	01	trust	2	sub-11539_ses-01_task-trust_run-2	syngo MR XA30	XA30	1	280	83342	0.093386840105419325	24	24	21	14	0.08602150537634409	0.3388101285396332	0.2506888739857889	17.74630040627587	-130976.02144562642	-481.49822585963153	-1.2051073052942756	complete	
11539	01	ugr	1	sub-11539_ses-01_task-ugr_run-1	syngo MR XA30	XA30	2	240	83416	0.077640667991230386	24	24	20	15	0.10084033613445378	0.3843607470733305	0.2941272569665011	14.805437312410108	-132515.9955707373	-492.3230387539106	-0.4825200391717644	complete	
11539	01	ugr	2	sub-11539_ses-01_task-ugr_run-2	syngo MR XA30	XA30	2	240	83241	0.082808053261638565	24	24	21	15	0.10084033613445378	0.34552120756486177	0.24371989900318333	18.771664380322527	-132370.8488961925	-492.90113155418396	-0.9379364516743733	complete	
11540	01	doors	1	sub-11540_ses-01_task-doors_run-1	syngo MR XA60	XA60	1	218	82555	0.085352885506280576	35	35	32	24	0.16129032258064516	0.5698665678652058	0.40184401348204624	19.1493871706255	-308916.8221970295	-714.1442445621714	0.36281518201644736	complete	
11540	01	sharedreward	1	sub-11540_ses-01_task-sharedreward_run-1	syngo MR XA60	XA60	1	255	82528	0.078254050379814435	38	38	33	24	0.14960629921259844	0.5297873908268885	0.35958709843723774	20.84140184030885	-309132.47870907845	-703.7623211098193	0.19318676898309436	complete	
11540	01	sharedreward	2	sub-11540_ses-01_task-sharedreward_run-2	syngo MR XA60	XA60	1	255	82403	0.10552718341595592	51	51	46	30	0.20078740157480315	0.6531739023350739	0.4405778854250383	22.83605865257224	-310405.49773945974	-662.2615937742872	1.1145532263190074	complete	
11540	01	socialdoors	1	sub-11540_ses-01_task-socialdoors_run-1	syngo MR XA60	XA60	1	218	82479	0.072603010330140175	33	33	31	23	0.15207373271889402	0.5056468696963027	0.3292472519069731	22.878731960823842	-308605.38013696676	-716.9843268768627	-0.32984869671888245	complete	
11540	01	trust	1	sub-11540_ses-01_task-trust_run-1	syngo MR XA60	XA60	1	280	82120	0.085617372869399661	22	22	20	12	0.07885304659498207	0.47548669280187195	0.37604046664279567	14.74397587925292	-310824.111782562	-690.0583422415991	-0.11218940091601785	complete	
11540	01	trust	2	sub-11540_ses-01_task-trust_run-2	syngo MR XA60	XA60	0	280	82215	0.074086933751699793	44	44	38	27	0.15714285714285714	0.5659628889568653	0.3830707998454766	22.509796734717256	-310743.79411549337	-707.9119582116634	-0.8904018275996844	complete	
11540	01	ugr	1	sub-11540_ses-01_task-ugr_run-1	syngo MR XA60	XA60	1	240	82502	0.072715080290139678	21	21	19	12	0.08786610878661087	0.46881902514414114	0.3681461567822382	13.528566400668193	-308957.66580680426	-678.8849126643852	0.31878495261790957	complete	
11540	01	ugr	2	sub-11540_ses-01_task-ugr_run-2	syngo MR XA60	XA60	1	240	82601	0.082216940121523072	37	37	31	25	0.15481171548117154	0.5724109949835129	0.4106431440515625	18.040594755810897	-308909.5114689251	-728.2395027581522	-0.5746910409069782	complete	
11542	01	doors	1	sub-11542_ses-01_task-doors_run-1	syngo MR XA30	XA30	2	218	80478	0.29907616745511512	37	37	32	24	0.1712962962962963	0.6690782262143725	0.5305415704059966	12.647474773027897	-131469.27267126643	-523.8898163382033	-5.41803053466182	complete	
11542	01	sharedreward	1	sub-11542_ses-01_task-sharedreward_run-1	syngo MR XA30	XA30	2	255	79792	0.13529670839152544	28	28	24	20	0.11067193675889328	0.4750679195938917	0.36377479103571475	14.544365871373895	-129750.82487567063	-505.0891673629418	-3.4662352613232175	complete	
11542	01	sharedreward	2	sub-11542_ses-01_task-sharedreward_run-2	syngo MR XA30	XA30	1	255	80608	0.28453825669859406	33	33	30	23	0.12992125984251968	0.5970326149360486	0.46479966354872376	11.523396586042855	-131108.65316000712	-523.7339658863641	-4.639573627072735	complete	
11542	01	socialdoors	1	sub-11542_ses-01_task-socialdoors_run-1	syngo MR XA30	XA30	2	218	80425	0.2403129933132416	29	29	26	18	0.13425925925925927	0.5304262379166095	0.41342878767976143	13.790008399448242	-131439.50744727402	-539.4156008839714	-4.454927707769676	complete	
11542	01	trust	1	sub-11542_ses-01_task-trust_run-1	syngo MR XA30	XA30	1	280	80268	0.13400853647049082	27	27	24	17	0.0967741935483871	0.45377807174653656	0.3579971742241141	15.350619982636308	-129990.7762722189	-500.6459202213954	-3.237876277562838	complete	
11542	01	trust	2	sub-11542_ses-01_task-trust_run-2	syngo MR XA30	XA30	2	280	79989	0.13081191983931162	26	26	23	16	0.09352517985611511	0.44988653557886615	0.36044784787917117	13.731576450662569	-129661.54412654477	-500.8605655607069	-3.404512104227753	complete	
11542	01	ugr	1	sub-11542_ses-01_task-ugr_run-1	syngo MR XA30	XA30	2	240	80294	0.23555663892277812	31	31	27	18	0.13025210084033614	0.5336498825709105	0.411361867353403	14.833016633299652	-131370.03908062706	-532.6067965539388	-5.015597402021833	complete	
11542	01	ugr	2	sub-11542_ses-01_task-ugr_run-2	syngo MR XA30	XA30	2	240	80490	0.25252982462267043	31	31	27	19	0.13025210084033614	0.547308925967473	0.42375212439539345	15.349122769798859	-130915.34160601872	-537.6699035010571	-4.250357881452251	complete	
11545	01	doors	1	sub-11545_ses-01_task-doors_run-1	syngo MR XA60	XA60	0	218	68503	0.12116989744462096	35	35	31	20	0.16055045871559634	0.5483277737556589	0.3843554678103489	20.557831723824	-295334.76095997985	-611.4354474320794	1.5046066700276017	complete	
11545	01	sharedreward	1	sub-11545_ses-01_task-sharedreward_run-1	syngo MR XA60	XA60	0	255	71068	0.15595581092651273	22	22	18	12	0.08627450980392157	0.528649863503749	0.4339811671956573	12.387850540186035	-287777.2640423424	-596.0270833036404	2.286574922181211	complete	
11545	01	sharedreward	2	sub-11545_ses-01_task-sharedreward_run-2	syngo MR XA60	XA60	0	255	70779	0.1664099290500064	25	25	22	14	0.09803921568627451	0.5393702218186898	0.409550915208584	16.455740221987615	-287127.25764846924	-589.3706830815464	2.490116650274495	complete	
11545	01	socialdoors	1	sub-11545_ses-01_task-socialdoors_run-1	syngo MR XA60	XA60	0	218	69372	0.11417079450784978	36	36	30	20	0.1651376146788991	0.5396695733996081	0.37020583839226007	22.22678604909695	-292304.27256063215	-617.5079489109704	2.6051852487602156	complete	
11545	01	trust	1	sub-11545_ses-01_task-trust_run-1	syngo MR XA60	XA60	0	280	70689	0.15849672590864303	23	23	18	11	0.08214285714285714	0.4870764180186197	0.381798491736065	16.14807181567002	-286465.5034067284	-586.1765010527034	2.1383551290038327	complete	
11545	01	trust	2	sub-11545_ses-01_task-trust_run-2	syngo MR XA60	XA60	1	280	71217	0.16674685521279853	30	30	26	16	0.10752688172043011	0.5561047057320272	0.39028353732224175	20.444257071992595	-284042.57698286517	-586.4968648481869	2.603540889798242	complete	
11545	01	ugr	1	sub-11545_ses-01_task-ugr_run-1	syngo MR XA60	XA60	1	240	70820	0.10979896569752914	20	20	15	10	0.08368200836820083	0.46034245867085993	0.3810340385049823	12.329238779990149	-289110.57813020423	-608.6001456935236	2.0118168157318745	complete	
11545	01	ugr	2	sub-11545_ses-01_task-ugr_run-2	syngo MR XA60	XA60	1	240	70977	0.13579100826036902	33	33	28	19	0.13807531380753138	0.5028016374393741	0.3540468630663174	19.880443938427224	-288486.67445374944	-620.4094134121315	1.9679852496097918	complete	
11551	01	doors	1	sub-11551_ses-01_task-doors_run-1	syngo MR XA60	XA60	1	218	75341	0.13581103324769142	48	48	41	27	0.22119815668202766	0.732783686925303	0.5408949634168244	18.832226867624335	-301461.572283993	-627.5748222550874	1.0748724282574138	complete	
11551	01	sharedreward	1	sub-11551_ses-01_task-sharedreward_run-1	syngo MR XA60	XA60	1	255	75498	0.16654203063107476	64	64	53	35	0.25196850393700787	0.7807483780284565	0.5554433399308197	21.55891090674994	-301079.42071416957	-528.5110893293328	0.663743279212728	complete	
11551	01	sharedreward	2	sub-11551_ses-01_task-sharedreward_run-2	syngo MR XA60	XA60	0	255	75471	0.16301489361219884	66	66	56	37	0.25882352941176473	0.7663000944674536	0.5282095934441158	23.821709904003225	-300246.19291762944	-564.3031953516332	0.9176036665731672	complete	
11551	01	socialdoors	1	sub-11551_ses-01_task-socialdoors_run-1	syngo MR XA60	XA60	0	218	72729	0.13276110727837756	52	52	45	31	0.23853211009174313	0.7522019862587538	0.5427248370240051	20.502882515938687	-309543.01898447896	-624.1518211961994	0.7183042507096781	complete	
11551	01	trust	1	sub-11551_ses-01_task-trust_run-1	syngo MR XA60	XA60	0	280	73772	0.15667063245208687	58	58	49	34	0.20714285714285716	0.7280845878983679	0.5074434097976067	22.710920457601688	-306957.2725336453	-572.4375801196595	1.5047493614981502	complete	
11551	01	trust	2	sub-11551_ses-01_task-trust_run-2	syngo MR XA60	XA60	1	280	75430	0.14152636433095581	55	55	46	30	0.1971326164874552	0.679052088539108	0.4491955552900723	25.839145024421178	-300405.55775939516	-583.4770500075706	1.9784995548747326	complete	
11551	01	ugr	1	sub-11551_ses-01_task-ugr_run-1	syngo MR XA60	XA60	1	240	75324	0.13226825514672447	40	40	34	24	0.16736401673640167	0.6452962837512985	0.48240456948057575	17.946464846696692	-299167.26206752815	-624.1848350553549	2.3392105283740645	complete	
11551	01	ugr	2	sub-11551_ses-01_task-ugr_run-2	syngo MR XA60	XA60	2	240	75793	0.13696747575834337	47	47	43	29	0.19747899159663865	0.7183567793374431	0.5391731000649456	17.570074169344053	-300086.92795400997	-629.5240333378136	1.0810596383202222	complete	
11559	01	doors	1	sub-11559_ses-01_task-doors_run-1	syngo MR XA30	XA30	2	218	64714	0.30072312665424733	31	31	28	19	0.14351851851851852	0.6375544794849004	0.5285084257046804	11.323423300439133	-147341.2113507669	-463.16889021317826	-1.1893050983252456	complete	
11559	01	sharedreward	1	sub-11559_ses-01_task-sharedreward_run-1	syngo MR XA30	XA30	1	255	64441	0.32720319107754897	43	43	38	25	0.16929133858267717	0.6863099830498826	0.5282960543994669	16.49058978257328	-148351.631708635	-461.6025475630238	-2.111529034144077	complete	
11559	01	sharedreward	2	sub-11559_ses-01_task-sharedreward_run-2	syngo MR XA30	XA30	2	255	64788	0.38086452491045053	39	39	32	21	0.1541501976284585	0.639514952756438	0.4955195985006028	15.790991081928961	-147037.8324120582	-479.2217219627396	0.1676428669851367	complete	
11559	01	socialdoors	1	sub-11559_ses-01_task-socialdoors_run-1	syngo MR XA30	XA30	2	218	64699	0.3118333009606673	33	33	29	20	0.1527777777777778	0.6328485529106886	0.5032679896576174	14.32947315742618	-147447.42886979485	-471.8208887453378	-1.3073431739970611	complete	
11559	01	trust	1	sub-11559_ses-01_task-trust_run-1	syngo MR XA30	XA30	2	280	64604	0.26666035767224	33	33	29	19	0.11870503597122302	0.649192280148286	0.5468037732180472	11.124131004399523	-149057.3911049004	-474.8040084952908	-2.1779293562591566	complete	
11559	01	trust	2	sub-11559_ses-01_task-trust_run-2	syngo MR XA30	XA30	2	280	64932	0.31543098211423809	36	36	30	22	0.12949640287769784	0.620097909752709	0.49343347667276366	14.843680167337748	-147324.19188630604	-467.09986964469834	-0.8951513985124878	complete	
11559	01	ugr	1	sub-11559_ses-01_task-ugr_run-1	syngo MR XA30	XA30	1	240	64637	0.33891369229508689	38	38	33	22	0.1589958158995816	0.6683271955821618	0.5342915562680811	14.199488294976236	-147444.61377436583	-464.5802150655061	-1.1414135691215157	complete	
11559	01	ugr	2	sub-11559_ses-01_task-ugr_run-2	syngo MR XA30	XA30	0	240	65079	0.42772555398692785	43	43	35	25	0.17916666666666667	0.688272176357392	0.5245546803529756	16.50936427975976	-146467.19938950555	-447.2312482108969	-1.1393896041151912	complete	
11560	01	doors	1	sub-11560_ses-01_task-doors_run-1	syngo MR XA30	XA30	0	218	91476	1.9446439365947579	178	178	163	109	0.8165137614678899	0.9761130023269935	0.4029183876909809	76.86468246973118	-126193.32300173039	-294.22453903227455	4.270449706904295	complete	
11560	01	sharedreward	1	sub-11560_ses-01_task-sharedreward_run-1	syngo MR XA30	XA30	0	255	91226	0.76572198977604777	86	86	78	53	0.33725490196078434	0.814771956040433	0.4687319081889126	38.63759703248889	-127158.71712542007	-398.76271862288166	0.33049414135827027	complete	
11560	01	sharedreward	2	sub-11560_ses-01_task-sharedreward_run-2	syngo MR XA30	XA30	1	255	91037	1.2862436004228159	147	147	124	87	0.5787401574803149	0.9225906268163119	0.43689733964796007	62.2711785477414	-128712.51873734532	-361.36027899881344	2.1551503088208475	complete	
11560	01	socialdoors	1	sub-11560_ses-01_task-socialdoors_run-1	syngo MR XA30	XA30	1	218	91246	1.088706751059731	114	114	102	72	0.5253456221198156	0.9049208897518267	0.4545622802045073	51.1713318623635	-128550.87591209859	-359.3599819302504	1.470599028319219	complete	
11560	01	trust	1	sub-11560_ses-01_task-trust_run-1	syngo MR XA30	XA30	2	280	91631	0.57557732201845013	72	72	64	43	0.2589928057553957	0.7734146299756356	0.5038766648602317	28.17662349976791	-130146.21658859527	-411.8022119252499	-0.04389614821033284	complete	
11560	01	trust	2	sub-11560_ses-01_task-trust_run-2	syngo MR XA30	XA30	1	280	91635	0.52408552180107715	63	63	56	40	0.22580645161290322	0.7349399384569409	0.5020533882027397	25.572721876944907	-129862.94169434314	-420.5553825307246	-0.5269824228212058	complete	
11560	01	ugr	1	sub-11560_ses-01_task-ugr_run-1	syngo MR XA30	XA30	1	240	91571	1.0833988926191458	102	102	92	66	0.42677824267782427	0.8893717395091998	0.5189933026738768	38.8609953832863	-129781.14182026255	-322.5605059539636	2.645834326149413	complete	
11560	01	ugr	2	sub-11560_ses-01_task-ugr_run-2	syngo MR XA30	XA30	1	240	91674	0.59530736988744826	66	66	57	41	0.27615062761506276	0.7866579419019756	0.544781611058264	23.429524817078544	-128355.83599941006	-402.5980283069197	0.7277788853282376	complete	
11563	01	doors	1	sub-11563_ses-01_task-doors_run-1	syngo MR XA30	XA30	1	218	78049	0.085433342220804148	26	26	24	18	0.11981566820276497	0.49049210623256917	0.3759456135099073	13.414950420092747	-123861.50292333844	-496.63893767482483	-2.2907422650304783	complete	
11563	01	sharedreward	1	sub-11563_ses-01_task-sharedreward_run-1	syngo MR XA30	XA30	2	255	78381	0.12943930724286928	29	29	28	21	0.11462450592885376	0.5519329362967517	0.4362780467950113	13.232773071300945	-124130.82153893134	-498.66696738726733	-2.993547458062017	complete	
11563	01	sharedreward	2	sub-11563_ses-01_task-sharedreward_run-2	syngo MR XA30	XA30	3	255	78006	0.10980805972796068	29	29	26	20	0.11507936507936507	0.5390008686481024	0.42673738366354746	11.4671051863701	-124368.64419140069	-502.73354855563457	-2.985032917071769	complete	
11563	01	socialdoors	1	sub-11563_ses-01_task-socialdoors_run-1	syngo MR XA30	XA30	1	218	77762	0.10949547484140083	29	29	26	20	0.1336405529953917	0.5302050509915411	0.40154670951965243	15.012455807143246	-124349.98468414847	-492.43570646701977	-1.43238043973793	complete	
11563	01	trust	1	sub-11563_ses-01_task-trust_run-1	syngo MR XA30	XA30	1	280	78614	0.13526065321620592	34	34	31	23	0.12186379928315412	0.5317224046972081	0.3863656137328564	17.6550165604461	-123862.13636572461	-495.8460609655243	-2.2453690446261554	complete	
11563	01	trust	2	sub-11563_ses-01_task-trust_run-2	syngo MR XA30	XA30	2	280	77755	0.097939720993991938	30	30	28	20	0.1079136690647482	0.5059747912736331	0.3771799893277341	15.554273477515054	-124048.11703190464	-505.4098480916366	-1.7563279801686673	complete	
11563	01	ugr	1	sub-11563_ses-01_task-ugr_run-1	syngo MR XA30	XA30	2	240	78265	0.12816830272569885	33	33	31	21	0.13865546218487396	0.5893647472070328	0.45500062824916876	12.110353213862892	-123639.13733524842	-498.21846008758564	-2.33430932452084	complete	
11563	01	ugr	2	sub-11563_ses-01_task-ugr_run-2	syngo MR XA30	XA30	2	240	77818	0.10847302613048161	32	32	30	22	0.13445378151260504	0.5729655667974627	0.4475225240576913	13.356235298114717	-124675.07123185399	-492.64180678194793	-2.3105253654125724	complete	
11565	01	doors	1	sub-11565_ses-01_task-doors_run-1	syngo MR XA60	XA60	1	218	66081	0.24287097632267329	37	37	29	18	0.17050691244239632	0.6831249854997712	0.46968872323885125	21.344246935578827	-301572.401426478	-466.5541244093039	4.314181278717511	complete	
11565	01	socialdoors	1	sub-11565_ses-01_task-socialdoors_run-1	syngo MR XA60	XA60	1	218	66096	0.17415141072869467	26	26	22	16	0.11981566820276497	0.5741551295216427	0.4083282066204361	19.35757377230364	-303083.97709660215	-516.7770052417682	5.897903280847801	complete	
11565	01	trust	1	sub-11565_ses-01_task-trust_run-1	syngo MR XA60	XA60	0	280	65878	0.36517383809122567	94	94	80	52	0.3357142857142857	0.8474230703129477	0.5173476493765317	33.459547775850034	-308446.8128211411	-381.0200224896814	2.303016686718778	complete	
11565	01	trust	2	sub-11565_ses-01_task-trust_run-2	syngo MR XA60	XA60	0	280	63810	0.35703975362244689	83	83	70	44	0.29642857142857143	0.794346081130736	0.4655428131492667	34.48217562642642	-314203.69449774234	-409.5313084874811	2.20529408952974	complete	
11565	01	ugr	1	sub-11565_ses-01_task-ugr_run-1	syngo MR XA60	XA60	0	240	66070	0.38182362895640398	92	92	75	51	0.38333333333333336	0.86034087575692	0.5154624322553122	34.68944648833576	-299082.78014544985	-358.3686915817267	2.5423889637948753	complete	
11565	01	ugr	2	sub-11565_ses-01_task-ugr_run-2	syngo MR XA60	XA60	0	240	66063	0.45658718458255992	108	108	93	57	0.45	0.9164169593695667	0.5929088616420947	30.03922394972818	-299015.1004079347	-335.8477585304168	4.211805110090915	complete	
11570	01	doors	1	sub-11570_ses-01_task-doors_run-1	syngo MR XA60	XA60	0	218	85256	0.19195302856079099	32	32	28	19	0.14678899082568808	0.6059794470471749	0.42930077600995026	19.78234326552091	-274982.614401625	-596.0097642558216	0.5310678148991426	complete	
11570	01	sharedreward	1	sub-11570_ses-01_task-sharedreward_run-1	syngo MR XA60	XA60	0	255	84554	0.18395815099813584	35	35	30	20	0.13725490196078433	0.51210524981369	0.3586412797241431	20.926131865277654	-274972.8326107814	-558.5207042519953	-0.7900625081762759	complete	
11570	01	sharedreward	2	sub-11570_ses-01_task-sharedreward_run-2	syngo MR XA60	XA60	0	255	83976	0.21919439843793845	68	68	60	41	0.26666666666666666	0.751026758761266	0.4932956241308507	25.695909740873343	-281114.307113597	-587.5842625905213	1.166930510768435	complete	
11570	01	socialdoors	1	sub-11570_ses-01_task-socialdoors_run-1	syngo MR XA60	XA60	0	218	84348	0.1584600748166401	30	30	25	16	0.13761467889908258	0.5552570090272778	0.39372633280881575	19.134148135547868	-278539.22325626196	-633.0751325063966	2.1726369822451392	complete	
11570	01	trust	1	sub-11570_ses-01_task-trust_run-1	syngo MR XA60	XA60	0	280	84319	0.18781402910876011	32	32	27	17	0.11428571428571428	0.5749675404387196	0.41388824198711094	19.2426400061023	-280469.0368475535	-657.4586800661981	1.2256238617404525	complete	
11570	01	trust	2	sub-11570_ses-01_task-trust_run-2	syngo MR XA60	XA60	1	280	83594	0.24860442279186934	26	26	19	12	0.0931899641577061	0.5602984356428011	0.401608315365594	17.79412253273976	-280903.29739156005	-662.4194068548701	2.1920698074479765	complete	
11570	01	ugr	1	sub-11570_ses-01_task-ugr_run-1	syngo MR XA60	XA60	1	240	84954	0.17023740368812587	21	21	17	9	0.08786610878661087	0.5419205235357625	0.4254362484902595	14.936472557673664	-275279.0675380713	-623.0637931233085	1.4765771277742277	complete	
11570	01	ugr	2	sub-11570_ses-01_task-ugr_run-2	syngo MR XA60	XA60	1	240	84924	0.15846786459110013	18	18	14	7	0.07531380753138076	0.506433982186561	0.4243980536527958	12.382793274875846	-274286.49969875737	-634.9352472927721	2.3703771191925895	complete	
11572	01	doors	1	sub-11572_ses-01_task-doors_run-1	syngo MR XA60	XA60	3	218	78250	0.13601179895665005	24	24	22	17	0.11162790697674418	0.5197135092835905	0.36898306128546077	18.33840925178379	-283182.08210664097	-627.0186027461623	4.491151974577921	complete	
11572	01	sharedreward	1	sub-11572_ses-01_task-sharedreward_run-1	syngo MR XA60	XA60	2	255	78535	0.13651095456577134	42	42	36	27	0.16600790513833993	0.6410002207318277	0.4541977094455422	19.88768579184576	-278946.76238979725	-629.4717952448337	2.516768873501291	complete	
11572	01	sharedreward	2	sub-11572_ses-01_task-sharedreward_run-2	syngo MR XA60	XA60	1	255	77248	0.14994240153142518	18	18	15	10	0.07086614173228346	0.45700844754863124	0.35641014268168797	15.243116570742291	-281347.66616863216	-586.1983583058204	4.676462966223993	complete	
11572	01	socialdoors	1	sub-11572_ses-01_task-socialdoors_run-1	syngo MR XA60	XA60	1	218	78625	0.12657792249213379	44	44	39	29	0.20276497695852536	0.6486292231653407	0.42614313886952593	23.234381464016902	-280249.856730246	-602.6369877987065	4.137174774143864	complete	
11572	01	trust	1	sub-11572_ses-01_task-trust_run-1	syngo MR XA60	XA60	1	280	78326	0.10524730117928544	22	22	21	15	0.07885304659498207	0.5180886290333372	0.40002250364474906	15.646101094375922	-282541.8639334312	-654.5169227635137	3.2084398408755552	complete	
11572	01	trust	2	sub-11572_ses-01_task-trust_run-2	syngo MR XA60	XA60	2	280	78188	0.12496515995833629	44	44	38	28	0.15827338129496402	0.6496925521518656	0.4704051623981705	17.777704572877816	-281628.2755704258	-611.5767519679728	3.0256568088917772	complete	
11572	01	ugr	1	sub-11572_ses-01_task-ugr_run-1	syngo MR XA60	XA60	1	240	76879	0.16963479548369986	20	20	17	9	0.08368200836820083	0.527388590844188	0.41183690887740904	14.014294232601904	-287430.19243161695	-571.9096526014539	4.016717464703128	complete	
11572	01	ugr	2	sub-11572_ses-01_task-ugr_run-2	syngo MR XA60	XA60	1	240	75914	0.17642460499588261	23	23	20	8	0.09623430962343096	0.5412428451714865	0.4001100196948596	15.834698722424006	-291530.3544624617	-573.23169956557	3.990939956765606	complete	
11579	01	doors	1	sub-11579_ses-01_task-doors_run-1	syngo MR XA60	XA60	1	218	86614	0.1457828310453472	46	46	40	26	0.2119815668202765	0.6343641291783608	0.4273520258933923	23.348674811088532	-259571.76858077882	-480.9257055957674	11.252808949166345	complete	
11579	01	sharedreward	1	sub-11579_ses-01_task-sharedreward_run-1	syngo MR XA60	XA60	0	255	86805	0.1598348997223849	51	51	44	29	0.2	0.6527169731928103	0.4382663928259139	24.183491558763873	-260515.22313892414	-475.0847039782618	10.860740221541608	complete	
11579	01	sharedreward	2	sub-11579_ses-01_task-sharedreward_run-2	syngo MR XA60	XA60	1	255	87007	0.13981280975211705	46	46	40	26	0.18110236220472442	0.6479843556506054	0.4640751687594473	20.53465878713792	-258964.25483605498	-486.4862245906762	8.882466535509492	complete	
11579	01	socialdoors	1	sub-11579_ses-01_task-socialdoors_run-1	syngo MR XA60	XA60	0	218	86778	0.15066091643071719	26	26	23	17	0.11926605504587157	0.5452986173766142	0.39707338424365624	17.027906440428758	-260124.17099909423	-465.8012242817675	11.311930530629644	complete	
11579	01	trust	1	sub-11579_ses-01_task-trust_run-1	syngo MR XA60	XA60	1	280	86830	0.13921351921216735	51	51	45	32	0.1827956989247312	0.6387788868196468	0.4078276479235238	26.62272706758853	-261978.1290025814	-468.76580075890683	9.778974163872572	complete	
11579	01	trust	2	sub-11579_ses-01_task-trust_run-2	syngo MR XA60	XA60	1	280	86830	0.15906225321109485	51	51	46	30	0.1827956989247312	0.6568567264826853	0.44696278481825946	22.985327212489395	-260644.2593994297	-470.64012883244993	9.684806077569537	complete	
11579	01	ugr	1	sub-11579_ses-01_task-ugr_run-1	syngo MR XA60	XA60	1	240	86888	0.17846582948304376	53	53	47	28	0.2217573221757322	0.6492898797566707	0.4085329797005989	28.40745681696765	-258964.02280185185	-471.0824042226391	10.375389000667834	complete	
11579	01	ugr	2	sub-11579_ses-01_task-ugr_run-2	syngo MR XA60	XA60	1	240	85146	0.14742317378207762	55	55	50	32	0.2301255230125523	0.6880116735016621	0.44438460642188665	25.52213295190134	-262411.91481025174	-461.4782809446616	7.575153577580646	complete	
11586	01	doors	1	sub-11586_ses-01_task-doors_run-1	syngo MR XA60	XA60	2	218	89985	0.082466291401330744	33	33	29	21	0.1527777777777778	0.5691069540818251	0.36727951522631364	22.23745160257228	-298250.18834731425	-507.97146014522485	4.752921580716685	complete	
11586	01	sharedreward	1	sub-11586_ses-01_task-sharedreward_run-1	syngo MR XA60	XA60	0	255	90071	0.091247947964520973	37	37	33	23	0.1450980392156863	0.5758716729212353	0.3393236953294362	27.016161681762778	-302410.7017976643	-462.73470187895043	8.009359740517754	complete	
11586	01	socialdoors	1	sub-11586_ses-01_task-socialdoors_run-1	syngo MR XA60	XA60	0	218	89993	0.11862150696288877	55	55	47	33	0.25229357798165136	0.6612018737797856	0.40094605879979534	29.51208392931378	-301990.48099073785	-497.62150450920836	6.028262249201501	complete	
11586	01	trust	1	sub-11586_ses-01_task-trust_run-1	syngo MR XA60	XA60	0	280	90056	0.076441952299530713	62	62	56	40	0.22142857142857142	0.6673196796947084	0.3942630059136022	28.065737451071204	-303303.1750038036	-479.7480197598533	5.043916075052194	complete	
11586	01	ugr	1	sub-11586_ses-01_task-ugr_run-1	syngo MR XA60	XA60	2	240	88953	0.14159177739121812	59	59	51	37	0.24789915966386555	0.7484809571117983	0.5289064815909451	19.819431812799586	-304846.70581657346	-426.9288974843606	3.6403204812482772	complete	
11587	01	doors	1	sub-11587_ses-01_task-doors_run-1	syngo MR XA60	XA60	1	218	84682	0.10854127877579701	43	43	37	24	0.19815668202764977	0.6127000332331645	0.41741363648496166	23.629646137515806	-259294.82220085085	-786.3190804192575	1.4591541861508825	complete	
11587	01	sharedreward	1	sub-11587_ses-01_task-sharedreward_run-1	syngo MR XA60	XA60	1	255	84430	0.10970533790066511	23	23	19	14	0.09055118110236221	0.5066058833953151	0.4047559072769259	13.562017575695673	-258879.61938362065	-785.1065488721129	2.8208253649455437	complete	
11587	01	sharedreward	2	sub-11587_ses-01_task-sharedreward_run-2	syngo MR XA60	XA60	0	255	83919	0.11613988893655794	26	26	23	14	0.10196078431372549	0.5202957048827017	0.3920255029155684	15.514228668380015	-260233.75021505417	-777.1019122057584	2.2583432119638718	complete	
11587	01	socialdoors	1	sub-11587_ses-01_task-socialdoors_run-1	syngo MR XA60	XA60	2	218	84333	0.16389423717622906	58	58	52	34	0.26851851851851855	0.7377277137310563	0.5075213366893191	22.109389859611447	-259895.39792355007	-677.9268458973694	1.450388087435314	complete	
11587	01	trust	1	sub-11587_ses-01_task-trust_run-1	syngo MR XA60	XA60	1	280	84289	0.12095102055851016	49	49	43	29	0.17562724014336917	0.6675773914313406	0.49367661983371625	17.548825684937626	-259542.8042229441	-716.6068349277023	2.593486588020719	complete	
11587	01	trust	2	sub-11587_ses-01_task-trust_run-2	syngo MR XA60	XA60	2	280	83914	0.13750192505187264	53	53	44	30	0.1906474820143885	0.6305878577212142	0.41644063866568193	24.52347968322683	-260576.2317750461	-766.4790163356639	3.644296159309496	complete	
11587	01	ugr	1	sub-11587_ses-01_task-ugr_run-1	syngo MR XA60	XA60	1	240	84531	0.102247092053942	39	39	34	24	0.16317991631799164	0.5875120942829065	0.42157265732691807	19.558353545138306	-259732.34105426772	-802.848348534706	1.3976471837747235	complete	
11587	01	ugr	2	sub-11587_ses-01_task-ugr_run-2	syngo MR XA60	XA60	1	240	84322	0.10625385854360918	24	24	19	15	0.100418410041841	0.5076103366774105	0.39299036927493136	15.5206134277721	-259951.99996452176	-810.5445394285127	1.509156827806303	complete	
11588	01	doors	1	sub-11588_ses-01_task-doors_run-1	syngo MR XA60	XA60	1	218	80012	0.084199578706101674	21	21	19	14	0.0967741935483871	0.47674840879306024	0.3665539774744693	16.315767768738947	-313069.032015633	-774.2182488223594	3.2460870794295666	complete	
11588	01	sharedreward	1	sub-11588_ses-01_task-sharedreward_run-1	syngo MR XA60	XA60	2	255	79469	0.10037897804501716	42	42	36	25	0.16600790513833993	0.5817835620504951	0.39259304784065296	22.478964028049887	-291670.6918317758	-901.4595330168137	-0.03677156582041091	complete	
11588	01	sharedreward	2	sub-11588_ses-01_task-sharedreward_run-2	syngo MR XA60	XA60	2	255	79560	0.12066360801869078	44	44	38	28	0.17391304347826086	0.5770488490159814	0.3710263452874994	25.410050177710342	-291082.7420502533	-884.3199719446536	1.9134876027677628	complete	
11588	01	socialdoors	1	sub-11588_ses-01_task-socialdoors_run-1	syngo MR XA60	XA60	1	218	78635	0.084798870309154548	19	19	19	13	0.08755760368663594	0.4729189893577107	0.38108367416563504	13.690176593869541	-318264.64495068206	-790.5526067003618	2.69816752384049	complete	
11588	01	trust	1	sub-11588_ses-01_task-trust_run-1	syngo MR XA60	XA60	2	280	79632	0.10355351911074143	25	25	22	15	0.08992805755395683	0.5090767921335483	0.3795031143462473	16.505447493457197	-291659.85586416745	-877.6333402822404	-0.8598179618817022	complete	
11588	01	trust	2	sub-11588_ses-01_task-trust_run-2	syngo MR XA60	XA60	2	280	79528	0.093391936216401489	40	40	35	26	0.14388489208633093	0.5740594008700962	0.40067265477501707	20.473309148790403	-291619.5125280673	-895.5079068146972	-0.19385394439056458	complete	
11588	01	ugr	1	sub-11588_ses-01_task-ugr_run-1	syngo MR XA60	XA60	1	240	80068	0.090678970473637877	23	23	21	16	0.09623430962343096	0.5071808062852963	0.3816041393697167	16.07724536214597	-312417.5859102169	-775.4018219550263	3.000295287682696	complete	
11588	01	ugr	2	sub-11588_ses-01_task-ugr_run-2	syngo MR XA60	XA60	2	240	80172	0.097477043844573855	43	43	37	27	0.18067226890756302	0.5931436978057041	0.39607899084040304	22.509856836988444	-311299.6032611013	-777.4630237905847	3.950541558786135	complete	
11591	01	doors	1	sub-11591_ses-01_task-doors_run-1	syngo MR XA60	XA60	1	218	74820	0.16814812816058147	36	36	32	24	0.16589861751152074	0.5973405246789429	0.4312605989585928	19.033390584029497	-299334.08117575984	-557.9546819146788	5.60875719705855	complete	
11591	01	sharedreward	1	sub-11591_ses-01_task-sharedreward_run-1	syngo MR XA60	XA60	1	255	74538	0.17554154302364519	44	44	40	26	0.1732283464566929	0.6732667563035833	0.5068406300731807	17.105837687758456	-302829.62360874744	-501.20905685895923	4.56932766255301	complete	
11591	01	sharedreward	2	sub-11591_ses-01_task-sharedreward_run-2	syngo MR XA60	XA60	2	255	74776	0.26312971171230376	56	56	47	33	0.22134387351778656	0.7138929189266193	0.48549095441799894	24.37619508477806	-301156.5898333751	-465.17528001469344	5.860612923799801	complete	
11591	01	socialdoors	1	sub-11591_ses-01_task-socialdoors_run-1	syngo MR XA60	XA60	1	218	73350	0.17388071360642277	41	41	35	24	0.1889400921658986	0.6311095471663041	0.4465529754968872	20.2457195617987	-303994.40655233886	-534.4473466668366	5.969813611869148	complete	
11591	01	trust	1	sub-11591_ses-01_task-trust_run-1	syngo MR XA60	XA60	0	280	74589	0.18607467862769311	19	19	15	9	0.06785714285714285	0.5529523586976601	0.463907639887778	12.205553647831707	-304398.45187031204	-508.5336465401591	5.059983574079313	complete	
11591	01	trust	2	sub-11591_ses-01_task-trust_run-2	syngo MR XA60	XA60	1	280	74613	0.24116995752986958	20	20	16	9	0.07168458781362007	0.5891313594541017	0.4942702801678449	12.667355907130155	-303755.3441447473	-471.61544793643316	5.41313101984003	complete	
11591	01	ugr	1	sub-11591_ses-01_task-ugr_run-1	syngo MR XA60	XA60	2	240	74680	0.23102954099291326	19	19	15	10	0.07983193277310924	0.5528830102012194	0.4513220019879001	13.964142983186495	-298763.3205710745	-499.7990331189362	6.502067470811286	complete	
11591	01	ugr	2	sub-11591_ses-01_task-ugr_run-2	syngo MR XA60	XA60	1	240	74467	0.26867505271173464	59	59	50	32	0.24686192468619247	0.7353966926806772	0.5007133049548733	24.323596619971152	-300112.1639207913	-464.13348534130574	5.663229529059612	complete	
11597	01	doors	1	sub-11597_ses-01_task-doors_run-1	syngo MR XA60	XA60	0	218	60026	0.42624190893738273	17	17	13	7	0.0779816513761468	0.5031548777579323	0.4132051000671627	12.364339739445276	-261581.1040966377	-315.1170369807018	6.22724864626897	complete	
11597	01	sharedreward	1	sub-11597_ses-01_task-sharedreward_run-1	syngo MR XA60	XA60	0	255	60531	0.53001656540194297	77	77	62	37	0.30196078431372547	0.7798785298351392	0.48204668093975483	29.43938237865955	-259112.9532760528	-295.3215957278934	4.401341814711646	complete	
11597	01	sharedreward	2	sub-11597_ses-01_task-sharedreward_run-2	syngo MR XA60	XA60	0	255	60249	0.32323640943767534	50	50	39	25	0.19607843137254902	0.6631044059747403	0.45544556094089567	20.56773301447259	-260828.05671773048	-341.87358121188254	5.458342796491701	complete	
11597	01	socialdoors	1	sub-11597_ses-01_task-socialdoors_run-1	syngo MR XA60	XA60	1	218	60500	0.4788312827773773	17	17	12	7	0.07834101382488479	0.5009592698740327	0.40995933251602235	12.413253563278326	-260239.55421566823	-307.79708653156496	4.823731105551671	complete	
11597	01	trust	1	sub-11597_ses-01_task-trust_run-1	syngo MR XA60	XA60	0	280	60430	0.796236362027683	89	89	76	46	0.31785714285714284	0.7953554460411224	0.44366965198377345	38.905686702245184	-256149.41087963223	-284.8146911065966	4.9158315717652545	complete	
11597	01	trust	2	sub-11597_ses-01_task-trust_run-2	syngo MR XA60	XA60	1	280	60687	0.66385080275341657	18	18	15	8	0.06451612903225806	0.5259976375305907	0.4285435182439742	13.668245966932991	-254960.46098779788	-286.23985665631324	4.94971317698345	complete	
11597	01	ugr	1	sub-11597_ses-01_task-ugr_run-1	syngo MR XA60	XA60	1	240	60332	0.34634363528250622	47	47	41	28	0.19665271966527198	0.6475876337741592	0.42474979519160916	23.608597461244162	-263066.21675518434	-341.37089514298737	6.337133626847776	complete	
11597	01	ugr	2	sub-11597_ses-01_task-ugr_run-2	syngo MR XA60	XA60	1	240	60295	0.32695059002899796	22	22	20	12	0.09205020920502092	0.5092276479272039	0.3899216778736874	15.66612669716797	-261886.42863056652	-359.5189939965037	6.174890771300373	complete	
11598	01	doors	1	sub-11598_ses-01_task-doors_run-1	syngo MR XA60	XA60	0	218	71603	0.64137818526950918	120	120	99	61	0.5504587155963303	0.912498307243556	0.5040493038824188	44.403302373467284	-281476.8918440268	-356.8416909500172	1.137028945386057	complete	
11598	01	sharedreward	1	sub-11598_ses-01_task-sharedreward_run-1	syngo MR XA60	XA60	2	255	74253	0.37167806209219301	23	23	20	11	0.09090909090909091	0.5942428370185668	0.4390930374689858	15.433638681668576	-278471.19416238257	-471.34811007815154	2.5744753977845503	complete	
11598	01	sharedreward	2	sub-11598_ses-01_task-sharedreward_run-2	syngo MR XA60	XA60	0	255	74376	0.4775368923842841	107	107	90	57	0.4196078431372549	0.8656311777042193	0.4879630852205366	40.48126842502119	-278821.1603915534	-400.64553570671194	1.4494774655785083	complete	
11598	01	socialdoors	1	sub-11598_ses-01_task-socialdoors_run-1	syngo MR XA60	XA60	0	218	74447	0.51640378730858416	112	112	94	56	0.5137614678899083	0.8941085982756884	0.5007561989663326	43.31140291204215	-278393.4608636972	-350.45523003343067	0.4584522322111648	complete	
11598	01	trust	1	sub-11598_ses-01_task-trust_run-1	syngo MR XA60	XA60	0	280	74382	0.32184263503634236	90	90	77	47	0.32142857142857145	0.8197593503940025	0.5149640751199289	29.181557772693292	-278751.0556149545	-437.655069989353	2.5811626760930544	complete	
11598	01	trust	2	sub-11598_ses-01_task-trust_run-2	syngo MR XA60	XA60	0	280	74492	0.28977750011465092	89	89	75	48	0.31785714285714284	0.7949713064871734	0.4586579140567393	36.15175766741745	-278202.84226399555	-459.2172039547797	2.47064011933244	complete	
11598	01	ugr	1	sub-11598_ses-01_task-ugr_run-1	syngo MR XA60	XA60	0	240	74726	1.1969984761730443	154	154	128	75	0.6416666666666667	0.9526672365161687	0.5314235640105133	47.458715795507935	-276031.70183489093	-289.0005758507277	3.3109062673714504	complete	
11598	01	ugr	2	sub-11598_ses-01_task-ugr_run-2	syngo MR XA60	XA60	0	240	73537	0.87358431832940697	125	125	104	69	0.5208333333333334	0.9157996402866004	0.5180113862212599	45.60333118566866	-276857.04485467775	-343.36112002213235	1.8072771884828212	complete	
11599	01	doors	1	sub-11599_ses-01_task-doors_run-1	syngo MR XA60	XA60	0	218	71369	0.14201562523666586	38	38	32	22	0.1743119266055046	0.5537548250127743	0.36875330738503037	21.556860988067534	-316747.2342137319	-730.2948140678388	0.6672519948607398	complete	
11599	01	sharedreward	1	sub-11599_ses-01_task-sharedreward_run-1	syngo MR XA60	XA60	3	255	71453	0.12049037173905013	37	37	33	21	0.14682539682539683	0.5397480763416896	0.3892275299795701	16.89315715820593	-316997.2138668965	-763.5924308249313	0.19724581957063894	complete	
11599	01	sharedreward	2	sub-11599_ses-01_task-sharedreward_run-2	syngo MR XA60	XA60	1	255	71375	0.13739014991738241	37	37	31	19	0.14566929133858267	0.4955638814336087	0.3286954358304101	22.38494804221947	-316963.49484287336	-741.9845293331061	0.6738971223732471	complete	
11599	01	socialdoors	1	sub-11599_ses-01_task-socialdoors_run-1	syngo MR XA60	XA60	1	218	71247	0.14504769288209068	34	34	30	19	0.15668202764976957	0.5159580083193896	0.3454952834389613	21.043616835554285	-317212.37832274166	-729.3451043880475	1.1770276883673947	complete	
11599	01	trust	1	sub-11599_ses-01_task-trust_run-1	syngo MR XA60	XA60	1	280	71390	0.1436364218693727	35	35	32	22	0.12544802867383512	0.506699000715339	0.35522780116708597	19.31361914595584	-316693.01453514723	-763.5720752019889	0.6467827788705723	complete	
11599	01	trust	2	sub-11599_ses-01_task-trust_run-2	syngo MR XA60	XA60	1	280	71242	0.13281684887697198	39	39	34	22	0.13978494623655913	0.5675837402058976	0.41643995016444335	15.32607426239866	-316995.81670690485	-730.2172421565332	0.13808886455584218	complete	
11599	01	ugr	1	sub-11599_ses-01_task-ugr_run-1	syngo MR XA60	XA60	1	240	71436	0.15000716223342153	38	38	33	21	0.1589958158995816	0.5413416084982022	0.3641604370207668	20.55290418384438	-316016.20975135965	-716.1862286545173	0.5825316159119039	complete	
11599	01	ugr	2	sub-11599_ses-01_task-ugr_run-2	syngo MR XA60	XA60	1	240	71514	0.13613670110168169	38	38	33	22	0.1589958158995816	0.5542951710559539	0.380586402396773	20.38214649877112	-316009.1513596366	-727.4545269845352	0.12291026469871462	complete	
11600	01	doors	1	sub-11600_ses-01_task-doors_run-1	syngo MR XA60	XA60	0	218	61020	0.18390929055149072	57	57	49	33	0.26146788990825687	0.7870572944695985	0.5713527366253461	19.221839890773918	-295841.7786213437	-756.7598325414987	1.9776269932767545	complete	
11600	01	sharedreward	1	sub-11600_ses-01_task-sharedreward_run-1	syngo MR XA60	XA60	1	255	63864	0.14466984351347201	53	53	47	30	0.20866141732283464	0.7489131110890893	0.5505959744606542	16.56879129943622	-290324.7606353038	-732.3361308373644	0.32523190768960325	complete	
11600	01	sharedreward	2	sub-11600_ses-01_task-sharedreward_run-2	syngo MR XA60	XA60	1	255	61925	0.15439378094251455	55	55	47	33	0.21653543307086615	0.719016057719372	0.48594128701798817	23.756497432016186	-294300.5839983067	-765.8961054341494	2.27126826579393	complete	
11600	01	socialdoors	1	sub-11600_ses-01_task-socialdoors_run-1	syngo MR XA60	XA60	1	218	61905	0.14897255420988428	55	55	50	33	0.2534562211981567	0.7636673765755777	0.5376510970863037	20.137630427734678	-294604.1642021616	-749.0389983849595	2.501111141760625	complete	
11600	01	trust	1	sub-11600_ses-01_task-trust_run-1	syngo MR XA60	XA60	1	280	64672	0.15581903279507667	51	51	46	30	0.1827956989247312	0.7047299233361455	0.5158487775730419	20.051004536230362	-290059.61232643743	-747.0930764866943	0.059196028891709274	complete	
11600	01	trust	2	sub-11600_ses-01_task-trust_run-2	syngo MR XA60	XA60	1	280	63143	0.15333676089987422	61	61	56	37	0.21863799283154123	0.7544812075888179	0.5373374428442237	21.45618544116986	-294738.1147288416	-744.0030894370141	0.3760298743016293	complete	
11600	01	ugr	1	sub-11600_ses-01_task-ugr_run-1	syngo MR XA60	XA60	0	240	62220	0.17306244691543496	66	66	55	36	0.275	0.8271602004872155	0.6220639769231376	17.846393928645274	-292664.2308198373	-669.2097428687632	2.526129259642653	complete	
11600	01	ugr	2	sub-11600_ses-01_task-ugr_run-2	syngo MR XA60	XA60	0	240	62702	0.17998625654489003	62	62	54	35	0.25833333333333336	0.7887345563436292	0.56428591155315	19.45943846204934	-292334.1997796219	-689.1621766047065	2.077986713132688	complete	
11606	01	doors	1	sub-11606_ses-01_task-doors_run-1	syngo MR XA60	XA60	2	218	73231	0.11470296357455059	30	30	27	18	0.1388888888888889	0.5639293307596083	0.4382070072736026	14.757551664309586	-306103.2582270049	-636.1463885267675	4.084795324202553	complete	
11606	01	sharedreward	1	sub-11606_ses-01_task-sharedreward_run-1	syngo MR XA60	XA60	0	255	72999	0.085862155977148177	33	33	29	20	0.12941176470588237	0.5816724215492258	0.4529850002822213	14.342129266067662	-307579.6391991122	-650.0884650725123	2.801839737396779	complete	
11606	01	sharedreward	2	sub-11606_ses-01_task-sharedreward_run-2	syngo MR XA60	XA60	1	255	73525	0.086955301590594045	31	31	28	19	0.1220472440944882	0.547870560716151	0.4276183361476012	15.168013360411798	-306065.9669506353	-651.4735129648915	3.052920109477077	complete	
11606	01	socialdoors	1	sub-11606_ses-01_task-socialdoors_run-1	syngo MR XA60	XA60	1	218	73475	0.098773121831276373	32	32	29	23	0.14746543778801843	0.5588464477749244	0.40483810936134546	19.25388498901317	-306332.6659715962	-633.6776387761541	4.3118139847986985	complete	
11606	01	trust	1	sub-11606_ses-01_task-trust_run-1	syngo MR XA60	XA60	1	280	73155	0.089373088869257045	29	29	26	19	0.1039426523297491	0.5541107351997723	0.44050024576915775	13.209017954925773	-308456.59248023777	-655.2945363381755	0.9934639327465146	complete	
11606	01	trust	2	sub-11606_ses-01_task-trust_run-2	syngo MR XA60	XA60	1	280	72973	0.090489913118282028	30	30	26	19	0.10752688172043011	0.5879316299710845	0.4841059331998712	10.403071062300633	-308154.2795164489	-657.9470716341227	1.6108329562902335	complete	
11606	01	ugr	1	sub-11606_ses-01_task-ugr_run-1	syngo MR XA60	XA60	1	240	73658	0.11580255224132924	34	34	29	21	0.14225941422594143	0.6092150855662549	0.47792267423098	13.996486916610321	-305698.72968370526	-647.9496165155012	4.596356088428117	complete	
11606	01	ugr	2	sub-11606_ses-01_task-ugr_run-2	syngo MR XA60	XA60	1	240	71378	0.089281990027601427	34	34	30	22	0.14225941422594143	0.5553511104861779	0.39890263828894795	17.776820265288034	-312410.5656065809	-644.6285310055433	4.687947099764962	complete	
11614	01	doors	1	sub-11614_ses-01_task-doors_run-1	syngo MR XA60	XA60	1	218	73783	0.16390707693081569	48	48	43	28	0.22119815668202766	0.6576720116166339	0.4304557394832632	24.644224032490325	-301441.6297385107	-621.4213478292688	2.6211781362614115	complete	
11614	01	sharedreward	1	sub-11614_ses-01_task-sharedreward_run-1	syngo MR XA60	XA60	1	255	73813	0.17083161863516622	31	31	27	19	0.1220472440944882	0.5701023249880174	0.38905056249325226	21.272410098277064	-299671.1926894551	-618.9635361982272	5.174095397939212	complete	
11614	01	sharedreward	2	sub-11614_ses-01_task-sharedreward_run-2	syngo MR XA60	XA60	1	255	73847	0.16175304748883204	55	55	49	33	0.21653543307086615	0.656515096489958	0.39708755299558346	29.668267208804274	-299456.722378467	-595.0016432025654	5.150570356323181	complete	
11614	01	socialdoors	1	sub-11614_ses-01_task-socialdoors_run-1	syngo MR XA60	XA60	1	218	73731	0.14421928813271218	43	43	38	25	0.19815668202764977	0.5674268795273724	0.34640281645362275	27.317746847942278	-300912.04970547993	-622.444615371769	6.334966532818701	complete	
11614	01	trust	1	sub-11614_ses-01_task-trust_run-1	syngo MR XA60	XA60	1	280	73847	0.1841497997226523	64	64	58	37	0.22939068100358423	0.7405675597148036	0.5139339141360799	19.43242242809588	-299159.5603871892	-566.126735054856	2.2393791437724513	complete	
11614	01	trust	2	sub-11614_ses-01_task-trust_run-2	syngo MR XA60	XA60	1	280	73429	0.17645064090419946	68	68	61	42	0.24372759856630824	0.7146834642683527	0.3844321443877352	35.88670983100464	-298650.9941658704	-589.7974849370079	4.038010978761154	complete	
11614	01	ugr	1	sub-11614_ses-01_task-ugr_run-1	syngo MR XA60	XA60	1	240	73762	0.15421045867405889	34	34	29	21	0.14225941422594143	0.5659028027292599	0.4306411056808935	16.740579173054638	-302000.3376915024	-655.8778956172802	4.405180634283402	complete	
11614	01	ugr	2	sub-11614_ses-01_task-ugr_run-2	syngo MR XA60	XA60	1	240	73667	0.15119967844343102	43	43	39	27	0.1799163179916318	0.6248664515363427	0.42853153863021676	23.01320686432887	-302495.6842663986	-634.3690044514098	3.859971765933506	complete	
11622	01	doors	1	sub-11622_ses-01_task-doors_run-1	syngo MR XA60	XA60	2	218	60195	0.11337733384595756	26	26	24	17	0.12037037037037036	0.5186229607785845	0.39819544553707353	15.87499882503317	-284162.70761328377	-735.2210336264546	6.707175019985201	complete	
11622	01	sharedreward	1	sub-11622_ses-01_task-sharedreward_run-1	syngo MR XA60	XA60	2	255	55152	0.12515635914906487	32	32	27	19	0.12648221343873517	0.5419739723717957	0.40852956306127697	16.060911730411686	-312239.10597234435	-776.4510833015959	2.0788469455546004	complete	
11622	01	sharedreward	2	sub-11622_ses-01_task-sharedreward_run-2	syngo MR XA60	XA60	2	255	55140	0.13436166091567284	33	33	28	21	0.13043478260869565	0.5796653155385934	0.43899698270938525	15.783226180378568	-310905.67418893834	-764.8975749050247	2.270986921350359	complete	
11622	01	socialdoors	1	sub-11622_ses-01_task-socialdoors_run-1	syngo MR XA60	XA60	1	218	55350	0.12806519115773488	29	29	26	19	0.1336405529953917	0.5513945202387511	0.4191766914592401	15.11858288871519	-311943.5127884676	-787.1966593656722	1.475896435654292	complete	
11622	01	trust	1	sub-11622_ses-01_task-trust_run-1	syngo MR XA60	XA60	1	280	56461	0.14437294954974142	33	33	27	18	0.11827956989247312	0.5639449052373939	0.4390304921000204	14.74339318048489	-305269.53697204846	-759.3262880260768	2.6405013151144856	complete	
11622	01	trust	2	sub-11622_ses-01_task-trust_run-2	syngo MR XA60	XA60	1	280	56600	0.13976520332060327	36	36	32	21	0.12903225806451613	0.5709219075794253	0.4172900800858497	18.101439023676658	-303903.5167131226	-743.3175099949895	2.3279839007644427	complete	
11622	01	ugr	1	sub-11622_ses-01_task-ugr_run-1	syngo MR XA60	XA60	1	240	56628	0.13285614631620496	31	31	28	18	0.1297071129707113	0.6033685760244057	0.47591451284936703	14.088137097694311	-308366.8152683127	-779.470280485959	4.5305400042521455	complete	
11622	01	ugr	2	sub-11622_ses-01_task-ugr_run-2	syngo MR XA60	XA60	1	240	54898	0.13493088130442846	19	19	15	8	0.0794979079497908	0.4958417802112416	0.4135869142103614	11.163254772206287	-315285.63819139096	-771.0410195246017	2.7030548266518415	complete	
11623	01	doors	1	sub-11623_ses-01_task-doors_run-1	syngo MR XA60	XA60	1	218	73737	0.16605723717003765	54	54	50	36	0.2488479262672811	0.7526694805790134	0.5023343556399957	24.291611358878573	-279671.40013029374	-672.0901487191212	4.158222034914958	complete	
11623	01	sharedreward	1	sub-11623_ses-01_task-sharedreward_run-1	syngo MR XA60	XA60	1	255	73710	0.17511836808213027	78	78	67	48	0.30708661417322836	0.8405870772397294	0.5530069480467277	25.998510768777184	-280052.3285087544	-556.5689174069994	2.4988093479610436	complete	
11623	01	socialdoors	1	sub-11623_ses-01_task-socialdoors_run-1	syngo MR XA60	XA60	1	218	73788	0.18496383571372865	63	63	55	39	0.2903225806451613	0.7908509033233477	0.5144153773780178	27.438541508044583	-279978.59244210256	-608.1807086099969	4.39654858684574	complete	
11623	01	trust	1	sub-11623_ses-01_task-trust_run-1	syngo MR XA60	XA60	1	280	73675	0.22598948695003682	99	99	86	60	0.3548387096774194	0.8515846477792596	0.49519490457414334	37.94646574564746	-280807.14355830173	-535.1344204716991	4.581241631690859	complete	
11623	01	ugr	1	sub-11623_ses-01_task-ugr_run-1	syngo MR XA60	XA60	0	240	74016	0.18658412325527859	84	84	73	52	0.35	0.8471218433093477	0.5345801510290108	28.799675918588083	-279387.3777332227	-536.3890611298851	2.4535574777560667	complete	
11623	01	ugr	2	sub-11623_ses-01_task-ugr_run-2	syngo MR XA60	XA60	2	240	73853	0.15917387917285492	68	68	60	41	0.2857142857142857	0.7632606850093441	0.45797934782039185	33.100227019941784	-280049.0406168132	-669.1244178235006	4.891783032048713	complete	
11625	01	doors	1	sub-11625_ses-01_task-doors_run-1	syngo MR XA60	XA60	1	218	74994	0.16152297453297315	54	54	47	32	0.2488479262672811	0.7170163863367424	0.4789729854950966	23.933787038888013	-276397.42254678893	-535.0065842809015	6.484562573221056	complete	
11625	01	sharedreward	1	sub-11625_ses-01_task-sharedreward_run-1	syngo MR XA60	XA60	0	255	72264	0.20107264137118777	73	73	63	43	0.28627450980392155	0.8081288903766871	0.5574429257136347	23.848798973813956	-282111.7665650083	-495.42229769742437	3.499142169459341	complete	
11625	01	sharedreward	2	sub-11625_ses-01_task-sharedreward_run-2	syngo MR XA60	XA60	1	255	73247	0.18250382826277115	64	64	53	38	0.25196850393700787	0.7298588982530518	0.450915591289476	30.62027502275367	-279123.7904359905	-550.0609068516188	4.709991328591549	complete	
11625	01	socialdoors	1	sub-11625_ses-01_task-socialdoors_run-1	syngo MR XA60	XA60	1	218	74569	0.15096593597452038	39	39	33	22	0.17972350230414746	0.6241608740201464	0.44659160128548075	19.042974709024527	-277120.77598979726	-591.0149920646152	7.8861676329174415	complete	
11625	01	trust	1	sub-11625_ses-01_task-trust_run-1	syngo MR XA60	XA60	1	280	75846	0.35543320102282422	26	26	20	10	0.0931899641577061	0.5838840873915575	0.4149943672411761	17.544683302993878	-274653.1431089669	-467.90041695154014	7.044537864823962	complete	
11625	01	trust	2	sub-11625_ses-01_task-trust_run-2	syngo MR XA60	XA60	1	280	75964	0.49415691441117265	34	34	26	14	0.12186379928315412	0.6657202321755491	0.45524786177962095	20.284779289891993	-272347.53530000866	-383.37410436704715	6.215304778113182	complete	
11625	01	ugr	1	sub-11625_ses-01_task-ugr_run-1	syngo MR XA60	XA60	2	240	72310	0.14688984351373924	50	50	44	28	0.21008403361344538	0.696754647505773	0.48355483273269095	22.724444940021534	-283099.6048858575	-582.4757619439719	5.398293683907629	complete	
11625	01	ugr	2	sub-11625_ses-01_task-ugr_run-2	syngo MR XA60	XA60	0	240	74876	0.2021823941420669	75	75	62	40	0.3125	0.7854866403286613	0.4913389116744696	31.12073204967076	-277984.4722071169	-492.248235968671	5.937768225815311	complete	
11626	01	doors	1	sub-11626_ses-01_task-doors_run-1	syngo MR XA60	XA60	1	218	75904	0.085356765559145079	45	45	38	28	0.2073732718894009	0.64431566206919	0.4197292142272275	26.549241201919102	-298099.63643981866	-591.2893070738166	4.126734540388454	complete	
11626	01	sharedreward	1	sub-11626_ses-01_task-sharedreward_run-1	syngo MR XA60	XA60	1	255	76439	0.084354094601072419	52	52	47	31	0.2047244094488189	0.6720235340262031	0.4408651992526277	27.548691668602	-297188.822633159	-593.439805876652	1.3791217409669048	complete	
11626	01	sharedreward	2	sub-11626_ses-01_task-sharedreward_run-2	syngo MR XA60	XA60	1	255	76942	0.093172725248994642	26	26	23	18	0.10236220472440945	0.5593638415770642	0.4195940263267597	18.43329141533861	-294441.2248536264	-552.6237938949339	3.197566529355302	complete	
11626	01	socialdoors	1	sub-11626_ses-01_task-socialdoors_run-1	syngo MR XA60	XA60	2	218	74462	0.083205847310402578	39	39	34	24	0.18055555555555555	0.6160969467710123	0.4421998245096013	21.829002884395855	-303215.10976085643	-620.7448421349554	2.407960196072163	complete	
11626	01	trust	1	sub-11626_ses-01_task-trust_run-1	syngo MR XA60	XA60	3	280	75564	0.085419069865713085	44	44	40	26	0.1588447653429603	0.6012042765587919	0.4094561253909057	24.80742326720334	-298114.6611818361	-590.4578222189962	1.5797068044864322	complete	
11626	01	trust	2	sub-11626_ses-01_task-trust_run-2	syngo MR XA60	XA60	2	280	76770	0.082919345901975472	46	46	40	28	0.16546762589928057	0.6041439607768566	0.4081578257311679	25.338472382980147	-293946.70464188897	-583.3437861432681	1.3485392002666408	complete	
11626	01	ugr	1	sub-11626_ses-01_task-ugr_run-1	syngo MR XA60	XA60	1	240	76920	0.081198376958691254	45	45	40	30	0.18828451882845187	0.6702573509954894	0.4666506464163233	24.02033395884676	-296637.48656522884	-590.4179405019125	2.19505762652601	complete	
11626	01	ugr	2	sub-11626_ses-01_task-ugr_run-2	syngo MR XA60	XA60	3	240	76883	0.070738508101165498	45	45	40	31	0.189873417721519	0.6687782888565249	0.4606724046016177	24.54357989552805	-295894.23019131785	-554.4703685398098	3.762423981206604	complete	
11628	01	doors	1	sub-11628_ses-01_task-doors_run-1	syngo MR XA60	XA60	1	218	67144	0.13954572640296359	25	25	23	16	0.1152073732718894	0.46396829437784026	0.35620800201046404	14.931038687484849	-318008.63000956125	-775.6193182439397	1.154091537481572	complete	
11628	01	sharedreward	1	sub-11628_ses-01_task-sharedreward_run-1	syngo MR XA60	XA60	1	255	67253	0.13426597405217808	30	30	27	18	0.11811023622047244	0.5037707819728431	0.38410724417736575	14.002762190223732	-315803.3820186912	-773.9294952346685	0.1307580972945333	complete	
11628	01	sharedreward	2	sub-11628_ses-01_task-sharedreward_run-2	syngo MR XA60	XA60	1	255	67158	0.13417869425296777	34	34	29	19	0.13385826771653545	0.5687094135044383	0.43761176361990145	14.02237577701484	-316446.4762897491	-778.5398413161678	-0.8346531828216314	complete	
11628	01	socialdoors	1	sub-11628_ses-01_task-socialdoors_run-1	syngo MR XA60	XA60	1	218	67099	0.13879885316076543	25	25	23	16	0.1152073732718894	0.4437015891685059	0.3361298367752837	16.006621587204144	-315776.46424483816	-791.6090200949254	0.45358978770264863	complete	
11628	01	trust	1	sub-11628_ses-01_task-trust_run-1	syngo MR XA60	XA60	2	280	67008	0.14262055599881701	20	20	16	8	0.07194244604316546	0.45982186309840906	0.38149451389323424	11.023384532756213	-319619.2795179507	-788.3076700076409	-0.8585048037839602	complete	
11628	01	trust	2	sub-11628_ses-01_task-trust_run-2	syngo MR XA60	XA60	2	280	67237	0.14577747507552707	36	36	31	20	0.12949640287769784	0.5505201282961123	0.4058308290089367	16.47982459825944	-318761.8987075167	-755.217667716064	-1.3208297457697749	complete	
11628	01	ugr	1	sub-11628_ses-01_task-ugr_run-1	syngo MR XA60	XA60	1	240	65855	0.1380990927356136	29	29	26	18	0.12133891213389121	0.4769858471918506	0.3556299310983017	16.58549054601021	-324184.15394683444	-796.6176147577208	-0.8251928836703143	complete	
11628	01	ugr	2	sub-11628_ses-01_task-ugr_run-2	syngo MR XA60	XA60	2	240	64145	0.13968179578987899	28	28	25	17	0.11764705882352941	0.4335207302834476	0.30682973656562906	18.58804017963036	-329193.0866030615	-806.6826590439176	-0.2639790797352552	complete	
11631	01	doors	1	sub-11631_ses-01_task-doors_run-1	syngo MR XA60	XA60	0	218	64161	0.1043595929395439	31	31	29	21	0.14220183486238533	0.5708289860931526	0.4207098006697812	18.37489344577425	-305907.5280128244	-743.5247605115231	1.3268099113863947	complete	
11631	01	sharedreward	1	sub-11631_ses-01_task-sharedreward_run-1	syngo MR XA60	XA60	1	255	64410	0.10184767832304122	35	35	29	21	0.1377952755905512	0.5873572892307838	0.4467546469843095	15.945245813024124	-306641.2247085162	-799.853320128807	0.19712758896232083	complete	
11631	01	sharedreward	2	sub-11631_ses-01_task-sharedreward_run-2	syngo MR XA60	XA60	2	255	64095	0.10343304575852295	32	32	28	20	0.12648221343873517	0.5255515638600244	0.3772662892199195	18.574347430877978	-306776.6453186499	-797.603995344087	1.4727935092676911	complete	
11631	01	socialdoors	1	sub-11631_ses-01_task-socialdoors_run-1	syngo MR XA60	XA60	1	218	65431	0.10428836122914455	27	27	24	17	0.12442396313364056	0.5679135976600891	0.46639373081355806	12.51373680380256	-301162.60556630715	-786.0507074504288	0.5906558441320818	complete	
11631	01	trust	1	sub-11631_ses-01_task-trust_run-1	syngo MR XA60	XA60	1	280	65360	0.11300314332911383	35	35	30	21	0.12544802867383512	0.6157893803523427	0.4855799967789638	14.076795253441635	-303552.6477128237	-799.5688140214984	-0.3799284070082273	complete	
11631	01	trust	2	sub-11631_ses-01_task-trust_run-2	syngo MR XA60	XA60	1	280	65186	0.10408561510737817	34	34	28	20	0.12186379928315412	0.5404629004003185	0.4026617629886152	17.709054460461157	-303477.4559906113	-799.906213499728	0.6138880513537278	complete	
11631	01	ugr	1	sub-11631_ses-01_task-ugr_run-1	syngo MR XA60	XA60	1	240	65639	0.11201552551166215	32	32	29	21	0.13389121338912133	0.6062182951902513	0.48137459728848153	13.773531368152575	-300269.221210803	-769.9639125058936	1.4855825916683152	complete	
11631	01	ugr	2	sub-11631_ses-01_task-ugr_run-2	syngo MR XA60	XA60	2	240	64705	0.10385278700941317	34	34	31	22	0.14285714285714285	0.5745965044412175	0.4169398550440043	19.543999137923848	-303472.4539299373	-751.6310689811211	1.0409702327070682	complete	
11651	01	doors	1	sub-11651_ses-01_task-doors_run-1	syngo MR XA60	XA60	0	218	76496	0.13491578579254662	58	58	51	37	0.26605504587155965	0.7353606932841746	0.43440530506985103	32.303284063701646	-279276.67798834736	-491.1781545105969	10.134298317280424	complete	
11651	01	sharedreward	1	sub-11651_ses-01_task-sharedreward_run-1	syngo MR XA60	XA60	1	255	76528	0.14251581547422743	62	62	53	36	0.2440944881889764	0.7365466819202258	0.466491313875129	27.741162989370554	-277719.5750724566	-474.4775355434882	8.30961721719072	complete	
11651	01	sharedreward	2	sub-11651_ses-01_task-sharedreward_run-2	syngo MR XA60	XA60	1	255	75492	0.19106689814789862	78	78	68	46	0.30708661417322836	0.797772295486594	0.4685734687740911	34.76806116827595	-280106.91871188366	-435.3479646863583	7.05156831900655	complete	
11651	01	socialdoors	1	sub-11651_ses-01_task-socialdoors_run-1	syngo MR XA60	XA60	1	218	76520	0.1993483354259761	27	27	22	16	0.12442396313364056	0.6697793796706731	0.4872781959396927	18.803545039338402	-279053.83925024746	-458.2720505795639	9.264035153114675	complete	
11651	01	trust	1	sub-11651_ses-01_task-trust_run-1	syngo MR XA60	XA60	1	280	75062	0.1400082080293685	59	59	50	36	0.2114695340501792	0.6950561835211305	0.4214506554210019	31.455073750637432	-282062.59676229843	-500.2601537617179	10.875007807474994	complete	
11651	01	trust	2	sub-11651_ses-01_task-trust_run-2	syngo MR XA60	XA60	1	280	75552	0.20920728481298337	23	23	20	11	0.08243727598566308	0.5981169655088615	0.44651458875616273	16.18892329485662	-279824.2838759434	-430.62332640454093	7.537294396178883	complete	
11651	01	ugr	1	sub-11651_ses-01_task-ugr_run-1	syngo MR XA60	XA60	2	240	75286	0.12703574441716867	53	53	48	33	0.22268907563025211	0.7218880862274539	0.48037497722143824	26.143973850398186	-283906.2855369821	-500.77748397055655	8.541837852977062	complete	
11651	01	ugr	2	sub-11651_ses-01_task-ugr_run-2	syngo MR XA60	XA60	1	240	76448	0.22221809199979223	74	74	65	46	0.30962343096234307	0.8436350158213913	0.5807112115430433	24.77820439428632	-280408.76134847116	-431.6568351803646	7.3039246502107815	complete	
11660	01	doors	1	sub-11660_ses-01_task-doors_run-1	syngo MR XA60	XA60	1	218	70466	0.085948428926457862	20	20	19	13	0.09216589861751152	0.4148304409909291	0.346419821698846	12.313959344811613	-274855.9916867408	-583.6467514303755	7.085077430513091	complete	
11660	01	sharedreward	1	sub-11660_ses-01_task-sharedreward_run-1	syngo MR XA60	XA60	1	255	70619	0.073027044922629292	17	17	14	10	0.06692913385826772	0.3563161037800464	0.31296077991388666	11.179460766399897	-274327.9611651942	-585.6413957463307	6.781681375714955	complete	
11660	01	sharedreward	2	sub-11660_ses-01_task-sharedreward_run-2	syngo MR XA60	XA60	2	255	69675	0.098232162019632238	24	24	20	14	0.09486166007905138	0.47185910404515263	0.3902044687217934	12.269760045310731	-275006.6998597526	-593.4843343200437	6.280379495432359	complete	
11660	01	socialdoors	1	sub-11660_ses-01_task-socialdoors_run-1	syngo MR XA60	XA60	1	218	70698	0.11409010542396684	21	21	18	14	0.0967741935483871	0.43456349335217814	0.3590011883599	12.233695620898905	-273767.53285522555	-574.0115434426873	7.712829686660798	complete	
11660	01	trust	1	sub-11660_ses-01_task-trust_run-1	syngo MR XA60	XA60	1	280	69109	0.10735008556015151	26	26	22	17	0.0931899641577061	0.5071169974319443	0.4181868877193083	12.242640813475138	-270465.59468074003	-566.675046258452	4.402206622408637	complete	
11660	01	trust	2	sub-11660_ses-01_task-trust_run-2	syngo MR XA60	XA60	1	280	69402	0.14884833181770593	32	32	27	21	0.11469534050179211	0.501184256975909	0.3642755620531315	18.804764433997207	-270296.16845657444	-549.3420675395827	5.527385262985055	complete	
11660	01	ugr	1	sub-11660_ses-01_task-ugr_run-1	syngo MR XA60	XA60	1	240	69389	0.088805944222471525	23	23	20	13	0.09623430962343096	0.4551086317053345	0.37335226458172976	12.55884040743142	-278995.1559608557	-578.6124253333718	4.966008074949538	complete	
11660	01	ugr	2	sub-11660_ses-01_task-ugr_run-2	syngo MR XA60	XA60	1	240	66630	0.10195442878879646	24	24	21	14	0.100418410041841	0.48806247386985174	0.4024606400105554	11.872727915039292	-286092.80252357374	-579.0424800762474	4.590087964279235	complete	
11670	01	doors	1	sub-11670_ses-01_task-doors_run-1	syngo MR XA60	XA60	1	218	64856	0.23244705351860634	15	15	13	6	0.06912442396313365	0.44242646861967777	0.37851520565765334	11.378287859614993	-262040.0990684643	-549.0457926645593	5.637138521653695	complete	
11670	01	sharedreward	1	sub-11670_ses-01_task-sharedreward_run-1	syngo MR XA60	XA60	1	255	64320	0.22706552974875807	21	21	17	11	0.08267716535433071	0.5232487742471423	0.4332395728298417	11.881742288710663	-263986.69283626805	-572.128098181599	5.187331204055678	complete	
11670	01	sharedreward	2	sub-11670_ses-01_task-sharedreward_run-2	syngo MR XA60	XA60	1	255	64235	0.246207077220568	13	13	11	7	0.051181102362204724	0.457885554752388	0.4218517325567776	8.082884348787797	-263698.7297629473	-544.9843124297398	4.762639707293852	complete	
11670	01	socialdoors	1	sub-11670_ses-01_task-socialdoors_run-1	syngo MR XA60	XA60	0	218	64475	0.19929209588036026	39	39	33	23	0.17889908256880735	0.5537601831670672	0.34236911271186404	25.527821402749716	-264238.0268544533	-588.7430682755307	4.568544640712235	complete	
11670	01	trust	1	sub-11670_ses-01_task-trust_run-1	syngo MR XA60	XA60	0	280	64432	0.22693063728896068	23	23	18	10	0.08214285714285714	0.5282936535396765	0.4314944980664295	12.389086517268167	-263937.7718366639	-571.6687850437586	4.329271283569761	complete	
11670	01	trust	2	sub-11670_ses-01_task-trust_run-2	syngo MR XA60	XA60	1	280	64609	0.21128604046383931	41	41	37	24	0.14695340501792115	0.5476889780337882	0.3532449535304957	23.38889625263601	-263177.7956611733	-577.845456411685	5.427342138543763	complete	
11670	01	ugr	1	sub-11670_ses-01_task-ugr_run-1	syngo MR XA60	XA60	1	240	64480	0.22692970410250063	20	20	17	10	0.08368200836820083	0.45830585930418255	0.3619937454405511	13.870174776338663	-263352.65251690336	-579.3329912196192	5.277097713700048	complete	
11670	01	ugr	2	sub-11670_ses-01_task-ugr_run-2	syngo MR XA60	XA60	1	240	64011	0.2164098992908943	22	22	20	11	0.09205020920502092	0.4827583701259067	0.3682537621577294	15.243015285936263	-263265.7526247468	-575.9569211820773	5.024779320807144	complete	
11674	01	doors	1	sub-11674_ses-01_task-doors_run-1	syngo MR XA60	XA60	1	218	76807	0.22162501702146656	26	26	22	14	0.11981566820276497	0.5417901045835556	0.3948193812229421	17.176753779802823	-269292.37004	-584.7120737707032	11.831222479059454	complete	
11674	01	sharedreward	1	sub-11674_ses-01_task-sharedreward_run-1	syngo MR XA60	XA60	1	255	77209	0.18870010488233388	42	42	37	24	0.16535433070866143	0.5952154493544222	0.4220333169690948	19.852702562101328	-267524.2042025861	-601.5530440639433	9.926119910089236	complete	
11674	01	socialdoors	1	sub-11674_ses-01_task-socialdoors_run-1	syngo MR XA60	XA60	1	218	77027	0.18535158298103716	18	18	17	11	0.08294930875576037	0.4598199621434335	0.3894485785952377	12.749509451546215	-268213.32618068234	-611.420498987909	11.005523787767086	complete	
11674	01	trust	1	sub-11674_ses-01_task-trust_run-1	syngo MR XA60	XA60	0	280	77092	0.17656149641055399	22	22	18	11	0.07857142857142857	0.5043187320448822	0.41541528624719076	13.474515513481439	-268052.27794201823	-597.9000058538595	11.50854960278627	complete	
11674	01	ugr	1	sub-11674_ses-01_task-ugr_run-1	syngo MR XA60	XA60	2	240	76882	0.19911250107192618	18	18	17	10	0.07563025210084033	0.43234378255980055	0.36260490400590867	13.4197715411871	-268996.1551690581	-612.2136548669098	11.431738789487586	complete	
11674	01	ugr	2	sub-11674_ses-01_task-ugr_run-2	syngo MR XA60	XA60	1	240	76801	0.18931990280381583	23	23	20	14	0.09623430962343096	0.5164831141817933	0.40853436360485973	15.467334651131763	-268572.81419263576	-612.9832454512972	10.986799321036093	complete	
11679	01	doors	1	sub-11679_ses-01_task-doors_run-1	syngo MR XA60	XA60	2	218	75293	0.17988250279351606	50	50	43	32	0.23148148148148148	0.7700077854530605	0.5336260164755273	20.96284472288159	-292004.86882800685	-675.8605624035505	1.0381506103310076	complete	
11679	01	sharedreward	1	sub-11679_ses-01_task-sharedreward_run-1	syngo MR XA60	XA60	2	255	75407	0.11029158515284346	44	44	37	24	0.17391304347826086	0.6890087933479034	0.540203190175132	15.629099551363396	-291441.4879625018	-777.1827743745198	-2.1261759226495953	complete	
11679	01	sharedreward	2	sub-11679_ses-01_task-sharedreward_run-2	syngo MR XA60	XA60	2	255	75578	0.11076497829519547	45	45	40	28	0.17786561264822134	0.6201083607375933	0.41122661572500807	24.6223938416537	-291576.3182798189	-783.9699480212668	1.7071877444007708	complete	
11679	01	socialdoors	1	sub-11679_ses-01_task-socialdoors_run-1	syngo MR XA60	XA60	2	218	75509	0.10843872749245052	43	43	38	25	0.19907407407407407	0.650821106815925	0.4654875334207527	21.215010607380247	-291521.92082799505	-769.7194320986591	1.466545419743765	complete	
11679	01	trust	1	sub-11679_ses-01_task-trust_run-1	syngo MR XA60	XA60	1	280	75709	0.10838779683214779	53	53	46	31	0.18996415770609318	0.6991111687469258	0.4985235926403651	20.801337663799387	-292918.1043807816	-734.6741711591807	-0.38838913046630735	complete	
11679	01	trust	2	sub-11679_ses-01_task-trust_run-2	syngo MR XA60	XA60	2	280	75392	0.12922598634170906	49	49	43	30	0.17625899280575538	0.6564675478417702	0.4493288780714041	24.25360228687403	-294170.729158976	-781.9409252537845	0.3767155503680351	complete	
11679	01	ugr	1	sub-11679_ses-01_task-ugr_run-1	syngo MR XA60	XA60	2	240	75181	0.12596091588147254	50	50	41	28	0.21008403361344538	0.7373713126893794	0.5621087660351025	17.34602378273254	-291962.2128873975	-739.9040337646746	-1.9074137618513773	complete	
11681	01	doors	1	sub-11681_ses-01_task-doors_run-1	syngo MR XA60	XA60	1	218	75881	0.13298116674928648	19	19	15	9	0.08755760368663594	0.4820097642790629	0.37734948857252665	15.110541773460877	-292468.0453340636	-591.4800322704541	2.7913075218300842	complete	
11681	01	sharedreward	1	sub-11681_ses-01_task-sharedreward_run-1	syngo MR XA60	XA60	1	255	76174	0.12907979052370583	16	16	13	8	0.06299212598425197	0.4635226265307562	0.3964434585583797	11.437997589259473	-291027.21201479976	-603.8462626106988	1.4483125196269413	complete	
11681	01	sharedreward	2	sub-11681_ses-01_task-sharedreward_run-2	syngo MR XA60	XA60	1	255	76032	0.15420487328323257	18	18	16	9	0.07086614173228346	0.4877560565855797	0.3905977460575966	13.976803244666538	-290967.3985387715	-591.3946482742135	1.9653000678334318	complete	
11681	01	socialdoors	1	sub-11681_ses-01_task-socialdoors_run-1	syngo MR XA60	XA60	0	218	75906	0.12437797351499937	18	18	15	10	0.08256880733944955	0.4788939116947109	0.37837846218574733	14.569350261442338	-292503.189196701	-609.9549566326218	2.0096795040292186	complete	
11681	01	trust	1	sub-11681_ses-01_task-trust_run-1	syngo MR XA60	XA60	2	280	76418	0.13929870614673059	65	65	57	37	0.23381294964028776	0.7081767715567316	0.44101378745300457	31.54536326089863	-289582.57231159846	-572.8128709900843	0.8217835235907546	complete	
11681	01	trust	2	sub-11681_ses-01_task-trust_run-2	syngo MR XA60	XA60	1	280	76213	0.13826763158204566	17	17	14	9	0.06093189964157706	0.4723326988254951	0.3882704669762196	13.500993025525014	-289757.5559203321	-596.8248482168419	1.7392413040773584	complete	
11681	01	ugr	1	sub-11681_ses-01_task-ugr_run-1	syngo MR XA60	XA60	1	240	76052	0.13484494073274464	34	34	28	16	0.14225941422594143	0.5929738839354655	0.4002622213300769	21.87799376891597	-292036.6616010113	-592.3165295314557	1.2514025331675456	complete	
11681	01	ugr	2	sub-11681_ses-01_task-ugr_run-2	syngo MR XA60	XA60	1	240	75606	0.11751032775422859	17	17	14	9	0.07112970711297072	0.46185256010409603	0.38141003448238375	13.488109995047818	-292877.3206899051	-624.4208759651393	0.7942797376391671	complete	
11692	01	doors	1	sub-11692_ses-01_task-doors_run-1	syngo MR XA60	XA60	1	218	62026	0.20152997490201471	60	60	51	33	0.2764976958525346	0.7735793895602022	0.541970731551973	21.967534196166326	-267639.6248816521	-460.7585324792273	9.965085986353024	complete	
11692	01	sharedreward	1	sub-11692_ses-01_task-sharedreward_run-1	syngo MR XA60	XA60	2	255	64909	0.21272886273782787	59	59	51	35	0.233201581027668	0.7845694542521688	0.5988928001032552	16.739976982550633	-280552.25856382883	-541.2607053299697	4.37784093638023	complete	
11692	01	sharedreward	2	sub-11692_ses-01_task-sharedreward_run-2	syngo MR XA60	XA60	3	255	65344	0.20011536893780588	61	61	53	32	0.24206349206349206	0.7777763062458137	0.5702479569541027	19.746213906418973	-277963.54312881205	-511.2467238412926	5.976935681745232	complete	
11692	01	socialdoors	1	sub-11692_ses-01_task-socialdoors_run-1	syngo MR XA60	XA60	1	218	66147	0.17190425047763419	47	47	41	26	0.21658986175115208	0.7195467751961448	0.5411539869371615	16.857416872298828	-274791.80177982355	-593.1098843669308	5.4529620220337085	complete	
11692	01	trust	1	sub-11692_ses-01_task-trust_run-1	syngo MR XA60	XA60	2	280	65792	0.2079601322184193	57	57	50	32	0.20503597122302158	0.7099399953813826	0.4924831995171269	23.02722826190354	-281394.1056818586	-608.5042747402588	6.270907752186486	complete	
11692	01	trust	2	sub-11692_ses-01_task-trust_run-2	syngo MR XA60	XA60	2	280	65352	0.2164778971735053	65	65	58	35	0.23381294964028776	0.7798361015539139	0.5695169098952834	20.39912594731692	-281206.4303390495	-543.733719364729	5.174533089251995	complete	
11694	01	doors	1	sub-11694_ses-01_task-doors_run-1	syngo MR XA60	XA60	2	218	75970	0.095591831606547245	41	41	35	24	0.18981481481481483	0.696842256323727	0.5564569850070602	13.665677101003233	-260438.26622544814	-712.657522282141	-0.24486219497731215	complete	
11694	01	sharedreward	1	sub-11694_ses-01_task-sharedreward_run-1	syngo MR XA60	XA60	1	255	75753	0.10535737570410654	47	47	38	24	0.18503937007874016	0.6962055404513517	0.5426071686850038	15.061671597825084	-260620.64946343872	-678.5904811149137	-0.4379168206856388	complete	
11694	01	socialdoors	1	sub-11694_ses-01_task-socialdoors_run-1	syngo MR XA60	XA60	1	218	75952	0.091378698257791588	31	31	27	18	0.14285714285714285	0.5764843061179606	0.45234615625990554	15.818681011332698	-260887.23204752445	-755.9206708677317	0.39378851135668663	complete	
11694	01	ugr	1	sub-11694_ses-01_task-ugr_run-1	syngo MR XA60	XA60	2	240	75911	0.083754991138805704	35	35	30	22	0.14705882352941177	0.6099444498449815	0.4794397666870129	14.791107956320731	-260441.3048420709	-759.0066444703704	-1.4327511442503962	complete	
11694	01	ugr	2	sub-11694_ses-01_task-ugr_run-2	syngo MR XA60	XA60	2	240	75921	0.081973803252499061	35	35	31	21	0.14705882352941177	0.6245782591946556	0.5004578354901494	13.49311854069225	-260234.85484465363	-769.837671491553	-0.6690500349538971	complete	
11701	01	doors	1	sub-11701_ses-01_task-doors_run-1	syngo MR XA60	XA60	2	218	62079	0.12195748347252773	33	33	29	21	0.1527777777777778	0.6237430827666712	0.46730191486215505	16.84126970316754	-276140.50720458035	-473.9459614241491	5.923845131961709	complete	
11701	01	sharedreward	1	sub-11701_ses-01_task-sharedreward_run-1	syngo MR XA60	XA60	3	255	61784	0.10722337635535746	32	32	28	21	0.12698412698412698	0.6302941488497054	0.5038327390852892	13.172281691792898	-278912.61778573366	-495.03075781225266	6.073142439666047	complete	
11701	01	sharedreward	2	sub-11701_ses-01_task-sharedreward_run-2	syngo MR XA60	XA60	0	255	61910	0.13271998266478224	39	39	33	24	0.15294117647058825	0.652240023784392	0.47683768760325623	18.51607779367879	-277259.240279327	-472.499452441677	5.806487974146811	complete	
11701	01	socialdoors	1	sub-11701_ses-01_task-socialdoors_run-1	syngo MR XA60	XA60	1	218	61980	0.11065132436533874	26	26	22	16	0.11981566820276497	0.5121882045859671	0.3951255855962186	17.21087358867324	-276957.005984746	-483.67607098621465	8.451988636481705	complete	
11701	01	trust	1	sub-11701_ses-01_task-trust_run-1	syngo MR XA60	XA60	1	280	61689	0.11010964902519497	29	29	24	16	0.1039426523297491	0.553001224100407	0.44902537185669306	14.43143316346095	-281139.35191307863	-492.0703981139945	6.838224151637846	complete	
11701	01	trust	2	sub-11701_ses-01_task-trust_run-2	syngo MR XA60	XA60	3	280	61799	0.10242127886629357	16	16	15	12	0.05776173285198556	0.46128448285929324	0.3910151761994029	12.61369547826102	-280018.43489892076	-487.91399426781794	6.7879080618622964	complete	
11701	01	ugr	1	sub-11701_ses-01_task-ugr_run-1	syngo MR XA60	XA60	1	240	62178	0.12753439310359696	34	34	30	22	0.14225941422594143	0.6012031514669732	0.4416308449672845	18.341475184226965	-267219.0257206878	-490.02042036761486	10.006164648902358	complete	
11701	01	ugr	2	sub-11701_ses-01_task-ugr_run-2	syngo MR XA60	XA60	1	240	62052	0.1393932046977002	41	41	36	24	0.17154811715481172	0.7061282682911983	0.546870699522716	14.15919207168826	-274332.93209206226	-469.1297976120769	4.4641599999882215	complete	
11703	01	doors	1	sub-11703_ses-01_task-doors_run-1	syngo MR XA60	XA60	1	218	74128	0.2213711585190401	56	56	48	32	0.25806451612903225	0.7258988045010393	0.455863496677669	28.394843771550644	-284582.6622492627	-598.5463039637593	4.625266497188067	complete	
11703	01	sharedreward	1	sub-11703_ses-01_task-sharedreward_run-1	syngo MR XA60	XA60	1	255	74180	0.16000992173709119	40	40	36	25	0.15748031496062992	0.5879455169529004	0.4044225524335623	23.192883268427625	-285155.33416842663	-695.7373379735282	3.6718574236227672	complete	
11703	01	sharedreward	2	sub-11703_ses-01_task-sharedreward_run-2	syngo MR XA60	XA60	2	255	73794	0.18846309290817093	50	50	44	31	0.1976284584980237	0.682631646109961	0.4684051168408665	22.84601428096206	-286147.3052826966	-623.5685206002138	5.015418457461926	complete	
11703	01	socialdoors	1	sub-11703_ses-01_task-socialdoors_run-1	syngo MR XA60	XA60	1	218	73905	0.22605842957102917	51	51	47	31	0.2350230414746544	0.7303936041018682	0.5091669101026786	22.347607660084748	-285535.6800033195	-626.916916212595	4.3364649579576975	complete	
11703	01	trust	1	sub-11703_ses-01_task-trust_run-1	syngo MR XA60	XA60	1	280	74163	0.19377371631279972	45	45	40	28	0.16129032258064516	0.6696281564800747	0.503755609800749	17.031613247571503	-285844.25559647626	-717.3617322823337	2.1509321848152094	complete	
11703	01	trust	2	sub-11703_ses-01_task-trust_run-2	syngo MR XA60	XA60	2	280	74063	0.19647144525554422	46	46	42	28	0.16546762589928057	0.6299053940261938	0.42982218007011674	22.028478239348836	-286401.2545050084	-702.5193405895783	3.984681653032315	complete	
11703	01	ugr	1	sub-11703_ses-01_task-ugr_run-1	syngo MR XA60	XA60	1	240	74043	0.24367710316328445	55	55	48	33	0.2301255230125523	0.7165346306319076	0.4662264381280695	25.776585576789085	-284788.4204747243	-602.767317480594	4.857699572985944	complete	
11703	01	ugr	2	sub-11703_ses-01_task-ugr_run-2	syngo MR XA60	XA60	1	240	73958	0.25486779941209947	56	56	49	34	0.23430962343096234	0.7132486685217797	0.4431904784142017	29.272143369303162	-284794.30850407376	-616.4201908108438	5.292035388736595	complete	
11705	01	doors	1	sub-11705_ses-01_task-doors_run-1	syngo MR XA60	XA60	1	218	78284	0.25991901604044493	24	24	21	10	0.11059907834101383	0.5841983003574768	0.4238475747009559	16.49976063544914	-287732.2301261906	-528.7334859755395	4.002995142288552	complete	
11705	01	sharedreward	1	sub-11705_ses-01_task-sharedreward_run-1	syngo MR XA60	XA60	0	255	78262	0.2222596572193592	22	22	19	11	0.08627450980392157	0.5478512619750893	0.42008766245153234	15.015096961262788	-287809.35320811695	-573.7233565904063	3.8901260587861626	complete	
11705	01	sharedreward	2	sub-11705_ses-01_task-sharedreward_run-2	syngo MR XA60	XA60	1	255	78711	0.23802118321050758	25	25	21	12	0.0984251968503937	0.5755702338694982	0.411914635496929	17.795007418107403	-286632.04330657254	-507.15875129523056	5.345439274481648	complete	
11705	01	socialdoors	1	sub-11705_ses-01_task-socialdoors_run-1	syngo MR XA60	XA60	1	218	78208	0.30676941864289914	87	87	75	53	0.4009216589861751	0.8495038703344612	0.5010401216075987	35.6867328153016	-288627.08185543	-469.736568403722	4.985101821722379	complete	
11705	01	trust	1	sub-11705_ses-01_task-trust_run-1	syngo MR XA60	XA60	0	280	78284	0.23738129176829911	28	28	21	11	0.1	0.5915158897304371	0.4183250091148223	18.903732564538046	-290321.8554364867	-524.2351349271298	5.090375399585037	complete	
11705	01	trust	2	sub-11705_ses-01_task-trust_run-2	syngo MR XA60	XA60	1	280	78361	0.22660804076119759	26	26	20	11	0.0931899641577061	0.559142444428927	0.3882882386629585	18.95214499856705	-288897.75273965095	-542.1469334552406	4.808329365094817	complete	
11705	01	ugr	1	sub-11705_ses-01_task-ugr_run-1	syngo MR XA60	XA60	1	240	78352	0.21057132203538906	26	26	20	12	0.1087866108786611	0.591608826275231	0.4261656644278507	17.70106775315726	-287040.5990417441	-545.5331483660972	3.5785265503673203	complete	
11709	01	doors	1	sub-11709_ses-01_task-doors_run-1	syngo MR XA60	XA60	1	218	63768	0.18614388206097357	23	23	19	13	0.10599078341013825	0.5460078347893168	0.42389804704907263	16.050251307925365	-283160.0729074691	-573.4483593267936	8.187608257907275	complete	
11709	01	sharedreward	1	sub-11709_ses-01_task-sharedreward_run-1	syngo MR XA60	XA60	3	255	63640	0.18897478241016744	43	43	39	28	0.17063492063492064	0.6357045118088183	0.43067753317105284	23.726969219469453	-283550.9465513656	-559.6323835878272	7.528122436459242	complete	
11709	01	sharedreward	2	sub-11709_ses-01_task-sharedreward_run-2	syngo MR XA60	XA60	1	255	64084	0.18446973486552404	25	25	20	12	0.0984251968503937	0.549201003262479	0.41866890209225227	17.200108014016696	-283046.18059231533	-562.3587050493076	7.509396165035468	complete	
11709	01	socialdoors	1	sub-11709_ses-01_task-socialdoors_run-1	syngo MR XA60	XA60	1	218	63288	0.22430053790978063	26	26	21	14	0.11981566820276497	0.5643080471974261	0.4107404155230016	18.07502761678734	-284289.1283712012	-547.5464668972268	8.494894009205066	complete	
11709	01	trust	1	sub-11709_ses-01_task-trust_run-1	syngo MR XA60	XA60	2	280	63911	0.17691128762739577	30	30	27	19	0.1079136690647482	0.5255053008850684	0.39175523800526935	18.361982594064663	-282632.9655967362	-584.3247012769914	9.579836075343746	complete	
11709	01	trust	2	sub-11709_ses-01_task-trust_run-2	syngo MR XA60	XA60	2	280	63275	0.21986599781023627	43	43	39	27	0.15467625899280577	0.6433391012722322	0.46146302301331416	19.891602514489996	-282238.6315727824	-557.4680089237304	6.804213225172743	complete	
11709	01	ugr	1	sub-11709_ses-01_task-ugr_run-1	syngo MR XA60	XA60	1	240	63817	0.17810280063074632	25	25	21	12	0.10460251046025104	0.5342818753363137	0.4030577657434314	17.172500303388563	-283521.67603525304	-566.1522343743109	7.458631788092225	complete	
11709	01	ugr	2	sub-11709_ses-01_task-ugr_run-2	syngo MR XA60	XA60	1	240	63280	0.16755369165851197	21	21	18	10	0.08786610878661087	0.5147493054547697	0.42129034363669654	13.720577751668573	-283743.26729965734	-591.8251523472551	7.279672083533686	complete	
11710	01	doors	1	sub-11710_ses-01_task-doors_run-1	syngo MR XA60	XA60	1	218	73853	0.17912028473034131	30	30	27	17	0.1382488479262673	0.5706149677266196	0.38260575370192673	21.183557024546023	-253247.02556970372	-549.769598905733	10.116998669329604	complete	
11710	01	sharedreward	1	sub-11710_ses-01_task-sharedreward_run-1	syngo MR XA60	XA60	1	255	73776	0.17499096863391908	37	37	33	24	0.14566929133858267	0.6055370425504427	0.44408451587628317	19.142788536543282	-255728.09825495348	-587.5947326811552	10.492515986736258	complete	
11710	01	sharedreward	2	sub-11710_ses-01_task-sharedreward_run-2	syngo MR XA60	XA60	1	255	73738	0.18754935610849097	40	40	36	28	0.15748031496062992	0.6122015009761597	0.4153215224347351	22.235241782540893	-255443.57584689517	-578.8202627488471	10.35370839784959	complete	
11710	01	socialdoors	1	sub-11710_ses-01_task-socialdoors_run-1	syngo MR XA60	XA60	1	218	73761	0.19554246670038289	40	40	35	27	0.18433179723502305	0.6260034407336992	0.42884908672407585	22.255020273401023	-254980.83442069046	-574.0749593721779	10.276697550996355	complete	
11710	01	trust	1	sub-11710_ses-01_task-trust_run-1	syngo MR XA60	XA60	1	280	73688	0.18857791752661832	39	39	34	27	0.13978494623655913	0.6274927646265184	0.45826980991373933	19.07190167659333	-258865.83456728642	-595.7647261299694	10.725402546721734	complete	
11710	01	trust	2	sub-11710_ses-01_task-trust_run-2	syngo MR XA60	XA60	2	280	73709	0.20409766246510586	42	42	36	26	0.1510791366906475	0.6147139910353128	0.43756718480574847	21.02868776268064	-257460.47667310937	-581.3040835374326	11.335340441858623	complete	
11710	01	ugr	1	sub-11710_ses-01_task-ugr_run-1	syngo MR XA60	XA60	1	240	73909	0.20808968857738236	51	51	44	32	0.21338912133891214	0.6948265468249054	0.4531057320495321	26.25049863989015	-253088.19505930375	-543.1107541167053	10.885771694517045	complete	
11710	01	ugr	2	sub-11710_ses-01_task-ugr_run-2	syngo MR XA60	XA60	1	240	73748	0.20553033761540393	45	45	38	28	0.18828451882845187	0.6462915888519094	0.43211292584936756	22.674054964266983	-253429.97274650226	-554.826363819025	10.850214246150669	complete	
11714	01	doors	1	sub-11714_ses-01_task-doors_run-1	syngo MR XA60	XA60	1	218	82534	0.12540056217725953	19	19	16	11	0.08755760368663594	0.5244203571384566	0.41702222919628623	13.343172532578876	-254880.47603858676	-520.5537654084183	4.629600206940118	complete	
11714	01	sharedreward	1	sub-11714_ses-01_task-sharedreward_run-1	syngo MR XA60	XA60	2	255	80805	0.14735250278558748	67	67	58	37	0.2648221343873518	0.7293256664968518	0.45397357252245324	29.16056033445055	-258835.7372417984	-505.17845772947624	4.3305885091247704	complete	
11714	01	sharedreward	2	sub-11714_ses-01_task-sharedreward_run-2	syngo MR XA60	XA60	1	255	80892	0.15740038293819975	21	21	19	12	0.08267716535433071	0.5256691800296261	0.39726725807619184	16.031138328787222	-258245.98116700203	-501.0435746509958	6.086677383479144	complete	
11714	01	socialdoors	1	sub-11714_ses-01_task-socialdoors_run-1	syngo MR XA60	XA60	1	218	82298	0.14453150700073261	55	55	48	31	0.2534562211981567	0.6999083230776162	0.4447233185977353	26.11654714280523	-255723.58386742597	-519.5019886197858	5.119633033383931	complete	
11714	01	trust	1	sub-11714_ses-01_task-trust_run-1	syngo MR XA60	XA60	0	280	82269	0.21735966915632285	81	81	70	45	0.2892857142857143	0.7852280893925474	0.4982608541081273	30.669318398749922	-254353.6756090474	-445.4675521761568	5.2236607611208274	complete	
11714	01	trust	2	sub-11714_ses-01_task-trust_run-2	syngo MR XA60	XA60	0	280	82341	0.17433992356792063	71	71	61	40	0.25357142857142856	0.72030347298335	0.4156346791190947	34.7347358919282	-254094.0868200101	-452.3852964647903	5.042668758912816	complete	
11714	01	ugr	1	sub-11714_ses-01_task-ugr_run-1	syngo MR XA60	XA60	0	240	81199	0.16687011888934652	21	21	17	13	0.0875	0.5558468766098739	0.4334891443273595	14.363615562455932	-258200.38350999187	-520.5467318126524	3.9827004368039347	complete	
11714	01	ugr	2	sub-11714_ses-01_task-ugr_run-2	syngo MR XA60	XA60	1	240	82616	0.17021732625935362	65	65	56	38	0.2719665271966527	0.7201161530651061	0.4239258283295422	32.82895857798291	-254560.26492900826	-493.8299001372532	5.229762618673186	complete	
11719	01	doors	1	sub-11719_ses-01_task-doors_run-1	syngo MR XA60	XA60	1	218	66545	0.15440611624427231	40	40	36	23	0.18433179723502305	0.6918915368694846	0.532527221516385	13.88750197977949	-293796.92456427496	-562.7823400660884	3.5192151402343406	complete	
11719	01	sharedreward	1	sub-11719_ses-01_task-sharedreward_run-1	syngo MR XA60	XA60	0	255	55770	0.15639880070729983	37	37	35	24	0.1450980392156863	0.611938262616443	0.44356174502763324	18.588030727747757	-315215.2156760207	-596.42939353002	4.579442713608579	complete	
11719	01	socialdoors	1	sub-11719_ses-01_task-socialdoors_run-1	syngo MR XA60	XA60	0	218	64171	0.14892016585115647	34	34	30	22	0.1559633027522936	0.6074778379425085	0.45730591047690927	15.889285871813177	-299320.3536505391	-597.0804404369081	4.278944220273972	complete	
11719	01	trust	1	sub-11719_ses-01_task-trust_run-1	syngo MR XA60	XA60	0	280	66654	0.15711582014343822	42	42	35	25	0.15	0.6233135590466641	0.44200372071550914	19.574888405630006	-292181.2100614113	-591.3136144999562	4.249108689989696	complete	
11720	01	doors	1	sub-11720_ses-01_task-doors_run-1	syngo MR XA60	XA60	0	218	68149	0.76920421083777402	90	90	79	51	0.41284403669724773	0.8492507401393695	0.49415664609179194	35.93407180638165	-249883.59893029326	-259.4657984952843	3.951385899740796	complete	
11720	01	sharedreward	1	sub-11720_ses-01_task-sharedreward_run-1	syngo MR XA60	XA60	0	255	68179	0.46971565975547142	19	19	15	7	0.07450980392156863	0.5608080361835561	0.46998991009058627	11.94641215520701	-253684.20026764873	-347.3637134686232	2.2345114229006535	complete	
11720	01	sharedreward	2	sub-11720_ses-01_task-sharedreward_run-2	syngo MR XA60	XA60	1	255	67917	0.63407105673035369	26	26	20	13	0.10236220472440945	0.6123168042207934	0.43370249015467693	18.71122227044269	-252722.23346789117	-325.7404097210876	2.2181413891653126	complete	
11720	01	socialdoors	1	sub-11720_ses-01_task-socialdoors_run-1	syngo MR XA60	XA60	1	218	67935	0.43141661878286358	18	18	14	10	0.08294930875576037	0.522823740094948	0.42671328879093945	13.185648987538883	-252811.56977089716	-339.3151748651616	2.52673381168284	complete	
11720	01	trust	1	sub-11720_ses-01_task-trust_run-1	syngo MR XA60	XA60	0	280	67934	0.4908615514311	20	20	18	10	0.07142857142857142	0.5644275003587865	0.45544182902786184	13.563351312766939	-255586.60699761464	-321.27160503311075	2.828735439620137	complete	
11720	01	trust	2	sub-11720_ses-01_task-trust_run-2	syngo MR XA60	XA60	1	280	68573	0.4488931281755757	20	20	15	10	0.07168458781362007	0.529814080861148	0.42276726734790243	13.92948559031311	-252712.5449719365	-347.9157410470364	2.673150067953149	complete	
11720	01	ugr	1	sub-11720_ses-01_task-ugr_run-1	syngo MR XA60	XA60	1	240	68354	0.82168343269805943	28	28	23	11	0.11715481171548117	0.6358323317573785	0.45316068464828224	19.22885778861461	-250909.38559422604	-294.42966416561444	2.6742218093695844	complete	
11720	01	ugr	2	sub-11720_ses-01_task-ugr_run-2	syngo MR XA60	XA60	1	240	67823	0.98031696279531	29	29	24	14	0.12133891213389121	0.656943916525575	0.4610116386064472	19.17296757549174	-251911.54090648977	-236.22481838637913	4.263546886987973	complete	
11722	01	doors	1	sub-11722_ses-01_task-doors_run-1	syngo MR XA60	XA60	2	218	72153	0.25085646492790559	70	70	62	42	0.32407407407407407	0.7696161719101087	0.4429480179475067	34.30639437112565	-289010.58652522037	-559.1364518442733	2.2132907950206655	complete	
11722	01	sharedreward	1	sub-11722_ses-01_task-sharedreward_run-1	syngo MR XA60	XA60	0	255	71956	0.26020082587547827	80	80	71	50	0.3137254901960784	0.807410085805386	0.4996331174073577	30.96719132296587	-286864.9310726251	-501.64822752271215	1.6308600338242862	complete	
11722	01	sharedreward	2	sub-11722_ses-01_task-sharedreward_run-2	syngo MR XA60	XA60	1	255	71294	0.21536744807933014	75	75	64	42	0.2952755905511811	0.7623816527994899	0.4518410272048923	33.611614524872614	-289278.5375258548	-532.1422911177588	1.6935881552161827	complete	
11722	01	socialdoors	1	sub-11722_ses-01_task-socialdoors_run-1	syngo MR XA60	XA60	1	218	71973	0.27428553684241258	88	88	74	45	0.4055299539170507	0.8421050772842474	0.5213677211992918	29.164579478568275	-289652.0019546566	-536.5717387515357	0.09493560325597583	complete	
11722	01	trust	1	sub-11722_ses-01_task-trust_run-1	syngo MR XA60	XA60	1	280	72635	0.26822063652037831	88	88	77	48	0.3154121863799283	0.8024953387857199	0.48119109911670715	34.692132550400586	-285994.5482008165	-502.3996788055818	2.4808209175489084	complete	
11722	01	trust	2	sub-11722_ses-01_task-trust_run-2	syngo MR XA60	XA60	1	280	72280	0.27420236803432896	90	90	81	52	0.3225806451612903	0.8223401466561409	0.5020858166135438	31.552653145259377	-286339.28242892877	-470.38268270029533	1.5472240829287023	complete	
11722	01	ugr	1	sub-11722_ses-01_task-ugr_run-1	syngo MR XA60	XA60	1	240	71308	0.23827320009613973	66	66	57	37	0.27615062761506276	0.7352263156555588	0.4542556243161858	30.377575944453305	-291644.2496547306	-562.7878221693968	1.1523156088325068	complete	
11722	01	ugr	2	sub-11722_ses-01_task-ugr_run-2	syngo MR XA60	XA60	1	240	71313	0.212396318123518	61	61	52	33	0.25523012552301255	0.6994346364985671	0.4153022522033721	32.160934543739565	-290923.51444754004	-575.5318399292061	1.8851031348403182	complete	
11723	01	doors	1	sub-11723_ses-01_task-doors_run-1	syngo MR XA60	XA60	1	218	72695	0.15272626057784791	64	64	55	33	0.29493087557603687	0.7688916803078277	0.5075651550826907	27.188314295414493	-271109.8997816194	-580.0323713190899	1.7831825903122662	complete	
11723	01	sharedreward	1	sub-11723_ses-01_task-sharedreward_run-1	syngo MR XA60	XA60	0	255	72924	0.18156287445700506	62	62	52	33	0.24313725490196078	0.7695172352641325	0.5341325955000072	23.89297858216222	-271337.6519416069	-558.1215240755786	3.4217404551113417	complete	
11723	01	sharedreward	2	sub-11723_ses-01_task-sharedreward_run-2	syngo MR XA60	XA60	0	255	72869	0.17254744262896954	68	68	58	36	0.26666666666666666	0.7775886583819698	0.5241053716852884	27.3758190010243	-270659.60507288657	-563.2432891170994	2.0069381403763615	complete	
11723	01	socialdoors	1	sub-11723_ses-01_task-socialdoors_run-1	syngo MR XA60	XA60	0	218	72789	0.16961997526003811	56	56	49	31	0.25688073394495414	0.7594950295338373	0.5289836906855024	23.706440924304747	-270944.8143169591	-569.6142877462615	2.6830417017257875	complete	
11723	01	trust	1	sub-11723_ses-01_task-trust_run-1	syngo MR XA60	XA60	1	280	72868	0.17197570614088889	59	59	51	34	0.2114695340501792	0.7549574694470448	0.5502043262752007	19.41296052825873	-270295.8892215693	-583.4053565579839	4.397269199829795	complete	
11723	01	trust	2	sub-11723_ses-01_task-trust_run-2	syngo MR XA60	XA60	0	280	72714	0.18603587266121599	62	62	54	34	0.22142857142857142	0.75904972388153	0.5385537487610084	21.330835630895457	-271210.9367121977	-592.5987896650688	2.4782566321844826	complete	
11723	01	ugr	1	sub-11723_ses-01_task-ugr_run-1	syngo MR XA60	XA60	1	240	73111	0.1748271317343533	61	61	55	34	0.25523012552301255	0.7650374134788229	0.5288892026240027	24.99988153747471	-269994.97569754027	-558.5778924537816	2.619917683388206	complete	
11723	01	ugr	2	sub-11723_ses-01_task-ugr_run-2	syngo MR XA60	XA60	0	240	73123	0.18670358554682479	75	75	64	40	0.3125	0.8097227619741489	0.5380256966674928	28.007020622937578	-268550.74935427983	-547.689389216334	1.9753962123886781	complete	
11736	01	doors	1	sub-11736_ses-01_task-doors_run-1	syngo MR XA60	XA60	1	218	73140	0.17197531345541317	26	26	19	11	0.11981566820276497	0.5859964320314933	0.4095746331960523	18.281957871492683	-283132.97028228367	-540.1807918467766	3.7658215705233227	complete	
11736	01	sharedreward	1	sub-11736_ses-01_task-sharedreward_run-1	syngo MR XA60	XA60	2	255	73067	0.16497515086475617	81	81	70	49	0.3201581027667984	0.7839710625822449	0.43751762650029147	37.41315287783313	-284616.24550265935	-514.5050047098832	3.2006554498216766	complete	
11736	01	sharedreward	2	sub-11736_ses-01_task-sharedreward_run-2	syngo MR XA60	XA60	1	255	73189	0.17728495385683912	24	24	20	10	0.09448818897637795	0.5568659367080326	0.40203389216488994	16.403308480846057	-283114.97622293065	-516.689821598676	3.335800282508498	complete	
11736	01	socialdoors	1	sub-11736_ses-01_task-socialdoors_run-1	syngo MR XA60	XA60	0	218	73323	0.13312504911007042	21	21	19	9	0.0963302752293578	0.5036282853431476	0.36148161639056564	16.730095939470882	-282906.5982443029	-567.7984259580346	4.515551051237865	complete	
11736	01	trust	1	sub-11736_ses-01_task-trust_run-1	syngo MR XA60	XA60	2	280	73348	0.15840408299693076	77	77	66	44	0.27697841726618705	0.7663778802457071	0.4702063147612176	29.473391532272366	-285391.04932457744	-553.4857672452105	3.1013668514141646	complete	
11736	01	trust	2	sub-11736_ses-01_task-trust_run-2	syngo MR XA60	XA60	1	280	72982	0.15212053945026499	22	22	17	11	0.07885304659498207	0.5358169923636341	0.396531147624378	16.077579147867137	-286569.1180937013	-571.2056731804702	3.312168744915172	complete	
11736	01	ugr	1	sub-11736_ses-01_task-ugr_run-1	syngo MR XA60	XA60	0	240	72932	0.2291420597413833	24	24	19	11	0.1	0.5290204602752258	0.3669768090809878	18.48472753075521	-284166.26723054034	-513.028653477664	4.516480545196233	complete	
11736	01	ugr	2	sub-11736_ses-01_task-ugr_run-2	syngo MR XA60	XA60	0	240	73132	0.23493456740943644	26	26	22	11	0.10833333333333334	0.6045751721570591	0.43988899264499315	16.334205228089765	-282789.76793194807	-491.10178110525345	3.531615042122298	complete	
11744	01	doors	1	sub-11744_ses-01_task-doors_run-1	syngo MR XA60	XA60	2	218	73450	0.16554405820881898	27	27	23	16	0.125	0.6198718122506361	0.4231289691392379	19.58163366100585	-274490.5443818186	-421.700501897764	6.090918521316502	complete	
11744	01	sharedreward	1	sub-11744_ses-01_task-sharedreward_run-1	syngo MR XA60	XA60	0	255	73490	0.11562371452641121	27	27	22	15	0.10588235294117647	0.6211073828231933	0.4435187629264962	18.631662423633394	-275892.6340802232	-431.2498609643684	7.069916535346233	complete	
11744	01	sharedreward	2	sub-11744_ses-01_task-sharedreward_run-2	syngo MR XA60	XA60	2	255	73125	0.14806058623774845	94	94	84	54	0.3715415019762846	0.8334743040962465	0.4640099258685782	40.32737820510608	-276539.5655117053	-433.41083657916175	5.724650103506331	complete	
11744	01	socialdoors	1	sub-11744_ses-01_task-socialdoors_run-1	syngo MR XA60	XA60	1	218	74404	0.11091057819988503	25	25	21	14	0.1152073732718894	0.6249672456984425	0.46165962761398177	16.773393539930364	-272532.79260691267	-423.0869429082214	6.26528743750562	complete	
11744	01	trust	1	sub-11744_ses-01_task-trust_run-1	syngo MR XA60	XA60	0	280	73639	0.14334839067022959	104	104	93	57	0.37142857142857144	0.8405307039245908	0.4748225602167315	41.295087396467636	-276800.3762850571	-403.2046041503516	5.747958842640662	complete	
11744	01	trust	2	sub-11744_ses-01_task-trust_run-2	syngo MR XA60	XA60	1	280	74880	0.10968847665317846	23	23	19	13	0.08243727598566308	0.5682574257533708	0.43146047746278116	16.160087542789263	-272575.39988617983	-456.96954599891404	7.477983245543888	complete	
11744	01	ugr	1	sub-11744_ses-01_task-ugr_run-1	syngo MR XA60	XA60	1	240	74777	0.10735452796459885	22	22	17	11	0.09205020920502092	0.5609762072298876	0.43178698955378747	15.795302428761214	-270757.64259813353	-477.9654049748188	6.17587420507435	complete	
11744	01	ugr	2	sub-11744_ses-01_task-ugr_run-2	syngo MR XA60	XA60	1	240	73546	0.15047707945523942	28	28	23	16	0.11715481171548117	0.6226351367595852	0.42500343242837535	20.52170982367388	-273606.6303389622	-424.62874952136184	5.52921501058668	complete	
11746	01	doors	1	sub-11746_ses-01_task-doors_run-1	syngo MR XA60	XA60	1	218	82704	0.11095436465594448	29	29	25	15	0.1336405529953917	0.5456781372646433	0.38442622776758917	20.46154026904552	-252451.7481321223	-618.1605329792261	4.7176423665193425	complete	
11746	01	sharedreward	1	sub-11746_ses-01_task-sharedreward_run-1	syngo MR XA60	XA60	2	255	82750	0.13055707755226345	63	63	53	35	0.2490118577075099	0.7211303953230545	0.48577006605327144	25.032959672645664	-252659.16682326575	-612.7678099359077	2.352008772664171	complete	
11746	01	sharedreward	2	sub-11746_ses-01_task-sharedreward_run-2	syngo MR XA60	XA60	4	255	82781	0.10780897584700723	51	51	43	32	0.20318725099601595	0.6720092380363164	0.478315579187372	21.031826272997392	-252207.7231141519	-645.5236367984877	1.782896318432302	complete	
11746	01	socialdoors	1	sub-11746_ses-01_task-socialdoors_run-1	syngo MR XA60	XA60	2	218	82518	0.11675718896218761	30	30	25	14	0.1388888888888889	0.550146183382145	0.3889892360547001	20.211328141016185	-252268.7445744875	-635.0170566948049	4.224129135060672	complete	
11746	01	trust	1	sub-11746_ses-01_task-trust_run-1	syngo MR XA60	XA60	2	280	81693	0.14066521177729505	18	18	16	10	0.06474820143884892	0.5054313029808221	0.4250968408344036	12.333047709768316	-255288.71183820724	-592.9115833851699	3.919102940097133	complete	
11746	01	trust	2	sub-11746_ses-01_task-trust_run-2	syngo MR XA60	XA60	2	280	82712	0.13332384513493531	64	64	55	36	0.2302158273381295	0.7061239020194732	0.4690234735289171	25.520690893227645	-252490.73790814512	-597.2371683599625	2.5343517948770344	complete	
11746	01	ugr	1	sub-11746_ses-01_task-ugr_run-1	syngo MR XA60	XA60	1	240	82427	0.16055823933380187	69	69	57	37	0.28870292887029286	0.7764248852283742	0.5394592492951823	22.692295150219284	-252530.3606614318	-586.3728859883124	1.7708651735706116	complete	
11746	01	ugr	2	sub-11746_ses-01_task-ugr_run-2	syngo MR XA60	XA60	3	240	82201	0.22233598148081135	23	23	20	11	0.0970464135021097	0.5585975269754196	0.42247525712788764	16.508758479760434	-253170.78095101455	-566.3146451617266	4.289561513148666	complete	
11748	01	doors	1	sub-11748_ses-01_task-doors_run-1	syngo MR XA60	XA60	2	218	84074	0.15189128268297317	32	32	27	16	0.14814814814814814	0.5974772180344656	0.428502242474668	19.83901647424909	-289169.46076413774	-699.4326012035056	7.796424688229997	complete	
11748	01	sharedreward	1	sub-11748_ses-01_task-sharedreward_run-1	syngo MR XA60	XA60	1	255	84057	0.14286275073406751	51	51	45	32	0.20078740157480315	0.72491712093706	0.5486891725547577	15.23568241287281	-287756.22674430115	-654.0401919003762	4.85450776392624	complete	
11748	01	sharedreward	2	sub-11748_ses-01_task-sharedreward_run-2	syngo MR XA60	XA60	1	255	83999	0.15355425181735216	56	56	49	31	0.2204724409448819	0.7306113786966335	0.5250712907352776	18.642259399840952	-288548.2955301407	-651.1796927561707	6.996579348540503	complete	
11748	01	socialdoors	1	sub-11748_ses-01_task-socialdoors_run-1	syngo MR XA60	XA60	1	218	82325	0.14645407889357201	46	46	40	29	0.2119815668202765	0.6799748544306077	0.4933988146643211	18.978592911190532	-293428.24434478657	-711.9707174937491	5.759760947221284	complete	
11748	01	trust	1	sub-11748_ses-01_task-trust_run-1	syngo MR XA60	XA60	1	280	82428	0.15050208843885521	64	64	57	37	0.22939068100358423	0.7271596900232447	0.4760291299595324	24.93390295133275	-294690.9443450631	-694.4485329270528	6.56143636410833	complete	
11748	01	trust	2	sub-11748_ses-01_task-trust_run-2	syngo MR XA60	XA60	2	280	82652	0.16288157694285987	62	62	56	38	0.22302158273381295	0.7181575840274056	0.46400315108315665	26.607299104640017	-294723.9948878662	-728.0588216152564	6.060510991490474	complete	
11748	01	ugr	1	sub-11748_ses-01_task-ugr_run-1	syngo MR XA60	XA60	1	240	84478	0.1281024082017807	49	49	42	29	0.20502092050209206	0.7167441593524811	0.5519847178028175	16.31145569144528	-287900.9922320359	-654.5195654721816	8.010295637475394	complete	
11748	01	ugr	2	sub-11748_ses-01_task-ugr_run-2	syngo MR XA60	XA60	1	240	84265	0.13965252950479326	52	52	45	31	0.2175732217573222	0.7625989189601876	0.5995302986797245	13.862862571534123	-289046.49834295036	-657.3296828378357	5.849942083511703	complete	
11756	01	doors	1	sub-11756_ses-01_task-doors_run-1	syngo MR XA60	XA60	1	218	71842	0.08263505897999264	35	35	32	21	0.16129032258064516	0.5803864499814108	0.42302422889182406	18.928909108391903	-297709.79720039986	-807.1406121728944	0.026263781572630332	complete	
11756	01	sharedreward	1	sub-11756_ses-01_task-sharedreward_run-1	syngo MR XA60	XA60	2	255	71411	0.09502647535498332	47	47	40	29	0.1857707509881423	0.6741359900978139	0.48435527712428617	19.271434070079547	-299233.5011263902	-724.263581966235	0.7844652654079142	complete	
11756	01	sharedreward	2	sub-11756_ses-01_task-sharedreward_run-2	syngo MR XA60	XA60	2	255	71267	0.097301507862369713	51	51	45	31	0.2015810276679842	0.7141963490768328	0.5290622177328134	17.89984735403637	-300339.70466626255	-711.1333779845614	-0.32816352039218327	complete	
11756	01	socialdoors	1	sub-11756_ses-01_task-socialdoors_run-1	syngo MR XA60	XA60	1	218	71834	0.09584763883435754	40	40	36	27	0.18433179723502305	0.6501026580535622	0.46538571347304336	18.3263118868666	-297965.0683867153	-713.7580288763693	0.7127908430112224	complete	
11756	01	trust	1	sub-11756_ses-01_task-trust_run-1	syngo MR XA60	XA60	1	280	69645	0.097374967211323007	49	49	43	30	0.17562724014336917	0.6972502664894799	0.5045261883938864	18.843632406144554	-306165.26593664725	-699.253583797361	-0.395661067231233	complete	
11756	01	trust	2	sub-11756_ses-01_task-trust_run-2	syngo MR XA60	XA60	2	280	71204	0.11060960476653875	48	48	44	33	0.17266187050359713	0.631284909311056	0.41620737958230714	25.791619859433	-300118.7272472029	-732.2517016433995	0.3878813069990558	complete	
11756	01	ugr	1	sub-11756_ses-01_task-ugr_run-1	syngo MR XA60	XA60	1	240	72085	0.087899827398693856	32	32	29	20	0.13389121338912133	0.5733543763155136	0.4459095341763934	14.471008464693147	-296020.8575301945	-818.7570702925492	-0.5783259345838908	complete	
11756	01	ugr	2	sub-11756_ses-01_task-ugr_run-2	syngo MR XA60	XA60	2	240	71760	0.082002408694497292	30	30	27	18	0.12605042016806722	0.49486461650306923	0.36106519294350364	18.43116313037238	-297789.64106147253	-843.7848410775806	0.2082262950746471	complete	
11764	01	doors	1	sub-11764_ses-01_task-doors_run-1	syngo MR XA60	XA60	1	218	66880	0.11898105875373186	33	33	29	22	0.15207373271889402	0.6082044398170586	0.4591639094376873	16.82433812194283	-323896.8132124602	-609.6390550478727	3.0908523609052168	complete	
11764	01	sharedreward	1	sub-11764_ses-01_task-sharedreward_run-1	syngo MR XA60	XA60	1	255	66768	0.099956920035675939	32	32	29	22	0.12598425196850394	0.572213349859205	0.4355743671236731	17.287490158442566	-321464.09109516477	-622.9111312520538	3.2697253639172112	complete	
11764	01	sharedreward	2	sub-11764_ses-01_task-sharedreward_run-2	syngo MR XA60	XA60	1	255	64652	0.11555993090383972	34	34	30	23	0.13385826771653545	0.5703174387592229	0.4145539266763215	19.08881531186314	-330070.03084455326	-623.317494147308	3.0870176764400745	complete	
11764	01	socialdoors	1	sub-11764_ses-01_task-socialdoors_run-1	syngo MR XA60	XA60	1	218	66795	0.10609231066767734	35	35	32	22	0.16129032258064516	0.5805414053199005	0.41199589914698115	21.507996709580055	-323671.42960298975	-609.5949182704327	3.907436588534941	complete	
11764	01	trust	1	sub-11764_ses-01_task-trust_run-1	syngo MR XA60	XA60	1	280	65049	0.10641323307941369	42	42	37	25	0.15053763440860216	0.5903174959190526	0.38556883219963073	25.927096876499952	-326971.68613867846	-583.3492404588054	3.4624426735119935	complete	
11764	01	trust	2	sub-11764_ses-01_task-trust_run-2	syngo MR XA60	XA60	1	280	64973	0.1070297162132621	35	35	32	23	0.12544802867383512	0.5490118449748032	0.383459709919304	21.13329669624815	-327527.46440719115	-614.9843850049524	4.418316363398235	complete	
11764	01	ugr	1	sub-11764_ses-01_task-ugr_run-1	syngo MR XA60	XA60	2	240	66824	0.10308049763289791	32	32	28	20	0.13445378151260504	0.5754024805023794	0.429292125302087	17.874673416070834	-325263.30688642163	-628.5321176870818	4.835508626552819	complete	
11764	01	ugr	2	sub-11764_ses-01_task-ugr_run-2	syngo MR XA60	XA60	1	240	66945	0.113943969758626	37	37	33	25	0.15481171548117154	0.6023409221873766	0.4255979177475578	20.25553447818568	-323301.2938934233	-607.2875529569473	3.9924641091758533	complete	
11772	01	doors	1	sub-11772_ses-01_task-doors_run-1	syngo MR XA60	XA60	2	218	73995	0.11768664200309058	43	43	37	25	0.19907407407407407	0.641660060982862	0.45560240994397816	19.159395290855826	-308120.1553394173	-649.5713750224378	5.0308615956065434	complete	
11772	01	sharedreward	1	sub-11772_ses-01_task-sharedreward_run-1	syngo MR XA60	XA60	3	255	74097	0.10564430961768823	41	41	36	23	0.1626984126984127	0.6277749665503748	0.4737775206833357	16.739357839902947	-306776.2428977584	-674.648283778217	3.912550709428802	complete	
11772	01	socialdoors	1	sub-11772_ses-01_task-socialdoors_run-1	syngo MR XA60	XA60	2	218	74193	0.10053109342273378	35	35	29	19	0.16203703703703703	0.6175785726912328	0.48395757869591116	14.740387918556136	-307707.12369481346	-690.887053470959	3.3295073527867514	complete	
11772	01	trust	1	sub-11772_ses-01_task-trust_run-1	syngo MR XA60	XA60	1	280	74139	0.17157248277673584	58	58	50	33	0.2078853046594982	0.6845051501253113	0.45581549223186846	23.20762594595888	-307111.60239620093	-604.657941227612	5.97358471134343	complete	
11772	01	ugr	1	sub-11772_ses-01_task-ugr_run-1	syngo MR XA60	XA60	1	240	73959	0.093269321107147335	40	40	36	25	0.16736401673640167	0.5970831558144611	0.43154361358045895	19.500818034652642	-308453.7847904866	-690.0805250612256	3.8715852999991682	complete	
11772	01	ugr	2	sub-11772_ses-01_task-ugr_run-2	syngo MR XA60	XA60	3	240	74156	0.099507462475565481	38	38	35	25	0.16033755274261605	0.5869721663877269	0.4133973536328918	21.050425626726554	-307380.186611875	-680.983513333528	3.337393087235673	complete	
11773	01	doors	1	sub-11773_ses-01_task-doors_run-1	syngo MR XA60	XA60	1	218	71611	0.087148370700680544	13	13	10	9	0.059907834101382486	0.42679203014023076	0.3894856154015554	10.937366027403849	-315265.40555836965	-797.6445026746226	-0.25574648162089353	complete	
11773	01	sharedreward	1	sub-11773_ses-01_task-sharedreward_run-1	syngo MR XA60	XA60	1	255	70005	0.094238668663044076	14	14	11	7	0.05511811023622047	0.46525876542926	0.4214404955051552	10.381261309740264	-321396.1231968611	-779.9141138397601	-0.18556739739238842	complete	
11773	01	sharedreward	2	sub-11773_ses-01_task-sharedreward_run-2	syngo MR XA60	XA60	1	255	70146	0.11116201024492417	17	17	13	8	0.06692913385826772	0.4787139877420903	0.40318758255702275	12.302402211511662	-320026.2781869539	-760.0855869833334	-0.26416434264797745	complete	
11773	01	socialdoors	1	sub-11773_ses-01_task-socialdoors_run-1	syngo MR XA60	XA60	1	218	71699	0.097915794664540978	34	34	29	22	0.15668202764976957	0.5329101789695535	0.36959471890403317	20.804521211263832	-314165.01472098625	-828.5760085180333	-0.7694340413587657	complete	
11773	01	trust	1	sub-11773_ses-01_task-trust_run-1	syngo MR XA60	XA60	1	280	71684	0.10949067096430852	46	46	41	25	0.16487455197132617	0.6515558425469516	0.4769246330100132	18.796691548606894	-313437.809959896	-799.5178138189262	-1.2700441728307292	complete	
11773	01	trust	2	sub-11773_ses-01_task-trust_run-2	syngo MR XA60	XA60	0	280	71772	0.12701531427642612	54	54	47	31	0.19285714285714287	0.6736179444878586	0.45561303397924546	23.181065666123317	-311702.23497308925	-763.7092283850883	-0.3826265194180848	complete	
11773	01	ugr	1	sub-11773_ses-01_task-ugr_run-1	syngo MR XA60	XA60	1	240	70100	0.089361100409162703	39	39	33	24	0.16317991631799164	0.599771479252733	0.4291501017045285	18.89438448186656	-321515.37579703354	-810.4202711893666	-1.1568658395774	complete	
11773	01	ugr	2	sub-11773_ses-01_task-ugr_run-2	syngo MR XA60	XA60	1	240	71583	0.12540728191573483	52	52	45	29	0.2175732217573222	0.6678857777779981	0.4350112105074865	25.45140113227908	-315765.7378664358	-745.6394213136683	-0.335642798184325	complete	
11774	01	doors	1	sub-11774_ses-01_task-doors_run-1	syngo MR XA60	XA60	1	218	72127	0.13905588956316947	41	41	38	26	0.1889400921658986	0.6335868896977115	0.4480257893941317	18.33464581384105	-325807.28748763	-614.3589401780978	2.7438286765884667	complete	
11774	01	sharedreward	1	sub-11774_ses-01_task-sharedreward_run-1	syngo MR XA60	XA60	1	255	71598	0.14278505197783592	38	38	33	22	0.14960629921259844	0.5326695328517487	0.35267050860538385	21.81242500614076	-326543.13183625514	-601.4398844944214	3.2219461997444707	complete	
11774	01	sharedreward	2	sub-11774_ses-01_task-sharedreward_run-2	syngo MR XA60	XA60	1	255	71954	0.17327579891196812	52	52	46	30	0.2047244094488189	0.7042279067258705	0.5009495325014658	18.41171121045452	-325464.1447213217	-547.2714550213088	3.0349515581890874	complete	
11774	01	socialdoors	1	sub-11774_ses-01_task-socialdoors_run-1	syngo MR XA60	XA60	1	218	71803	0.14054333747116787	19	19	17	9	0.08755760368663594	0.49148001014009457	0.41267191297329264	10.7483354983188	-327551.560911977	-596.499116550728	2.5166808868707737	complete	
11774	01	trust	1	sub-11774_ses-01_task-trust_run-1	syngo MR XA60	XA60	3	280	69817	0.14896102493926713	47	47	40	27	0.16967509025270758	0.6734644303341765	0.5075505256054236	14.407994957652253	-332713.1229767638	-543.0635836440392	3.4694274812072337	complete	
11774	01	trust	2	sub-11774_ses-01_task-trust_run-2	syngo MR XA60	XA60	0	280	71688	0.17334100792807194	53	53	43	29	0.18928571428571428	0.6911696548520774	0.5003000308800193	15.75895544239884	-325839.2764799983	-528.6345554218949	3.3119400445306515	complete	
11774	01	ugr	1	sub-11774_ses-01_task-ugr_run-1	syngo MR XA60	XA60	2	240	71796	0.14973172862816742	31	31	29	19	0.13025210084033614	0.5338421305277596	0.39437854386883087	16.05719831285268	-324428.377007357	-632.6840277885625	3.7408451442516526	complete	
11774	01	ugr	2	sub-11774_ses-01_task-ugr_run-2	syngo MR XA60	XA60	1	240	70383	0.12109967293493373	29	29	28	21	0.12133891213389121	0.5025439979596799	0.36014262051872226	17.700249093625064	-331212.1776133566	-624.0398627180193	2.8732978026847475	complete	
11784	01	doors	1	sub-11784_ses-01_task-doors_run-1	syngo MR XA60	XA60	1	218	65811	0.12691555702778418	43	43	38	28	0.19815668202764977	0.6176531235144853	0.3830046789292649	25.97338855445456	-270735.1490323496	-606.004197206263	5.105172018662688	complete	
11784	01	sharedreward	1	sub-11784_ses-01_task-sharedreward_run-1	syngo MR XA60	XA60	1	255	65339	0.16423101972196932	48	48	42	29	0.1889763779527559	0.6841575131186098	0.4816206429258763	18.74977487497517	-268798.2552519185	-574.946483086331	2.70647318244208	complete	
11784	01	sharedreward	2	sub-11784_ses-01_task-sharedreward_run-2	syngo MR XA60	XA60	1	255	65235	0.13791153917865645	46	46	39	29	0.18110236220472442	0.6035755947076098	0.3690652113680567	27.152372933773446	-269697.753956454	-596.5153833193941	4.432235728622928	complete	
11784	01	socialdoors	1	sub-11784_ses-01_task-socialdoors_run-1	syngo MR XA60	XA60	1	218	65511	0.13710979384908245	45	45	40	28	0.2073732718894009	0.6714936843377735	0.45461614140249407	22.121647184120715	-269491.63981878065	-618.948832839126	2.7737595929355616	complete	
11784	01	trust	1	sub-11784_ses-01_task-trust_run-1	syngo MR XA60	XA60	1	280	65303	0.18014062753038118	60	60	54	36	0.21505376344086022	0.7390724201080243	0.5086688103345736	23.872029689541485	-270235.7495037086	-524.3255211110168	2.3313075672415406	complete	
11784	01	trust	2	sub-11784_ses-01_task-trust_run-2	syngo MR XA60	XA60	0	280	65414	0.23244843754671821	78	78	69	42	0.2785714285714286	0.8022628701943642	0.5235473806836112	28.286345305388856	-269496.13239211997	-470.48379668192393	1.3610188793475282	complete	
11784	01	ugr	1	sub-11784_ses-01_task-ugr_run-1	syngo MR XA60	XA60	1	240	65307	0.13139901430061091	40	40	36	25	0.16736401673640167	0.6364031450072365	0.4534295529755059	17.692982847969382	-270172.6202453136	-615.7192662831458	2.914857679235549	complete	
11784	01	ugr	2	sub-11784_ses-01_task-ugr_run-2	syngo MR XA60	XA60	1	240	63975	0.16338902810614697	49	49	44	30	0.20502092050209206	0.6487931795953953	0.39128256937788064	28.88078554807762	-273614.43380795897	-591.9834139050291	4.315608759228019	complete	
11787	01	doors	1	sub-11787_ses-01_task-doors_run-1	syngo MR XA60	XA60	1	218	66573	0.15224385883656907	55	55	48	30	0.2534562211981567	0.752697276181569	0.5357447354856689	18.946630416056014	-312526.958074973	-640.6303069994249	-0.11875718118533807	complete	
11787	01	sharedreward	1	sub-11787_ses-01_task-sharedreward_run-1	syngo MR XA60	XA60	1	255	66743	0.15167781948026959	57	57	52	33	0.22440944881889763	0.7669360332919135	0.5598655673902039	18.641616456428444	-310899.5090403729	-606.1215028635656	0.016443818779099034	complete	
11787	01	sharedreward	2	sub-11787_ses-01_task-sharedreward_run-2	syngo MR XA60	XA60	2	255	66448	0.23357682125333862	64	64	56	37	0.25296442687747034	0.7688169301980029	0.5063165033701483	25.52002375686008	-311166.83921380766	-605.196151731667	-0.28815956786428115	complete	
11787	01	socialdoors	1	sub-11787_ses-01_task-socialdoors_run-1	syngo MR XA60	XA60	1	218	66461	0.16141564027509855	56	56	47	30	0.25806451612903225	0.7635064694453471	0.5378714347306365	20.512097366747085	-312871.0950111013	-625.4857553042347	-0.1926729759117576	complete	
11787	01	trust	1	sub-11787_ses-01_task-trust_run-1	syngo MR XA60	XA60	0	280	66665	0.16467546514180251	59	59	53	37	0.21071428571428572	0.7472657024390372	0.5158087122472085	22.66396652642339	-309641.0689497425	-615.4872024744602	-0.22932400240274786	complete	
11787	01	trust	2	sub-11787_ses-01_task-trust_run-2	syngo MR XA60	XA60	3	280	66519	0.32783689138215294	90	90	75	49	0.3249097472924188	0.8434162761155052	0.5507245907768127	24.655814094514326	-309461.8483628407	-476.9450630614762	1.806567455279137	complete	
11787	01	ugr	1	sub-11787_ses-01_task-ugr_run-1	syngo MR XA60	XA60	1	240	66720	0.093160280520194358	34	34	31	22	0.14225941422594143	0.5443511268568361	0.3817914708635837	18.689366051764456	-312952.516973677	-785.2348235001471	-1.5214685610976277	complete	
11787	01	ugr	2	sub-11787_ses-01_task-ugr_run-2	syngo MR XA60	XA60	1	240	66884	0.11325586672490295	44	44	39	26	0.18410041841004185	0.6668926373415252	0.487577903477695	16.5432909580122	-311974.7220573765	-703.582020545056	-0.7468822183103278	complete	
11788	01	doors	1	sub-11788_ses-01_task-doors_run-1	syngo MR XA60	XA60	1	218	77467	0.076113300396447217	38	38	34	25	0.17511520737327188	0.5304130102050056	0.32222920758451995	27.108604317808922	-309305.0610555522	-758.1796280519255	-0.4282331329476137	complete	
11788	01	sharedreward	1	sub-11788_ses-01_task-sharedreward_run-1	syngo MR XA60	XA60	1	255	77427	0.09251846757370176	47	47	41	26	0.18503937007874016	0.5567736679754501	0.32035979196848247	30.56936604688902	-307228.4617482106	-745.7182893098169	0.5988353668855914	complete	
11788	01	sharedreward	2	sub-11788_ses-01_task-sharedreward_run-2	syngo MR XA60	XA60	1	255	77505	0.10130208197528477	46	46	42	27	0.18110236220472442	0.5713428852553466	0.3440826865538996	27.90990036460299	-306578.91688395664	-739.9033569936296	0.5825881597974027	complete	
11788	01	socialdoors	1	sub-11788_ses-01_task-socialdoors_run-1	syngo MR XA60	XA60	1	218	77370	0.089727030481538614	38	38	34	23	0.17511520737327188	0.5478744837146885	0.3500546152156637	24.204698768276067	-308379.41341663164	-750.6474051664765	0.8491520781117295	complete	
11788	01	trust	1	sub-11788_ses-01_task-trust_run-1	syngo MR XA60	XA60	1	280	77524	0.11602596402297717	28	28	22	16	0.1003584229390681	0.47699341416491103	0.3056830713461881	21.691747671447242	-305924.24579083105	-722.5551536945844	1.1954683096006453	complete	
11788	01	trust	2	sub-11788_ses-01_task-trust_run-2	syngo MR XA60	XA60	1	280	77490	0.10889640304451423	47	47	44	30	0.16845878136200718	0.5531736778443026	0.30729243069499274	31.992468400457838	-304559.0032326398	-744.8610357693564	1.0482951175809174	complete	
11788	01	ugr	1	sub-11788_ses-01_task-ugr_run-1	syngo MR XA60	XA60	1	240	76097	0.086675822928289528	43	43	38	26	0.1799163179916318	0.5627374715307816	0.3406820639541203	26.870721511488554	-314805.9912788731	-780.8416137444173	-0.4568905618479413	complete	
11788	01	ugr	2	sub-11788_ses-01_task-ugr_run-2	syngo MR XA60	XA60	1	240	77376	0.096817652703481735	26	26	23	13	0.1087866108786611	0.5002853242728842	0.35371185220024626	17.16443693237837	-309208.276383665	-757.1020356051976	-0.09961042566711885	complete	
11789	01	doors	1	sub-11789_ses-01_task-doors_run-1	syngo MR XA60	XA60	1	218	58399	0.34090327588028346	17	17	13	7	0.07834101382488479	0.49685182226052654	0.40488892759060774	12.856060078195744	-271980.6172864314	-493.7649712597172	9.455666033162384	complete	
11789	01	sharedreward	1	sub-11789_ses-01_task-sharedreward_run-1	syngo MR XA60	XA60	0	255	56832	0.31900360102565434	14	14	11	7	0.054901960784313725	0.49848728986210583	0.44903832150324485	10.47012372684758	-278007.234873932	-508.7140955792711	10.243466820997858	complete	
11789	01	sharedreward	2	sub-11789_ses-01_task-sharedreward_run-2	syngo MR XA60	XA60	1	255	58343	0.31420813035151257	14	14	13	9	0.05511811023622047	0.5055434234075958	0.4555820510749773	10.969882843998755	-272102.85442242154	-514.823067388963	10.132460862486004	complete	
11789	01	socialdoors	1	sub-11789_ses-01_task-socialdoors_run-1	syngo MR XA60	XA60	0	218	58568	0.32609812677331435	53	53	45	29	0.24311926605504589	0.7438297746280058	0.518241948131667	22.02998935328042	-271617.1387679445	-492.1112625630502	7.875185346093343	complete	
11789	01	trust	1	sub-11789_ses-01_task-trust_run-1	syngo MR XA60	XA60	0	280	59331	0.28763010048072185	59	59	52	34	0.21071428571428572	0.7250956677985457	0.47002199535213196	27.306364571399115	-270848.29222381546	-496.7999743189728	8.095997565116612	complete	
11789	01	trust	2	sub-11789_ses-01_task-trust_run-2	syngo MR XA60	XA60	0	280	58584	0.27862002514517681	27	27	23	15	0.09642857142857143	0.6030110906101097	0.45933363158469603	16.29124206203194	-273284.03197214	-516.0191718158569	8.72934359890102	complete	
11789	01	ugr	1	sub-11789_ses-01_task-ugr_run-1	syngo MR XA60	XA60	0	240	58669	0.3907206047947871	16	16	14	8	0.06666666666666667	0.5332443128231555	0.4600043031296568	11.356646933370216	-270379.97921878274	-481.8344390074492	7.340815587548939	complete	
11789	01	ugr	2	sub-11789_ses-01_task-ugr_run-2	syngo MR XA60	XA60	1	240	58634	0.3360712717002034	12	12	10	5	0.0502092050209205	0.4162554725612628	0.38579605854906257	10.007211114508648	-270417.37401235313	-515.5632528775744	7.6684553091989835	complete	
11790	01	doors	1	sub-11790_ses-01_task-doors_run-1	syngo MR XA60	XA60	1	218	82243	0.1484283645491625	21	21	17	12	0.0967741935483871	0.5088035894437667	0.41965408511303187	12.62331637800774	-319268.59306863847	-829.5188219634288	-0.6068904772820302	complete	
11790	01	sharedreward	1	sub-11790_ses-01_task-sharedreward_run-1	syngo MR XA60	XA60	1	255	81946	0.16880994243024058	52	52	45	30	0.2047244094488189	0.7036279634559928	0.5131195388188021	17.067055551421596	-319422.66659122193	-777.9444674975391	-1.1083337059435612	complete	
11790	01	sharedreward	2	sub-11790_ses-01_task-sharedreward_run-2	syngo MR XA60	XA60	0	255	82254	0.18588782958240399	56	56	46	31	0.2196078431372549	0.7198764475869597	0.522255387927946	19.630982662342593	-318464.0026017735	-765.5483052609604	-1.4049012343020366	complete	
11790	01	socialdoors	1	sub-11790_ses-01_task-socialdoors_run-1	syngo MR XA60	XA60	1	218	82056	0.15061037461654195	46	46	40	28	0.2119815668202765	0.6728918131580091	0.4855175227949748	18.85693595427743	-319688.40068397525	-804.8799919368322	-0.8902048146617412	complete	
11790	01	trust	1	sub-11790_ses-01_task-trust_run-1	syngo MR XA60	XA60	1	280	82420	0.13069401796609056	51	51	44	29	0.1827956989247312	0.7197146992221399	0.5631363952599354	13.126394771684705	-315901.3868061081	-743.4146122822717	-1.034407761798815	complete	
11790	01	trust	2	sub-11790_ses-01_task-trust_run-2	syngo MR XA60	XA60	1	280	81369	0.18758746683871105	28	28	24	15	0.1003584229390681	0.5707564514413614	0.4390321085770337	15.587131526633911	-321367.39057702647	-785.1857466543048	-1.4446043989463495	complete	
11790	01	ugr	1	sub-11790_ses-01_task-ugr_run-1	syngo MR XA60	XA60	1	240	82281	0.11191044578960546	10	10	9	6	0.04184100418410042	0.3768719778338537	0.3768719778338537	7.097925802597774	-319334.02230593766	-890.2169930606635	-0.604715372089814	complete	
11790	01	ugr	2	sub-11790_ses-01_task-ugr_run-2	syngo MR XA60	XA60	1	240	82420	0.15687861037265435	22	22	20	12	0.09205020920502092	0.5072360870688656	0.4098326953733814	13.603705120871842	-318644.13667608873	-828.9601990827396	-0.20779719604774485	complete	
11793	01	doors	1	sub-11793_ses-01_task-doors_run-1	syngo MR XA60	XA60	1	218	69206	0.1470738835999281	32	32	29	20	0.14746543778801843	0.650161304136215	0.5381406096248681	8.749799077149937	-294352.43006072566	-488.7381693065113	1.9719816870773386	complete	
11793	01	sharedreward	1	sub-11793_ses-01_task-sharedreward_run-1	syngo MR XA60	XA60	1	255	69351	0.15072477469800954	38	38	34	21	0.14960629921259844	0.5915817534244724	0.4250879857213274	17.627665523876438	-292688.1432113403	-492.84967141745767	1.7766297904728616	complete	
11793	01	sharedreward	2	sub-11793_ses-01_task-sharedreward_run-2	syngo MR XA60	XA60	1	255	69041	0.21236146328359046	59	59	49	34	0.23228346456692914	0.7897949061518188	0.6009528397263516	15.585280717681167	-292518.9000900082	-402.6306045698849	1.903795815844323	complete	
11793	01	socialdoors	1	sub-11793_ses-01_task-socialdoors_run-1	syngo MR XA60	XA60	1	218	67378	0.17717269283044013	32	32	28	17	0.14746543778801843	0.556978659310737	0.41015101897283485	16.72279265879543	-299851.1538567682	-498.1593989348139	1.833641096294839	complete	
11793	01	trust	1	sub-11793_ses-01_task-trust_run-1	syngo MR XA60	XA60	1	280	67244	0.16529226597774221	39	39	35	24	0.13978494623655913	0.6896270495340882	0.5718456679776155	9.861833385722976	-299141.2167011459	-456.90956041330116	1.7043278506357789	complete	
11793	01	trust	2	sub-11793_ses-01_task-trust_run-2	syngo MR XA60	XA60	1	280	69039	0.2575209619889442	55	55	46	31	0.1971326164874552	0.721529133725603	0.5277709069514956	16.12165960374299	-293119.4665645294	-447.0233005905579	1.7150295523220636	complete	
11793	01	ugr	1	sub-11793_ses-01_task-ugr_run-1	syngo MR XA60	XA60	1	240	69203	0.097657501516059467	26	26	22	15	0.1087866108786611	0.5321535183000081	0.4456404772331114	9.634652247259476	-294532.7993103388	-536.8358853782232	1.7410626237738633	complete	
11793	01	ugr	2	sub-11793_ses-01_task-ugr_run-2	syngo MR XA60	XA60	2	240	69259	0.10608011437903071	26	26	22	15	0.1092436974789916	0.5276983252403662	0.43730783816163815	10.096210640829486	-293986.60796794604	-553.0715131832309	2.2719092918763644	complete	
11795	01	doors	1	sub-11795_ses-01_task-doors_run-1	syngo MR XA60	XA60	1	218	81659	0.11197977046268083	37	37	32	22	0.17050691244239632	0.5032003898704703	0.3204639700098362	24.534603650105595	-295128.20090175705	-730.8680257854487	0.10324014140859904	complete	
11795	01	sharedreward	1	sub-11795_ses-01_task-sharedreward_run-1	syngo MR XA60	XA60	3	255	81479	0.13050527024059508	38	38	35	25	0.15079365079365079	0.5514786123015712	0.37883221191169103	20.17575606985266	-294646.9109372164	-702.3254213740655	0.18000090069692617	complete	
11795	01	sharedreward	2	sub-11795_ses-01_task-sharedreward_run-2	syngo MR XA60	XA60	1	255	81524	0.12779508887067462	44	44	37	27	0.1732283464566929	0.5983160210779458	0.41821906199328807	17.689387387705867	-295047.6507524893	-735.4910720516052	-0.5009435588423018	complete	
11795	01	socialdoors	1	sub-11795_ses-01_task-socialdoors_run-1	syngo MR XA60	XA60	1	218	81681	0.12803456158988802	30	30	27	20	0.1382488479262673	0.4958268423764381	0.3621666671560666	16.440216055301793	-295061.798612834	-744.5218309231512	-0.24984377102071875	complete	
11795	01	trust	1	sub-11795_ses-01_task-trust_run-1	syngo MR XA60	XA60	1	280	81709	0.13252756130601256	41	41	34	25	0.14695340501792115	0.52412490471774	0.3447682299450533	23.88249179614751	-295368.71427806496	-749.8540828711928	-0.7767393296994002	complete	
11795	01	trust	2	sub-11795_ses-01_task-trust_run-2	syngo MR XA60	XA60	1	280	81541	0.13865434417794731	41	41	34	26	0.14695340501792115	0.5652617985131132	0.40082592903829173	17.228450140336978	-295807.0096329648	-758.9638398658155	-1.608246875832472	complete	
11795	01	ugr	1	sub-11795_ses-01_task-ugr_run-1	syngo MR XA60	XA60	1	240	81635	0.12832312011549551	39	39	34	23	0.16317991631799164	0.5622387367384593	0.39608308782465024	17.893556494023283	-299001.82568960957	-737.2501278268696	-0.929119143776579	complete	
11795	01	ugr	2	sub-11795_ses-01_task-ugr_run-2	syngo MR XA60	XA60	1	240	81619	0.12032370234972029	38	38	31	22	0.1589958158995816	0.5447678737876612	0.383920237880074	18.276235981699386	-296395.8099858266	-738.1373971503506	-0.8464195728197381	complete	
11815	01	doors	1	sub-11815_ses-01_task-doors_run-1	syngo MR XA60	XA60	2	218	68891	0.15660174005721647	15	15	12	6	0.06944444444444445	0.4844439870967459	0.4225328412063578	10.974426171949972	-296368.749929744	-579.5202012221611	3.735092400484993	complete	
11815	01	sharedreward	1	sub-11815_ses-01_task-sharedreward_run-1	syngo MR XA60	XA60	1	255	70082	0.14145671206968255	39	39	36	25	0.15354330708661418	0.6205919000000302	0.447525663861582	19.02744691755856	-295466.66254475154	-593.2554464594341	3.1143779972058296	complete	
11815	01	sharedreward	2	sub-11815_ses-01_task-sharedreward_run-2	syngo MR XA60	XA60	1	255	69894	0.16235238736710542	45	45	40	26	0.17716535433070865	0.6549306450015678	0.45987283233225146	20.93088396507842	-294751.20312275435	-576.2964927360761	3.3038377621439015	complete	
11815	01	socialdoors	1	sub-11815_ses-01_task-socialdoors_run-1	syngo MR XA60	XA60	1	218	69805	0.14282539458188051	40	40	34	23	0.18433179723502305	0.6352182583557118	0.4447077942097595	20.919663110122958	-293647.80729348067	-588.7268932174052	3.180683652589108	complete	
11815	01	trust	1	sub-11815_ses-01_task-trust_run-1	syngo MR XA60	XA60	1	280	69998	0.13289031978280319	35	35	31	23	0.12544802867383512	0.5822977490222702	0.4455267406603282	17.540915059595463	-294656.3776262376	-627.3928671132007	2.748567760509216	complete	
11815	01	trust	2	sub-11815_ses-01_task-trust_run-2	syngo MR XA60	XA60	3	280	68892	0.1368832991425282	37	37	34	25	0.13357400722021662	0.5697348888464552	0.397794516425445	20.94046280047412	-297852.7637770479	-613.1244851740462	3.8559335762240847	complete	
11815	01	ugr	1	sub-11815_ses-01_task-ugr_run-1	syngo MR XA60	XA60	0	240	69761	0.22168723931230627	17	17	15	8	0.07083333333333333	0.4890562511565195	0.39492147616095863	13.859808430190853	-292509.80922752916	-550.2359624322339	4.063375455143396	complete	
11822	01	doors	1	sub-11822_ses-01_task-doors_run-1	syngo MR XA60	XA60	1	218	70337	0.12669315517709803	35	35	29	18	0.16129032258064516	0.48511388320685833	0.31720265138256637	23.189372589493363	-293971.8892113041	-669.5041490762075	-1.0629040542454982	complete	
11822	01	sharedreward	1	sub-11822_ses-01_task-sharedreward_run-1	syngo MR XA60	XA60	2	255	70280	0.12609731143261593	37	37	31	19	0.14624505928853754	0.5239574867720498	0.3574056277873952	20.591185719508758	-294010.76635364897	-645.7549984512484	0.2988100809384553	complete	
11822	01	sharedreward	2	sub-11822_ses-01_task-sharedreward_run-2	syngo MR XA60	XA60	1	255	70030	0.12650573146081981	29	29	27	19	0.1141732283464567	0.458039195541276	0.3229493536026099	18.98750829346614	-295524.6657760391	-650.6131027289405	-0.5347768789899946	complete	
11822	01	socialdoors	1	sub-11822_ses-01_task-socialdoors_run-1	syngo MR XA60	XA60	2	218	70448	0.13269920254882756	30	30	27	20	0.1388888888888889	0.5263599354208492	0.38271143877341807	16.790034700106574	-293692.71215067734	-664.5000455358415	-0.8049859625067632	complete	
11822	01	trust	1	sub-11822_ses-01_task-trust_run-1	syngo MR XA60	XA60	1	280	70458	0.10208828143581564	31	31	26	16	0.1111111111111111	0.48645051433079084	0.36590568138159496	15.225416827133863	-291899.0659225561	-662.2033503885198	-0.9844861086437272	complete	
11822	01	trust	2	sub-11822_ses-01_task-trust_run-2	syngo MR XA60	XA60	1	280	70358	0.12597808483900705	40	40	35	23	0.14336917562724014	0.5291419197752018	0.34489181224724036	23.213595019182918	-291880.6898893049	-636.6237162614009	-0.13803137315269773	complete	
11822	01	ugr	1	sub-11822_ses-01_task-ugr_run-1	syngo MR XA60	XA60	1	240	70143	0.13915843341410286	33	33	29	21	0.13807531380753138	0.4598219144524503	0.29743960206352477	23.513740288445785	-294137.40641068947	-655.6918456239033	-0.002618408430087518	complete	
11822	01	ugr	2	sub-11822_ses-01_task-ugr_run-2	syngo MR XA60	XA60	1	240	70506	0.14247969379233255	19	19	16	11	0.0794979079497908	0.439477136073311	0.3560726043397564	13.722738891972467	-292235.59702119423	-639.258115314534	-0.42530904066011366	complete	
11823	01	doors	1	sub-11823_ses-01_task-doors_run-1	syngo MR XA60	XA60	1	218	69552	0.10209640332441303	23	23	21	15	0.10599078341013825	0.4231651162499351	0.33086251614104795	14.653440775091594	-308895.18320275546	-698.1691794529575	2.894410977438943	complete	
11823	01	sharedreward	1	sub-11823_ses-01_task-sharedreward_run-1	syngo MR XA60	XA60	1	255	71344	0.10774877763932771	25	25	22	14	0.0984251968503937	0.4256101119086627	0.3300968632396793	14.761318126643639	-303869.37831287395	-688.6309298127343	3.2351144822939486	complete	
11823	01	sharedreward	2	sub-11823_ses-01_task-sharedreward_run-2	syngo MR XA60	XA60	1	255	71562	0.10364676379133508	24	24	21	14	0.09448818897637795	0.43619697022942283	0.3502082670928009	13.356217482769358	-302705.8499490536	-689.5647426832409	2.390937691458952	complete	
11823	01	socialdoors	1	sub-11823_ses-01_task-socialdoors_run-1	syngo MR XA60	XA60	1	218	71489	0.1070926803271371	25	25	21	15	0.1152073732718894	0.4375109150514497	0.33207133455128296	15.32517123036545	-303127.82130263065	-689.9749927499081	2.867267546150217	complete	
11823	01	trust	1	sub-11823_ses-01_task-trust_run-1	syngo MR XA60	XA60	1	280	70016	0.12166432273677975	26	26	23	16	0.0931899641577061	0.47207847450041124	0.3734783150502406	13.757175137647616	-309331.5281549924	-657.0481334819877	2.6059320142748543	complete	
11823	01	trust	2	sub-11823_ses-01_task-trust_run-2	syngo MR XA60	XA60	1	280	71696	0.11204521886485234	27	27	24	17	0.0967741935483871	0.4386484587975621	0.330649075501729	16.340078028730048	-303416.5483591863	-671.8658477163066	3.350987531831525	complete	
11823	01	ugr	1	sub-11823_ses-01_task-ugr_run-1	syngo MR XA60	XA60	1	240	71839	0.12673257915261876	26	26	24	17	0.1087866108786611	0.4751740268778226	0.3736414324152177	15.073568446928798	-301879.4953468007	-642.2929875940852	3.3730855655103222	complete	
11823	01	ugr	2	sub-11823_ses-01_task-ugr_run-2	syngo MR XA60	XA60	2	240	71536	0.12660348448802319	25	25	21	17	0.10504201680672269	0.43415020816682937	0.33116400530826234	16.0634193060726	-302369.965264413	-653.8240078902996	2.8730887347281353	complete	
11824	01	doors	1	sub-11824_ses-01_task-doors_run-1	syngo MR XA60	XA60	1	218	72370	0.20423730583553981	17	17	13	8	0.07834101382488479	0.48624053071318313	0.4039154989434934	12.41378274710028	-326385.9569590743	-520.5313550614615	4.641382022078332	complete	
11824	01	sharedreward	1	sub-11824_ses-01_task-sharedreward_run-1	syngo MR XA60	XA60	1	255	72354	0.21840248178758667	16	16	13	9	0.06299212598425197	0.5488698405452884	0.48559417996941723	10.964281935805971	-325659.57090366486	-478.76357106327146	2.51220468802152	complete	
11824	01	sharedreward	2	sub-11824_ses-01_task-sharedreward_run-2	syngo MR XA60	XA60	0	255	72855	0.30441619156052435	71	71	65	41	0.2784313725490196	0.7993737016042706	0.5373819522053951	26.619712330958233	-323661.2833609043	-453.7875156964654	1.603318986577327	complete	
11824	01	socialdoors	1	sub-11824_ses-01_task-socialdoors_run-1	syngo MR XA60	XA60	1	218	70765	0.24364442740120812	58	58	52	34	0.2672811059907834	0.7534282715919324	0.5184616367536882	21.308290374079505	-331483.92649840773	-481.67553824567676	2.071318316808014	complete	
11824	01	trust	1	sub-11824_ses-01_task-trust_run-1	syngo MR XA60	XA60	1	280	72529	0.28336438329693731	20	20	16	11	0.07168458781362007	0.5883675448518684	0.48588264625192296	12.791245917515406	-324635.48003410286	-464.5976689209218	2.5754292285236033	complete	
11824	01	trust	2	sub-11824_ses-01_task-trust_run-2	syngo MR XA60	XA60	1	280	72428	0.29792445809259066	25	25	19	10	0.08960573476702509	0.593965791346851	0.441982134554862	16.80260982997028	-324553.18303380825	-449.0534606798912	3.2474658386003	complete	
11824	01	ugr	1	sub-11824_ses-01_task-ugr_run-1	syngo MR XA60	XA60	1	240	72599	0.18033546813528314	56	56	50	34	0.23430962343096234	0.7479986640395323	0.542953552672568	19.358814768564475	-326330.10513071157	-490.7942089756331	2.7008448396104767	complete	
11824	01	ugr	2	sub-11824_ses-01_task-ugr_run-2	syngo MR XA60	XA60	1	240	72451	0.22444127706279846	46	46	39	28	0.19246861924686193	0.6605019136690562	0.4562884968020951	21.266622307196318	-326542.15110811684	-518.9121624773206	3.5659968128268655	complete	
11828	01	doors	1	sub-11828_ses-01_task-doors_run-1	syngo MR XA60	XA60	0	218	76218	0.16529853388471374	53	53	46	32	0.24311926605504589	0.7285535050355224	0.5136319043760113	22.08057611424884	-274967.01157671644	-555.6060012975325	7.88117881243364	complete	
11828	01	sharedreward	1	sub-11828_ses-01_task-sharedreward_run-1	syngo MR XA60	XA60	0	255	78052	0.16240804018149269	73	73	63	44	0.28627450980392155	0.7909050336060351	0.5186415609769699	28.34974784373774	-271867.86906797177	-530.1644039608832	5.7242616977769645	complete	
11828	01	sharedreward	2	sub-11828_ses-01_task-sharedreward_run-2	syngo MR XA60	XA60	1	255	76424	0.15561232461584956	63	63	55	36	0.24803149606299213	0.7504180170455472	0.5203488767707657	23.819075017209638	-275418.5780108599	-553.5963190753181	4.717522314687753	complete	
11828	01	socialdoors	1	sub-11828_ses-01_task-socialdoors_run-1	syngo MR XA60	XA60	1	218	76187	0.14956028151534215	54	54	45	33	0.2488479262672811	0.7351743692797555	0.5213725863353839	21.678868298801923	-275304.3437935811	-564.2457173026801	6.29445362384897	complete	
11828	01	trust	1	sub-11828_ses-01_task-trust_run-1	syngo MR XA60	XA60	0	280	78282	0.14155062184044664	45	45	41	30	0.16071428571428573	0.6821858474281796	0.5097321548024718	18.32689940850392	-272270.6219841466	-584.097431328159	6.3540369260876695	complete	
11828	01	trust	2	sub-11828_ses-01_task-trust_run-2	syngo MR XA60	XA60	0	280	78264	0.14554861370205577	52	52	47	33	0.18571428571428572	0.7061547554425033	0.519590314407569	19.866327839539483	-272059.10603460134	-566.7423180954576	6.804133644194339	complete	
11828	01	ugr	1	sub-11828_ses-01_task-ugr_run-1	syngo MR XA60	XA60	0	240	78224	0.16851844972038582	55	55	49	34	0.22916666666666666	0.7271824855224532	0.5102304161037576	22.456282496482633	-269323.3837904152	-547.6017364750492	6.863131194214889	complete	
11828	01	ugr	2	sub-11828_ses-01_task-ugr_run-2	syngo MR XA60	XA60	0	240	77131	0.16338399241148416	52	52	47	34	0.21666666666666667	0.7291517445918558	0.5276634782124519	20.432277828912692	-271135.6220028929	-574.3421046704691	5.922087787387669	complete	
11829	01	doors	1	sub-11829_ses-01_task-doors_run-1	syngo MR XA60	XA60	2	218	63620	0.064985126468794743	26	26	23	16	0.12037037037037036	0.4963364348862186	0.3812427980441533	16.306504465586162	-300333.11655633926	-786.3776506279303	0.09278249136167645	complete	
11829	01	sharedreward	1	sub-11829_ses-01_task-sharedreward_run-1	syngo MR XA60	XA60	1	255	62234	0.11026030731010507	46	46	39	27	0.18110236220472442	0.6612390993364315	0.4599938271173655	21.996908136387376	-307498.2648522703	-696.1183155128789	2.493537057990285	complete	
11829	01	sharedreward	2	sub-11829_ses-01_task-sharedreward_run-2	syngo MR XA60	XA60	2	255	63492	0.062891160635325946	30	30	26	17	0.11857707509881422	0.48880309270051314	0.3645087480233278	17.306736325394418	-301912.94829840097	-801.8307456122695	1.1666642547986577	complete	
11829	01	socialdoors	1	sub-11829_ses-01_task-socialdoors_run-1	syngo MR XA60	XA60	1	218	63561	0.060408228235893126	26	26	21	16	0.11981566820276497	0.47651844533616416	0.36567216426032556	16.126420069501282	-301246.19638961484	-802.7889622378322	-0.18175951660469722	complete	
11829	01	trust	1	sub-11829_ses-01_task-trust_run-1	syngo MR XA60	XA60	3	280	61375	0.078135961919817434	32	32	28	21	0.11552346570397112	0.5480194340834854	0.41537931219521207	16.660960223424716	-311335.3787077102	-795.8402671540507	0.06199265762487478	complete	
11829	01	trust	2	sub-11829_ses-01_task-trust_run-2	syngo MR XA60	XA60	1	280	63425	0.069489589042615749	29	29	25	17	0.1039426523297491	0.4929071581367839	0.37755881931957963	16.706104746505552	-303080.53975314257	-801.5327007357259	1.595207806242135	complete	
11829	01	ugr	1	sub-11829_ses-01_task-ugr_run-1	syngo MR XA60	XA60	1	240	63769	0.065936584942886178	27	27	23	17	0.11297071129707113	0.4809582530494396	0.3702662270753357	16.639671808404174	-299170.3666886379	-799.6436080331571	-0.2840434561289406	complete	
11829	01	ugr	2	sub-11829_ses-01_task-ugr_run-2	syngo MR XA60	XA60	1	240	63551	0.063005718188714283	28	28	25	15	0.11715481171548117	0.46499194312201575	0.34775296978003817	17.083496055448105	-299750.5554932698	-810.3406301176173	-0.23000191033063996	complete	
11840	01	doors	1	sub-11840_ses-01_task-doors_run-1	syngo MR XA60	XA60	1	218	78471	0.13069294161694431	51	51	48	32	0.2350230414746544	0.6981097280876157	0.4543991917446117	26.485831522359472	-265931.70227756165	-592.9512364840067	2.3586473202336276	complete	
11840	01	sharedreward	1	sub-11840_ses-01_task-sharedreward_run-1	syngo MR XA60	XA60	1	255	78641	0.11749841290370065	48	48	42	31	0.1889763779527559	0.6482494567787982	0.42126833437443567	25.215881227749357	-264751.05658017134	-617.202484561437	1.3718329961601483	complete	
11840	01	sharedreward	2	sub-11840_ses-01_task-sharedreward_run-2	syngo MR XA60	XA60	1	255	78444	0.12940233088446057	31	31	26	18	0.1220472440944882	0.5751567452946179	0.3881726723971936	21.28614059511235	-265245.76413722435	-613.3460826370061	1.954759105498923	complete	
11840	01	socialdoors	1	sub-11840_ses-01_task-socialdoors_run-1	syngo MR XA60	XA60	2	218	78655	0.13436401917218693	45	45	40	27	0.20833333333333334	0.6534924454388212	0.433315502414429	24.830114303645985	-265169.90955950355	-611.7123969486656	2.1737550177377667	complete	
11840	01	trust	1	sub-11840_ses-01_task-trust_run-1	syngo MR XA60	XA60	0	280	78430	0.12530617992931753	30	30	26	18	0.10714285714285714	0.5737276818294652	0.39913425612552395	20.374374423317256	-265880.7676078896	-578.4554288382126	2.782635538253801	complete	
11840	01	trust	2	sub-11840_ses-01_task-trust_run-2	syngo MR XA60	XA60	1	280	78784	0.13060552738257553	53	53	46	32	0.18996415770609318	0.6532330164734007	0.4171366022696633	26.77166508199448	-264124.8761929604	-595.8399880827405	2.9570360639929665	complete	
11840	01	ugr	1	sub-11840_ses-01_task-ugr_run-1	syngo MR XA60	XA60	1	240	78152	0.13230080907479982	51	51	47	33	0.21338912133891214	0.6929470136043399	0.45287975103032113	26.097569549827003	-268664.6053488558	-578.3363223558175	2.1413438962075815	complete	
11840	01	ugr	2	sub-11840_ses-01_task-ugr_run-2	syngo MR XA60	XA60	1	240	78223	0.13375149858970584	56	56	47	32	0.23430962343096234	0.7015326462892385	0.43325771251558254	29.818380041649462	-268405.7800132581	-565.5787105197452	2.555044254984382	complete	
11847	01	doors	1	sub-11847_ses-01_task-doors_run-1	syngo MR XA60	XA60	1	218	71142	0.25806342346521377	79	79	70	44	0.3640552995391705	0.8515022851785884	0.5655889068730395	24.537568759000795	-294840.2391533145	-558.7210981438328	6.843160138845531	complete	
11847	01	sharedreward	1	sub-11847_ses-01_task-sharedreward_run-1	syngo MR XA60	XA60	1	255	71033	0.20568672752685291	71	71	64	40	0.2795275590551181	0.7936171531520594	0.5294459157853199	25.396066780325896	-296080.08009318175	-632.9667041017699	7.457079306685911	complete	
11847	01	sharedreward	2	sub-11847_ses-01_task-sharedreward_run-2	syngo MR XA60	XA60	1	255	69774	0.23869289427733212	83	83	74	47	0.32677165354330706	0.8524281418896195	0.5775717305607724	24.799972166893436	-300730.6702428443	-524.0583306567253	6.080250008902132	complete	
11847	01	socialdoors	1	sub-11847_ses-01_task-socialdoors_run-1	syngo MR XA60	XA60	2	218	71002	0.25678536644270528	85	85	76	48	0.39351851851851855	0.8688580699342563	0.5709320816544509	27.883398655534073	-296446.3978692338	-557.8592099776481	8.5749585443708	complete	
11847	01	trust	1	sub-11847_ses-01_task-trust_run-1	syngo MR XA60	XA60	1	280	69508	0.19532960658045403	78	78	68	43	0.27956989247311825	0.8436675554913707	0.6081830465573489	20.486901216161968	-302541.72716261377	-521.1607270966841	6.38343739368965	complete	
11847	01	trust	2	sub-11847_ses-01_task-trust_run-2	syngo MR XA60	XA60	0	280	71428	0.22811718953912849	84	84	71	46	0.3	0.8156039417685546	0.5038256229976679	31.836962992168793	-295729.05577466905	-617.0462691515542	7.818058723073898	complete	
11847	01	ugr	1	sub-11847_ses-01_task-ugr_run-1	syngo MR XA60	XA60	0	240	71340	0.23217788265433514	80	80	68	45	0.3333333333333333	0.8322321749077483	0.5496984827916337	28.34763377266283	-294500.46617864835	-561.9649816384041	7.407645712385087	complete	
11847	01	ugr	2	sub-11847_ses-01_task-ugr_run-2	syngo MR XA60	XA60	1	240	71332	0.20617695744235745	75	75	65	42	0.3138075313807531	0.8250477043707757	0.5689658861393085	23.306080711963894	-292993.82073948963	-590.414163220404	7.795239631473395	complete	
11853	01	doors	1	sub-11853_ses-01_task-doors_run-1	syngo MR XA60	XA60	1	218	69850	0.11328900913045205	20	20	16	12	0.09216589861751152	0.4988042283471498	0.41074129454378255	12.994636939684959	-295063.7371829475	-706.1396872067364	10.053796170414579	complete	
11853	01	sharedreward	1	sub-11853_ses-01_task-sharedreward_run-1	syngo MR XA60	XA60	2	255	69761	0.094585298708999371	29	29	24	18	0.11462450592885376	0.5175102412462175	0.40269832559046	14.62670745559002	-293928.63659077726	-735.9951474321596	7.380279125499234	complete	
11853	01	sharedreward	2	sub-11853_ses-01_task-sharedreward_run-2	syngo MR XA60	XA60	1	255	70020	0.10460968316997502	33	33	29	17	0.12992125984251968	0.5404353622909759	0.417689669793894	14.66156058619979	-304761.4092603997	-653.5557904066344	9.168470563751479	complete	
11853	01	socialdoors	1	sub-11853_ses-01_task-socialdoors_run-1	syngo MR XA60	XA60	1	218	68393	0.10914398190852109	34	34	30	21	0.15668202764976957	0.5530954856326705	0.3993097792861047	18.187211438972366	-299040.65134929947	-712.5369653653421	10.925342624195011	complete	
11853	01	trust	1	sub-11853_ses-01_task-trust_run-1	syngo MR XA60	XA60	3	280	69560	0.10989861258370714	32	32	28	18	0.11552346570397112	0.5142294267746935	0.3938642193780116	16.18033223967058	-305010.43846280593	-665.2876389801686	10.687056168717293	complete	
11853	01	trust	2	sub-11853_ses-01_task-trust_run-2	syngo MR XA60	XA60	3	280	69685	0.10176297554281789	19	19	15	9	0.06859205776173286	0.4544448697478907	0.3850355198718363	11.43243461728038	-303096.6986833859	-647.3180406179436	8.504787768219012	complete	
11853	01	ugr	1	sub-11853_ses-01_task-ugr_run-1	syngo MR XA60	XA60	1	240	69892	0.089887433231554514	33	33	28	17	0.13807531380753138	0.558154939426971	0.435895503476062	15.214573923261453	-295450.68343852676	-733.3670187484078	7.982890406310359	complete	
11853	01	ugr	2	sub-11853_ses-01_task-ugr_run-2	syngo MR XA60	XA60	2	240	68180	0.092906277530994494	29	29	25	17	0.12184873949579832	0.49301136746979496	0.3788101629310013	16.210242206362107	-299620.5701953273	-749.0202328301542	7.348803252410236	complete	
11854	01	doors	1	sub-11854_ses-01_task-doors_run-1	syngo MR XA60	XA60	0	218	72372	0.30867464218578528	23	23	20	15	0.10550458715596331	0.6252509181711242	0.46698202711450054	17.169116218452128	-290158.49126319657	-408.04610361927024	8.255797693773543	complete	
11854	01	sharedreward	1	sub-11854_ses-01_task-sharedreward_run-1	syngo MR XA60	XA60	0	255	72576	0.29160979216709093	26	26	19	14	0.10196078431372549	0.6272602175232825	0.45699897403725204	18.361134351917745	-288523.5720426971	-404.32883001129534	8.257445214084921	complete	
11854	01	sharedreward	2	sub-11854_ses-01_task-sharedreward_run-2	syngo MR XA60	XA60	0	255	72768	0.35334362555205395	26	26	23	14	0.10196078431372549	0.6227430448626593	0.4414997903583721	19.325939493430663	-288151.61490398156	-382.0987165913831	7.562696229605621	complete	
11854	01	socialdoors	1	sub-11854_ses-01_task-socialdoors_run-1	syngo MR XA60	XA60	0	218	71245	0.33135176677098577	76	76	68	45	0.3486238532110092	0.8189088203108399	0.4927289172875903	35.21410022507687	-292758.283499049	-381.2891741229488	7.568937520220453	complete	
11854	01	trust	1	sub-11854_ses-01_task-trust_run-1	syngo MR XA60	XA60	0	280	72791	0.41215187969656003	107	107	91	54	0.3821428571428571	0.8458975649079765	0.4792628694403194	41.56257816417109	-288849.4145868025	-370.7681358080778	6.048532647554884	complete	
11854	01	trust	2	sub-11854_ses-01_task-trust_run-2	syngo MR XA60	XA60	0	280	70744	0.38191496380644746	94	94	81	49	0.3357142857142857	0.8136964801278266	0.44446319390824174	42.4805319765722	-296211.9544392212	-404.56687043059645	6.777558594986914	complete	
11854	01	ugr	1	sub-11854_ses-01_task-ugr_run-1	syngo MR XA60	XA60	0	240	72489	0.30993448404581581	71	71	62	41	0.29583333333333334	0.8024147884217389	0.5328741815250221	27.38920929192331	-291228.5027396019	-391.22682371116383	8.044628818617293	complete	
11854	01	ugr	2	sub-11854_ses-01_task-ugr_run-2	syngo MR XA60	XA60	0	240	71246	0.31745860599542236	74	74	65	44	0.30833333333333335	0.7989040888018297	0.49535748089151094	32.45944726826055	-293805.9072195361	-410.1102863666398	8.347216391650827	complete	
11861	01	doors	1	sub-11861_ses-01_task-doors_run-1	syngo MR XA60	XA60	1	218	67316	0.14798381825891591	40	40	35	23	0.18433179723502305	0.6107518254478601	0.41990957981045046	20.925072916310135	-292731.50905699783	-824.6136549919959	2.407294371907986	complete	
11861	01	sharedreward	1	sub-11861_ses-01_task-sharedreward_run-1	syngo MR XA60	XA60	1	255	65598	0.14791150670468564	27	27	23	14	0.1062992125984252	0.579986473231972	0.43747604868455775	16.11667817018242	-300903.6855111607	-819.5089333943605	1.6276735668515419	complete	
11861	01	sharedreward	2	sub-11861_ses-01_task-sharedreward_run-2	syngo MR XA60	XA60	1	255	67366	0.15790123778173912	51	51	43	28	0.20078740157480315	0.7025660195616278	0.49384453754653507	19.495214536415077	-294252.805526044	-764.8889025826286	1.7440452613544493	complete	
11861	01	socialdoors	1	sub-11861_ses-01_task-socialdoors_run-1	syngo MR XA60	XA60	1	218	65887	0.14282747234224069	40	40	34	24	0.18433179723502305	0.6237653785280524	0.4305038642150734	20.776405076398376	-297961.3160961491	-826.6359894620743	1.8962467013603257	complete	
11861	01	trust	1	sub-11861_ses-01_task-trust_run-1	syngo MR XA60	XA60	1	280	67427	0.16084549524992628	56	56	47	31	0.2007168458781362	0.7270358015942245	0.5167470395251254	20.891253011512774	-295917.34511237923	-760.808706609071	2.343307866710448	complete	
11861	01	trust	2	sub-11861_ses-01_task-trust_run-2	syngo MR XA60	XA60	1	280	67415	0.13217647189945111	24	24	21	15	0.08602150537634409	0.526444565415871	0.4079725705205542	14.5723855708001	-294881.7306435354	-834.2593108076543	1.4772156179594336	complete	
11861	01	ugr	1	sub-11861_ses-01_task-ugr_run-1	syngo MR XA60	XA60	2	240	67394	0.13960970968296235	45	45	40	26	0.18907563025210083	0.652976280880996	0.44923038444396446	20.186893937065392	-292544.19886386575	-797.0273092239433	2.3711603802891528	complete	
11861	01	ugr	2	sub-11861_ses-01_task-ugr_run-2	syngo MR XA60	XA60	0	240	67654	0.15052988741192153	31	31	28	17	0.12916666666666668	0.6265495253717948	0.4482228844277137	18.488213988846777	-291695.30836708646	-748.9032261400442	1.621416417172385	complete	
11866	01	doors	1	sub-11866_ses-01_task-doors_run-1	syngo MR XA60	XA60	2	218	76294	0.14323132048712056	22	22	20	15	0.10185185185185185	0.4956691757602207	0.36374753377066266	16.34553073737084	-268684.25126731955	-658.2111707621683	6.156887678408543	complete	
11866	01	sharedreward	1	sub-11866_ses-01_task-sharedreward_run-1	syngo MR XA60	XA60	2	255	76114	0.16031864701944853	37	37	34	24	0.14624505928853754	0.5513354681495292	0.3754987453460062	22.272969808464605	-269377.2089330122	-655.8705360716506	7.047017914160496	complete	
11866	01	sharedreward	2	sub-11866_ses-01_task-sharedreward_run-2	syngo MR XA60	XA60	1	255	76029	0.15001628766332675	41	41	35	24	0.16141732283464566	0.5843070374115487	0.4012890234146073	21.96478678536415	-269096.68364453537	-648.9641577957633	7.043525181439045	complete	
11866	01	socialdoors	1	sub-11866_ses-01_task-socialdoors_run-1	syngo MR XA60	XA60	2	218	76134	0.15286838784534765	41	41	36	25	0.18981481481481483	0.5950636412455816	0.38375258925609373	24.976015280040546	-269415.90233129956	-656.3206795978925	6.794736713304914	complete	
11866	01	trust	1	sub-11866_ses-01_task-trust_run-1	syngo MR XA60	XA60	1	280	75911	0.13999740756060289	47	47	41	27	0.16845878136200718	0.6270593318518266	0.41668967282587505	23.501651431668552	-272278.94617452525	-645.9853531709847	5.228853209227268	complete	
11866	01	trust	2	sub-11866_ses-01_task-trust_run-2	syngo MR XA60	XA60	1	280	76197	0.16104503176790119	50	50	42	29	0.17921146953405018	0.6147837810480656	0.3777128003498928	27.064939685933368	-270895.13146559335	-643.8983678180534	6.213093586089626	complete	
11866	01	ugr	1	sub-11866_ses-01_task-ugr_run-1	syngo MR XA60	XA60	2	240	75807	0.15015972840505062	46	46	43	28	0.19327731092436976	0.5986846377518023	0.33942143685064435	29.406178727541125	-270201.4134270732	-645.8114108068052	6.978741749827893	complete	
11866	01	ugr	2	sub-11866_ses-01_task-ugr_run-2	syngo MR XA60	XA60	2	240	75854	0.15054190406765938	43	43	37	28	0.18067226890756302	0.5731414308936859	0.34177813299205545	27.49121564149109	-270121.3958640693	-642.8343477268103	6.581371014187489	complete	
11867	01	doors	1	sub-11867_ses-01_task-doors_run-1	syngo MR XA60	XA60	1	218	67618	0.10276339167670769	19	19	15	10	0.08755760368663594	0.4658717533823674	0.3872305607458516	11.274775453923583	-281451.14058178326	-647.4781620993841	0.7970358698808154	complete	
11867	01	sharedreward	1	sub-11867_ses-01_task-sharedreward_run-1	syngo MR XA60	XA60	1	255	68036	0.072063763850938406	26	26	24	18	0.10236220472440945	0.43839631604547	0.3275615635094686	15.330856385415919	-276824.6400465278	-631.90217396594	0.8502106525721773	complete	
11867	01	sharedreward	2	sub-11867_ses-01_task-sharedreward_run-2	syngo MR XA60	XA60	1	255	66171	0.087418951925209598	32	32	27	19	0.12598425196850394	0.45965091225365023	0.3096490627454697	21.36899310350073	-282491.0115423123	-623.4576458352798	0.6490087362730709	complete	
11867	01	socialdoors	1	sub-11867_ses-01_task-socialdoors_run-1	syngo MR XA60	XA60	1	218	67784	0.092178380087186346	31	31	28	19	0.14285714285714285	0.464281996214134	0.30310135712080755	22.52153132930572	-280447.11092302186	-628.1699900821008	0.9876365733062018	complete	
11867	01	trust	1	sub-11867_ses-01_task-trust_run-1	syngo MR XA60	XA60	1	280	67784	0.065684503458574656	28	28	25	18	0.1003584229390681	0.4898967950494748	0.37435283323176666	13.948652733052336	-278625.7718605924	-629.9556188880092	0.4810290399305267	complete	
11867	01	trust	2	sub-11867_ses-01_task-trust_run-2	syngo MR XA60	XA60	0	280	67915	0.07456953159549877	30	30	27	18	0.10714285714285714	0.44361188936534157	0.3120913277242497	20.267903223272018	-278063.58720087266	-627.0585576680717	1.3090847826472276	complete	
11867	01	ugr	1	sub-11867_ses-01_task-ugr_run-1	syngo MR XA60	XA60	2	240	67651	0.083720070625690771	33	33	29	20	0.13865546218487396	0.5086016058112149	0.35921070214367395	17.472993679903507	-279886.7618057828	-643.3947618621459	0.6387191974640608	complete	
11867	01	ugr	2	sub-11867_ses-01_task-ugr_run-2	syngo MR XA60	XA60	1	240	67503	0.083915155417769338	30	30	26	17	0.12552301255230125	0.4118184546424464	0.2701290394351073	22.357371557925763	-280582.56674547447	-636.9005824967745	1.2417468654263337	complete	
11870	01	doors	1	sub-11870_ses-01_task-doors_run-1	syngo MR XA60	XA60	1	218	75506	0.13364356773187933	25	25	20	13	0.1152073732718894	0.53461189920599	0.40273448221694097	15.455705836461638	-313690.64047974936	-799.6535188726867	1.8507892091194975	complete	
11870	01	sharedreward	1	sub-11870_ses-01_task-sharedreward_run-1	syngo MR XA60	XA60	1	255	75379	0.12884010347540073	24	24	21	12	0.09448818897637795	0.48039932545397024	0.35424793906790175	17.058342280823116	-311412.7062133032	-807.6200837654848	3.006140057159138	complete	
11870	01	sharedreward	2	sub-11870_ses-01_task-sharedreward_run-2	syngo MR XA60	XA60	1	255	75381	0.12307259177891972	12	12	10	6	0.047244094488188976	0.40366999777313484	0.37957749348181646	9.035575802166841	-312137.2475746936	-800.2817529568125	2.882508550379609	complete	
11870	01	socialdoors	1	sub-11870_ses-01_task-socialdoors_run-1	syngo MR XA60	XA60	1	218	75311	0.092647302176244825	31	31	28	20	0.14285714285714285	0.4775596379388962	0.31770685014487154	21.32608604761841	-314293.43306556833	-840.5523656023605	2.413561286586619	complete	
11870	01	trust	1	sub-11870_ses-01_task-trust_run-1	syngo MR XA60	XA60	1	280	75812	0.11383611922989222	22	22	19	12	0.07885304659498207	0.48350157122968973	0.3826292799153717	13.844946505846444	-308768.4987193454	-805.7714200802394	2.0842111429746133	complete	
11870	01	trust	2	sub-11870_ses-01_task-trust_run-2	syngo MR XA60	XA60	2	280	76088	0.12677256282464977	44	44	38	27	0.15827338129496402	0.6094459890287505	0.4185046291779239	19.659291964493917	-309413.06256801996	-822.8702543832534	3.3516589940519834	complete	
11870	01	ugr	1	sub-11870_ses-01_task-ugr_run-1	syngo MR XA60	XA60	1	240	75547	0.14358954467702159	52	52	48	35	0.2175732217573222	0.7578180903748515	0.55286664975012	18.62814801757144	-313032.42705658457	-619.1242389181161	3.6169219245096276	complete	
11870	01	ugr	2	sub-11870_ses-01_task-ugr_run-2	syngo MR XA60	XA60	0	240	74820	0.12509545612533368	21	21	18	10	0.0875	0.47199607243290914	0.38003802626308736	12.637521549234249	-315665.58921081125	-798.5704601372777	1.0139310602084133	complete	
11872	01	doors	1	sub-11872_ses-01_task-doors_run-1	syngo MR XA60	XA60	2	218	88083	0.11093186319072777	57	57	52	37	0.2638888888888889	0.6969385736953421	0.41520175355457184	30.448405343747275	-286337.4912424355	-926.6064914910827	-2.5433975003724565	complete	
11872	01	sharedreward	1	sub-11872_ses-01_task-sharedreward_run-1	syngo MR XA60	XA60	2	255	88280	0.10009372793670879	47	47	42	31	0.1857707509881423	0.6128595104550072	0.3896880056392543	26.290666988744558	-286130.55262278847	-966.8295958478965	-1.8613466042098148	complete	
11872	01	sharedreward	2	sub-11872_ses-01_task-sharedreward_run-2	syngo MR XA60	XA60	1	255	88228	0.16421862695138414	68	68	59	42	0.2677165354330709	0.737943352006308	0.4552041494524769	28.563962249301298	-285411.66994250665	-847.1839058725508	-1.257577994075468	complete	
11872	01	socialdoors	1	sub-11872_ses-01_task-socialdoors_run-1	syngo MR XA60	XA60	1	218	87970	0.091124083919534166	44	44	38	30	0.20276497695852536	0.5894077297961692	0.3406585898706475	29.43571164293874	-286749.83574942226	-989.9306414418387	-1.5109660927645274	complete	
11872	01	trust	1	sub-11872_ses-01_task-trust_run-1	syngo MR XA60	XA60	1	280	88012	0.095171772457033191	48	48	42	31	0.17204301075268819	0.6358100587291295	0.42247484440427646	22.52113079698747	-288094.86763409676	-967.3279832102621	-0.25139555464257857	complete	
11872	01	trust	2	sub-11872_ses-01_task-trust_run-2	syngo MR XA60	XA60	1	280	87952	0.10506015888132557	52	52	46	34	0.1863799283154122	0.6580291059765687	0.42972119996826946	22.546739580251828	-286795.576118187	-929.9961903280387	-2.073773139702729	complete	
11872	01	ugr	1	sub-11872_ses-01_task-ugr_run-1	syngo MR XA60	XA60	1	240	87548	0.08221334289562178	44	44	39	32	0.18410041841004185	0.6282614078123598	0.4157988795741276	19.346695683311154	-289390.7560326482	-951.7752707120842	-0.9586965245649123	complete	
11872	01	ugr	2	sub-11872_ses-01_task-ugr_run-2	syngo MR XA60	XA60	1	240	87525	0.10590478370013413	60	60	54	38	0.2510460251046025	0.7314242094553791	0.47670010013596514	23.533389024530745	-289348.21402662917	-875.9305605644122	-1.0427503603928177	complete	
11876	01	doors	1	sub-11876_ses-01_task-doors_run-1	syngo MR XA60	XA60	1	218	66303	0.13312061375928169	26	26	22	14	0.11981566820276497	0.5501042401575095	0.40274809904346137	16.816655531890564	-303716.5394920323	-852.0647992810727	0.45468735777833336	complete	
11876	01	sharedreward	1	sub-11876_ses-01_task-sharedreward_run-1	syngo MR XA60	XA60	1	255	66205	0.10757740651935073	18	18	16	10	0.07086614173228346	0.44990877177577043	0.37445442673241564	12.686214234187354	-304533.6822559591	-902.3767933554742	0.20621328700619404	complete	
11876	01	sharedreward	2	sub-11876_ses-01_task-sharedreward_run-2	syngo MR XA60	XA60	1	255	66375	0.12825954910286635	25	25	20	13	0.0984251968503937	0.5304913061886043	0.398460079852876	15.829269052275075	-301093.0205599086	-867.5785737392872	-0.009316880281973411	complete	
11876	01	socialdoors	1	sub-11876_ses-01_task-socialdoors_run-1	syngo MR XA60	XA60	1	218	66266	0.10595606770846309	22	22	19	13	0.10138248847926268	0.5369060212484089	0.43013373355243767	13.155915080642348	-305646.3963542534	-897.0167471488083	-0.5143930732874452	complete	
11876	01	trust	1	sub-11876_ses-01_task-trust_run-1	syngo MR XA60	XA60	0	280	66270	0.12515975517762976	15	15	12	7	0.05357142857142857	0.4646431159209849	0.40776496031809095	10.446925082492177	-302579.1507461689	-866.9354085142529	-0.7141959397504447	complete	
11876	01	trust	2	sub-11876_ses-01_task-trust_run-2	syngo MR XA60	XA60	1	280	66299	0.11838343115201815	26	26	22	13	0.0931899641577061	0.5008348572171359	0.3512979651892342	19.37145377672624	-300917.95862413925	-887.8776074970544	-1.4180570640209973	complete	
11876	01	ugr	1	sub-11876_ses-01_task-ugr_run-1	syngo MR XA60	XA60	0	240	66367	0.12138982404625311	47	47	42	28	0.19583333333333333	0.6008034433730403	0.35745567586912974	29.717701091919494	-304631.86503243994	-872.2319690048535	0.5551178997295969	complete	
11876	01	ugr	2	sub-11876_ses-01_task-ugr_run-2	syngo MR XA60	XA60	1	240	66327	0.12468561054300763	13	13	11	6	0.05439330543933055	0.4036830616303887	0.3597890549718873	10.641435049536023	-303773.9742024263	-865.4112727448189	0.39994587647290025	complete	
11877	01	doors	1	sub-11877_ses-01_task-doors_run-1	syngo MR XA60	XA60	1	218	79245	0.15585287900825992	22	22	17	10	0.10138248847926268	0.560542400397236	0.4377117166006661	15.143256620551035	-290575.63411438663	-526.7424740244699	2.689362249064926	complete	
11877	01	sharedreward	1	sub-11877_ses-01_task-sharedreward_run-1	syngo MR XA60	XA60	1	255	78674	0.13120025401546023	63	63	54	34	0.24803149606299213	0.7316433457354136	0.47667111985534005	23.948837851913904	-287413.58372099814	-495.96704486057575	1.4915878317824873	complete	
11877	01	sharedreward	2	sub-11877_ses-01_task-sharedreward_run-2	syngo MR XA60	XA60	0	255	77955	0.21053496805889899	81	81	72	49	0.3176470588235294	0.8386370667423162	0.5892690969304527	19.446022658652204	-291165.6299709109	-394.8953061458746	1.980562234365891	complete	
11877	01	socialdoors	1	sub-11877_ses-01_task-socialdoors_run-1	syngo MR XA60	XA60	1	218	79195	0.14171275892846177	20	20	16	8	0.09216589861751152	0.5410033615806207	0.4368314189940558	11.587398197565447	-290833.5713058881	-555.8562789986881	3.1687191493451383	complete	
11877	01	trust	1	sub-11877_ses-01_task-trust_run-1	syngo MR XA60	XA60	1	280	78982	0.093598874388401462	41	41	36	24	0.14695340501792115	0.5793240907386544	0.4080150327873003	17.616253292870788	-286264.00977539265	-536.514187835186	1.721504102490928	complete	
11877	01	trust	2	sub-11877_ses-01_task-trust_run-2	syngo MR XA60	XA60	1	280	78747	0.10977440805216397	51	51	44	29	0.1827956989247312	0.6702809991060966	0.4729806874694514	17.618999494939413	-288657.44833685283	-517.7498156997444	1.1935319812203826	complete	
11877	01	ugr	1	sub-11877_ses-01_task-ugr_run-1	syngo MR XA60	XA60	1	240	79225	0.16157920989078295	74	74	63	41	0.30962343096234307	0.7619808668148051	0.46179398830669893	30.376039961214303	-290955.25015609106	-520.8748315581145	2.1615187689618387	complete	
11877	01	ugr	2	sub-11877_ses-01_task-ugr_run-2	syngo MR XA60	XA60	1	240	79313	0.20347440249671978	80	80	71	46	0.33472803347280333	0.8185083477984452	0.5346612086428265	27.70325578179578	-292728.020465786	-500.497178662325	1.347753415448666	complete	
11881	01	doors	1	sub-11881_ses-01_task-doors_run-1	syngo MR XA60	XA60	1	218	57871	0.15847711972630774	42	42	38	28	0.1935483870967742	0.7173556286778953	0.5404324305816749	16.698577888690167	-278800.9025353752	-490.0033438499547	3.4346020253193217	complete	
11881	01	sharedreward	1	sub-11881_ses-01_task-sharedreward_run-1	syngo MR XA60	XA60	1	255	57569	0.20442886759876594	44	44	40	28	0.1732283464566929	0.7103568454628743	0.5271546522672869	18.709701753737427	-278798.29099752515	-485.36388208952826	4.582943904987819	complete	
11881	01	sharedreward	2	sub-11881_ses-01_task-sharedreward_run-2	syngo MR XA60	XA60	1	255	57921	0.20290690918859988	46	46	43	28	0.18110236220472442	0.7099808210509478	0.5072311371904892	20.27954245259276	-276639.877479232	-478.82421192035423	5.297550807521318	complete	
11881	01	socialdoors	1	sub-11881_ses-01_task-socialdoors_run-1	syngo MR XA60	XA60	1	218	58028	0.15908529479692479	37	37	32	24	0.17050691244239632	0.6958041343505315	0.5379443467273168	16.350236846609516	-278598.2926054414	-485.4756744507491	3.9817445023344495	complete	
11881	01	trust	1	sub-11881_ses-01_task-trust_run-1	syngo MR XA60	XA60	1	280	57651	0.23897533083648745	56	56	50	35	0.2007168458781362	0.7850250126413093	0.5936415186305939	18.32182453770661	-277678.05349009816	-489.9704301471212	2.4531251691406406	complete	
11881	01	trust	2	sub-11881_ses-01_task-trust_run-2	syngo MR XA60	XA60	1	280	58135	0.30827637923443058	70	70	61	40	0.25089605734767023	0.8356674805700658	0.5823624737895937	24.81520810332779	-274893.58550119185	-480.9756378512034	2.25025000132396	complete	
11881	01	ugr	1	sub-11881_ses-01_task-ugr_run-1	syngo MR XA60	XA60	1	240	57489	0.15763162975869272	39	39	35	26	0.16317991631799164	0.7431036161750036	0.6017311560991505	13.811411668217081	-282841.7569413019	-503.23040570146975	2.732794226257326	complete	
11881	01	ugr	2	sub-11881_ses-01_task-ugr_run-2	syngo MR XA60	XA60	1	240	57699	0.1924877916729513	38	38	34	25	0.1589958158995816	0.6989680881851396	0.5465352997558642	15.98886693340867	-280743.51788941846	-497.82212612557527	5.313216335469709	complete	
11885	01	doors	1	sub-11885_ses-01_task-doors_run-1	syngo MR XA60	XA60	1	218	69040	0.091857418000302393	31	31	29	21	0.14285714285714285	0.5612354082990549	0.41529318751314287	16.941901867236474	-314983.71169574297	-673.8447888136513	2.8012805701603964	complete	
11885	01	sharedreward	1	sub-11885_ses-01_task-sharedreward_run-1	syngo MR XA60	XA60	1	255	69198	0.11515334901822036	43	43	38	27	0.16929133858267717	0.625046782908924	0.4386235952325807	20.00643545422658	-312319.2413591682	-641.4936690840483	3.438870602445429	complete	
11885	01	sharedreward	2	sub-11885_ses-01_task-sharedreward_run-2	syngo MR XA60	XA60	1	255	67889	0.15015225406156166	22	22	18	13	0.08661417322834646	0.5202295518123401	0.41335817369140737	13.66292502293328	-315150.92195165437	-646.8435402749727	3.1382553360923118	complete	
11885	01	socialdoors	1	sub-11885_ses-01_task-socialdoors_run-1	syngo MR XA60	XA60	2	218	69035	0.10018998498519779	34	34	29	22	0.1574074074074074	0.5715776813174669	0.41534645695895767	16.6730902345568	-314441.454135801	-686.6014712591476	2.5303544815157175	complete	
11885	01	trust	1	sub-11885_ses-01_task-trust_run-1	syngo MR XA60	XA60	3	280	68725	0.17261279049650241	56	56	50	34	0.20216606498194944	0.685013699289394	0.4455688779580043	24.67703168486752	-311161.41338791343	-597.2433373099498	4.315436770412662	complete	
11885	01	trust	2	sub-11885_ses-01_task-trust_run-2	syngo MR XA60	XA60	2	280	69318	0.21956463386666414	19	19	15	8	0.0683453237410072	0.4989877783413837	0.39918029777729946	13.582914062483159	-308269.90385470464	-587.4400844431063	4.474366858900233	complete	
11885	01	ugr	1	sub-11885_ses-01_task-ugr_run-1	syngo MR XA60	XA60	1	240	69294	0.13783477800192154	47	47	40	28	0.19665271966527198	0.6740032133088741	0.4765546676349656	18.61043914259599	-315299.036423949	-648.1712178113488	1.6482516270403407	complete	
11885	01	ugr	2	sub-11885_ses-01_task-ugr_run-2	syngo MR XA60	XA60	2	240	67905	0.12590892246697125	41	41	38	26	0.1722689075630252	0.5836217646438864	0.3817153755218996	22.96320232991237	-319678.5443287345	-655.2934367117639	2.860018601138831	complete	
11891	01	doors	1	sub-11891_ses-01_task-doors_run-1	syngo MR XA60	XA60	1	218	65089	0.18875100121633581	44	44	40	27	0.20276497695852536	0.6618423089588148	0.44487170048956415	22.964694338604968	-301471.65905157675	-625.1958547697109	6.417313428839933	complete	
11891	01	sharedreward	1	sub-11891_ses-01_task-sharedreward_run-1	syngo MR XA60	XA60	2	255	66104	0.20133062579487085	42	42	36	25	0.16600790513833993	0.649714537598871	0.4772315983266228	19.177315985492136	-289835.8659327957	-582.1771698199726	7.827479500119336	complete	
11891	01	sharedreward	2	sub-11891_ses-01_task-sharedreward_run-2	syngo MR XA60	XA60	0	255	66174	0.1793507717010594	43	43	37	24	0.16862745098039217	0.6535703602857447	0.4819115570644299	19.21409576154303	-289054.9984775143	-595.1644512650345	7.395201218521176	complete	
11891	01	socialdoors	1	sub-11891_ses-01_task-socialdoors_run-1	syngo MR XA60	XA60	1	218	66491	0.19314063909440979	51	51	44	29	0.2350230414746544	0.7405344202299787	0.5375998257040274	18.130301272889554	-296886.7820012157	-618.7272254183176	4.344565709552519	complete	
11891	01	trust	1	sub-11891_ses-01_task-trust_run-1	syngo MR XA60	XA60	0	280	64691	0.16832870185050519	44	44	37	27	0.15714285714285714	0.6544952812421071	0.47401292948697454	19.94524606002902	-295600.9443871402	-586.5925592105435	5.63341052905225	complete	
11891	01	trust	2	sub-11891_ses-01_task-trust_run-2	syngo MR XA60	XA60	0	280	66138	0.18532420829546301	51	51	44	30	0.18214285714285713	0.6845914890594397	0.47513620428307446	22.845063724930604	-290432.9815367592	-553.0761212124662	6.5918739150642836	complete	
11891	01	ugr	1	sub-11891_ses-01_task-ugr_run-1	syngo MR XA60	XA60	0	240	66388	0.20155850189457214	48	48	41	29	0.2	0.6751421959400936	0.4606416543122126	22.59075808047071	-296510.4154444268	-635.6754186913282	5.761132751311363	complete	
11891	01	ugr	2	sub-11891_ses-01_task-ugr_run-2	syngo MR XA60	XA60	1	240	66454	0.18188492830912195	41	41	35	24	0.17154811715481172	0.6310203753941479	0.45079672157966594	19.856781669374918	-295586.2043880812	-658.5913144575155	5.979887860127024	complete	
11897	01	doors	1	sub-11897_ses-01_task-doors_run-1	syngo MR XA60	XA60	1	218	74787	0.11806235037863574	30	30	27	20	0.1382488479262673	0.5520849869455811	0.4101624598012415	17.87378674821053	-263351.6070353934	-590.6775822561855	6.517420042121796	complete	
11897	01	sharedreward	1	sub-11897_ses-01_task-sharedreward_run-1	syngo MR XA60	XA60	0	255	74321	0.13526998154977038	36	36	32	22	0.1411764705882353	0.6021953443666773	0.4480608603064832	17.043836051031978	-264612.8694352547	-570.851415375406	6.086672916055279	complete	
11897	01	sharedreward	2	sub-11897_ses-01_task-sharedreward_run-2	syngo MR XA60	XA60	1	255	74219	0.13478809902827246	40	40	36	25	0.15748031496062992	0.6113590147767791	0.4374032913822258	19.617785430240726	-265517.5644360138	-572.1117594955832	5.782692186843302	complete	
11897	01	socialdoors	1	sub-11897_ses-01_task-socialdoors_run-1	syngo MR XA60	XA60	1	218	74857	0.11402309162853998	29	29	25	19	0.1336405529953917	0.5206640647162398	0.3835738138491535	17.668667331010692	-263149.65663046227	-603.8431116248613	6.837070688946901	complete	
11897	01	trust	1	sub-11897_ses-01_task-trust_run-1	syngo MR XA60	XA60	0	280	74293	0.12871580466962798	39	39	33	24	0.1392857142857143	0.6047801204119504	0.44064197332060373	18.927289581263164	-265939.71915993013	-577.178159541896	6.2892346247974595	complete	
11897	01	trust	2	sub-11897_ses-01_task-trust_run-2	syngo MR XA60	XA60	1	280	73958	0.12181212953107808	35	35	29	22	0.12544802867383512	0.6116662498794431	0.48170965250902775	13.846829688448155	-267050.4692128513	-600.7345440278865	5.821045257353006	complete	
11897	01	ugr	1	sub-11897_ses-01_task-ugr_run-1	syngo MR XA60	XA60	1	240	74400	0.1138009247455072	26	26	22	16	0.1087866108786611	0.46000907320214685	0.34448772715555087	17.10309420798776	-264650.2541774121	-606.4991163599303	6.3185792296899415	complete	
11897	01	ugr	2	sub-11897_ses-01_task-ugr_run-2	syngo MR XA60	XA60	1	240	74662	0.12541583236977427	32	32	28	20	0.13389121338912133	0.5307908923686683	0.3762637850078704	19.618926569563747	-263901.10781150154	-584.1439746718189	7.254752243370982	complete	
11900	01	doors	1	sub-11900_ses-01_task-doors_run-1	syngo MR XA60	XA60	0	218	71882	0.1186776844763523	42	42	36	25	0.1926605504587156	0.616327937464266	0.42127223480665826	22.35548298842673	-305702.11523519695	-657.1620219517787	4.024275529812818	complete	
11900	01	sharedreward	1	sub-11900_ses-01_task-sharedreward_run-1	syngo MR XA60	XA60	1	255	71790	0.15209320018984987	27	27	22	14	0.1062992125984252	0.5702282265584111	0.4346360352611759	16.260442889396323	-305567.79944758216	-632.7057178974743	2.968940187222869	complete	
11900	01	sharedreward	2	sub-11900_ses-01_task-sharedreward_run-2	syngo MR XA60	XA60	0	255	71681	0.15931483738198213	32	32	27	17	0.12549019607843137	0.5814482922830254	0.40340008254443843	20.86002430768763	-306057.56370008516	-631.8240849194324	3.7398513662479917	complete	
11900	01	socialdoors	1	sub-11900_ses-01_task-socialdoors_run-1	syngo MR XA60	XA60	1	218	70379	0.12613397838781412	42	42	39	26	0.1935483870967742	0.6341831360522882	0.4383808945526344	22.159609269194647	-311828.25524620974	-655.5195885012143	2.8758345632348314	complete	
11900	01	trust	1	sub-11900_ses-01_task-trust_run-1	syngo MR XA60	XA60	1	280	71867	0.15839994790264636	30	30	25	15	0.10752688172043011	0.5885004075311643	0.4311621507974681	17.851326403860764	-305149.96854468226	-649.9360949237747	3.388595142427238	complete	
11900	01	trust	2	sub-11900_ses-01_task-trust_run-2	syngo MR XA60	XA60	1	280	70080	0.14934349005315389	30	30	26	16	0.10752688172043011	0.5861990944928939	0.4312865968270198	17.246319206815905	-311118.802168283	-632.4757009999026	3.964854439959964	complete	
11900	01	ugr	1	sub-11900_ses-01_task-ugr_run-1	syngo MR XA60	XA60	1	240	72142	0.12524024692617797	27	27	22	14	0.11297071129707113	0.5596568291106284	0.420207342908023	17.03969615981241	-305047.88737997395	-658.7438861313415	3.026713189672291	complete	
11900	01	ugr	2	sub-11900_ses-01_task-ugr_run-2	syngo MR XA60	XA60	0	240	72211	0.13070369271384072	45	45	37	25	0.1875	0.6205586508463142	0.4115201566645499	24.195581548720757	-304558.138841262	-661.6599089329336	4.503214286542275	complete	
11902	01	doors	1	sub-11902_ses-01_task-doors_run-1	syngo MR XA60	XA60	1	218	82371	0.09345405443417118	54	54	47	33	0.2488479262672811	0.7006177268295238	0.43530012423845277	29.976862273044272	-281005.9288995604	-624.7006836005988	2.596169779464006	complete	
11902	01	sharedreward	1	sub-11902_ses-01_task-sharedreward_run-1	syngo MR XA60	XA60	1	255	82090	0.11826942812814949	65	65	57	40	0.2559055118110236	0.7775358724965794	0.5274113316559208	24.469314114012793	-281075.960051051	-560.0861015832994	2.0514479840631514	complete	
11902	01	sharedreward	2	sub-11902_ses-01_task-sharedreward_run-2	syngo MR XA60	XA60	1	255	82272	0.23055756449676831	98	98	86	54	0.3858267716535433	0.866163818247739	0.5678687153205654	27.976718703623266	-281413.4360147266	-436.63016412057425	2.693540002413068	complete	
11902	01	socialdoors	1	sub-11902_ses-01_task-socialdoors_run-1	syngo MR XA60	XA60	1	218	82234	0.10595390018242483	49	49	44	32	0.22580645161290322	0.7188158183333448	0.48100783167609723	24.24586738977205	-281155.7711402622	-606.134972047073	1.9458046372152367	complete	
11902	01	trust	1	sub-11902_ses-01_task-trust_run-1	syngo MR XA60	XA60	1	280	82131	0.14310638276880705	32	32	25	14	0.11469534050179211	0.6610072640499	0.46453866759626433	19.4328344815098	-280986.76309513976	-502.6042562724794	2.4888788355927653	complete	
11902	01	trust	2	sub-11902_ses-01_task-trust_run-2	syngo MR XA60	XA60	1	280	81975	0.16551814314335792	92	92	81	56	0.32974910394265233	0.8323322276051609	0.5101559122000521	32.8195407870058	-281300.796324525	-465.61005544891793	2.3937234381944275	complete	
11902	01	ugr	1	sub-11902_ses-01_task-ugr_run-1	syngo MR XA60	XA60	1	240	82191	0.084257112086495348	48	48	44	30	0.200836820083682	0.7064987176067634	0.5186500587085491	17.084803310277763	-282012.21719758626	-645.0319902834615	1.435009239983918	complete	
11902	01	ugr	2	sub-11902_ses-01_task-ugr_run-2	syngo MR XA60	XA60	1	240	82054	0.11247583867805365	53	53	48	34	0.2217573221757322	0.6993607500657214	0.44011218265853613	28.389898218610963	-282524.2811438266	-583.9648318978055	2.882608988904777	complete	
11909	01	doors	1	sub-11909_ses-01_task-doors_run-1	syngo MR XA60	XA60	1	218	76859	0.18978810490808468	73	73	63	43	0.33640552995391704	0.8062898285745019	0.5160659217194884	29.594672134422975	-279256.22755830403	-585.5507082836368	4.685839415451911	complete	
11909	01	sharedreward	1	sub-11909_ses-01_task-sharedreward_run-1	syngo MR XA60	XA60	0	255	77906	0.35661207246987725	119	119	102	63	0.4666666666666667	0.8870478094345932	0.5058285718379062	40.89457745372627	-265272.58449562255	-473.0578945009804	1.0489192552356814	complete	
11909	01	sharedreward	2	sub-11909_ses-01_task-sharedreward_run-2	syngo MR XA60	XA60	0	255	76873	0.32206473521124102	122	122	109	67	0.47843137254901963	0.9044350978332191	0.527747516392853	40.1134278178236	-277065.2334619557	-465.6212715276338	7.171750542034968	complete	
11909	01	socialdoors	1	sub-11909_ses-01_task-socialdoors_run-1	syngo MR XA60	XA60	1	218	76846	0.14677182861651594	62	62	54	36	0.2857142857142857	0.7705708630843758	0.5213056142747798	25.96419800459937	-278181.9810597167	-607.2369057372485	5.112715361182323	complete	
11909	01	trust	1	sub-11909_ses-01_task-trust_run-1	syngo MR XA60	XA60	0	280	76656	0.32863297918281298	121	121	102	62	0.43214285714285716	0.8848408434604853	0.5125954482276507	42.17784479097056	-280656.85069059196	-458.163620321178	6.446205052543964	complete	
11909	01	trust	2	sub-11909_ses-01_task-trust_run-2	syngo MR XA60	XA60	3	280	75473	0.24916695641856823	106	106	91	58	0.38267148014440433	0.8727974639855308	0.549979486054949	31.678257981109528	-282939.88244621025	-490.06425217979387	4.594479948689405	complete	
11909	01	ugr	1	sub-11909_ses-01_task-ugr_run-1	syngo MR XA60	XA60	1	240	76776	0.23529072004803081	99	99	85	57	0.41422594142259417	0.8656400885810891	0.5404516767786727	33.53115012285481	-281258.58381211164	-485.6932449988914	6.239348702421093	complete	
11909	01	ugr	2	sub-11909_ses-01_task-ugr_run-2	syngo MR XA60	XA60	1	240	75718	0.16192098617585954	80	80	70	46	0.33472803347280333	0.8091542652814632	0.4926229801673795	32.53845604344296	-283412.23680117825	-568.5552223413086	5.287488357637373	complete	
11913	01	doors	1	sub-11913_ses-01_task-doors_run-1	syngo MR XA60	XA60	1	218	74597	0.10677836047921709	28	28	24	18	0.12903225806451613	0.4934892646554546	0.36883338845321123	17.419946766573002	-297472.2402147202	-891.4233009714013	-0.5337946495695987	complete	
11913	01	sharedreward	1	sub-11913_ses-01_task-sharedreward_run-1	syngo MR XA60	XA60	0	255	74698	0.11063241120882319	38	38	34	24	0.14901960784313725	0.5610574403948976	0.38389209708880767	22.173262767479528	-295472.3113539258	-817.1414807328773	0.37712668517665054	complete	
11913	01	sharedreward	2	sub-11913_ses-01_task-sharedreward_run-2	syngo MR XA60	XA60	1	255	73218	0.14803034597097756	52	52	47	30	0.2047244094488189	0.7750749719270694	0.6088139883182964	16.680216536205176	-300664.9642981741	-724.4487902612676	-1.230691458727022	complete	
11913	01	socialdoors	1	sub-11913_ses-01_task-socialdoors_run-1	syngo MR XA60	XA60	1	218	74836	0.10473788458236415	32	32	29	22	0.14746543778801843	0.539291774856468	0.3799684912173649	20.65347906504996	-296020.210675239	-844.1025934235413	-0.19232601109665895	complete	
11913	01	trust	1	sub-11913_ses-01_task-trust_run-1	syngo MR XA60	XA60	1	280	71030	0.1190429723878942	44	44	37	28	0.15770609318996415	0.58154204069671	0.3797462398194884	25.613958722389203	-302856.4054330385	-802.9150310011419	-0.3589010132178467	complete	
11913	01	trust	2	sub-11913_ses-01_task-trust_run-2	syngo MR XA60	XA60	1	280	74905	0.11121166134535122	38	38	34	23	0.13620071684587814	0.5736216300334936	0.41878774806098806	17.993869717609474	-293919.1845950327	-849.1365408706387	-0.3749793521719637	complete	
11913	01	ugr	1	sub-11913_ses-01_task-ugr_run-1	syngo MR XA60	XA60	2	240	74608	0.096447458841886657	30	30	26	20	0.12605042016806722	0.5290965947599203	0.40330858518030127	16.757213852838085	-298745.36041182006	-878.1636012591185	-0.9615091966264602	complete	
11913	01	ugr	2	sub-11913_ses-01_task-ugr_run-2	syngo MR XA60	XA60	2	240	74680	0.099624590809796368	36	36	31	23	0.15126050420168066	0.5282894036293319	0.35505043654513047	23.072572569808656	-297518.84077157796	-855.2024313588082	-0.46389286348613223	complete	
11914	01	doors	1	sub-11914_ses-01_task-doors_run-1	syngo MR XA60	XA60	1	218	82352	0.1216051256287944	43	43	39	27	0.19815668202764977	0.642407587894436	0.4456775339485005	19.887509717031108	-295485.395110651	-499.15628863828624	11.096851998886377	complete	
11914	01	sharedreward	1	sub-11914_ses-01_task-sharedreward_run-1	syngo MR XA60	XA60	1	255	82572	0.12108405165658315	28	28	24	16	0.11023622047244094	0.548451478205457	0.3998898506137158	17.949675134142915	-292879.541313539	-483.92662723249987	12.221319239051743	complete	
11914	01	sharedreward	2	sub-11914_ses-01_task-sharedreward_run-2	syngo MR XA60	XA60	1	255	82541	0.11847499693332583	25	25	22	15	0.0984251968503937	0.5075705857691429	0.3757561954695604	16.42502921979183	-292942.06783839205	-492.31604734735936	13.103768517743639	complete	
11914	01	socialdoors	1	sub-11914_ses-01_task-socialdoors_run-1	syngo MR XA60	XA60	1	218	82610	0.11325281672003251	22	22	18	11	0.10138248847926268	0.48008404796283577	0.37598288074111663	14.682160726126519	-293330.6440638563	-511.5208827203931	13.414149274230775	complete	
11914	01	trust	1	sub-11914_ses-01_task-trust_run-1	syngo MR XA60	XA60	1	280	82544	0.12160435424437517	43	43	39	25	0.15412186379928317	0.559999125671525	0.36837995199319296	23.424168572351004	-291273.73586489767	-487.8082335459038	13.026017383059092	complete	
11914	01	trust	2	sub-11914_ses-01_task-trust_run-2	syngo MR XA60	XA60	1	280	82430	0.1286821652143782	16	16	12	8	0.05734767025089606	0.4563925773502507	0.39401972804296487	10.549007293337828	-291424.17676736764	-489.7465560389736	12.064216391758887	complete	
11914	01	ugr	1	sub-11914_ses-01_task-ugr_run-1	syngo MR XA60	XA60	1	240	82319	0.12276183932425172	26	26	22	13	0.1087866108786611	0.5431126716085057	0.4173716093424234	16.19513093736913	-298418.41411705647	-485.4895147105709	10.131053081747657	complete	
11914	01	ugr	2	sub-11914_ses-01_task-ugr_run-2	syngo MR XA60	XA60	1	240	82461	0.10947936286489039	26	26	23	15	0.1087866108786611	0.5268458525951449	0.391051140606431	17.29477179978103	-297332.3822074225	-494.14424069648425	11.605719137185435	complete	
11920	01	doors	1	sub-11920_ses-01_task-doors_run-1	syngo MR XA60	XA60	0	218	69956	0.20870916012673696	18	18	12	7	0.08256880733944955	0.47672964679159674	0.3796021053228297	13.60625748108456	-309931.8624084706	-489.2919288999558	7.635712283876266	complete	
11920	01	sharedreward	1	sub-11920_ses-01_task-sharedreward_run-1	syngo MR XA60	XA60	1	255	68969	0.22349976762745541	65	65	57	39	0.2559055118110236	0.7519550420082096	0.4862572860724383	25.58239421817431	-311387.4580028003	-445.81936136138347	6.609612789993455	complete	
11920	01	sharedreward	2	sub-11920_ses-01_task-sharedreward_run-2	syngo MR XA60	XA60	0	255	69967	0.26754766872492186	18	18	14	7	0.07058823529411765	0.453945632930875	0.3601961619047862	14.220008081936673	-307348.39433873404	-476.66447365036817	8.963320875162227	complete	
11920	01	socialdoors	1	sub-11920_ses-01_task-socialdoors_run-1	syngo MR XA60	XA60	0	218	69055	0.26454381405535615	74	74	66	44	0.3394495412844037	0.8004228836129023	0.49143810048854014	28.52214472929316	-312385.2608004871	-438.71875429106234	6.016130711184575	complete	
11920	01	trust	1	sub-11920_ses-01_task-trust_run-1	syngo MR XA60	XA60	2	280	69978	0.22333831103094187	65	65	59	40	0.23381294964028776	0.7408127152431319	0.4782174342745621	25.47756251601281	-307045.62725210766	-458.0284726963873	6.411076814834768	complete	
11920	01	trust	2	sub-11920_ses-01_task-trust_run-2	syngo MR XA60	XA60	1	280	70247	0.32049228018837211	89	89	79	55	0.31899641577060933	0.8469875801320418	0.5399417310858378	30.60927403216224	-305752.0248223324	-370.171812231753	6.198366392261517	complete	
11920	01	ugr	1	sub-11920_ses-01_task-ugr_run-1	syngo MR XA60	XA60	3	240	70545	0.31595573862138665	78	78	71	48	0.3291139240506329	0.8201838405583619	0.5019774602005257	29.584557412751018	-308763.2904573549	-399.4476869259997	7.158639497534666	complete	
11920	01	ugr	2	sub-11920_ses-01_task-ugr_run-2	syngo MR XA60	XA60	0	240	70014	0.25329917477965341	22	22	18	8	0.09166666666666666	0.5287218407839593	0.3975905712009526	16.62260252411805	-310297.7666455035	-461.70330488764444	8.057993363442716	complete	
11922	01	doors	1	sub-11922_ses-01_task-doors_run-1	syngo MR XA60	XA60	1	218	82904	0.12703826849659652	54	54	48	33	0.2488479262672811	0.6985423447467111	0.4553784349728917	26.727074303567147	-279340.7333473316	-574.331700216312	3.805678593616121	complete	
11922	01	sharedreward	1	sub-11922_ses-01_task-sharedreward_run-1	syngo MR XA60	XA60	0	255	82940	0.37426323591731303	27	27	24	13	0.10588235294117647	0.6101670503751974	0.45088206000875675	17.441308095125763	-279103.31840212556	-499.0871758517936	6.765926865463229	complete	
11922	01	sharedreward	2	sub-11922_ses-01_task-sharedreward_run-2	syngo MR XA60	XA60	0	255	83886	0.53912967026642777	142	142	116	68	0.5568627450980392	0.9206663509596656	0.5277375050976488	40.17235102315963	-275823.0312227541	-383.5681492479105	6.576954537442201	complete	
11922	01	socialdoors	1	sub-11922_ses-01_task-socialdoors_run-1	syngo MR XA60	XA60	0	218	82668	0.2114692310246771	18	18	14	10	0.08256880733944955	0.5148682650289178	0.4299791851207706	13.10372003170785	-279155.33249064104	-564.9767736827077	7.14442651960586	complete	
11922	01	trust	1	sub-11922_ses-01_task-trust_run-1	syngo MR XA60	XA60	1	280	82661	0.49173311426034066	123	123	104	63	0.44086021505376344	0.8707221092119003	0.4844829057932353	42.694403516599394	-281370.58051629737	-439.2330716587271	5.296684017700476	complete	
11922	01	trust	2	sub-11922_ses-01_task-trust_run-2	syngo MR XA60	XA60	0	280	81833	0.45096779944530446	32	32	25	15	0.11428571428571428	0.6439034169308754	0.44958180340541626	20.379538774935448	-293609.416618562	-466.3645064774057	4.8355240888878575	complete	
11922	01	ugr	1	sub-11922_ses-01_task-ugr_run-1	syngo MR XA60	XA60	1	240	82795	0.15842790819172728	21	21	18	12	0.08786610878661087	0.5513226817187966	0.43601110124016196	14.521718234413918	-281455.8816155115	-551.8843441762527	5.256230222408144	complete	
11922	01	ugr	2	sub-11922_ses-01_task-ugr_run-2	syngo MR XA60	XA60	1	240	81611	0.14256268916434142	50	50	47	31	0.20920502092050208	0.6528055941106296	0.42738331462796797	26.560499375149817	-283954.883044242	-579.922702766875	6.052218336718032	complete	
11923	01	doors	1	sub-11923_ses-01_task-doors_run-1	syngo MR XA60	XA60	1	218	77553	0.11628643578068597	57	57	51	38	0.2626728110599078	0.6859911763384738	0.380974821634326	32.78073602479492	-280097.71881768253	-599.7432045725914	6.238154857421551	complete	
11923	01	sharedreward	1	sub-11923_ses-01_task-sharedreward_run-1	syngo MR XA60	XA60	2	255	76694	0.12150165193793205	61	61	54	37	0.24110671936758893	0.6826903041201147	0.381693174455639	33.54337418610064	-279851.8380970092	-588.1845284272603	4.957138638918919	complete	
11923	01	sharedreward	2	sub-11923_ses-01_task-sharedreward_run-2	syngo MR XA60	XA60	2	255	77128	0.11649791420086626	53	53	45	31	0.20948616600790515	0.6621553917707217	0.4215255824484448	25.958720221153637	-273357.1754752723	-640.6492517281923	2.7819292738729082	complete	
11923	01	socialdoors	1	sub-11923_ses-01_task-socialdoors_run-1	syngo MR XA60	XA60	1	218	79003	0.11515916660975914	57	57	50	34	0.2626728110599078	0.679169104128772	0.3775152187241598	33.02288204233005	-275324.09873398766	-592.9973270498464	7.303374569788333	complete	
11923	01	trust	1	sub-11923_ses-01_task-trust_run-1	syngo MR XA60	XA60	2	280	78742	0.11824138184098233	56	56	48	34	0.2014388489208633	0.6619832191380983	0.4123600033903308	26.92147669001124	-268694.9186442977	-610.0997206714866	3.3264023603964317	complete	
11923	01	trust	2	sub-11923_ses-01_task-trust_run-2	syngo MR XA60	XA60	1	280	78154	0.16617468943131669	69	69	61	41	0.24731182795698925	0.7758311893911086	0.508538833591306	23.601928589482423	-274292.22655767575	-449.26210772518317	4.465110213733412	complete	
11923	01	ugr	1	sub-11923_ses-01_task-ugr_run-1	syngo MR XA60	XA60	1	240	77305	0.10470763064629514	57	57	51	34	0.2384937238493724	0.6863394722758749	0.4201249205362408	28.3825260107542	-280294.2215604633	-625.2346925135301	3.927237077360912	complete	
11923	01	ugr	2	sub-11923_ses-01_task-ugr_run-2	syngo MR XA60	XA60	1	240	77623	0.12638968839699904	60	60	53	36	0.2510460251046025	0.6965644022719554	0.4027591412565354	32.73710432880384	-279352.0562104671	-595.2712564270255	3.76241204775428	complete	
11924	01	doors	1	sub-11924_ses-01_task-doors_run-1	syngo MR XA60	XA60	1	218	67509	0.18062453182879143	37	37	33	24	0.17050691244239632	0.6012306494405484	0.4149198814559937	20.84855990587692	-283346.8274103267	-654.0546151615969	10.030229844726502	complete	
11924	01	sharedreward	1	sub-11924_ses-01_task-sharedreward_run-1	syngo MR XA60	XA60	2	255	67536	0.15613473344619544	34	34	32	23	0.13438735177865613	0.6003033134263918	0.45216702819581545	16.920908991491743	-285206.7280756733	-683.9796433944192	7.462260311759332	complete	
11924	01	sharedreward	2	sub-11924_ses-01_task-sharedreward_run-2	syngo MR XA60	XA60	2	255	67220	0.15738505021398946	39	39	33	24	0.1541501976284585	0.6002319132732695	0.4201952106332963	21.61167954306666	-285636.1638884251	-658.1104164371467	7.903331819785522	complete	
11924	01	socialdoors	1	sub-11924_ses-01_task-socialdoors_run-1	syngo MR XA60	XA60	1	218	67246	0.17754589953383262	41	41	37	27	0.1889400921658986	0.6564185457277693	0.4672497295704621	19.59936674084903	-285103.6431200559	-650.5188243412249	7.991984555227291	complete	
11924	01	trust	1	sub-11924_ses-01_task-trust_run-1	syngo MR XA60	XA60	0	280	67364	0.19492281526493452	55	55	48	34	0.19642857142857142	0.6880688722886543	0.42768301244728707	28.880240618487043	-286794.08195073094	-635.8041826091405	7.68165254446572	complete	
11924	01	trust	2	sub-11924_ses-01_task-trust_run-2	syngo MR XA60	XA60	1	280	67287	0.14457284517521427	39	39	35	26	0.13978494623655913	0.6114586023431695	0.4520226471950047	18.361119205321167	-286832.8490308715	-683.0175814603101	7.374983579841501	complete	
11924	01	ugr	1	sub-11924_ses-01_task-ugr_run-1	syngo MR XA60	XA60	1	240	67416	0.1772725811242889	40	40	35	25	0.16736401673640167	0.6297012096916257	0.4442015350374931	20.954741325942297	-283006.786173675	-641.2317612865401	8.368383613213357	complete	
11924	01	ugr	2	sub-11924_ses-01_task-ugr_run-2	syngo MR XA60	XA60	2	240	67221	0.16272648566372691	38	38	35	24	0.15966386554621848	0.5841104627266326	0.404196753568283	20.993953801089273	-282764.47287050134	-668.3812206270104	8.16396433573662	complete	
11926	01	doors	1	sub-11926_ses-01_task-doors_run-1	syngo MR XA60	XA60	1	218	93485	0.10867875009455778	52	52	45	33	0.23963133640552994	0.7014119658159108	0.47114366278472947	25.298153209713163	-294540.4961144145	-670.8840107056776	0.33233506469317237	complete	
11926	01	sharedreward	1	sub-11926_ses-01_task-sharedreward_run-1	syngo MR XA60	XA60	2	255	91390	0.10099547226270614	46	46	42	30	0.18181818181818182	0.6738539362788936	0.4993509264588452	19.04072312192317	-301385.61978818686	-712.7609124675745	-0.12276197977332402	complete	
11926	01	sharedreward	2	sub-11926_ses-01_task-sharedreward_run-2	syngo MR XA60	XA60	2	255	93379	0.096295246952727051	48	48	42	29	0.18972332015810275	0.6731661406494801	0.49372783415178795	19.391120671631022	-295639.7851234909	-723.1776549211951	-0.33917025140461693	complete	
11926	01	socialdoors	1	sub-11926_ses-01_task-socialdoors_run-1	syngo MR XA60	XA60	2	218	93494	0.10852210817520083	49	49	44	30	0.22685185185185186	0.6820498105754681	0.4721771644380033	21.688121722415918	-295870.9198707347	-713.2263592263691	0.43292530266095636	complete	
11926	01	trust	1	sub-11926_ses-01_task-trust_run-1	syngo MR XA60	XA60	1	280	92505	0.11400585538853539	57	57	48	31	0.20430107526881722	0.7264431701931143	0.5441208263250278	16.275954192148866	-298413.65983124595	-702.3782781715819	0.9987652333137135	complete	
11926	01	trust	2	sub-11926_ses-01_task-trust_run-2	syngo MR XA60	XA60	3	280	93592	0.10143925133742236	26	26	23	15	0.09386281588447654	0.5333360704108694	0.4167055342318854	16.04040836359062	-294290.74672069715	-723.0613465065393	0.04024399165558368	complete	
11926	01	ugr	1	sub-11926_ses-01_task-ugr_run-1	syngo MR XA60	XA60	1	240	93612	0.12245054042557287	57	57	48	34	0.2384937238493724	0.7266194956942683	0.5003267675136251	22.742899775739073	-295120.4877468651	-682.6633233985649	0.9444833800043648	complete	
11926	01	ugr	2	sub-11926_ses-01_task-ugr_run-2	syngo MR XA60	XA60	2	240	94718	0.11180650148712551	43	43	38	27	0.18067226890756302	0.601540236721054	0.4127407255149162	22.97948438433205	-302694.5701292685	-664.7428581959772	1.8604413549549002	complete	
11928	01	doors	1	sub-11928_ses-01_task-doors_run-1	syngo MR XA60	XA60	2	218	70797	0.16022439197621721	38	38	34	23	0.17592592592592593	0.6368253266822981	0.4750234783388437	16.790262915668848	-287501.338310513	-797.4377793347624	1.1974885352577878	complete	
11928	01	sharedreward	1	sub-11928_ses-01_task-sharedreward_run-1	syngo MR XA60	XA60	1	255	71118	0.12513539165556947	43	43	37	24	0.16929133858267717	0.6401885535527196	0.47648614112627513	17.55489003979906	-288216.12171427044	-784.3466809816321	1.5772358433005582	complete	
11928	01	sharedreward	2	sub-11928_ses-01_task-sharedreward_run-2	syngo MR XA60	XA60	2	255	71056	0.15686807624231078	49	49	43	26	0.19367588932806323	0.6909659327331762	0.5196885455095461	17.12518349328124	-287294.66640361183	-802.0916814425814	1.5590444130984442	complete	
11928	01	socialdoors	1	sub-11928_ses-01_task-socialdoors_run-1	syngo MR XA60	XA60	1	218	70925	0.15394938763896027	40	40	36	23	0.18433179723502305	0.658086407250843	0.4984086776981382	15.933397396245006	-287370.9282165517	-808.0365199890207	1.5188908406266235	complete	
11928	01	trust	1	sub-11928_ses-01_task-trust_run-1	syngo MR XA60	XA60	1	280	70617	0.20710291558210581	72	72	63	44	0.25806451612903225	0.7776978089056044	0.511772195881061	26.092857475971883	-290216.02434140944	-659.2468988537929	2.8944230884886695	complete	
11928	01	trust	2	sub-11928_ses-01_task-trust_run-2	syngo MR XA60	XA60	1	280	71338	0.1507984360711514	49	49	43	30	0.17562724014336917	0.6333376172623781	0.4215562239257299	23.760790375900612	-287101.06037614954	-784.5109549416753	3.144515430203954	complete	
11928	01	ugr	1	sub-11928_ses-01_task-ugr_run-1	syngo MR XA60	XA60	2	240	70997	0.14655000369461479	45	45	38	27	0.18907563025210083	0.673579952508533	0.5007997318699684	16.822904564039153	-286224.1440258499	-821.0902324530629	-0.06695088884473792	complete	
11928	01	ugr	2	sub-11928_ses-01_task-ugr_run-2	syngo MR XA60	XA60	2	240	70855	0.14756355331351639	41	41	37	25	0.1722689075630252	0.6736724050633283	0.5212184376115405	14.95195177986778	-285743.50334546575	-758.6641055699677	1.122914384264821	complete	
11929	01	doors	1	sub-11929_ses-01_task-doors_run-1	syngo MR XA60	XA60	2	218	76005	0.12766103617766222	23	23	21	13	0.10648148148148148	0.5328578842577416	0.4171937542471847	14.763605260087816	-294893.6737563116	-529.372360810073	8.416643303037958	complete	
11929	01	sharedreward	1	sub-11929_ses-01_task-sharedreward_run-1	syngo MR XA60	XA60	2	255	76153	0.1361400798996435	56	56	47	32	0.22134387351778656	0.7222082836561994	0.5125374541948523	17.988351117957162	-295140.08848469256	-516.9582176809827	5.191498842600031	complete	
11929	01	sharedreward	2	sub-11929_ses-01_task-sharedreward_run-2	syngo MR XA60	XA60	2	255	76332	0.15390934593740194	26	26	23	15	0.10276679841897234	0.5609956074687935	0.41712486402076265	17.80605482319812	-294112.7262469099	-527.5807839137068	7.0936678987984205	complete	
11929	01	socialdoors	1	sub-11929_ses-01_task-socialdoors_run-1	syngo MR XA60	XA60	1	218	76106	0.139597337150585	47	47	41	28	0.21658986175115208	0.6602235412600937	0.4510818336666256	23.345713894169435	-294185.32850117894	-553.2549806352052	7.79759812339182	complete	
11929	01	trust	1	sub-11929_ses-01_task-trust_run-1	syngo MR XA60	XA60	2	280	75874	0.14770583031259663	39	39	35	24	0.14028776978417265	0.5644101552395261	0.3911867636963589	21.250644295674427	-298481.44910865475	-531.2559492236284	7.760099159781795	complete	
11929	01	trust	2	sub-11929_ses-01_task-trust_run-2	syngo MR XA60	XA60	2	280	76031	0.13088152259466201	29	29	24	16	0.10431654676258993	0.5051825097819435	0.33718612315686175	21.842119352285913	-296379.3284319888	-537.9107139704715	9.000624139882708	complete	
11929	01	ugr	1	sub-11929_ses-01_task-ugr_run-1	syngo MR XA60	XA60	0	240	73480	0.16074168763361479	59	59	50	33	0.24583333333333332	0.7426347721463668	0.5190002485867626	20.609856565308398	-303682.38919378223	-509.64272842779553	4.878978028784375	complete	
11929	01	ugr	2	sub-11929_ses-01_task-ugr_run-2	syngo MR XA60	XA60	2	240	72506	0.15569377054648498	25	25	23	15	0.10504201680672269	0.5501382592778108	0.4066173945269044	16.586845676095777	-303483.59688457823	-524.8269672530582	6.2853148823193745	complete	
11931	01	doors	1	sub-11931_ses-01_task-doors_run-1	syngo MR XA60	XA60	0	218	68164	0.47012629332016614	28	28	21	13	0.12844036697247707	0.6690507934925884	0.4957609784470993	18.14150339261009	-301992.94323913095	-574.2476139473719	3.506834039446334	complete	
11931	01	sharedreward	1	sub-11931_ses-01_task-sharedreward_run-1	syngo MR XA60	XA60	0	255	68661	0.47560499904783765	80	80	71	46	0.3137254901960784	0.8343908378334185	0.54253662044408	29.95194848199597	-301987.9019213895	-579.2699033791156	3.69761061561233	complete	
11931	01	sharedreward	2	sub-11931_ses-01_task-sharedreward_run-2	syngo MR XA60	XA60	0	255	67154	0.48806216787615964	69	69	59	39	0.27058823529411763	0.8049673749311842	0.5654950302771817	24.279514792025502	-307089.1359481074	-571.5750310687905	4.501274758011611	complete	
11931	01	socialdoors	1	sub-11931_ses-01_task-socialdoors_run-1	syngo MR XA60	XA60	0	218	68588	0.51452325331950199	71	71	60	39	0.3256880733944954	0.8212646867429295	0.5638486150904285	25.638173945303212	-301656.9429523519	-576.6291889554503	5.10733974248655	complete	
11931	01	trust	1	sub-11931_ses-01_task-trust_run-1	syngo MR XA60	XA60	0	280	68565	0.48566620587766768	85	85	73	47	0.30357142857142855	0.8343114165632872	0.561475062505659	28.21934381135718	-303011.4203072788	-603.5888577879051	2.8757277719012517	complete	
11931	01	trust	2	sub-11931_ses-01_task-trust_run-2	syngo MR XA60	XA60	0	280	68669	0.5286182183089061	68	68	59	38	0.24285714285714285	0.7899894401338674	0.5408031463888858	26.018379439366438	-302613.8568132417	-609.3640306129147	4.8919093781249785	complete	
11931	01	ugr	1	sub-11931_ses-01_task-ugr_run-1	syngo MR XA60	XA60	0	240	68289	0.58129916856601715	103	103	89	58	0.42916666666666664	0.8811737884576737	0.5294163172067614	36.39941684231126	-300594.5911455125	-474.9450071759472	2.5977639011287037	complete	
11931	01	ugr	2	sub-11931_ses-01_task-ugr_run-2	syngo MR XA60	XA60	0	240	67972	0.53773319984251577	82	82	71	47	0.3416666666666667	0.8343664688616209	0.5322752946110397	31.16693178646785	-302149.14262775984	-544.9278786116565	4.232793203610868	complete	
11935	01	sharedreward	1	sub-11935_ses-01_task-sharedreward_run-1	syngo MR XA60	XA60	1	255	71852	0.11209380406233563	40	40	35	24	0.15748031496062992	0.5874709249586418	0.4041933386174502	21.240531402439686	-294496.568635454	-685.7228017773978	6.612812241005435	complete	
11935	01	sharedreward	2	sub-11935_ses-01_task-sharedreward_run-2	syngo MR XA60	XA60	2	255	73255	0.11602255560453822	39	39	34	24	0.1541501976284585	0.5565231501649776	0.37060671514957066	22.918566301364137	-289177.58598303655	-696.4523379869476	7.004203405271871	complete	
11935	01	socialdoors	1	sub-11935_ses-01_task-socialdoors_run-1	syngo MR XA60	XA60	2	218	68435	0.10881288087461032	23	23	18	15	0.10648148148148148	0.48664365527173237	0.36093630129405935	17.16063665852601	-271538.31625198585	-606.2047259835665	11.46914530977856	complete	
11935	01	trust	1	sub-11935_ses-01_task-trust_run-1	syngo MR XA60	XA60	2	280	73055	0.13205229336705113	54	54	47	31	0.19424460431654678	0.7242463519700006	0.5463812395554005	16.508023405254573	-293264.5802098572	-644.4278285410081	1.6568707054436151	complete	
11935	01	trust	2	sub-11935_ses-01_task-trust_run-2	syngo MR XA60	XA60	1	280	73070	0.11975710399946857	42	42	37	27	0.15053763440860216	0.6196577647545942	0.45029541212799334	18.09822271909527	-291540.4491944516	-682.7704911815114	4.747591179304421	complete	
11935	01	ugr	1	sub-11935_ses-01_task-ugr_run-1	syngo MR XA60	XA60	3	240	72400	0.11552447170790339	42	42	34	25	0.17721518987341772	0.5709607828960594	0.3634619089262364	25.89627446902983	-290719.7674911479	-696.1217335743183	6.651951485953018	complete	
11935	01	ugr	2	sub-11935_ses-01_task-ugr_run-2	syngo MR XA60	XA60	1	240	73183	0.10442366314664092	40	40	35	25	0.16736401673640167	0.6220733284366717	0.44582227960230736	18.18884847529603	-288282.62884630344	-691.2983109922006	3.886003570787726	complete	
11939	01	doors	1	sub-11939_ses-01_task-doors_run-1	syngo MR XA60	XA60	2	218	73423	0.11164085448515486	28	28	24	19	0.12962962962962962	0.5806652250667492	0.40697349904904156	19.957568314050206	-286508.0198165676	-737.5713272236417	3.090607570352516	complete	
11939	01	sharedreward	1	sub-11939_ses-01_task-sharedreward_run-1	syngo MR XA60	XA60	2	255	73368	0.11766855867934113	20	20	15	10	0.07905138339920949	0.5363711211150174	0.4297123966691736	13.488045555268506	-288390.8779982535	-757.8926203608156	1.8803974400446772	complete	
11939	01	sharedreward	2	sub-11939_ses-01_task-sharedreward_run-2	syngo MR XA60	XA60	1	255	73447	0.10612793525702338	18	18	15	9	0.07086614173228346	0.5046068418545056	0.4079842028876609	13.008529481847363	-287806.1269340738	-763.062499386247	2.280428787970376	complete	
11939	01	socialdoors	1	sub-11939_ses-01_task-socialdoors_run-1	syngo MR XA60	XA60	1	218	73380	0.11907401176286081	31	31	26	19	0.14285714285714285	0.6024714811145122	0.41401825507095036	20.882551168567765	-288067.3684998991	-712.1714248851009	3.6004785510866615	complete	
11939	01	trust	1	sub-11939_ses-01_task-trust_run-1	syngo MR XA60	XA60	1	280	73413	0.11363895045431016	22	22	19	11	0.07885304659498207	0.5405950909993086	0.4112253927888732	15.43001438135472	-289094.52605361096	-714.8760397845779	2.93458559676289	complete	
11939	01	trust	2	sub-11939_ses-01_task-trust_run-2	syngo MR XA60	XA60	2	280	73395	0.099908938762480429	27	27	23	16	0.09712230215827339	0.5139086123983986	0.3636754887468685	18.7495530253686	-288797.7098687595	-794.1419725827042	2.9002700543443325	complete	
11939	01	ugr	1	sub-11939_ses-01_task-ugr_run-1	syngo MR XA60	XA60	2	240	73342	0.12666116765701477	58	58	51	34	0.24369747899159663	0.716552864460409	0.4448139873934966	30.39716768635406	-286178.8009783295	-692.6482825892476	3.7807566648472566	complete	
11939	01	ugr	2	sub-11939_ses-01_task-ugr_run-2	syngo MR XA60	XA60	2	240	73521	0.10914098668155962	51	51	45	30	0.21428571428571427	0.670748778018584	0.43238386505917603	27.357005242270972	-285173.3317929383	-754.8293174332848	2.5574443983169455	complete	
11943	01	doors	1	sub-11943_ses-01_task-doors_run-1	syngo MR XA60	XA60	1	218	72568	0.13252453103771555	33	33	29	23	0.15207373271889402	0.5517926504911717	0.38776313693335146	19.620930178540092	-309434.5904787803	-717.1941112600574	2.7481516233637366	complete	
11943	01	sharedreward	1	sub-11943_ses-01_task-sharedreward_run-1	syngo MR XA60	XA60	2	255	72597	0.13685859657236707	35	35	32	19	0.1383399209486166	0.5567044908382012	0.4139223681786875	17.3959454642812	-309625.8292789891	-716.8126114901163	2.508137150502994	complete	
11943	01	sharedreward	2	sub-11943_ses-01_task-sharedreward_run-2	syngo MR XA60	XA60	1	255	72734	0.16204136396673999	43	43	39	27	0.16929133858267717	0.6118142880279674	0.41701363374305706	21.22490502318465	-308772.3076407098	-682.8981197417583	2.5131799279145937	complete	
11943	01	socialdoors	1	sub-11943_ses-01_task-socialdoors_run-1	syngo MR XA60	XA60	7	218	72657	0.14143118584879991	19	19	16	11	0.09004739336492891	0.4732946373446045	0.3870254313579793	11.804218625790364	-308559.74864269927	-733.1182949668328	2.758909841702524	complete	
11943	01	trust	1	sub-11943_ses-01_task-trust_run-1	syngo MR XA60	XA60	2	280	72641	0.18675097782397673	29	29	23	16	0.10431654676258993	0.5554738298931696	0.39927659275881094	17.80754326557697	-308632.062151096	-696.5370239732995	2.4510775069623705	complete	
11943	01	trust	2	sub-11943_ses-01_task-trust_run-2	syngo MR XA60	XA60	1	280	72503	0.165916899933127	27	27	24	16	0.0967741935483871	0.5347947453325483	0.39041110766155274	17.423055649449626	-307365.3758239095	-660.7299164557398	2.0463404172550335	complete	
11943	01	ugr	1	sub-11943_ses-01_task-ugr_run-1	syngo MR XA60	XA60	1	240	72636	0.13419103562195683	32	32	29	20	0.13389121338912133	0.5473234850479869	0.4095909151788415	13.538943750011974	-308439.42902926455	-693.7995590239345	2.9046541382155775	complete	
11943	01	ugr	2	sub-11943_ses-01_task-ugr_run-2	syngo MR XA60	XA60	1	240	72690	0.15103212943980576	36	36	32	21	0.1506276150627615	0.6353790768210366	0.4976494662216328	13.252640792587782	-308640.9497775942	-685.1094583984042	1.8188727843825705	complete	
11949	01	doors	1	sub-11949_ses-01_task-doors_run-1	syngo MR XA60	XA60	2	218	71383	0.44171602115355035	25	25	20	15	0.11574074074074074	0.6032085314860053	0.4761159828402468	15.612982941585727	-263526.9369499884	-552.3687296752925	4.179796889208474	complete	
11949	01	sharedreward	1	sub-11949_ses-01_task-sharedreward_run-1	syngo MR XA60	XA60	0	255	71199	0.36918057203656363	20	20	16	12	0.0784313725490196	0.5666662274922784	0.46540322448217963	14.438579662417379	-262316.8491296355	-543.3063329261457	3.517842284186849	complete	
11949	01	sharedreward	2	sub-11949_ses-01_task-sharedreward_run-2	syngo MR XA60	XA60	1	255	71247	0.38982011172215064	49	49	43	29	0.19291338582677164	0.7172830181699283	0.5365162294390465	18.7290320830282	-262866.1908778617	-543.1950656163751	2.5120380290621585	complete	
11949	01	socialdoors	1	sub-11949_ses-01_task-socialdoors_run-1	syngo MR XA60	XA60	1	218	71333	0.36661357207236112	14	14	12	10	0.06451612903225806	0.5235208334719572	0.4799470106317052	10.413191816359708	-262785.8127142984	-572.7061610429694	4.218358403873899	complete	
11949	01	trust	1	sub-11949_ses-01_task-trust_run-1	syngo MR XA60	XA60	1	280	71094	0.40904280290847006	57	57	49	33	0.20430107526881722	0.7228614228534891	0.507804367736663	23.82744615078243	-267455.02148724376	-531.6123043618041	3.3241067250823826	complete	
11949	01	trust	2	sub-11949_ses-01_task-trust_run-2	syngo MR XA60	XA60	1	280	71026	0.40838618930779064	59	59	52	33	0.2114695340501792	0.7259632134880173	0.5005033077543052	24.975490505369052	-267242.3264588813	-546.0643354647534	3.5307387066448057	complete	
11949	01	ugr	1	sub-11949_ses-01_task-ugr_run-1	syngo MR XA60	XA60	1	240	71162	0.39305348191016448	50	50	44	28	0.20920502092050208	0.6774911873779054	0.47562909046832097	23.353424950655775	-263984.5627429684	-572.1601401036063	4.070206335940616	complete	
11949	01	ugr	2	sub-11949_ses-01_task-ugr_run-2	syngo MR XA60	XA60	1	240	71397	0.42452639055506758	44	44	38	25	0.18410041841004185	0.6813279051836102	0.5068196643668698	19.961604233834592	-263884.06031852966	-550.9687776303931	3.803871616706647	complete	
11960	01	doors	1	sub-11960_ses-01_task-doors_run-1	syngo MR XA60	XA60	3	218	45314	0.083462238004932507	36	36	31	24	0.16744186046511628	0.652410335949654	0.45778190236399546	19.934864846105885	-274550.9356198671	-1273.2648491384468	-1.1974913102986742	complete	
11960	01	sharedreward	1	sub-11960_ses-01_task-sharedreward_run-1	syngo MR XA60	XA60	2	255	45131	0.075533430355658349	35	35	33	24	0.1383399209486166	0.5918122239654617	0.4159051647894926	20.34877893780228	-274677.77031200833	-1318.765360220544	-0.9821885955359566	complete	
11960	01	sharedreward	2	sub-11960_ses-01_task-sharedreward_run-2	syngo MR XA60	XA60	2	255	45076	0.077661683941158868	37	37	34	26	0.14624505928853754	0.6859951300338387	0.5094339485919724	15.97291516720186	-273084.6309652078	-1203.4373277095062	-0.9710412536942041	complete	
11960	01	socialdoors	1	sub-11960_ses-01_task-socialdoors_run-1	syngo MR XA60	XA60	2	218	45382	0.079716956607074035	34	34	31	23	0.1574074074074074	0.6693304633119564	0.4917933365388192	17.510436506337825	-273699.6832274864	-1250.9247834856712	-1.6344795942050947	complete	
11960	01	trust	1	sub-11960_ses-01_task-trust_run-1	syngo MR XA60	XA60	1	280	44616	0.085544502008443907	44	44	40	28	0.15770609318996415	0.6965819089814502	0.4843915115138065	20.376200450293528	-278476.1826525297	-1151.1053405157854	0.9509156510158081	complete	
11960	01	trust	2	sub-11960_ses-01_task-trust_run-2	syngo MR XA60	XA60	1	280	45577	0.082040820739993733	40	40	35	25	0.14336917562724014	0.6520647108187987	0.47458409472716595	18.03452013855439	-273426.52019333997	-1260.2658344013428	-0.5681304545587987	complete	
11960	01	ugr	1	sub-11960_ses-01_task-ugr_run-1	syngo MR XA60	XA60	1	240	43115	0.094429200643715766	50	50	44	33	0.20920502092050208	0.780177307166025	0.569205912363214	17.35256056690574	-281114.8849103098	-1074.8085347241424	-0.23762807455292725	complete	
11960	01	ugr	2	sub-11960_ses-01_task-ugr_run-2	syngo MR XA60	XA60	2	240	46546	0.1084707680295136	41	41	35	26	0.1722689075630252	0.6914756768123886	0.493910466426343	19.59621167917484	-273174.7152954246	-1234.6992685528253	-0.5106625569198121	complete	
11969	01	doors	1	sub-11969_ses-01_task-doors_run-1	syngo MR XA60	XA60	1	218	74816	0.20080181590110807	59	59	53	39	0.271889400921659	0.7852153513402371	0.5438395213398433	22.262974693847102	-279701.22521892446	-599.0150384714054	0.925389427300141	complete	
11969	01	sharedreward	1	sub-11969_ses-01_task-sharedreward_run-1	syngo MR XA60	XA60	1	255	73443	0.16134427248890379	49	49	41	29	0.19291338582677164	0.7425511482678298	0.5810555301963565	15.667516807940851	-287134.4644556286	-612.767942713773	0.6726544348280915	complete	
11969	01	sharedreward	2	sub-11969_ses-01_task-sharedreward_run-2	syngo MR XA60	XA60	1	255	73783	0.15243325339531669	54	54	47	34	0.2125984251968504	0.7555834581896385	0.5682463994208299	17.53448397822459	-284345.27625464345	-613.8308423743898	0.7795071538353383	complete	
11969	01	socialdoors	1	sub-11969_ses-01_task-socialdoors_run-1	syngo MR XA60	XA60	1	218	74735	0.16353029165843996	47	47	42	29	0.21658986175115208	0.6891301980740853	0.4746021064362619	23.792522595365277	-280179.7194128459	-629.3929967969191	2.3005036470328024	complete	
11969	01	trust	1	sub-11969_ses-01_task-trust_run-1	syngo MR XA60	XA60	1	280	74843	0.11747519362946034	42	42	38	26	0.15053763440860216	0.6782456463047489	0.5282668213657962	16.387045939285205	-282713.4501850269	-682.9563981084927	3.225866492997292	complete	
11969	01	trust	2	sub-11969_ses-01_task-trust_run-2	syngo MR XA60	XA60	1	280	74858	0.12946430471156026	46	46	41	28	0.16487455197132617	0.6714026382046211	0.4959806869270797	18.515013600219284	-282407.812015686	-686.0232143952649	2.8356177326884207	complete	
11969	01	ugr	1	sub-11969_ses-01_task-ugr_run-1	syngo MR XA60	XA60	1	240	74668	0.35944753888561265	83	83	75	55	0.3472803347280335	0.8801842219489603	0.6076228558182972	24.579650608128198	-279579.62992298964	-469.0870104413885	1.764842449474968	complete	
11969	01	ugr	2	sub-11969_ses-01_task-ugr_run-2	syngo MR XA60	XA60	0	240	74718	0.21401109096250798	74	74	67	46	0.30833333333333335	0.8118988659097034	0.5284166256982104	27.43389329725194	-279116.8421238826	-557.9427010614585	1.3533804313433035	complete	
11974	01	doors	1	sub-11974_ses-01_task-doors_run-1	syngo MR XA60	XA60	1	218	67458	0.19474545667907844	62	62	55	36	0.2857142857142857	0.7644521927958681	0.49731394721741434	28.63066837460621	-304173.74529210496	-493.91290810470235	1.0716672648322485	complete	
11974	01	sharedreward	1	sub-11974_ses-01_task-sharedreward_run-1	syngo MR XA60	XA60	1	255	69292	0.14368785712287416	59	59	52	35	0.23228346456692914	0.7262798286390264	0.47605343370338565	25.370316878225175	-298371.5894614389	-532.1072378452831	0.571029511697939	complete	
11974	01	sharedreward	2	sub-11974_ses-01_task-sharedreward_run-2	syngo MR XA60	XA60	1	255	68296	0.18112461045671194	70	70	61	40	0.2755905511811024	0.7729142963983459	0.4869634343952411	29.47532044599263	-301203.668703007	-478.0846697184481	1.2011456822957802	complete	
11974	01	socialdoors	1	sub-11974_ses-01_task-socialdoors_run-1	syngo MR XA60	XA60	1	218	67168	0.17955553507693206	55	55	49	33	0.2534562211981567	0.7646805967437961	0.5395671885258252	19.50276247859915	-306018.9663014771	-480.6143087929224	1.307238424976706	complete	
11974	01	trust	1	sub-11974_ses-01_task-trust_run-1	syngo MR XA60	XA60	1	280	68695	0.22774639222252971	19	19	17	11	0.06810035842293907	0.5504803042196365	0.4403758466203904	14.426807575148942	-299971.3793347476	-492.80100810086407	1.0400232910060052	complete	
11974	01	trust	2	sub-11974_ses-01_task-trust_run-2	syngo MR XA60	XA60	0	280	69588	0.27721983796574218	88	88	75	48	0.3142857142857143	0.820857844053574	0.5041070946134891	34.57057482998856	-296300.88090002787	-462.4592681814526	1.0133654379379062	complete	
11974	01	ugr	1	sub-11974_ses-01_task-ugr_run-1	syngo MR XA60	XA60	1	240	67153	0.13736685136399371	52	52	44	31	0.2175732217573222	0.7148858904139226	0.5008178949215815	22.504934190304255	-306276.49617288506	-522.3865239755643	2.736395121262499	complete	
11974	01	ugr	2	sub-11974_ses-01_task-ugr_run-2	syngo MR XA60	XA60	0	240	69586	0.21042871397218488	76	76	68	45	0.31666666666666665	0.8121151792797376	0.5319839718044855	28.318819641257765	-296443.9689177407	-461.90444367539175	0.008669289553950466	complete	
11976	01	doors	1	sub-11976_ses-01_task-doors_run-1	syngo MR XA60	XA60	1	218	79090	0.34558784560997902	73	73	64	43	0.33640552995391704	0.8039328747790883	0.5201187324881507	27.864971948407266	-252821.02602334996	-425.1040716442357	9.604389255316	complete	
11976	01	sharedreward	1	sub-11976_ses-01_task-sharedreward_run-1	syngo MR XA60	XA60	1	255	77921	0.32872774182377268	78	78	70	45	0.30708661417322836	0.7983477986636752	0.5006346415602332	31.351026600886065	-256515.9349319478	-435.8615602124111	7.44831884756884	complete	
11976	01	sharedreward	2	sub-11976_ses-01_task-sharedreward_run-2	syngo MR XA60	XA60	0	255	77701	0.35426252943482117	85	85	75	50	0.3333333333333333	0.8076134298109876	0.4720383773433875	35.93105341875464	-256363.89312742674	-444.40123994092113	8.649951387512425	complete	
11976	01	socialdoors	1	sub-11976_ses-01_task-socialdoors_run-1	syngo MR XA60	XA60	1	218	78906	0.27219730005462911	63	63	55	38	0.2903225806451613	0.7749912115717337	0.5281604325268552	23.813081008717507	-252843.25412423667	-451.5878813581373	9.496743882732922	complete	
11976	01	trust	1	sub-11976_ses-01_task-trust_run-1	syngo MR XA60	XA60	1	280	78631	0.29842759121290452	96	96	82	53	0.34408602150537637	0.83618517128263	0.5193115456804399	34.01056132243128	-254375.41058698227	-413.742153773904	6.282885384470318	complete	
11976	01	trust	2	sub-11976_ses-01_task-trust_run-2	syngo MR XA60	XA60	0	280	78799	0.3618448403226136	105	105	90	55	0.375	0.8393512959106626	0.491681805406206	37.249676904664184	-255130.96397086533	-432.54703744224076	7.807705288020617	complete	
11976	01	ugr	1	sub-11976_ses-01_task-ugr_run-1	syngo MR XA60	XA60	0	240	78971	0.30586066060509715	79	79	67	44	0.32916666666666666	0.8008916249852293	0.5050219345579067	29.7196620423605	-254630.7289970487	-431.1165339064578	10.43767684504789	complete	
11976	01	ugr	2	sub-11976_ses-01_task-ugr_run-2	syngo MR XA60	XA60	0	240	77005	0.35732121250595134	75	75	66	42	0.3125	0.7986397630878811	0.5205078420657117	28.062617801709585	-259060.58723021927	-440.22956986256105	7.937875147701641	complete	
11982	01	doors	1	sub-11982_ses-01_task-doors_run-1	syngo MR XA60	XA60	2	218	68236	0.11848566767811379	42	42	33	24	0.19444444444444445	0.6640165089720415	0.49303905102126255	16.98171931040245	-284001.65126189165	-599.2488567514093	8.49209218412865	complete	
11982	01	sharedreward	1	sub-11982_ses-01_task-sharedreward_run-1	syngo MR XA60	XA60	2	255	67274	0.24571971741394624	87	87	78	51	0.3438735177865613	0.9035020808148001	0.7062428169770535	13.347321325772837	-286447.81335565617	-336.09303164504524	3.265759238241471	complete	
11982	01	sharedreward	2	sub-11982_ses-01_task-sharedreward_run-2	syngo MR XA60	XA60	0	255	68146	0.16129111158573123	59	59	51	32	0.23137254901960785	0.750507644082161	0.5281822342618301	21.96199910442228	-283118.4669843355	-541.2519847281337	5.452252612681425	complete	
11982	01	socialdoors	1	sub-11982_ses-01_task-socialdoors_run-1	syngo MR XA60	XA60	1	218	68187	0.1313890011695529	49	49	45	31	0.22580645161290322	0.6978025303116275	0.48903191727295997	20.440922535730394	-283209.62484779477	-578.5908163393972	5.99404546781933	complete	
11982	01	trust	1	sub-11982_ses-01_task-trust_run-1	syngo MR XA60	XA60	1	280	68222	0.28851501565117643	98	98	86	59	0.35125448028673834	0.884357981104129	0.5936578417537789	26.475715178661428	-284294.59575110086	-372.8706726705431	4.250846912416194	complete	
11982	01	trust	2	sub-11982_ses-01_task-trust_run-2	syngo MR XA60	XA60	1	280	68082	0.36813633879156127	112	112	99	65	0.4014336917562724	0.9173659038411619	0.6203557473856107	25.99504296299272	-283785.7146463611	-342.8695603612868	3.278381947861338	complete	
11982	01	ugr	1	sub-11982_ses-01_task-ugr_run-1	syngo MR XA60	XA60	1	240	68172	0.11850023392185788	46	46	38	27	0.19246861924686193	0.6702985466523107	0.48870859127505556	18.85876278720161	-284965.29185482103	-600.4094376466651	7.523927805706977	complete	
11982	01	ugr	2	sub-11982_ses-01_task-ugr_run-2	syngo MR XA60	XA60	1	240	68217	0.14418855629316957	51	51	45	30	0.21338912133891214	0.7178227025244881	0.5168807997927992	19.236098883648644	-285491.1754049162	-558.7667597466196	5.974807739724848	complete	
11984	01	doors	1	sub-11984_ses-01_task-doors_run-1	syngo MR XA60	XA60	2	218	72833	0.13348097424367938	46	46	41	28	0.21296296296296297	0.6611348919625927	0.4414300883971409	25.213050571961958	-305158.1017999758	-645.4005877847875	0.7207446799719376	complete	
11984	01	sharedreward	1	sub-11984_ses-01_task-sharedreward_run-1	syngo MR XA60	XA60	4	255	72291	0.12554392057436581	37	37	33	21	0.14741035856573706	0.5778158563933437	0.4245863196794227	18.9990087221746	-306912.5886685211	-684.4052481720996	0.907652068926733	complete	
11984	01	sharedreward	2	sub-11984_ses-01_task-sharedreward_run-2	syngo MR XA60	XA60	1	255	72322	0.13494998418088561	44	44	38	24	0.1732283464566929	0.5972103948948848	0.39663163185747835	25.742120405127988	-307346.4998489153	-663.0626906814509	0.7567824821566936	complete	
11984	01	socialdoors	1	sub-11984_ses-01_task-socialdoors_run-1	syngo MR XA60	XA60	2	218	72481	0.12402918637920497	34	34	32	21	0.1574074074074074	0.5822733122522877	0.4286462891707064	18.04602586448048	-306518.8822912247	-709.7090503527347	-1.0908774868646225	complete	
11984	01	trust	1	sub-11984_ses-01_task-trust_run-1	syngo MR XA60	XA60	1	280	72416	0.12797228155224036	38	38	34	22	0.13620071684587814	0.633287614781315	0.49082798979008946	16.13648301849712	-302567.405213206	-744.2982313003694	-1.4065699346985099	complete	
11984	01	trust	2	sub-11984_ses-01_task-trust_run-2	syngo MR XA60	XA60	2	280	72339	0.13806045568837463	50	50	44	27	0.17985611510791366	0.6725483541290184	0.4813700474177075	22.005029694827613	-303294.49665770365	-714.6173509251714	-0.5768887968290104	complete	
11984	01	ugr	1	sub-11984_ses-01_task-ugr_run-1	syngo MR XA60	XA60	1	240	72221	0.1493004932219642	48	48	41	27	0.200836820083682	0.6458788636119515	0.4362883181206236	26.26031569058814	-306176.22111417307	-651.1525411662448	0.9858836634500767	complete	
11984	01	ugr	2	sub-11984_ses-01_task-ugr_run-2	syngo MR XA60	XA60	0	240	72152	0.1495402389552053	48	48	42	29	0.2	0.6648068284271259	0.4603034555712958	23.246522937786533	-305914.47778988536	-625.7517010686672	0.4048305450848961	complete	
12008	01	doors	1	sub-12008_ses-01_task-doors_run-1	syngo MR XA60	XA60	1	218	67398	0.092413883274132413	32	32	28	20	0.14746543778801843	0.5471384294959927	0.385972907105081	19.429998361231362	-454684.47899657144	-415.9433412815524	1.9079018442658562	complete	
12008	01	sharedreward	1	sub-12008_ses-01_task-sharedreward_run-1	syngo MR XA60	XA60	1	255	67427	0.11243661558885405	20	20	18	12	0.07874015748031496	0.5089352584310102	0.4166448487772549	12.578174489623061	-455936.48415610153	-398.5769964332292	2.0604525558298183	complete	
12008	01	sharedreward	2	sub-12008_ses-01_task-sharedreward_run-2	syngo MR XA60	XA60	1	255	67336	0.16453977376126933	17	17	15	8	0.06692913385826772	0.49979407535853526	0.4095630282407304	12.471815999565392	-452449.258745866	-367.03705161124066	3.334837936117548	complete	
12008	01	socialdoors	1	sub-12008_ses-01_task-socialdoors_run-1	syngo MR XA60	XA60	1	218	67452	0.11262643411834326	32	32	28	19	0.14746543778801843	0.5169222083422451	0.3663639612427063	20.482965422826172	-454264.1706279252	-422.7586111163121	3.242912248656915	complete	
12008	01	trust	1	sub-12008_ses-01_task-trust_run-1	syngo MR XA60	XA60	1	280	67061	0.15422866883020664	50	50	42	28	0.17921146953405018	0.6557610496039369	0.426474802746675	23.047549200425305	-455407.1897083207	-351.50646807169454	3.2054083283856474	complete	
12008	01	trust	2	sub-12008_ses-01_task-trust_run-2	syngo MR XA60	XA60	1	280	66977	0.19225239932441368	139	139	111	58	0.4982078853046595	0.9668427860461661	0.8274625154527374	5.7256716255617155	-551699.2092664797	-52.977705064516634	5.585898357245315	complete	
12008	01	ugr	1	sub-12008_ses-01_task-ugr_run-1	syngo MR XA60	XA60	1	240	67669	0.095209719436011059	34	34	29	20	0.14225941422594143	0.6220652001577787	0.49191084084771547	13.702214637537125	-450588.23587846564	-405.94509474460637	1.4935575030238113	complete	
12008	01	ugr	2	sub-12008_ses-01_task-ugr_run-2	syngo MR XA60	XA60	1	240	67265	0.10443860192340983	37	37	32	22	0.15481171548117154	0.5468008522558881	0.36047250949697557	23.3418230911078	-454883.7983726544	-409.30155840931445	2.7463876732787496	complete	
12011	01	doors	1	sub-12011_ses-01_task-doors_run-1	syngo MR XA60	XA60	1	218	81710	0.16260490421131066	60	60	54	36	0.2764976958525346	0.740156759284116	0.47787566509970936	25.058677502948154	-251542.12610229294	-551.3062902517212	1.478396018758766	complete	
12011	01	sharedreward	1	sub-12011_ses-01_task-sharedreward_run-1	syngo MR XA60	XA60	0	255	81416	0.15426697576122567	52	52	46	31	0.20392156862745098	0.6807949473766083	0.4585718074760671	22.119193792573725	-253203.08190302292	-580.5300603994177	1.4889465299744704	complete	
12011	01	sharedreward	2	sub-12011_ses-01_task-sharedreward_run-2	syngo MR XA60	XA60	1	255	81828	0.25255847520982055	76	76	67	47	0.2992125984251969	0.7953998135961361	0.522541305274017	25.889760958651905	-246546.50585994002	-492.87454512073276	1.2282265512550572	complete	
12011	01	socialdoors	1	sub-12011_ses-01_task-socialdoors_run-1	syngo MR XA60	XA60	0	218	81539	0.18719584286492749	40	40	35	22	0.1834862385321101	0.6632166175398356	0.42764880996947985	23.914254279173996	-252642.7231726308	-527.8785485474982	1.7208790691009377	complete	
12011	01	trust	1	sub-12011_ses-01_task-trust_run-1	syngo MR XA60	XA60	1	280	82127	0.24682985970975441	76	76	67	46	0.2724014336917563	0.7779596498773251	0.48677296975288203	29.28847575658365	-246432.0182834702	-485.80811736196324	2.3523224240582183	complete	
12011	01	trust	2	sub-12011_ses-01_task-trust_run-2	syngo MR XA60	XA60	1	280	81542	0.27460014870122335	94	94	82	54	0.33691756272401435	0.8366586565125138	0.526726297588761	31.511223219585872	-248652.31490654187	-479.29395787779964	2.271704763526613	complete	
12011	01	ugr	1	sub-12011_ses-01_task-ugr_run-1	syngo MR XA60	XA60	0	240	81918	0.20197385930091613	68	68	60	42	0.2833333333333333	0.7496537534193718	0.4585352276139887	29.656547122694317	-252601.34258174224	-545.9718306297835	2.068284237963352	complete	
12011	01	ugr	2	sub-12011_ses-01_task-ugr_run-2	syngo MR XA60	XA60	1	240	81896	0.17367352214846196	36	36	31	20	0.1506276150627615	0.6239447058079549	0.4177413009449546	21.984439006193067	-252018.78116250745	-556.3405353639193	2.2210800201762626	complete	
12013	01	doors	1	sub-12013_ses-01_task-doors_run-1	syngo MR XA60	XA60	1	218	83739	0.10535287896886443	49	49	43	30	0.22580645161290322	0.677798491390177	0.4456510813518352	26.30891579782686	-265423.0188202591	-685.727781247216	-1.7925889505779673	complete	
12013	01	sharedreward	1	sub-12013_ses-01_task-sharedreward_run-1	syngo MR XA60	XA60	1	255	84020	0.14423923173371139	63	63	55	37	0.24803149606299213	0.7854092041654437	0.5781267533337692	18.975933280225924	-263820.4375124019	-643.6523737439184	-3.0965784501525713	complete	
12013	01	sharedreward	2	sub-12013_ses-01_task-sharedreward_run-2	syngo MR XA60	XA60	2	255	84208	0.12982882225247344	52	52	43	32	0.20553359683794467	0.7564949300762842	0.5782755893758676	15.14924797248285	-263979.7180633706	-666.2936160541849	-2.9806437095254283	complete	
12013	01	socialdoors	1	sub-12013_ses-01_task-socialdoors_run-1	syngo MR XA60	XA60	1	218	84058	0.10645318007047036	46	46	40	28	0.2119815668202765	0.6643831357070089	0.4515416727409044	24.04157156676373	-263406.3506544586	-676.4248032030066	-1.0507581371864902	complete	
12013	01	trust	1	sub-12013_ses-01_task-trust_run-1	syngo MR XA60	XA60	2	280	83879	0.16490807621667877	73	73	61	42	0.26258992805755393	0.8081848433804438	0.5802970151982257	20.244774309409475	-264977.9233339379	-630.0019884892758	-3.5745102188895386	complete	
12013	01	trust	2	sub-12013_ses-01_task-trust_run-2	syngo MR XA60	XA60	2	280	84063	0.15603663076733121	65	65	55	38	0.23381294964028776	0.7563129717156409	0.5034972296841982	24.48186950950141	-265313.93263028795	-640.1950850340446	-2.4050929399030263	complete	
12013	01	ugr	1	sub-12013_ses-01_task-ugr_run-1	syngo MR XA60	XA60	1	240	83882	0.11196329380492082	50	50	45	31	0.20920502092050208	0.6890446452938175	0.4732320439639934	22.080845387323272	-266792.23142730194	-683.1594235804475	-2.5930913789596963	complete	
12013	01	ugr	2	sub-12013_ses-01_task-ugr_run-2	syngo MR XA60	XA60	1	240	84133	0.1164424306691281	53	53	45	31	0.2217573221757322	0.6960851596932606	0.4816795493259058	23.784570462874385	-265964.30824106204	-678.3138757627864	-1.3765791016729325	complete	
12018	01	doors	1	sub-12018_ses-01_task-doors_run-1	syngo MR XA60	XA60	1	218	74515	0.1810586213633946	38	38	32	24	0.17511520737327188	0.6996770064934241	0.5641356070082437	14.25212974173725	-288579.3312951779	-658.1489349429163	0.2188893424254776	complete	
12018	01	sharedreward	1	sub-12018_ses-01_task-sharedreward_run-1	syngo MR XA60	XA60	1	255	74416	0.20682079664195904	42	42	37	25	0.16535433070866143	0.6912952670533078	0.5396940170179357	15.900578750025083	-288068.59783424775	-635.5741840503789	0.06715889723692799	complete	
12018	01	sharedreward	2	sub-12018_ses-01_task-sharedreward_run-2	syngo MR XA60	XA60	4	255	74583	0.20663734303110598	41	41	38	25	0.16334661354581673	0.6467546632783552	0.46630047472919056	20.592379051509525	-287555.51613609283	-667.4796942207455	0.10061981410709425	complete	
12018	01	socialdoors	1	sub-12018_ses-01_task-socialdoors_run-1	syngo MR XA60	XA60	1	218	74286	0.17552460614444979	35	35	29	21	0.16129032258064516	0.6607890102591916	0.5226091715424579	15.280659391530335	-289199.06931106234	-639.9649534142447	1.6565729727808856	complete	
12018	01	trust	1	sub-12018_ses-01_task-trust_run-1	syngo MR XA60	XA60	1	280	74520	0.18934782798089619	43	43	35	27	0.15412186379928317	0.6785450049170779	0.5218943195733373	16.38139583607317	-287942.1063679124	-670.669121989399	-0.49168620035522986	complete	
12018	01	trust	2	sub-12018_ses-01_task-trust_run-2	syngo MR XA60	XA60	0	280	74377	0.18497425395101824	46	46	40	28	0.16428571428571428	0.6802710033822544	0.49363656689739027	19.769204967871755	-287629.3472214707	-654.2150679560862	0.03658366922218777	complete	
12018	01	ugr	1	sub-12018_ses-01_task-ugr_run-1	syngo MR XA60	XA60	0	240	74565	0.17796934954502647	37	37	32	23	0.15416666666666667	0.677268870705084	0.5499357868797669	14.455978206346975	-289411.7978092101	-624.9269421282999	2.3882382300387186	complete	
12018	01	ugr	2	sub-12018_ses-01_task-ugr_run-2	syngo MR XA60	XA60	1	240	74525	0.18365931834692492	40	40	34	24	0.16736401673640167	0.6779521049404076	0.5249182491236231	16.73500381562252	-289152.5247612331	-634.3675679069867	1.3408569463860847	complete	
12020	01	doors	1	sub-12020_ses-01_task-doors_run-1	syngo MR XA60	XA60	1	218	77183	0.086998670476491888	30	30	27	19	0.1382488479262673	0.5061805465570117	0.37190777921023915	16.727929463167744	-286322.5269023562	-741.267414087393	-1.0701818690663722	complete	
12020	01	sharedreward	1	sub-12020_ses-01_task-sharedreward_run-1	syngo MR XA60	XA60	1	255	77314	0.080483103304986453	29	29	24	19	0.1141732283464567	0.43616732486376375	0.3096734502105813	18.18808321741	-284211.9549168807	-742.4140862935683	0.10654705707023286	complete	
12020	01	sharedreward	2	sub-12020_ses-01_task-sharedreward_run-2	syngo MR XA60	XA60	1	255	77204	0.080924438560923864	31	31	26	20	0.1220472440944882	0.4358417887469219	0.295893755296463	20.552658882448213	-284178.91198023537	-739.7694064346587	-0.22382951941529694	complete	
12020	01	socialdoors	1	sub-12020_ses-01_task-socialdoors_run-1	syngo MR XA60	XA60	1	218	77142	0.092966602527096501	30	30	26	18	0.1382488479262673	0.4785210208157418	0.3368035052896934	18.735756551644478	-285618.37021556415	-734.7650174836152	-0.22334992910148768	complete	
12020	01	trust	1	sub-12020_ses-01_task-trust_run-1	syngo MR XA60	XA60	1	280	77216	0.090864924317374016	31	31	28	19	0.1111111111111111	0.45973985771311043	0.3275154467432859	19.243330056284034	-284849.61171352264	-731.2480011681553	-0.2590544681149296	complete	
12020	01	trust	2	sub-12020_ses-01_task-trust_run-2	syngo MR XA60	XA60	1	280	77142	0.085813597269030165	19	19	16	10	0.06810035842293907	0.44317223992827354	0.37074038520982733	12.069751901863716	-285035.0294840935	-708.2656633385615	-0.5526995009225637	complete	
12020	01	ugr	1	sub-12020_ses-01_task-ugr_run-1	syngo MR XA60	XA60	1	240	77315	0.086878552470623038	33	33	31	20	0.13807531380753138	0.5247669780226693	0.3872539659494071	16.45595992395377	-286622.9982243787	-729.3399224450767	-0.9640265745186763	complete	
12020	01	ugr	2	sub-12020_ses-01_task-ugr_run-2	syngo MR XA60	XA60	1	240	77303	0.084137587555632429	30	30	26	19	0.12552301255230125	0.45742560301311697	0.31830160923034434	19.141243244672783	-285579.306421225	-750.663676963288	-1.41740099742389	complete	
12021	01	doors	1	sub-12021_ses-01_task-doors_run-1	syngo MR XA60	XA60	1	218	83251	0.21279904969836375	32	32	25	16	0.14746543778801843	0.6521885046527588	0.44215074750005745	20.949470145235924	-267701.90227512416	-427.6314645816013	3.337732318180078	complete	
12021	01	sharedreward	1	sub-12021_ses-01_task-sharedreward_run-1	syngo MR XA60	XA60	1	255	83062	0.19455262326881845	106	106	89	58	0.41732283464566927	0.8369499956855994	0.44715657488842764	43.575133458184865	-268255.8286464017	-437.2759493587812	2.383267172530048	complete	
12021	01	sharedreward	2	sub-12021_ses-01_task-sharedreward_run-2	syngo MR XA60	XA60	1	255	83073	0.17817129295330131	33	33	24	12	0.12992125984251968	0.6269601708146127	0.41876094890421545	21.167871389074204	-268043.43048813246	-443.42546282297553	2.6177688414548435	complete	
12021	01	socialdoors	1	sub-12021_ses-01_task-socialdoors_run-1	syngo MR XA60	XA60	1	218	83219	0.21341449734047452	32	32	24	16	0.14746543778801843	0.650764470176156	0.43339058618003595	20.82273125444669	-267245.7661681935	-419.0586677613462	2.3804954126121896	complete	
12021	01	trust	1	sub-12021_ses-01_task-trust_run-1	syngo MR XA60	XA60	1	280	82812	0.10889920360195701	64	64	56	38	0.22939068100358423	0.7466750949227132	0.5240782061195068	21.501903821942403	-271143.73861441057	-543.8910404354448	-0.8709791195464018	complete	
12021	01	trust	2	sub-12021_ses-01_task-trust_run-2	syngo MR XA60	XA60	1	280	82967	0.14135021987734359	92	92	79	51	0.32974910394265233	0.8026131214221573	0.47988325906657436	35.13160987900244	-270545.4738469247	-498.7312368534446	0.5546899483719996	complete	
12021	01	ugr	1	sub-12021_ses-01_task-ugr_run-1	syngo MR XA60	XA60	0	240	83283	0.16771379880941839	89	89	79	52	0.37083333333333335	0.8124193275860291	0.4469781143346447	40.02254053933458	-266463.96143646765	-460.6119286924861	2.016595603786861	complete	
12021	01	ugr	2	sub-12021_ses-01_task-ugr_run-2	syngo MR XA60	XA60	0	240	83178	0.16857756929144652	26	26	22	14	0.10833333333333334	0.5828285339899184	0.4131652182548328	18.41701375603906	-267183.61967454414	-472.3190477150933	2.319097740311429	complete	
12031	01	doors	1	sub-12031_ses-01_task-doors_run-1	syngo MR XA60	XA60	2	218	74248	0.11650265791997061	46	46	39	27	0.21296296296296297	0.7332891443946388	0.5717488203262073	15.612525691095566	-264280.06468727	-647.8146120261466	2.0060193847118954	complete	
12031	01	sharedreward	1	sub-12031_ses-01_task-sharedreward_run-1	syngo MR XA60	XA60	1	255	73007	0.11736878831755722	45	45	39	27	0.17716535433070865	0.6791780495434147	0.5116431139074761	17.555702271381925	-266587.49104708375	-671.3106996909404	2.6578700039705363	complete	
12031	01	sharedreward	2	sub-12031_ses-01_task-sharedreward_run-2	syngo MR XA60	XA60	1	255	74293	0.10308587158373041	40	40	36	23	0.15748031496062992	0.6243274150380028	0.46417580276762627	18.868873445936718	-262503.8270317113	-676.5367866015476	3.3696158083395704	complete	
12031	01	socialdoors	1	sub-12031_ses-01_task-socialdoors_run-1	syngo MR XA60	XA60	1	218	74223	0.116868464266314	42	42	37	27	0.1935483870967742	0.6710505920950102	0.4921241852130843	18.94189670899286	-263940.2400092682	-649.3648450162977	4.020088167798398	complete	
12031	01	trust	1	sub-12031_ses-01_task-trust_run-1	syngo MR XA60	XA60	1	280	74148	0.1175377733515918	50	50	44	30	0.17921146953405018	0.6968526732251673	0.5116508662149184	19.221099863093848	-263529.45500573795	-637.0735638727663	2.686384306249639	complete	
12031	01	trust	2	sub-12031_ses-01_task-trust_run-2	syngo MR XA60	XA60	1	280	74196	0.13522073733889567	66	66	57	38	0.23655913978494625	0.7415620545183441	0.48563198162086607	27.460978483164382	-262235.4128030363	-557.6641863187582	4.193008628278804	complete	
12031	01	ugr	1	sub-12031_ses-01_task-ugr_run-1	syngo MR XA60	XA60	1	240	74027	0.11503472641377291	50	50	43	28	0.20920502092050208	0.7043932586782077	0.5037968182842982	19.81583377845776	-264857.0901289331	-606.3510385164454	4.778637270298183	complete	
12031	01	ugr	2	sub-12031_ses-01_task-ugr_run-2	syngo MR XA60	XA60	1	240	74426	0.16001158850701694	73	73	65	44	0.3054393305439331	0.8226720327191552	0.5674599736910255	24.73636062114072	-264424.997311222	-516.1856628550091	1.9949834639179724	complete	
12033	01	doors	1	sub-12033_ses-01_task-doors_run-1	syngo MR XA60	XA60	1	218	74757	0.14560200155175371	36	36	32	25	0.16589861751152074	0.6321017184827988	0.4874479219101737	15.624506263153098	-286152.4970645489	-686.8368755584175	6.994392107231693	complete	
12033	01	sharedreward	1	sub-12033_ses-01_task-sharedreward_run-1	syngo MR XA60	XA60	1	255	74712	0.15222661282119185	37	37	33	23	0.14566929133858267	0.6184314978766184	0.48112462109777515	15.268567662217139	-285334.6781652452	-696.4412955731657	6.480859505148373	complete	
12033	01	sharedreward	2	sub-12033_ses-01_task-sharedreward_run-2	syngo MR XA60	XA60	2	255	74555	0.16764178696494947	37	37	32	22	0.14624505928853754	0.6067070659434841	0.4681361716184305	16.21127904717627	-285917.7553925929	-717.629313148922	7.057457913869066	complete	
12033	01	socialdoors	1	sub-12033_ses-01_task-socialdoors_run-1	syngo MR XA60	XA60	1	218	74704	0.14936064352548953	34	34	32	20	0.15668202764976957	0.6271068351393694	0.5015931259543797	13.913765467455889	-285671.6130734362	-715.9605523736782	6.013677266427488	complete	
12033	01	trust	1	sub-12033_ses-01_task-trust_run-1	syngo MR XA60	XA60	2	280	74944	0.16860864213627225	42	42	36	27	0.1510791366906475	0.6177122766556018	0.4469140798963061	19.49264670800739	-284494.8574587309	-721.2632755592041	7.785933741576109	complete	
12033	01	trust	2	sub-12033_ses-01_task-trust_run-2	syngo MR XA60	XA60	1	280	74745	0.1844623185141141	47	47	40	31	0.16845878136200718	0.6549969594103823	0.4650828417970734	20.313562318995853	-284215.9481991329	-674.399594518714	6.502293095656031	complete	
12033	01	ugr	1	sub-12033_ses-01_task-ugr_run-1	syngo MR XA60	XA60	1	240	74762	0.17421524474217442	47	47	41	27	0.19665271966527198	0.6922686682658834	0.530732114129051	16.311469812110328	-287312.18868664023	-655.788464738075	5.266073404156729	complete	
12033	01	ugr	2	sub-12033_ses-01_task-ugr_run-2	syngo MR XA60	XA60	1	240	74893	0.15234796566935918	42	42	37	27	0.17573221757322174	0.6409823425001405	0.47853199933251245	17.263441747019005	-286942.5658055635	-679.0583445920495	6.728565213366159	complete	
12036	01	doors	1	sub-12036_ses-01_task-doors_run-1	syngo MR XA60	XA60	1	218	65248	0.22230239668115728	37	37	32	21	0.17050691244239632	0.6397276083547966	0.4803845268969121	18.358292120932543	-291212.63460104	-483.1248233963378	4.173387502149463	complete	
12036	01	sharedreward	1	sub-12036_ses-01_task-sharedreward_run-1	syngo MR XA60	XA60	0	255	64550	0.17998508869355873	53	53	45	29	0.20784313725490197	0.7174936226666276	0.50725406718115	22.46706015324824	-310385.5533325193	-608.6673964285567	1.2149289410344541	complete	
12036	01	sharedreward	2	sub-12036_ses-01_task-sharedreward_run-2	syngo MR XA60	XA60	1	255	65549	0.16771373126738101	44	44	38	26	0.1732283464566929	0.710504894293225	0.5598424780383492	14.492498147013045	-291325.914015333	-466.578250180653	0.7573820772671372	complete	
12036	01	socialdoors	1	sub-12036_ses-01_task-socialdoors_run-1	syngo MR XA60	XA60	1	218	65562	0.20702032357793201	43	43	37	25	0.19815668202764977	0.6761017985723775	0.4900168166855956	20.631178919922817	-290618.35950385866	-484.4620150490728	4.0811402269853865	complete	
12036	01	trust	1	sub-12036_ses-01_task-trust_run-1	syngo MR XA60	XA60	0	280	64661	0.2022136760545809	52	52	44	28	0.18571428571428572	0.7320105729893646	0.5454866417094675	17.283797621870217	-294370.1685012227	-432.55712313497105	1.5885472108733771	complete	
12036	01	ugr	1	sub-12036_ses-01_task-ugr_run-1	syngo MR XA60	XA60	1	240	65454	0.2476649832095156	47	47	43	27	0.19665271966527198	0.7291642556871493	0.5611195321402963	17.88142881850236	-292626.32431598654	-485.78304866405284	3.3429422410266514	complete	
12036	01	ugr	2	sub-12036_ses-01_task-ugr_run-2	syngo MR XA60	XA60	1	240	65377	0.20410145021453782	47	47	42	28	0.19665271966527198	0.7065588988929001	0.5046200346527081	20.62260910828647	-292172.16437195276	-482.55320823963666	1.846722612442247	complete	
12037	01	doors	1	sub-12037_ses-01_task-doors_run-1	syngo MR XA60	XA60	1	218	76888	0.079811408824826804	38	38	32	22	0.17511520737327188	0.5390475517454892	0.35984115256892935	20.901032798005545	-308739.1050858172	-958.051325615695	-0.49116959372230873	complete	
12037	01	sharedreward	1	sub-12037_ses-01_task-sharedreward_run-1	syngo MR XA60	XA60	1	255	76995	0.09123993761516265	46	46	37	26	0.18110236220472442	0.5715059237632746	0.3562398333528812	24.879469082128995	-308267.3216164634	-920.356411790737	-0.09329043693690427	complete	
12037	01	sharedreward	2	sub-12037_ses-01_task-sharedreward_run-2	syngo MR XA60	XA60	1	255	76992	0.094152982056417936	20	20	16	11	0.07874015748031496	0.4689375992899435	0.3856767382813551	11.184975973900757	-307317.76400231826	-924.9987846078908	0.08772630662232606	complete	
12037	01	socialdoors	1	sub-12037_ses-01_task-socialdoors_run-1	syngo MR XA60	XA60	1	218	76900	0.087393345642099426	40	40	35	21	0.18433179723502305	0.5890442296665108	0.4089779299580008	18.73596771896085	-309161.7532979736	-946.2911154761374	-0.8287820488535287	complete	
12037	01	trust	1	sub-12037_ses-01_task-trust_run-1	syngo MR XA60	XA60	1	280	77143	0.11706288153369462	51	51	45	30	0.1827956989247312	0.622577298323106	0.3914166560000218	26.283924800407526	-308765.37563366484	-891.9694312827583	-0.29528636861726276	complete	
12037	01	trust	2	sub-12037_ses-01_task-trust_run-2	syngo MR XA60	XA60	1	280	76891	0.093652657843646889	46	46	40	25	0.16487455197132617	0.5784547333978907	0.37833652765574394	21.9644142244281	-307537.0362476106	-901.9115063243756	-0.33546436002491675	complete	
12037	01	ugr	1	sub-12037_ses-01_task-ugr_run-1	syngo MR XA60	XA60	1	240	76946	0.090704749888110586	18	18	16	12	0.07531380753138076	0.4692559396873819	0.39982672491764926	9.787384017545666	-309967.23654500436	-923.4272555404116	-0.006336369918702615	complete	
12037	01	ugr	2	sub-12037_ses-01_task-ugr_run-2	syngo MR XA60	XA60	1	240	76919	0.097575086442596243	40	40	36	23	0.16736401673640167	0.5458144948784868	0.3472128801487141	24.10802001439864	-308845.7795782466	-905.1980229710639	-0.36728468967052325	complete	
12038	01	doors	1	sub-12038_ses-01_task-doors_run-1	syngo MR XA60	XA60	1	218	67592	0.084578742982815827	23	23	19	13	0.10599078341013825	0.4621624313274371	0.3307351449122049	18.33012562289451	-301304.1440830508	-741.4327065822373	1.443403200352081	complete	
12038	01	sharedreward	1	sub-12038_ses-01_task-sharedreward_run-1	syngo MR XA60	XA60	1	255	67561	0.083163624352445467	24	24	19	11	0.09448818897637795	0.47556216333923135	0.3572034712213828	16.988022616749216	-302638.5885322742	-744.773889336721	1.28588748596334	complete	
12038	01	sharedreward	2	sub-12038_ses-01_task-sharedreward_run-2	syngo MR XA60	XA60	1	255	67568	0.095425766435449713	52	52	47	31	0.2047244094488189	0.6285601567042748	0.3766264935863624	30.145269168071515	-302418.76523423725	-732.8842683595973	0.5430444345733692	complete	
12038	01	socialdoors	1	sub-12038_ses-01_task-socialdoors_run-1	syngo MR XA60	XA60	2	218	65843	0.071184985223004635	37	37	33	24	0.1712962962962963	0.5660977825151852	0.38677449315620976	19.915116386998783	-307034.3037736836	-789.5266245119255	1.1728329855565542	complete	
12038	01	trust	1	sub-12038_ses-01_task-trust_run-1	syngo MR XA60	XA60	1	280	67535	0.077278382585434444	23	23	21	13	0.08243727598566308	0.4757894093992767	0.3611043886599382	15.170787906524144	-303975.6590596395	-793.641735809902	0.17537459027203736	complete	
12038	01	trust	2	sub-12038_ses-01_task-trust_run-2	syngo MR XA60	XA60	1	280	67753	0.076753955908061264	40	40	34	23	0.14336917562724014	0.5449645811437818	0.3696443204381062	22.606111331854542	-301984.1311816309	-765.210983142451	0.22700373348103348	complete	
12038	01	ugr	1	sub-12038_ses-01_task-ugr_run-1	syngo MR XA60	XA60	1	240	67472	0.080259596840098646	28	28	23	15	0.11715481171548117	0.5428909615972898	0.39345622833208216	18.514162117323018	-301301.26773969823	-741.2804854707691	0.28004274080639513	complete	
12038	01	ugr	2	sub-12038_ses-01_task-ugr_run-2	syngo MR XA60	XA60	1	240	67443	0.077129248118799981	13	13	12	8	0.05439330543933055	0.4432195157845172	0.4053467787222028	10.159206317128707	-301632.4202111978	-772.7918889660457	-0.4963715748608651	complete	
12039	01	doors	1	sub-12039_ses-01_task-doors_run-1	syngo MR XA60	XA60	0	218	64577	0.22770756199199468	88	88	78	54	0.4036697247706422	0.8654367590097009	0.48729759852894117	39.18756853891043	-310730.39793532627	-594.7472651806552	2.1315259096890142	complete	
12039	01	sharedreward	1	sub-12039_ses-01_task-sharedreward_run-1	syngo MR XA60	XA60	0	255	65168	0.22114077485814651	73	73	65	45	0.28627450980392155	0.7897171022771388	0.44274476434084037	34.467097051853465	-308417.6755177184	-600.5370272437685	1.4462990464441143	complete	
12039	01	sharedreward	2	sub-12039_ses-01_task-sharedreward_run-2	syngo MR XA60	XA60	1	255	65280	0.14165893888145045	34	34	29	18	0.13385826771653545	0.5889061685424671	0.362932732975708	24.768816405003278	-307572.211350253	-737.0484831773721	1.0440433403540863	complete	
12039	01	socialdoors	1	sub-12039_ses-01_task-socialdoors_run-1	syngo MR XA60	XA60	1	218	65300	0.37244157410262213	95	95	84	63	0.4377880184331797	0.909447804288798	0.5681566330590472	31.75852678655102	-309258.92405564326	-458.8566153734791	3.2835168933575143	complete	
12039	01	trust	1	sub-12039_ses-01_task-trust_run-1	syngo MR XA60	XA60	1	280	65343	0.13029381592746112	15	15	12	8	0.053763440860215055	0.4379624098932627	0.3708086835876287	11.595224612384925	-307873.99667585036	-727.4396364745617	0.7281069573975981	complete	
12039	01	trust	2	sub-12039_ses-01_task-trust_run-2	syngo MR XA60	XA60	1	280	65381	0.1327040908255189	34	34	26	19	0.12186379928315412	0.5535806548810908	0.33678888254388456	25.648332732811685	-307225.5438051181	-747.2371284041737	0.7079752278965683	complete	
12039	01	ugr	1	sub-12039_ses-01_task-ugr_run-1	syngo MR XA60	XA60	4	240	65542	0.25078297309334657	29	29	23	14	0.1228813559322034	0.6558196158389632	0.4387577033048319	21.161464734689435	-306743.11920770985	-610.3645573685087	1.546695736608152	complete	
12039	01	ugr	2	sub-12039_ses-01_task-ugr_run-2	syngo MR XA60	XA60	1	240	65504	0.30293933139159257	90	90	80	55	0.37656903765690375	0.889731116439008	0.5781546721003566	28.78029403984176	-306983.6745783938	-497.26210479901647	1.3348582685972874	complete	
12041	01	doors	1	sub-12041_ses-01_task-doors_run-1	syngo MR XA60	XA60	0	218	88994	0.10202942602748492	32	32	26	19	0.14678899082568808	0.5188216266429482	0.30901957368043076	25.381876096792926	-298974.21833384316	-740.7668513865437	1.5647851202378154	complete	
12041	01	sharedreward	1	sub-12041_ses-01_task-sharedreward_run-1	syngo MR XA60	XA60	0	255	89146	0.15913150010761665	75	75	67	43	0.29411764705882354	0.7520116504330004	0.45982385009805865	30.27576560243569	-304252.201028551	-644.334072949393	1.520162837456171	complete	
12041	01	socialdoors	1	sub-12041_ses-01_task-socialdoors_run-1	syngo MR XA60	XA60	0	218	88969	0.11301329938571726	23	23	19	10	0.10550458715596331	0.48099483394694637	0.3194462947121576	19.231557201958175	-297815.81423098716	-701.2942961014352	2.4273083729441045	complete	
12041	01	trust	1	sub-12041_ses-01_task-trust_run-1	syngo MR XA60	XA60	0	280	88815	0.11851632543127998	32	32	28	18	0.11428571428571428	0.5350442214936075	0.35383607572946596	21.69784824298469	-305276.22060885606	-733.8083583580539	2.306721216315793	complete	
12041	01	trust	2	sub-12041_ses-01_task-trust_run-2	syngo MR XA60	XA60	1	280	88740	0.14501565607358477	21	21	17	9	0.07526881720430108	0.46891211551198947	0.34994384913309684	15.592904779222026	-304381.69571082597	-696.6697666569445	1.9307360774804696	complete	
12041	01	ugr	1	sub-12041_ses-01_task-ugr_run-1	syngo MR XA60	XA60	0	240	89648	0.17058880097718193	76	76	67	47	0.31666666666666665	0.7711873370770728	0.46311301060514315	27.507596984098353	-296833.30401012115	-619.3331228762469	3.6394219761101807	complete	
12041	01	ugr	2	sub-12041_ses-01_task-ugr_run-2	syngo MR XA60	XA60	1	240	89141	0.15409839243166221	20	20	17	10	0.08368200836820083	0.4707147244531001	0.36227800556766776	14.639186297353918	-296839.3067497565	-665.2251482196979	2.974799663845804	complete	
12047	01	doors	1	sub-12047_ses-01_task-doors_run-1	syngo MR XA60	XA60	2	218	69050	0.10289878735957905	21	21	18	11	0.09722222222222222	0.4819287922416433	0.37795241489849674	14.40674098532779	-306653.2021751359	-635.2111446409624	3.6146568153509095	complete	
12047	01	sharedreward	1	sub-12047_ses-01_task-sharedreward_run-1	syngo MR XA60	XA60	1	255	68753	0.1037775201466147	38	38	35	25	0.14960629921259844	0.5871605163073623	0.41764769117940725	19.831041896729207	-309499.83578083676	-645.5118490075821	4.602898339011772	complete	
12047	01	sharedreward	2	sub-12047_ses-01_task-sharedreward_run-2	syngo MR XA60	XA60	1	255	68930	0.1083373353350998	44	44	39	24	0.1732283464566929	0.6375987993275098	0.45239403622162744	20.149225308571264	-308127.84284491447	-630.9511002496234	3.5724492632833194	complete	
12047	01	socialdoors	1	sub-12047_ses-01_task-socialdoors_run-1	syngo MR XA60	XA60	2	218	69087	0.089038831240448271	36	36	33	23	0.16666666666666666	0.5308047243644533	0.33904172793414394	25.031946137579414	-306941.60354065703	-651.6324194623157	4.054402917812127	complete	
12047	01	trust	1	sub-12047_ses-01_task-trust_run-1	syngo MR XA60	XA60	1	280	68708	0.086669831260471314	36	36	31	22	0.12903225806451613	0.5206306148474855	0.3560279334531365	20.250675535328785	-312546.5903180294	-643.029868173641	4.284696394408251	complete	
12047	01	trust	2	sub-12047_ses-01_task-trust_run-2	syngo MR XA60	XA60	1	280	68663	0.088000675058444097	38	38	35	26	0.13620071684587814	0.5827897199539794	0.42595639151083725	17.280362264463594	-310995.2590215474	-657.0841838443101	3.8564151828561672	complete	
12047	01	ugr	1	sub-12047_ses-01_task-ugr_run-1	syngo MR XA60	XA60	1	240	69191	0.10079021514011041	25	25	22	14	0.10460251046025104	0.5142371414623554	0.3779957075209389	17.694758995587698	-306688.7755426833	-620.6292394919577	3.970488123974175	complete	
12047	01	ugr	2	sub-12047_ses-01_task-ugr_run-2	syngo MR XA60	XA60	1	240	69082	0.12206600789323904	26	26	19	14	0.1087866108786611	0.5568782159843775	0.42056854467500654	16.947917541564102	-306424.3558621749	-620.5517974682664	3.738679206964142	complete	
12049	01	doors	1	sub-12049_ses-01_task-doors_run-1	syngo MR XA60	XA60	1	218	77062	0.20052820199116783	69	69	61	38	0.31797235023041476	0.7799825863950263	0.4765838502388245	30.480912631604514	-290676.19506202545	-513.3639237355825	-1.251317681822722	complete	
12049	01	sharedreward	1	sub-12049_ses-01_task-sharedreward_run-1	syngo MR XA60	XA60	2	255	77196	0.15105889493782151	57	57	49	31	0.22529644268774704	0.6675030416274779	0.40761194233291936	27.827448282020036	-289131.16885357123	-588.1445257534803	-0.638871298590398	complete	
12049	01	sharedreward	2	sub-12049_ses-01_task-sharedreward_run-2	syngo MR XA60	XA60	2	255	76930	0.2607928770624483	25	25	20	11	0.09881422924901186	0.6038356903469753	0.45793366692501286	15.953039961642554	-289747.7748326793	-492.8380639851012	-0.380801573589821	complete	
12049	01	socialdoors	1	sub-12049_ses-01_task-socialdoors_run-1	syngo MR XA60	XA60	1	218	77176	0.22880497135527342	72	72	65	43	0.3317972350230415	0.8081700630694046	0.5248697416411965	27.383886495351586	-290034.4296312339	-498.6984003122578	0.004537667437691266	complete	
12049	01	trust	1	sub-12049_ses-01_task-trust_run-1	syngo MR XA60	XA60	0	280	77394	0.26979075223808996	105	105	92	57	0.375	0.8509464609012612	0.5145245063318092	33.9333522077769	-288959.65010786615	-350.65797378649586	2.6278484406077927	complete	
12049	01	trust	2	sub-12049_ses-01_task-trust_run-2	syngo MR XA60	XA60	0	280	76826	0.26053520896462412	100	100	88	55	0.35714285714285715	0.8538983021484133	0.5314216693602691	33.00047644185903	-291294.78229088	-390.33881512897835	0.7491988853556484	complete	
12049	01	ugr	1	sub-12049_ses-01_task-ugr_run-1	syngo MR XA60	XA60	1	240	77353	0.1780454710493185	70	70	62	41	0.2928870292887029	0.7712065416964254	0.47850431773254515	27.384710582576137	-291723.9253074388	-537.4095548342483	-0.7015030308101201	complete	
12049	01	ugr	2	sub-12049_ses-01_task-ugr_run-2	syngo MR XA60	XA60	0	240	76995	0.24109960873567612	82	82	69	47	0.3416666666666667	0.8126122660306794	0.48430998906901773	33.15606022840792	-292323.0300643822	-502.50560777125554	-1.311577097877207	complete	
12051	01	doors	1	sub-12051_ses-01_task-doors_run-1	syngo MR XA60	XA60	1	218	74995	0.13930381665757552	30	30	25	14	0.1382488479262673	0.5283292154692669	0.34951871898157216	21.638649883416367	-287677.5983337836	-713.8795471384501	2.4401401738298363	complete	
12051	01	sharedreward	1	sub-12051_ses-01_task-sharedreward_run-1	syngo MR XA60	XA60	1	255	75197	0.11558254315844459	43	43	38	24	0.16929133858267717	0.5413349810535848	0.3359894954351233	27.694449923748238	-286412.7095515711	-723.4451927653128	1.4763745098718988	complete	
12051	01	sharedreward	2	sub-12051_ses-01_task-sharedreward_run-2	syngo MR XA60	XA60	1	255	75046	0.088397238964313785	42	42	34	24	0.16535433070866143	0.5557670547008687	0.3551717308778656	24.791576638643427	-286692.42973666283	-728.5559224818292	0.34337791496571174	complete	
12051	01	socialdoors	1	sub-12051_ses-01_task-socialdoors_run-1	syngo MR XA60	XA60	1	218	73474	0.10224825033033752	41	41	34	23	0.1889400921658986	0.5354430557422372	0.3271234749849658	27.857998223492444	-292052.44574505376	-753.0747765443682	1.2644059402177876	complete	
12051	01	trust	1	sub-12051_ses-01_task-trust_run-1	syngo MR XA60	XA60	2	280	73611	0.12865371352354354	30	30	26	18	0.1079136690647482	0.5167932160981342	0.3360272216823763	22.957791800079757	-292649.08728820336	-692.7617523155108	2.349535657238617	complete	
12051	01	trust	2	sub-12051_ses-01_task-trust_run-2	syngo MR XA60	XA60	1	280	75014	0.13899253529394034	36	36	31	19	0.12903225806451613	0.5928847683124603	0.386961931453396	23.82722717897704	-286998.2084704512	-661.5519970064715	2.044563592882193	complete	
12051	01	ugr	1	sub-12051_ses-01_task-ugr_run-1	syngo MR XA60	XA60	1	240	75492	0.11351885702823328	24	24	22	14	0.100418410041841	0.5095569344984281	0.3833067960011311	16.658406903920852	-286539.5339589831	-707.0341792028021	3.409812850550313	complete	
12051	01	ugr	2	sub-12051_ses-01_task-ugr_run-2	syngo MR XA60	XA60	1	240	75130	0.12494277095513615	51	51	45	31	0.21338912133891214	0.6540642672891591	0.4227150497720227	25.48865376781586	-286173.2134890963	-685.5884352854803	3.689726760051009	complete	
12054	01	doors	1	sub-12054_ses-01_task-doors_run-1	syngo MR XA60	XA60	1	218	59401	0.083283647548419659	29	29	25	18	0.1336405529953917	0.48348963991197313	0.3326847592335968	19.803846729120433	-338927.1477009884	-739.0717932002464	2.7580377630921045	complete	
12054	01	sharedreward	1	sub-12054_ses-01_task-sharedreward_run-1	syngo MR XA60	XA60	1	255	59952	0.075650837555249331	29	29	25	17	0.1141732283464567	0.46409802643691744	0.32966348406556645	18.667818538968273	-320494.46325780713	-879.3054365158262	1.1146907552188563	complete	
12054	01	sharedreward	2	sub-12054_ses-01_task-sharedreward_run-2	syngo MR XA60	XA60	1	255	59910	0.084503313433525157	27	27	23	17	0.1062992125984252	0.44127504086032454	0.31338781062158716	19.059191391655993	-320914.42868739914	-877.9103080968491	1.4775340364344753	complete	
12054	01	socialdoors	1	sub-12054_ses-01_task-socialdoors_run-1	syngo MR XA60	XA60	0	218	59484	0.084828256516232631	30	30	26	19	0.13761467889908258	0.5038906836297732	0.34259169642063303	19.93031745546588	-338347.7865357695	-730.1473149851082	2.326127190818883	complete	
12054	01	trust	1	sub-12054_ses-01_task-trust_run-1	syngo MR XA60	XA60	0	280	60072	0.12137623388595674	52	52	44	30	0.18571428571428572	0.6669211014462606	0.43295968166612003	22.364947746328458	-319320.1587554443	-806.0795626535381	1.5863844671334144	complete	
12054	01	trust	2	sub-12054_ses-01_task-trust_run-2	syngo MR XA60	XA60	1	280	60165	0.097645061985041942	40	40	35	22	0.14336917562724014	0.5633729309805053	0.3808865283548144	21.497689336350607	-318657.387682363	-861.3470401109015	1.18629386735408	complete	
12055	01	doors	1	sub-12055_ses-01_task-doors_run-1	syngo MR XA60	XA60	5	218	84791	0.096506105943472142	45	45	39	27	0.2112676056338028	0.6119466387630907	0.400449754386926	21.06260751136177	-273058.39853889623	-763.1670856077591	-0.5522930574315557	complete	
12055	01	sharedreward	1	sub-12055_ses-01_task-sharedreward_run-1	syngo MR XA60	XA60	1	255	84633	0.085182321936576391	24	24	21	13	0.09448818897637795	0.5024636165034624	0.3931983934153141	13.756559983492535	-273707.8728557571	-802.891821708949	-1.612069560683224	complete	
12055	01	sharedreward	2	sub-12055_ses-01_task-sharedreward_run-2	syngo MR XA60	XA60	2	255	84544	0.10209473636226857	49	49	43	27	0.19367588932806323	0.6124155614332734	0.41747797503073314	20.008409613621637	-273793.24955159426	-806.1940603716647	-0.813658657301882	complete	
12055	01	socialdoors	1	sub-12055_ses-01_task-socialdoors_run-1	syngo MR XA60	XA60	1	218	84533	0.087785170393786027	24	24	21	11	0.11059907834101383	0.47929425987029317	0.36442585583953324	15.047223372743321	-273823.8397039436	-790.9694746370732	-0.5784199018961311	complete	
12055	01	trust	1	sub-12055_ses-01_task-trust_run-1	syngo MR XA60	XA60	2	280	84391	0.092857856343409137	25	25	21	13	0.08992805755395683	0.49423167351379266	0.3872637628982428	13.708824798066667	-275133.29486949777	-817.2701931067207	-0.8918856125372566	complete	
12055	01	trust	2	sub-12055_ses-01_task-trust_run-2	syngo MR XA60	XA60	2	280	84587	0.10167671690114417	23	23	19	12	0.08273381294964029	0.46506490895625474	0.3689781814432304	14.937017826314984	-274204.3541898512	-810.3578442286835	-0.4092727781440894	complete	
12055	01	ugr	1	sub-12055_ses-01_task-ugr_run-1	syngo MR XA60	XA60	1	240	84653	0.094762781235162297	25	25	22	13	0.10460251046025104	0.4668116279371749	0.3348783979417019	17.842423464417703	-272785.57042552356	-777.0158647347102	0.18226038314155313	complete	
12055	01	ugr	2	sub-12055_ses-01_task-ugr_run-2	syngo MR XA60	XA60	2	240	84780	0.098890522379505422	50	50	44	28	0.21008403361344538	0.6176974132125609	0.393282938586905	23.426946480042318	-271805.98122561385	-749.2743352038584	0.6814855698404519	complete	
12057	01	doors	1	sub-12057_ses-01_task-doors_run-1	syngo MR XA60	XA60	1	218	74846	0.065379589385172063	35	35	33	22	0.16129032258064516	0.5089915486561583	0.31360339763899875	25.512644990083366	-295445.42217434663	-1112.1116342025448	-4.987886915260385	complete	
12057	01	sharedreward	1	sub-12057_ses-01_task-sharedreward_run-1	syngo MR XA60	XA60	1	255	74928	0.068286084027617447	38	38	34	23	0.14960629921259844	0.5019004355871455	0.3046988935216422	25.920799230692694	-294957.04009019234	-1107.0228432177007	-3.6355103199657295	complete	
12057	01	sharedreward	2	sub-12057_ses-01_task-sharedreward_run-2	syngo MR XA60	XA60	1	255	75116	0.062983207966485225	37	37	33	21	0.14566929133858267	0.4892592672319044	0.30638166503222103	25.346446407141002	-294191.1964354775	-1121.578201096569	-4.1245394737840835	complete	
12057	01	socialdoors	1	sub-12057_ses-01_task-socialdoors_run-1	syngo MR XA60	XA60	6	218	74933	0.061399294238163656	38	38	33	23	0.1792452830188679	0.5186020486144505	0.30982891765167186	27.706433910671063	-295406.99785360007	-1113.0185073205491	-4.693739986144526	complete	
12057	01	trust	1	sub-12057_ses-01_task-trust_run-1	syngo MR XA60	XA60	1	280	75172	0.0865634072867007	27	27	23	16	0.0967741935483871	0.512594753802133	0.35904264646025086	18.62063402152434	-293033.41170065536	-1017.6101172230295	-3.0272925306084875	complete	
12057	01	ugr	1	sub-12057_ses-01_task-ugr_run-1	syngo MR XA60	XA60	1	240	74733	0.063763789554095604	41	41	37	25	0.17154811715481172	0.5189324629154775	0.30529618308529666	29.048357476840426	-295623.60671241826	-1110.0229667039673	-5.4392422845474595	complete	
12057	01	ugr	2	sub-12057_ses-01_task-ugr_run-2	syngo MR XA60	XA60	2	240	74935	0.065632110065867763	40	40	35	24	0.16806722689075632	0.5108659853023679	0.29506576426029624	29.362242552109894	-292641.2210295766	-1088.2280575272566	-4.646538931164502	complete	
