participant_id	session	run	events_path	conversion_status	exclusion_reason	source_sha256	trial_fingerprint
sub-10317	01	1	sub-10317/ses-01/func/sub-10317_ses-01_task-trust_run-1_events.tsv	ready		909059529580d646719aabbaafc6700d91e6bb6aacb9e7f9526209884d969f6f	1645578700556e64a7fc041c6828d68ef9be0ba16e5ff5cd42231b8ffee9b3a3
sub-10369	01	1	sub-10369/ses-01/func/sub-10369_ses-01_task-trust_run-1_events.tsv	ready		895c0f97f89a10dbe4dc3c0cbf27c51e1c2e92c8e83d3b74597f4dd9457a3905	a1e7fc4da65ab118c201af5d5fb2f5a888b70a015e78e4304cab451c115c1020
sub-10402	01	1	sub-10402/ses-01/func/sub-10402_ses-01_task-trust_run-1_events.tsv	ready		6305859579635583e11c4b3d46ef9fe1d0f72408f087fa080f6ab359193f1725	f6dfce19423ef01e812c8b7d7ae33c46d629fd4a78423ae5dfb4a65d251de00c
sub-10402	01	2	sub-10402/ses-01/func/sub-10402_ses-01_task-trust_run-2_events.tsv	ready		848b7018f678628daec62a04f03e345d7ae86d846dac58229468d41cf4ef47d8	cf8f9867d3c6a351381e9e2c5ad2da03adcddbeed61fdcbd5fc746ac8c582588
sub-10418	01	1	sub-10418/ses-01/func/sub-10418_ses-01_task-trust_run-1_events.tsv	ready		1d01191e385b0782e7f5e189f846feb419205d5573fec4cd603da414e4ee5c1f	4573b722f03da225747251174991b0d04aaf15281de92307ddf43ef227d6e739
sub-10418	01	2	sub-10418/ses-01/func/sub-10418_ses-01_task-trust_run-2_events.tsv	ready		980b9453fd789e7e51973e2f76eed37cbc3233d2390786c55376a7443a8a7636	f92bd4d88a14dda2a4ecc4b704ea66730ca557864d60dbde4ab7f5220cfe560e
sub-10462	01	1	sub-10462/ses-01/func/sub-10462_ses-01_task-trust_run-1_events.tsv	ready		c746f09991d3199d6880ee0ae8a8582dbb38aad4e2190bbb001ea05676b58ac7	c1f7515cda2974fde2f83b5056ddadb6b0337bf52b24e92545e23d4928bba297
sub-10478	01	1	sub-10478/ses-01/func/sub-10478_ses-01_task-trust_run-1_events.tsv	ready		4a8db3de1aa5b2ab28211a359553a660238bdfe35df469043215db3b2719ae13	a6d2c75ef3ed43e0a8c1329cf320f9983f393fe9b5c91ce1184c31fd8eb2b491
sub-10478	01	2	sub-10478/ses-01/func/sub-10478_ses-01_task-trust_run-2_events.tsv	ready		666411360dd1a90e213705c09acd0cf0ecc041ad34c52cfe6b664ff0f17d1f88	706edf5ff642baea1494aa197331617987d42704112d5e26c8df7209132b4205
sub-10486	01	1	sub-10486/ses-01/func/sub-10486_ses-01_task-trust_run-1_events.tsv	ready		cfde88c94c653103de5cfec399250e0531b556da3e86b631cb84f6807820cc5f	dd5559ddbc12cbaed1a9586233654528d6f83ed6caf7dfa6d4aa06ab02da75ad
sub-10486	01	2	sub-10486/ses-01/func/sub-10486_ses-01_task-trust_run-2_events.tsv	excluded	source_missing		
sub-10529	01	1	sub-10529/ses-01/func/sub-10529_ses-01_task-trust_run-1_events.tsv	ready		6dde1ee169d83e00c4bdff8d8ba45abd58813770aeb511eb8e81a0c181683bd0	58286f4d1a6d9af8d101e4769e2ba8c8aebdaa39995799fa28e05ed1d5022f98
sub-10529	01	2	sub-10529/ses-01/func/sub-10529_ses-01_task-trust_run-2_events.tsv	ready		e62533bfaee6938441a55b515e31ac3693a89faab179a57a7f7a365431180903	877d1d697e402c16def3dae7e1f736f77fb37d5672ae5125b1f7763dfe682cc0
sub-10541	01	1	sub-10541/ses-01/func/sub-10541_ses-01_task-trust_run-1_events.tsv	ready		e63c538fd38b611ee9af92091e1ab100d820a1a80168fc87bed1a646d48472f6	25abdfbb443393d3457d40e22b64233a274382e033c5b06372f71af3b47b1745
sub-10541	01	2	sub-10541/ses-01/func/sub-10541_ses-01_task-trust_run-2_events.tsv	ready		166ca1ff56c92fb05aff1048b69a8cd95e7aca39e957b4dd7dc736bd35d707b6	45395e6e1d04ffb05f5a7771159b0b5aa73406f5c15e2cab4aac349107d9e0cc
sub-10559	01	1	sub-10559/ses-01/func/sub-10559_ses-01_task-trust_run-1_events.tsv	ready		73a1482beadd81a9654fe07dde095b2b6bcf957f0ee9caf3019b2fe0a75fb6b6	da4cb1d4aa6158383176fcb49b8026f587c79ba8a91b11d79a2cf2bd9ba2ccd0
sub-10559	01	2	sub-10559/ses-01/func/sub-10559_ses-01_task-trust_run-2_events.tsv	ready		949dd5e2b7c5a8b9c24f8b04f9499201f4c7f0953c890b69535f8f2352850a1b	c24362b3d2a15623ce869cf873ca4602dcfc29107a8e5778dd4a13d1e7bf56cb
sub-10572	01	1	sub-10572/ses-01/func/sub-10572_ses-01_task-trust_run-1_events.tsv	ready		57597ae63f6e394f532be64acad233dd4fc0660afb8f5b02e0c0a4d2fc5de8db	fd2401b8d91b3206333b3a73f3c946f2e9bbce419dd6c769ef839e11fec7de21
sub-10572	01	2	sub-10572/ses-01/func/sub-10572_ses-01_task-trust_run-2_events.tsv	ready		8060af759f1eeba905edf66f4c90a8700c0a905a031934b54a45f356ebd30dab	0a477a5198be01c5ba3829f3f35db825f5ea3377ec3c6f219898d2378497ee4c
sub-10581	01	1	sub-10581/ses-01/func/sub-10581_ses-01_task-trust_run-1_events.tsv	ready		6362733decfa568edbd0bf3a7d7ddc1e14da56f71bb8fd0049d41790bd6f88dc	426e22d29ed5fd5ff458d50830c003896431171ada97d876a1604dac7b399a34
sub-10581	01	2	sub-10581/ses-01/func/sub-10581_ses-01_task-trust_run-2_events.tsv	ready		cd7c7326c15c77f432a4912cfe2d89f3c2dcb21f30b762bcb44c3aa0392e405b	745bab874f423293e70d680255627e82832e926751a631d1a5833304e17ac971
sub-10584	01	1	sub-10584/ses-01/func/sub-10584_ses-01_task-trust_run-1_events.tsv	ready		4d15d1210798ccaf88ef6d7cac021ec99fdd33b6cf7680e6b6e37ae5fea57d20	324d0ff05a0453110ddff25f11ef8ddae524d6e144b394089767cb2a83f602e2
sub-10584	01	2	sub-10584/ses-01/func/sub-10584_ses-01_task-trust_run-2_events.tsv	ready		4dfff2f06b41454a872acd95640c84a0a87a61150cea01b1b494ab63080919f1	4312116eb0421b23fb2f0d98f5346a6e33da9be6c095db299cbd8fe8cc498e2e
sub-10585	01	1	sub-10585/ses-01/func/sub-10585_ses-01_task-trust_run-1_events.tsv	ready		0a6f4b17607f1b98a59b2f069724ec3360bf7eccfec78a572519895936048db0	effe04741204da415bc2dea589ae13c1a893b7dd2e632b49fb2436805ea473ea
sub-10585	01	2	sub-10585/ses-01/func/sub-10585_ses-01_task-trust_run-2_events.tsv	ready		3947139cfd197bed1db81de486546124ff1ca285bf01b0c6d73bd062f3ec7d6d	229c7c0dd31c69af50d79a206b52e52f22f98178eb7e0d67cc74bc731c570f7f
sub-10589	01	1	sub-10589/ses-01/func/sub-10589_ses-01_task-trust_run-1_events.tsv	ready		ccac20f06f5ec0499eaf9dd6b0f4600d3d00025f212fe5554587e0804119eb15	53b2d9d59db73ed1f514a25672567677297bafd850df0d2d881d9e0980a98a4b
sub-10589	01	2	sub-10589/ses-01/func/sub-10589_ses-01_task-trust_run-2_events.tsv	ready		23c1026c7ed4022ada0c86a844361e55031a8433e9e3d8d0d912dc075991cb8d	0a10c1f8d81f86e85a340c3961c085e3a93d5cfafcf0b9d0158c92f94c5e92fa
sub-10590	01	1	sub-10590/ses-01/func/sub-10590_ses-01_task-trust_run-1_events.tsv	ready		8ce64624d29d729c49c5815b6cbda45100feda5268557d2d49972a4a4fbce7da	db67021d60a0e525ba1df8f4168d611e7350b8525c216eda41114a86ddcbfd60
sub-10590	01	2	sub-10590/ses-01/func/sub-10590_ses-01_task-trust_run-2_events.tsv	ready		b5ac1c530e2ee5f0689d4c3ac5031044c46e1dc1e087d2ce08599aa92486c8d2	bc75a749855f581767d9e01e81ec1aa5488895899d484659672b5864adb92286
sub-10596	01	1	sub-10596/ses-01/func/sub-10596_ses-01_task-trust_run-1_events.tsv	ready		45304a7d1b27a18238e5882533bd3933939592c8c2ed290929a35badd79896f4	9bd24e377a39b5cabc54b08dacf473d2a5847877cbe27fe1f0f7798400cfe75e
sub-10596	01	2	sub-10596/ses-01/func/sub-10596_ses-01_task-trust_run-2_events.tsv	ready		c18ecfeb1ffa974640614720e11bbf9d4a095ba9358f7b767ac61214680fdf68	355b47dd8f4752e2a2ec0969f15255176935f53aa99a0463a9496bbdfb9e4c1a
sub-10603	01	1	sub-10603/ses-01/func/sub-10603_ses-01_task-trust_run-1_events.tsv	ready		c1271a6402ecc7e65a60f82277f5dd54fcfb6888af04576e94cfcc79e8ec04c8	65daa214c3f34746174412bd325cea33a4fe5e068fd2f412e8289d449fc782d2
sub-10603	01	2	sub-10603/ses-01/func/sub-10603_ses-01_task-trust_run-2_events.tsv	ready		117c1c099dc9b03798162e72c37a3166c2058005835eeeac3a8a8ef712cceee6	f3080c1eb94145ca69864e72667994ec97e24acb2db6a087a152030110701479
sub-10606	01	1	sub-10606/ses-01/func/sub-10606_ses-01_task-trust_run-1_events.tsv	ready		180a6ba11d9353b2652d0f1cc44dfad1f58e9d64a284ade16ac98e9c5a1ea3cd	6d3c114482ac960d5d95b122c1243aa11111cc4e2369122b28484cb043a13857
sub-10606	01	2	sub-10606/ses-01/func/sub-10606_ses-01_task-trust_run-2_events.tsv	ready		08dd88bfb3951de2594ac1d60662ab3ac835b28f5dd95c9dc38a1193b3c9f0ff	59293c3fb4199b9efbc70ea4415d8e78b3f35f6640efaa9b91ae0f335e59497b
sub-10608	01	1	sub-10608/ses-01/func/sub-10608_ses-01_task-trust_run-1_events.tsv	ready		0eab923742d60789e653d80df34bdc2cd7c917e0accfecc19cec4a88870e0104	e74361b5182d22b5f77ec147ad6f4264eebd4a780c156e665c52ec1794a4b2c3
sub-10617	01	1	sub-10617/ses-01/func/sub-10617_ses-01_task-trust_run-1_events.tsv	ready		4e05b83d18bf722a7b0681233dee4a4311f4dba9d060b3e5c2d48b8a168670aa	5db5f1001104ea48b26392263b9634904eb3e9b77c5bf7c24ac18c0f354fac96
sub-10617	01	2	sub-10617/ses-01/func/sub-10617_ses-01_task-trust_run-2_events.tsv	excluded	source_missing		
sub-10636	01	1	sub-10636/ses-01/func/sub-10636_ses-01_task-trust_run-1_events.tsv	ready		e2459863ded23300cbc54c1c749707eb28d543c503aba646a20d5a1ff7d99275	113cef1a7b761553c08d0063c64b339f4f525942ec5376f0ef7e7cc850b5cef4
sub-10636	01	2	sub-10636/ses-01/func/sub-10636_ses-01_task-trust_run-2_events.tsv	ready		7c991ca4e8819775e429adb4d2202243364feb1f1ea47bb3987cdcaefe9083d4	6aea8fd4b81b941b554b2bfb1fb4901bf2e3bb05cc2fba3997ac49ea2f594a8b
sub-10638	01	1	sub-10638/ses-01/func/sub-10638_ses-01_task-trust_run-1_events.tsv	ready		f177dbdefcc30cd0e5d78603cf795841f05652134075d1dfb6d836191816e501	6ff482207fbfb8160704ed55b5e0b92b1878ef6da8eccf532bc9419108c1eb27
sub-10638	01	2	sub-10638/ses-01/func/sub-10638_ses-01_task-trust_run-2_events.tsv	ready		1fc2a40808e6edc10ee1c57d8e46b3daae44e751753f930acd00e57613eb598c	9b5e5a3ff264309763f0272fea8492d654192c4b87609a94039baed9c60fc8d2
sub-10640	01	1	sub-10640/ses-01/func/sub-10640_ses-01_task-trust_run-1_events.tsv	ready		194441226b55c503de5c93c7cccf1da8e566d00ede6417bb1fcc01e199111a3a	c49a854b0b32ee6ca90b51516ef757cceeea491d316b5a1aef5a9ccfd4ac0027
sub-10640	01	2	sub-10640/ses-01/func/sub-10640_ses-01_task-trust_run-2_events.tsv	ready		9cc7043ecda767f475157a94463f31d35fc6981a9fd29fbc02a16b58332027da	66388d997c3f3ee0c715153e06083b2dfcb917528f08904c72ae285121e52021
sub-10641	01	1	sub-10641/ses-01/func/sub-10641_ses-01_task-trust_run-1_events.tsv	ready		83e0cf59e2730c058fe88979089d59d806a5391e714a14fb33c987972a7af04b	25b2a1dec296a65ee6cabf05fbb99e4bcba623b10cdc5bb46f55bc83f2d39f9c
sub-10642	01	1	sub-10642/ses-01/func/sub-10642_ses-01_task-trust_run-1_events.tsv	ready		ac21e0fe98410add473702182102e93288fad2350c299c26cda382648fff11b3	df51fe9c0180e13f70e906f3dc05208317ba077f8d09af1a9247fa041379f04b
sub-10642	01	2	sub-10642/ses-01/func/sub-10642_ses-01_task-trust_run-2_events.tsv	ready		f0e2dd23e234b9e8714764c84d90db8c89dd24c32c45b4021d0260d8abd7114d	9d833b37ee768d49ed0449b64b903755fce81a42625c631c604925767ab58886
sub-10644	01	1	sub-10644/ses-01/func/sub-10644_ses-01_task-trust_run-1_events.tsv	ready		d41f2ff9faaa6e8e4c93871287f026d798357d9eaba64cd84c3a9c6636661065	095d521a23dc96a968c3489f859ea46589db9908c546c746bfc7d3d75f3eb7e0
sub-10644	01	2	sub-10644/ses-01/func/sub-10644_ses-01_task-trust_run-2_events.tsv	ready		ffb9f65ff2f56eeea4e9b9d08c823682a93237b3df267da998e28ef52ffc17f6	eec5c7ffadc78f7fc870edc05c7726c1ccdcf25af76b83905165ea389e06b482
sub-10647	01	1	sub-10647/ses-01/func/sub-10647_ses-01_task-trust_run-1_events.tsv	ready		ce478ddf90d69fdd24382f6f5dd76b7a92304f787979bf55f2ce0f301b049d47	5cd246c76e94d91c2b515730936362460e4d689e435f1e244934d6143cb4738b
sub-10647	01	2	sub-10647/ses-01/func/sub-10647_ses-01_task-trust_run-2_events.tsv	ready		465912ea67beba01e095693934538bf530f1050d5d84eb4e5cc149269bf7e195	bc8acd8a41046eed75d70e6fd9dc1dc63eb0bba65b1a323172e873d882841e99
sub-10649	01	1	sub-10649/ses-01/func/sub-10649_ses-01_task-trust_run-1_events.tsv	ready		d545fb44eab7732fcf8339706f1164f72ec1928fe90f6969c5c6e406e30a1559	2ae4292ffded79b8c12a8c75b0aa04434103cf9ffa5c5938094b6874e0239dbc
sub-10649	01	2	sub-10649/ses-01/func/sub-10649_ses-01_task-trust_run-2_events.tsv	ready		2ca6fd2856ee1c36172c71cc83caf5e683bb3c2783d346b4aba756762bdfdafa	604262605c7bd34705bdd98a71986b0c61b05af68924ca365e96417d673f1640
sub-10652	01	1	sub-10652/ses-01/func/sub-10652_ses-01_task-trust_run-1_events.tsv	ready		2e15d5608c79e2699c17371ee301392f3aced436d1a2b74881cae5eeb466c9cd	b515bf361f46832f03900af41233bc08964353438112d6284ba49afaf705bdae
sub-10652	01	2	sub-10652/ses-01/func/sub-10652_ses-01_task-trust_run-2_events.tsv	ready		64f50f51a8885470dc5bd1df8ee7b6598f68ac864b65e33ab27b0d611583d0da	b8fa0027bb6a82ea16dcfea6057c7b735cac54e0d6e56e960fa71793f09b1241
sub-10656	01	1	sub-10656/ses-01/func/sub-10656_ses-01_task-trust_run-1_events.tsv	ready		d48f168933c17906645e5347b1cde8533284b382da438592423aa07a28c82ba6	567d2a44b40f9784b218f5ef3b636d5bb5dcb5d5157e55ba09b1297a41629d23
sub-10656	01	2	sub-10656/ses-01/func/sub-10656_ses-01_task-trust_run-2_events.tsv	ready		5696390d4f3fbc2c033659d4ba642d6a8fcc5c7bd28ce42022d9c53e5e39d33c	4315be7e641c0208a9700eeb9a834e9a0f1c67a6f67b99b9a0a820438fa59afa
sub-10657	01	1	sub-10657/ses-01/func/sub-10657_ses-01_task-trust_run-1_events.tsv	ready		e90bcf18d2d4e0fecc061cfa55ac7fc14731dea5f9aef0c18c6e6274e7d9d1e1	584b8691a61601c6015a0bd0a9dd6a5a8dc6435998c829b3c087343885eac2dd
sub-10657	01	2	sub-10657/ses-01/func/sub-10657_ses-01_task-trust_run-2_events.tsv	ready		b6c1e449edee651ee7dfea6ad83d6fc52d6abff9de0625c7d0a3d394a822ddfa	628bb277d0ca50802ea24fae73ae404f05278d7dee697a485841ffbcf4fe2e2d
sub-10661	01	1	sub-10661/ses-01/func/sub-10661_ses-01_task-trust_run-1_events.tsv	ready		a3c17e810d71df4a4e9f0ff3830d6a10d3f6fbe11036656912801e05179e1498	4adadfc73b465180774f5dde650670c168868d328d8af4147e0cdca15edb9cf2
sub-10661	01	2	sub-10661/ses-01/func/sub-10661_ses-01_task-trust_run-2_events.tsv	ready		8a785668938bca2210ba2b85ee3b69cb62a1df3e6ca6878030817195967b27e9	5230a7a287ce44c622a1b77da2dd0723c6561da42a648113bb6950328e969671
sub-10663	01	1	sub-10663/ses-01/func/sub-10663_ses-01_task-trust_run-1_events.tsv	ready		243c8e2ffb467b454d991389aa718e87d5fd9d0b3444abbbb2c04e29b7be9575	af71bafa0612f58fd7811a6e80a07932819f7d748167885c5ec3034bf343c0c2
sub-10663	01	2	sub-10663/ses-01/func/sub-10663_ses-01_task-trust_run-2_events.tsv	ready		ac437170fd51c542f855a170dd9080199d05e9476230be673963e6baa528aac5	87629196e1cb33bbee9a1e5837c4d19c861810a3040b2d4da31236a6846d0832
sub-10668	01	1	sub-10668/ses-01/func/sub-10668_ses-01_task-trust_run-1_events.tsv	ready		4efedc6078779b77b993999ef6f35331c029764032c3cf0ecdd51b5012b2fffc	c4706e90f1a6c1f0c803883a834d71a1e5002d7e7ccd7739ab1515bf77bcf98c
sub-10668	01	2	sub-10668/ses-01/func/sub-10668_ses-01_task-trust_run-2_events.tsv	excluded	source_missing		
sub-10673	01	1	sub-10673/ses-01/func/sub-10673_ses-01_task-trust_run-1_events.tsv	ready		4a767efcd15c1c4577738988c1c3e8292d249429a40147d91d9eb352fb8df70f	b847e179b4b21aad334da36639b36ce0524cd33d42c14b6ad750f9fc1ac0b453
sub-10673	01	2	sub-10673/ses-01/func/sub-10673_ses-01_task-trust_run-2_events.tsv	ready		a9e3a988619e19d0240038782b4329f45b6daa12c74888790f7780167e879070	004b9627a7c7eedc414cbbfab177729168fc65eea069bff81b611a7f2df9ebec
sub-10674	01	1	sub-10674/ses-01/func/sub-10674_ses-01_task-trust_run-1_events.tsv	ready		7b406e67bf10db21116dbe6afd4fe9aa64806999bbbb0b37588ada29a1cc12d1	ad56be94d8cee29424f4012b3de827a1ad90cdbf778f20506d721b1a32e8f51e
sub-10674	01	2	sub-10674/ses-01/func/sub-10674_ses-01_task-trust_run-2_events.tsv	ready		969b41ff27de2756adae391a8f0953c73903b66cc3100113a95ccd122505193e	5230a7a287ce44c622a1b77da2dd0723c6561da42a648113bb6950328e969671
sub-10677	01	1	sub-10677/ses-01/func/sub-10677_ses-01_task-trust_run-1_events.tsv	ready		fa0f9ee97bce07dad6be6e0a12f5bb8c7af0120e7819b58bdb2c7be6ce63afe9	7b181c177edc715fe67811bba20065516dc5a2b197ac63dffcc200c0e45852c0
sub-10677	01	2	sub-10677/ses-01/func/sub-10677_ses-01_task-trust_run-2_events.tsv	ready		d96eb63434d02a0ca206168be86c63993a993bbfef12e3c95b2bbc0c48a7e474	f2b5ef190ebfc1bc61363b039b5f8e60dea565b170b1285a0d9a6a67633865e0
sub-10685	01	1	sub-10685/ses-01/func/sub-10685_ses-01_task-trust_run-1_events.tsv	ready		3da5ba537161a3b22edca792ab23a23af7ef2e2165ee018aab86072bbec27c1f	a38d0cebca327318f9a74a41366396045144fee6326fcc788fdc5c2f1f5ba3e1
sub-10685	01	2	sub-10685/ses-01/func/sub-10685_ses-01_task-trust_run-2_events.tsv	ready		cdf8f879a6d4ef596bc24062f78bac89800350ee3fa181f133710f67b62a13f6	261df4dcb107b7d0e2d2eb01a37606470e9f11abf67ced529e502ee3ad5bcc86
sub-10690	01	1	sub-10690/ses-01/func/sub-10690_ses-01_task-trust_run-1_events.tsv	ready		30a6ac7317d860ce699a5e3150ee4b87aec50033116777ad20ba822ecd692b93	bad751f099a3930222b1b149750f5f0cbd48628b84be5de7237cb792601b1b62
sub-10691	01	1	sub-10691/ses-01/func/sub-10691_ses-01_task-trust_run-1_events.tsv	ready		83c633f7322a103f2ee8c7ef02dba2238c3b0309aee7af46ae445aa74da8eb8a	3a3b8342935d18bb42d45235c0c5765f3f367e0357f25e46146293dd86888582
sub-10691	01	2	sub-10691/ses-01/func/sub-10691_ses-01_task-trust_run-2_events.tsv	ready		2b36022f0ab426c30b56309e375518c5fd01113756cf6a5239da1823df300d7f	8ec2fe832c52f67f307f46b7281cb943938cdf82ac31ed34ccd2a5ee19927634
sub-10700	01	1	sub-10700/ses-01/func/sub-10700_ses-01_task-trust_run-1_events.tsv	ready		e14805af58efbbba18964316114295dd677dbc4c39a5639c624b07afd16f3ff4	ba00987380485dae7c5ffe792aeecc47ab36760ae7c55022d08f2cf6d50bf3f9
sub-10700	01	2	sub-10700/ses-01/func/sub-10700_ses-01_task-trust_run-2_events.tsv	ready		6bf9f4f26a49e372936b0a850c58cde90459355edf7de6e72d3555f5c9df0eaf	f00d2022cfdb0212517e10a2cac04deaf5b6090f97e3e68a0dc4fc04daf1599c
sub-10701	01	1	sub-10701/ses-01/func/sub-10701_ses-01_task-trust_run-1_events.tsv	ready		6a773a781fe2df88feba85025e58e05dc3991221b4ee021f0a819da7e330fc5f	b03d29e0a3e68abdb0fbac58453f3a2155c9b992f9f8cd5bd5883aa826e9368a
sub-10701	01	2	sub-10701/ses-01/func/sub-10701_ses-01_task-trust_run-2_events.tsv	ready		6130b30f50a3ac413d1d46b7be248de431eff56cabe1e3dd8e8f37a51329eaf9	bce9ded039493601f60aeb3e0b7d7b0a0d7ad3d93de02b0a6dc3fd1ec652031c
sub-10713	01	1	sub-10713/ses-01/func/sub-10713_ses-01_task-trust_run-1_events.tsv	ready		eeb06aa47abc399815fb577043f3343f40cbe981df94c109f8ab52703f9b0521	511a2ea1aeaa968e7e0c1dec32232aea081c855162d6b8b27207570a4d939461
sub-10713	01	2	sub-10713/ses-01/func/sub-10713_ses-01_task-trust_run-2_events.tsv	ready		828553d5bdd651d8f02ae3db94f935e1cec18fe65e794147f51406ab81cd5661	a1dd11c0f6f97465ec1a3cdfba71b49688adac4e03870f07482bc5c0286017af
sub-10716	01	1	sub-10716/ses-01/func/sub-10716_ses-01_task-trust_run-1_events.tsv	ready		1919239fa97bfce0c357832089bda4a4d23356741cf5a5ae87be69cce622756a	4a336c632fb6f366a9d0204fe64eb36ccc3fd336428e1548100fdfa011e5d5a2
sub-10716	01	2	sub-10716/ses-01/func/sub-10716_ses-01_task-trust_run-2_events.tsv	ready		06812a972e9e06c8303fb2af34a3811f802a12096f6f7ffe654cdf27e49e9e3a	5dda90e144862cd1d9bfdd17abc9bdd379d42868ba0af0c6b2f7f4d7c85e8021
sub-10718	01	1	sub-10718/ses-01/func/sub-10718_ses-01_task-trust_run-1_events.tsv	ready		5a3ac95ec38441c642aa844d96d0645c492d57f87025b29bf719493636c30c6a	5de5acdc52d56e414ebac8957eac91065cec1840479fd29a875ff8d4bed9de6a
sub-10718	01	2	sub-10718/ses-01/func/sub-10718_ses-01_task-trust_run-2_events.tsv	ready		30eba97ee5567ff3b251e539d74822aab14620e3bf5ad09876eae2d8650b3458	44fe19a04f262d9c72d98399f63b59c1ea6a718c42e24560d1f4e3bc7b5db115
sub-10720	01	1	sub-10720/ses-01/func/sub-10720_ses-01_task-trust_run-1_events.tsv	ready		522c8b44cee62443b985978625929a8ff71d591bfe1d13ddfbe7ea9aae75d6dc	0eb295bb329be3518ddac028185fcd85055fdc60dc30595e664e3dbc4fa5c8c6
sub-10720	01	2	sub-10720/ses-01/func/sub-10720_ses-01_task-trust_run-2_events.tsv	ready		b911916008433e99969a32fc24534204c64abafd886d1359443bcdccc18fc006	fbccc2adf3992ed89e051f32616283bf5e0daa874a177654680760efc5daf6bf
sub-10723	01	1	sub-10723/ses-01/func/sub-10723_ses-01_task-trust_run-1_events.tsv	ready		ea90c7029ea14ce82eb0c1477c0f2525ebb66d0b0f18c4c7beb1167a9dded737	26298bedb9739e0c03642b3a0c89ae9e1368a27bb080a2c666ac85a75bb23a2d
sub-10723	01	2	sub-10723/ses-01/func/sub-10723_ses-01_task-trust_run-2_events.tsv	ready		26a7c97f387b2f5ecdfa4b4ff3b18de135eda104968ad00ea2e97d6a1c8f5c45	3cd14a76669697ee42fa20b9329af91038e879d5aeb0482fbedafbfe8330c4fb
sub-10741	01	1	sub-10741/ses-01/func/sub-10741_ses-01_task-trust_run-1_events.tsv	ready		89e69b8852cfc9e22de57d70bffd37143664fa93e4a8fa85544596ba9d670907	40eede0bfb5ff39779f4e3c728bec78948ac8121844bca5583b4b75efd63cc22
sub-10741	01	2	sub-10741/ses-01/func/sub-10741_ses-01_task-trust_run-2_events.tsv	ready		06b3bba5c4434de2199cc77a0e17d54796a8bcffdd6f727a1324972664c3078b	76f32dc7aca928f2c8f4ba93d0af7132824f5b187288b009df36b545f748632c
sub-10748	01	1	sub-10748/ses-01/func/sub-10748_ses-01_task-trust_run-1_events.tsv	ready		cb2754dc44e729ff4b185c9608e3feee76a35a5c946a221ec4a1114fa3840d4c	c8e3e9a42bc12adfcd120a74336a1d8dd98c12d9d7a114985086f74326c32f7e
sub-10748	01	2	sub-10748/ses-01/func/sub-10748_ses-01_task-trust_run-2_events.tsv	ready		3b77f56ce3754bb4eb84cddec2bdd66b8714137df8d1181dbd7b8687a331012d	f74fed4df5f1fda4328ec9f6b97b67f663f2ed33599764bdd14346b505a33fbb
sub-10767	01	1	sub-10767/ses-01/func/sub-10767_ses-01_task-trust_run-1_events.tsv	ready		f2a5bb585a693638ad3a800a835e9b8b8974c7b5a1ceba971d91d3e8739e18ad	2cb3b56c68914c049987d65cdb4af9d276eb2ce700ed1b42506ad0fb192d256b
sub-10767	01	2	sub-10767/ses-01/func/sub-10767_ses-01_task-trust_run-2_events.tsv	ready		9b95ef0aa02c9a8082df94c6eabfbbae2c2e9ed01b5f58b2bc103dd50558e455	f207e2891d3881893c11dd77cf707ef14b8fe4eee2d8de376fee378c1497f4a1
sub-10770	01	1	sub-10770/ses-01/func/sub-10770_ses-01_task-trust_run-1_events.tsv	ready		ce4c3a0f963ed37a836f47ab2f99809af979dd0ca004d92e31f88a645341d919	5e3bb5564b228c792de2d4e65968d8711202c2a55aac5dcb5da5d835fbbcfc44
sub-10770	01	2	sub-10770/ses-01/func/sub-10770_ses-01_task-trust_run-2_events.tsv	ready		f9789a5f5fb2a67fd401f1e5c5432e430f5228b984f74feded231a0b1c59d614	5eadfd62480005eb19ca1963707698d5902f651a37925847bbe47d3d44ce40ef
sub-10777	01	1	sub-10777/ses-01/func/sub-10777_ses-01_task-trust_run-1_events.tsv	ready		f63d29c93c89fd92ba3366b80f6f4e6e87e57c1ee5e4c96565285dd22306289f	19d25acbc0894a664cfc8720f00703ad52c39dcdcbfcd7173e9cc7f26c6fdaa6
sub-10781	01	1	sub-10781/ses-01/func/sub-10781_ses-01_task-trust_run-1_events.tsv	ready		172aa562a22dd2fa16b92fb6545050e1ebb296e7a657ffe2654fd22f942a3bfb	7720b9384242441844784deafdc9adb8eb66646c67f0bb0bb55314f4d50c4b9e
sub-10781	01	2	sub-10781/ses-01/func/sub-10781_ses-01_task-trust_run-2_events.tsv	ready		f63529abb479db439c008eff66ef3722f95868733bc1279637ce094adf7ce2a2	090c7d1ce588ac17db45583ecb2d0918d35645bd068006237e06a95db402e874
sub-10783	01	1	sub-10783/ses-01/func/sub-10783_ses-01_task-trust_run-1_events.tsv	ready		2e8163f161cec5d37722853f90b7d80255f45d0cae2df0f596297fa7b82539ad	f78417c5bc3659aa4169d6bbfce0396a5a885a094e4462f72b11898ef9629299
sub-10783	01	2	sub-10783/ses-01/func/sub-10783_ses-01_task-trust_run-2_events.tsv	ready		97b67ddfc6750ae7746dff367c803d039cd8f3388166e06f053c68b890daea3b	fdc9e791871fa8f1669185adbca1514c053a7f1f3b8eeb7d4a8d068ea9d2eeb1
sub-10785	01	1	sub-10785/ses-01/func/sub-10785_ses-01_task-trust_run-1_events.tsv	ready		de7effda71a2160c5f0be1257133a2adea433a5a9b71994f4862aca7aa19a56e	853b9f13f32150b6efabfdab563eb02c996fb50608e76cb1cbccafab79c382d0
sub-10785	01	2	sub-10785/ses-01/func/sub-10785_ses-01_task-trust_run-2_events.tsv	ready		8daa8a99a9bfc1f3ac3dc0850b20b6bd8eba68a80833e6fa4b6e13e88be14477	ffeb085b75c48eb3822a251e3e2485efe56af82729281c375e0a1cf1de59f963
sub-10794	01	1	sub-10794/ses-01/func/sub-10794_ses-01_task-trust_run-1_events.tsv	ready		60af81104409329a67a190fb2acd9c12b834ac4efa0802b94e7ca0a4b60ed93f	6c9b32455f582b7f18587a42d0d7836a66aed055eceacbfff72e5b8adc3ec033
sub-10794	01	2	sub-10794/ses-01/func/sub-10794_ses-01_task-trust_run-2_events.tsv	ready		ffa1a4e8ed07eea29448b45acb347906e00f430ceefc24e374f8af428e807c2e	982409d358aa2d73f3bef048f0db07ac800fc7be1485b1927ac29c83b330c651
sub-10800	01	1	sub-10800/ses-01/func/sub-10800_ses-01_task-trust_run-1_events.tsv	ready		31efc50f3fdbb391dc5a0b4422f09b2c18c1824eecb463bb7d5157114b952fa3	0cff181256c97aa0a9ef74b6d2f6c0baa052b109c7c95cc13176f6ba3d6e2dae
sub-10800	01	2	sub-10800/ses-01/func/sub-10800_ses-01_task-trust_run-2_events.tsv	ready		bb73fd02a2bb16913fc064b85d1d14b3d666f02039c0c1370d79d7353b8553e1	86f38cbee789a03439472f140575f33d5a9df46a6df374719dd6f97ec97fe89e
sub-10801	01	1	sub-10801/ses-01/func/sub-10801_ses-01_task-trust_run-1_events.tsv	ready		cc96f218182f3cd0bc70eca085b20bb6c2fbb17007d9e25060614c2793b22979	fc930352d5c314141e3e5e45ee111fbdaee1cd353878303bf3cdcee21aaf171a
sub-10801	01	2	sub-10801/ses-01/func/sub-10801_ses-01_task-trust_run-2_events.tsv	ready		858db6126d40f2f45a0e8eb5496c21084f9ce730f758fb69cc522eb4b6d777cc	ee826e73a06b6752d962cf0b93a192d09d5d25abf0d182fb377d781b5b98f603
sub-10802	01	1	sub-10802/ses-01/func/sub-10802_ses-01_task-trust_run-1_events.tsv	ready		37fdc597d940c0f339f5dd1cbafa4e7f4c17bfeb7b736f8c6750dc065ec570b3	c96f64efcdc30aa85a644ee64c2f2f825c4b148a893b02dab07259efe1d64559
sub-10802	01	2	sub-10802/ses-01/func/sub-10802_ses-01_task-trust_run-2_events.tsv	ready		27e8460afa45af373f2e7062ff5cef5b802a4b6d40cb031e701335b369997026	eee465208ef0585e2fd2cb5e900b977d15136ba7aee5146713b146ea34bc94c7
sub-10803	01	1	sub-10803/ses-01/func/sub-10803_ses-01_task-trust_run-1_events.tsv	ready		4e262d1abbb3564db1a7bfe9b7d593de00142de7c20925228949aa344e39b3ac	855b3726f66f238cf2c9bbfb648848a945649906038733b05f602adcc5b28e30
sub-10804	01	1	sub-10804/ses-01/func/sub-10804_ses-01_task-trust_run-1_events.tsv	ready		573ac13f9db592695486d3a1bfb1328148a34626881e69e3aab026521cee1a2b	918e51e2ceb9ba97434d4393e00d6b3df0ca96ff4278e998384635d320898e2d
sub-10804	01	2	sub-10804/ses-01/func/sub-10804_ses-01_task-trust_run-2_events.tsv	ready		707f6677c5d53ef6035d022fd271c505ef025136b0eb749d719586b002d8825e	ea3e7e5c2a508ed4e7b122c1041b3ba173eb1f4bfa86baf0bf3989eac136808c
sub-10806	01	1	sub-10806/ses-01/func/sub-10806_ses-01_task-trust_run-1_events.tsv	ready		a4805f158bf3b8794ce2ad92dcded799e335e9dee4e7c826c22f4f4705284aaf	ffbabdf5686bdb5e1677856ae2dcf6e4ab5458d508b6d503b2edcad830d6a43c
sub-10806	01	2	sub-10806/ses-01/func/sub-10806_ses-01_task-trust_run-2_events.tsv	ready		14f039b5084ceeeb7edfe52229ec7825a6bbbc151bcb8cb123e53d3ccbe9fe52	15cd4e2e7f562ea5c4cb9014629689f3808a5e1d47e7d4a1b61bb084e1863cf0
sub-10807	01	1	sub-10807/ses-01/func/sub-10807_ses-01_task-trust_run-1_events.tsv	ready		fb3e092e86784d31f3146b5a1e1e59313b74f139fd88a4bac9ad6d70f26f5596	61bafefd5219d6c6afe99fd3979992b55ed673060e3d254cb22232f77cb5bb75
sub-10807	01	2	sub-10807/ses-01/func/sub-10807_ses-01_task-trust_run-2_events.tsv	ready		aa4b017a336e349da62ef891d118fbf5d6e7db7705ed0124a379c8ec76d0273b	e5c5ef9fad450118b27435ccccc998b8e15b92cac55e63653494c0d10444c529
sub-10809	01	1	sub-10809/ses-01/func/sub-10809_ses-01_task-trust_run-1_events.tsv	ready		d1aed0096e79128fa6e144a95e8cd59717c1abe74d670fd80b1461c875a7e2c7	3a2a5e72d50fa1ef9cab6846ba9a2b9f60a4546fd0bd04d9fb25d3705f7337c4
sub-10809	01	2	sub-10809/ses-01/func/sub-10809_ses-01_task-trust_run-2_events.tsv	ready		4e2f2d96a143c7bfe3d410bf2d19e5096dc5763fa9329d43b1c89c96ab28d779	e3dbbea8d1c1b0398866d022d9467b0392f026614163fbb9c5de76009f9cec58
sub-10810	01	1	sub-10810/ses-01/func/sub-10810_ses-01_task-trust_run-1_events.tsv	ready		4a13216c9cf7ec6668387b9cbf06d73f43d72e7b9e62fc00ea0b83190721fdbf	43cdcef5f5025ef8edf88d290c07c2d84004278029b4bcdfeb09cfb2caff9cf9
sub-10810	01	2	sub-10810/ses-01/func/sub-10810_ses-01_task-trust_run-2_events.tsv	ready		903a261c2a33d082286dd32e4a2530faef3a4edd53285ab17c44354342ca644d	f2543f5bdf3832660e1a522ab248e941fcc6f31f1c330461d0e2e7d8461ab7e2
sub-10812	01	1	sub-10812/ses-01/func/sub-10812_ses-01_task-trust_run-1_events.tsv	ready		9ccb5e9bc1a20f2281041da39a9d13d1f1cd9cc1c10525b55ac6933316662a6e	95c247513d2d9722666f8b80215fcb65205be21c9f5ecd625204bf68bda27ff0
sub-10812	01	2	sub-10812/ses-01/func/sub-10812_ses-01_task-trust_run-2_events.tsv	ready		b126b2f3b29054149608ed75cadfe0045201fb0bb08a8c608a9b5e58d5be4a9b	ef8417fc457af09968e920034ff5c61a232a7598a21c2942dace536b60674330
sub-10817	01	1	sub-10817/ses-01/func/sub-10817_ses-01_task-trust_run-1_events.tsv	ready		25a102332a139d16e6d3210d296315d3bed976a9f096a3d08d55f060429d8815	43a712a0d25b71e67562abde4809c519c15ec4c920b6a30fbecaff5c3aaa34c8
sub-10817	01	2	sub-10817/ses-01/func/sub-10817_ses-01_task-trust_run-2_events.tsv	ready		7d16f691d3564f53cd3f270d9cf2e7b7a51681d65114788d254a790423a8a87e	3b913559b670aef33bec73782805d0f1405ea65b016f19e5e1e02c1208cb4e2f
sub-10827	01	1	sub-10827/ses-01/func/sub-10827_ses-01_task-trust_run-1_events.tsv	ready		3533ca2e282e2997f9b85615d4a728f0c53dc3e4f34c38035855aa5d79bb9fe5	2740d48537b1a8df1deae7d87722cdbf4c3eb716248476482266585fe97dfd2f
sub-10827	01	2	sub-10827/ses-01/func/sub-10827_ses-01_task-trust_run-2_events.tsv	ready		b7e3327faae3f6f47817b1bd1c66503bf9bf868d6ef8bdb54341fa5adc47b988	eb513bd424118c7e571f0bf96c8c23934be1739f4c896e7b4f5a60125d53cf4e
sub-10831	01	1	sub-10831/ses-01/func/sub-10831_ses-01_task-trust_run-1_events.tsv	ready		3a99793fabd98be0e5c6866c2b022db46f8cdee28374553cf8ed262aee6fa721	84809763423c7543e0c3c471449981f3f6df9a14356efc861affd693c2e97c64
sub-10831	01	2	sub-10831/ses-01/func/sub-10831_ses-01_task-trust_run-2_events.tsv	ready		394cc860af2131759053a8df60bfcbb0ea8c5d007c44c522c3404a11ddb26736	53c9e31c8c7cedfe36f39c466d64fb1dc3f98c78892f71babb32541ca6bc91af
sub-10834	01	1	sub-10834/ses-01/func/sub-10834_ses-01_task-trust_run-1_events.tsv	ready		90629d98d4b10edfcd042c168adfa6bbf146bb0c97ae33856169cfe9165a1695	e34d4bce6700d28839a0d7d10db24430cdfb634814bf684175a5ffb89c3c724a
sub-10834	01	2	sub-10834/ses-01/func/sub-10834_ses-01_task-trust_run-2_events.tsv	ready		e501562abfab499110ad98075b2602135b83d1f2b294e0330e823eeccf333348	23c9c52cd140a6f049183bbe9ed1bc4255d98c3347098e80a7a00d747e07a9c8
sub-10836	01	1	sub-10836/ses-01/func/sub-10836_ses-01_task-trust_run-1_events.tsv	ready		113104b704a09e42575847cc802ee4eae7806b24329572fceae4fb5b29a11035	3574381560ceb94e73d5209573827493b8c51772da1841b04b3b5aef15e62958
sub-10838	01	1	sub-10838/ses-01/func/sub-10838_ses-01_task-trust_run-1_events.tsv	ready		0181b6297eb9972fd7593d3369f52fd332f44a9843aff6806c0f871f9f70a81b	633886639f87647255ff433873f2d4760240a538db300deb2a528de7c0d82675
sub-10838	01	2	sub-10838/ses-01/func/sub-10838_ses-01_task-trust_run-2_events.tsv	ready		bb0c0c2d5055f1f5e0c279b0e42743ca78c1afaa451456bc7d5cd68edc5aa767	0a6f390d5d4aaf59e9b253ef7e6979f80f07cb80de4a9dcde71ce3a7db464183
sub-10843	01	1	sub-10843/ses-01/func/sub-10843_ses-01_task-trust_run-1_events.tsv	ready		fd11dfd1a504aa1402b1fc611af7b214fecefed9189dfddbaf4225d7789f5133	db4adaf5668892a987167d6126b3970071e1b6a481ab79c74dbe5a5414b40d45
sub-10843	01	2	sub-10843/ses-01/func/sub-10843_ses-01_task-trust_run-2_events.tsv	ready		4867bfbf63e35ce3de12a871ed3d637cc5b8caf489f260b6c4c7464b3e816678	589cec4e3869cac4a8bcf875126bc7beba04b45f8e253de7bf4d18fd22e63f93
sub-10850	01	1	sub-10850/ses-01/func/sub-10850_ses-01_task-trust_run-1_events.tsv	ready		1d39eef20dce4ab961e054cf7e18b9089b77e4406c90f7d30c0bc4f4d5fb702c	0546a74cfcab844ba217d96a169047c0a3e27057e99a4f6b0a0c763f0e515c67
sub-10850	01	2	sub-10850/ses-01/func/sub-10850_ses-01_task-trust_run-2_events.tsv	ready		47c5ef3c1ccd68265cef2f92092879522fcadc99e7e8dbca67a7719d9989ac12	277d8b424e53649c6c4b240dd979d4c759fbb2d18371839e820f36616289658f
sub-10854	01	1	sub-10854/ses-01/func/sub-10854_ses-01_task-trust_run-1_events.tsv	ready		c096723b5a44b4461e88e34585adb5e05c7d0085eb6cb2027993c95706498b2a	6c545187e9153c479d457b37117c66569a865b7a24c6a8c81f924ac2d705b229
sub-10854	01	2	sub-10854/ses-01/func/sub-10854_ses-01_task-trust_run-2_events.tsv	ready		331e09bd88343999dc9c9e739142a4e61a9be2ceb6ad88185f605359e2c82a02	d4aa3f7b0412a8c4137db629cbbaaf16f3a2cb1ebef6ed88c325a5f66eda3086
sub-10857	01	1	sub-10857/ses-01/func/sub-10857_ses-01_task-trust_run-1_events.tsv	ready		2d09a0a2bec34fde69b1dc58b1fa027c3336ef8f9c6e4f8f42b5e116e722d0eb	a6c56c055fc53c25f3a137f0cf904b23467442f307318ef67377ad89886ba519
sub-10857	01	2	sub-10857/ses-01/func/sub-10857_ses-01_task-trust_run-2_events.tsv	ready		cadd1abbe42d46b27f48a3523a1edf4f03f7968582a7acf3d11741ca41c059de	a4d8c9e8e9a4308606921fdcfbde45c36e91c0c2eae092465faadb22aec6cadd
sub-10858	01	1	sub-10858/ses-01/func/sub-10858_ses-01_task-trust_run-1_events.tsv	ready		0665c1685ed6c847d811b37187112cade9753846b1e62b685f6f8d653a48aea9	4a5cd4f40a684e7acb6486256fcb288851baaa7f834738fce440b5c5546d986e
sub-10858	01	2	sub-10858/ses-01/func/sub-10858_ses-01_task-trust_run-2_events.tsv	ready		0b2c51cb17a7652e6ff183bf4c391622f01f6a948cc738a37f76e8a3cf385efa	dcdcf10c78a18ac800fa0cb0435b72d7fadce6fc9cd81df7ca5bdc5ddd862b95
sub-10860	01	1	sub-10860/ses-01/func/sub-10860_ses-01_task-trust_run-1_events.tsv	ready		cf6cc6bd502b162acc9024c740cb24bd593c8f6b54a9196f50bed1cb4e2a2392	ddcf3f6040e0bdc7c0416fdb51800e0d92b724c0918f623770509cc1542d79b2
sub-10860	01	2	sub-10860/ses-01/func/sub-10860_ses-01_task-trust_run-2_events.tsv	ready		104b893aa95895ca7f044fd0be556535e4eab6d51ab276416c7d02c3abcd0fae	4697e2400c750e8af8fef24f13708b73561c02754b99d98fd43de542c63a784f
sub-10862	01	1	sub-10862/ses-01/func/sub-10862_ses-01_task-trust_run-1_events.tsv	ready		6989e5dac9f113758b98c3469ef7f57b832bb31f821150ec977724719d5b9016	488c1dc05d5f90b47adfeba01882b75bfb034f1209839c315e286b892909757d
sub-10862	01	2	sub-10862/ses-01/func/sub-10862_ses-01_task-trust_run-2_events.tsv	ready		c4cd8d1a02fb98b8d470bab6dce12c05bc062dbf782a3064b0d17ab6ec55eb3e	2ae7898755b7ef33bdcbb3ea37d7f59f3be4db91356af81324283d8d983ffad6
sub-10863	01	1	sub-10863/ses-01/func/sub-10863_ses-01_task-trust_run-1_events.tsv	ready		817fdd703992be0724db8adcb13dd5ee3976239f799a21d739758ac9eed31145	9a5a90235d6eeafbbd24ecaeda4fe5bcb2d2b8a07608a28bdec29dbd1c0e989a
sub-10863	01	2	sub-10863/ses-01/func/sub-10863_ses-01_task-trust_run-2_events.tsv	ready		44cdea9c735aae085ebf440352c3edbdde6033b59eafbf0716d70fc70370407b	2968546ddcc75b7f5920e6a4b299c6426391830eb01d6e0c9e9306fc949c4dd8
sub-10866	01	1	sub-10866/ses-01/func/sub-10866_ses-01_task-trust_run-1_events.tsv	ready		1711b9c6a9f7fe291a42a6a7c466a5f2834625140cd0e9f8370f4987167d48e3	3aed7e4f54b1f178f19d375a89101c914c857d090a4b44c0a02bf8211ec40356
sub-10866	01	2	sub-10866/ses-01/func/sub-10866_ses-01_task-trust_run-2_events.tsv	ready		3ee5ee0fd6ca9da2558c95e96add8d93ef80a80173468502fddb0f6bb8999bf0	9b744f860385304a596952e251bfcfa99b58ec00e788f3213cedd0647e7cf5aa
sub-10875	01	1	sub-10875/ses-01/func/sub-10875_ses-01_task-trust_run-1_events.tsv	ready		8a1d2c3ecc6b902c96baad08dd38969b2770857874c0fe0fd73502fbfbfe1d39	b461fc31207b0daa6afcce1b84c04650e09d23774226678ae6000421f2008620
sub-10875	01	2	sub-10875/ses-01/func/sub-10875_ses-01_task-trust_run-2_events.tsv	ready		9e03f0823bba00a25524bd8871e02d8e7199dd1ebc7635505f0dfd973df8613b	b814552e1e765f580101386cba7d5c1fef3b3f1c4371de2f2a979792f71e8de8
sub-10881	01	1	sub-10881/ses-01/func/sub-10881_ses-01_task-trust_run-1_events.tsv	ready		63185c9787c0161066cd12d63b79bc5741fbdd1298e9ba990b6db17995bf1245	eee4e10687221f4fbaf0b7b7fd4d5ccba051db4d8a352dd72ea9a89f8f6c4a2e
sub-10886	01	1	sub-10886/ses-01/func/sub-10886_ses-01_task-trust_run-1_events.tsv	ready		bf78e8f9f2672c90777b9ebd1cc1cbf4d17eaea2c85e290192e080f72b22cbc4	d2a786f68097cdd48e1575dcfc23240076522d1c867bd527ca7432935b3d9ebe
sub-10887	01	1	sub-10887/ses-01/func/sub-10887_ses-01_task-trust_run-1_events.tsv	ready		e72d8bac6fb363b53c405d962ef97272ce12ebafeff724409642a17d40bfc012	047e77563245c1a3934d8f11b3f6f0f3e0e8fc5fa0985dfc56e5fd40037c8acc
sub-10887	01	2	sub-10887/ses-01/func/sub-10887_ses-01_task-trust_run-2_events.tsv	ready		9613c9d26a97b191766d9dc548aeade68170bd8df246af600bd4f45ff4d3bc5d	9ec86241662d2e44ff694fcddbb51a3e9eab9b4f6f2a5d728dc4397bb6b6730f
sub-10896	01	1	sub-10896/ses-01/func/sub-10896_ses-01_task-trust_run-1_events.tsv	ready		228d97679fed7132cbc9b3583628a0dfc2574050942de4e39f6da35891832c05	a55ff1bc64178d2cc4cc01e5b54a2b376eb8bfaac85c0925756f5ac5578aa3bf
sub-10896	01	2	sub-10896/ses-01/func/sub-10896_ses-01_task-trust_run-2_events.tsv	ready		5dd9ffb51bc97e2280407784e1f7b56f005a04558e7c8aad4d7151988c86b627	7b7da3920dd405665fd00f776521368641dd952c2f12a0f070ff609352a5953d
sub-10897	01	1	sub-10897/ses-01/func/sub-10897_ses-01_task-trust_run-1_events.tsv	ready		37ccb94e17662088be3a5c6940ad8ea4717f7f43f5a8f841f50d118d302431a9	416e371a9af79693b40eb657ec0b0e527e5ff0d685544ce777ae50a11429dcae
sub-10898	01	1	sub-10898/ses-01/func/sub-10898_ses-01_task-trust_run-1_events.tsv	ready		35784a006a84663d536bcc395e5e9832346486844eb7cd0a0f4b3e33fd922496	2597f8abf0919ca8348cb5ad5826261fe18be391e0bc316653d019fbe2a98a92
sub-10898	01	2	sub-10898/ses-01/func/sub-10898_ses-01_task-trust_run-2_events.tsv	ready		ff938cd77eb7808b9d19ad242151ccc219d7d8bf8b224e8651da3204af162b0d	c432d98b9bcb370f4ccfb897fb3eb80c3e8a08e1d9b842adaf615437e99a767b
sub-10908	01	1	sub-10908/ses-01/func/sub-10908_ses-01_task-trust_run-1_events.tsv	ready		8f44e5096477c390df25852f6199f7201762817e58635719e3e0722bf621a731	d98faca58fe5f22120f3baa87d917d95bf0c8cfde02ee4a10d1f12d7c03bf553
sub-10908	01	2	sub-10908/ses-01/func/sub-10908_ses-01_task-trust_run-2_events.tsv	ready		925633f370f011b242684eae6592b604a2b205470efdb2441303d59af91c0215	e29f41a2af9491bf43643c66d06c682a65d60efbd72fce3b142440841f968568
sub-10918	01	1	sub-10918/ses-01/func/sub-10918_ses-01_task-trust_run-1_events.tsv	ready		2b1d4355f633986fa4a2bcb15423aeffec81c539fae3f57f8643e5858f42a1be	5d17d71ddca2f34e3955793a0946680b86214713720758a589b1851792d69df7
sub-10918	01	2	sub-10918/ses-01/func/sub-10918_ses-01_task-trust_run-2_events.tsv	ready		1cea6c9eb861c3650ad25f717126c6af33b68e099591cd51432bb5d0328b6bc1	72aeef024f3ab47cab07e07d9407f1e8fd5dea45936f2b11bee500264a3974b8
sub-10919	01	1	sub-10919/ses-01/func/sub-10919_ses-01_task-trust_run-1_events.tsv	ready		d23d5b33e807d40c1f9be060cffedc6d612d2804343fb8bdf5395cb9c7515b65	0ff0d00b281c019c7a00aff6c1b970f4d0d7a5cc1299f9bb4fd417c089915f22
sub-10919	01	2	sub-10919/ses-01/func/sub-10919_ses-01_task-trust_run-2_events.tsv	ready		e023288ffb1a31a4f40e44c67111bda67fdbd50f5cd5d2b8fc490b7304f95f16	8b4387e23fff2ad648629f3cb1c0a27af3754d3578cf414f58430557a4f17db9
sub-10924	01	1	sub-10924/ses-01/func/sub-10924_ses-01_task-trust_run-1_events.tsv	ready		e92b1f5b5a68c06c33ca6e104d6354dfb337d01ac9762a2f881dbf743ed1a752	6a3cd7d64ad2eefe337a94085f2baf94cfe2f35759170a5828e42a1229f0aa6e
sub-10924	01	2	sub-10924/ses-01/func/sub-10924_ses-01_task-trust_run-2_events.tsv	ready		38985d7dcd6ceaab9f11fb4c35e41a799fe374a826f4eac9d7fbade1462c2b5d	874221506478cb8cce346429e74f07b2d78baba87c62e0881f431859063c9541
sub-10926	01	1	sub-10926/ses-01/func/sub-10926_ses-01_task-trust_run-1_events.tsv	ready		bfad06a71d623a76c3db0a791f7111145667dd7cdd1086dc597766eb911d8c16	e8b4fe630a03824854021f521e08b73b2e8ca3071c89c4bccd61adf197a0b28e
sub-10928	01	1	sub-10928/ses-01/func/sub-10928_ses-01_task-trust_run-1_events.tsv	ready		028675ea5e5b8e57ea8ed0da913f1bfa62d355d316ec658588f6c4a4be090cda	feb048f14f258ad93e59dd14cb44bd1c8e525d6a3ef24d1d37ec69f0b9cbc669
sub-10929	01	1	sub-10929/ses-01/func/sub-10929_ses-01_task-trust_run-1_events.tsv	ready		5ece8feb6377e67c84a28dfe8369b01c12f7a61b3d9900d97d8ab997058a746d	5b4ba592f78462f99762b4e67dc6dfe2b16b9c515287dc6cb04a3558b6dd30b0
sub-10930	01	1	sub-10930/ses-01/func/sub-10930_ses-01_task-trust_run-1_events.tsv	ready		92392950ac71c696076a96aab2655edfb75793bdfb3ce177b01c31971ab0d30e	28401890d6f521c90d7b30d9d0a1f93f201d15433cddaa8e10ca7b289edc3a32
sub-10930	01	2	sub-10930/ses-01/func/sub-10930_ses-01_task-trust_run-2_events.tsv	ready		92ca1548debc232c583e74124592e4015821f8a06f8eb847feedced4dc612ea4	27cef2253369e015da071ff6dfa47cc964fc4acbd63fb7400b949868584e4585
sub-10938	01	1	sub-10938/ses-01/func/sub-10938_ses-01_task-trust_run-1_events.tsv	ready		90f8a2ee1b1afb0dfc1fdb7e88e57a7c31314eda6b86b5fb1eadcac4b22e6fe9	359b5e4d5e9311c284d9439f2c0d9fccee06a9ac137d6c97cabe786400c4b9a0
sub-10938	01	2	sub-10938/ses-01/func/sub-10938_ses-01_task-trust_run-2_events.tsv	ready		ceffcf59ba3c20c437fac11e80e4de559b73c85c8241f26cc899dba7f963f843	e15c7a7a42df43766484d6bfa95142c182852e9733307b94abd9ceb99d2f62b2
sub-10940	01	1	sub-10940/ses-01/func/sub-10940_ses-01_task-trust_run-1_events.tsv	ready		867ab9974042b238353f9c566788e230c39db551e16de5ebce85337a9b81f56d	90f20dd06aa7e455e14bf7efdf0c53f7b3b1c34d22962c84fb812d084795e1ca
sub-10940	01	2	sub-10940/ses-01/func/sub-10940_ses-01_task-trust_run-2_events.tsv	ready		24926129eb96b933e4299fa9a047efcd9e79d62253e9bed800ef473c8a4377aa	31a232834a724e750c78d4709f3dd27eddc9e76a26e54ab3d45195a47719539a
sub-10950	01	1	sub-10950/ses-01/func/sub-10950_ses-01_task-trust_run-1_events.tsv	ready		ac250feed13cd13ae9458f61ef566cb5bcc3388ffbc4b8dbbf83bb9d7e98011b	e330e34714c1d1b18054414fe6ab7c4aefd4cbf38d69203c997feeb685bc9f47
sub-10950	01	2	sub-10950/ses-01/func/sub-10950_ses-01_task-trust_run-2_events.tsv	ready		190addbb2d1d543e4d220a699fa498eb152aeb89e2481f012b51b8a75349cfbc	4fc13440bf33d4febf2b4c9b97b288e4fdcb23b31068d28a27237952200ffbdc
sub-10952	01	1	sub-10952/ses-01/func/sub-10952_ses-01_task-trust_run-1_events.tsv	ready		ebedf53bc76cb9fa4f531b6a52d325c08676ee56f6f429512a3b7fa916b86a0e	359a9cdcf3a65d11b32938dc9995c918538e9e18c05dd2c1ead9defd94a84c3b
sub-10953	01	1	sub-10953/ses-01/func/sub-10953_ses-01_task-trust_run-1_events.tsv	ready		eeda487ecf8e40cb3ac2b7a94db0b593bf034f96f60689aacb12842abf1b27ec	8a4d271c4f88c332fd00b13adf419409f38916d8db06c97fd4d7316485215ef9
sub-10953	01	2	sub-10953/ses-01/func/sub-10953_ses-01_task-trust_run-2_events.tsv	ready		b90e490223f7b076a8ab657a150e323a30d5ecc04fbd1bf89a78a6e1f204a1a4	d6121e6291baeaf4cdca99fc9dc9c9455bb838954f91e927a52bd808303c3306
sub-10954	01	1	sub-10954/ses-01/func/sub-10954_ses-01_task-trust_run-1_events.tsv	ready		3dba0ed268961053c7fab42b5e332a35abcb71f24efac4e6216326c4c2a26c1f	9253a2aa8dedfe07e3b57e60d4774bf8b0262beaaac8e24da53f62a9d25bac2e
sub-10954	01	2	sub-10954/ses-01/func/sub-10954_ses-01_task-trust_run-2_events.tsv	ready		07e0dbb032deb5b736f15a6ab872840841e880a399d10a5acc7370486d394359	e00ce27101a9dd2fd437e0d66041a173b1c6467a2fdeb2f66927edaa885049c6
sub-10956	01	1	sub-10956/ses-01/func/sub-10956_ses-01_task-trust_run-1_events.tsv	ready		46dbc16b89f9ff97603a375139107123a00bd841ea159cf87f66d5f7c56dc47f	5ddf72ebd21615a7f58118b7f9f00a97a2a419dd75c966ed5fc04416a59ccea8
sub-10956	01	2	sub-10956/ses-01/func/sub-10956_ses-01_task-trust_run-2_events.tsv	ready		871850bfa3c35484b4f9dd00fc00b78d7dfe3879074f3b541b63519fbb205fdc	ba96f4c4520403e876acde6ac3dbc4419051f650cc64e5c7ceb3c092fb2bfd4e
sub-10958	01	1	sub-10958/ses-01/func/sub-10958_ses-01_task-trust_run-1_events.tsv	ready		bfadc084422698b4cbc18478027d155cca1db8498a7055977bd413b1f2153b2b	02611f3fb853b34aba99bbca2a3fab99e5dc162e94c6e7c97c698e29a7b876b1
sub-10958	01	2	sub-10958/ses-01/func/sub-10958_ses-01_task-trust_run-2_events.tsv	ready		ad7bafab79f1abc868bbf8ea4a0991104bde1665a4cd333bb1d08eea4f8bc498	4f076a61365942d09079634d9795e39dfa98dd58a962626f89970d06638b65fd
sub-10961	01	1	sub-10961/ses-01/func/sub-10961_ses-01_task-trust_run-1_events.tsv	ready		71e556b573a90b592bea5b5ac3577a1cfd6a8a1218b4fd88dcef6ba77faaf950	2d954f3843ccd8555120db573dc6d3cd8826152034c8c94eec51f644e26a65f9
sub-10961	01	2	sub-10961/ses-01/func/sub-10961_ses-01_task-trust_run-2_events.tsv	ready		6dacda83542fe76848f038fd277f85ebb06a79a7e3dc2fec0891a9284a60abbe	61902ff0f9b1b65bb8aa27f7a04da050e9112d4e6e9132a2756ed88789cc77ca
sub-10964	01	1	sub-10964/ses-01/func/sub-10964_ses-01_task-trust_run-1_events.tsv	ready		948288d051567ac25951cf0f65991278735223dd880148d5c2f7f717f4c21a39	4f438c3a3f629f696fa2717ba6196159eaa9b57875fe1f9862f9d94ab8934b16
sub-10964	01	2	sub-10964/ses-01/func/sub-10964_ses-01_task-trust_run-2_events.tsv	ready		f6d6b5aa52ffe38f182f86f9e21f4cd93a24c4b4c9e44721b41490edc9f36e64	845f4d91481ffa2e15b594a19761af1d47d3d1835adcaf1f59f54a4ab31be23a
sub-10966	01	1	sub-10966/ses-01/func/sub-10966_ses-01_task-trust_run-1_events.tsv	ready		e6928f9cf825c85142397ffcb1b615268e7acc71add8be17bc6bc74198163260	63608f7f501df17f764fd52963e3819e579f5149024e1f2355352c95e84b8380
sub-10966	01	2	sub-10966/ses-01/func/sub-10966_ses-01_task-trust_run-2_events.tsv	ready		d05365e5c88f9162f01778b288347ef6ad37d42a0475ec8f8c7b7ce290a117f3	d6323e42228929a2cc5231a58057e47d19d30f91fc34b3ba1b5d35547dc553fa
sub-10969	01	1	sub-10969/ses-01/func/sub-10969_ses-01_task-trust_run-1_events.tsv	ready		0b19689d7fdead67992cdd70b8f46eec60f8a91a76a1162a4c8703749af74822	001d1a15ce3c6d8248fb6b61523563efd027c47ef239d288b46201a9c5ffc51a
sub-10969	01	2	sub-10969/ses-01/func/sub-10969_ses-01_task-trust_run-2_events.tsv	ready		9049e2d4e67e2c6942c1194e73ad9f715e327c650a250829d761ba96bc596b5e	d6885fe412294298d4b7fe7afffe1a4972ff06e5aa9524e1080b58b1b47b7d1f
sub-10974	01	1	sub-10974/ses-01/func/sub-10974_ses-01_task-trust_run-1_events.tsv	ready		215e7b56e35834109716f0a0e6a74af6cdfcaafb99da96c054e8a92275826730	d22eaed2c45a2f3295793129aadd4f418c999459ff11afa2bfe507489a6a3f0f
sub-10974	01	2	sub-10974/ses-01/func/sub-10974_ses-01_task-trust_run-2_events.tsv	excluded	source_missing		
sub-10977	01	1	sub-10977/ses-01/func/sub-10977_ses-01_task-trust_run-1_events.tsv	ready		77c68fc7b4a11476528c66f2128e0183cc9e627f89da517f37afd16216a6f322	be82599bc9e8ede0c8fbf3b704bd768abd4bcad439491c6bb8c1428bdd3d0faa
sub-10979	01	1	sub-10979/ses-01/func/sub-10979_ses-01_task-trust_run-1_events.tsv	ready		18bbfbe47d8b53656c81a5271b56e9c6953dd322028accd6c0619e5f435afb15	ff51fcf5ae9dda29f744828d65851163ffad8a075ad289302c56600af6f93cc2
sub-10979	01	2	sub-10979/ses-01/func/sub-10979_ses-01_task-trust_run-2_events.tsv	ready		3091bf69217f50e3f8964facdbf67b6f6cb68bd4ae5c099ad48a444eaffb38f3	b978452b0bdadfcabc8eb77e64dd97ce980caa3441dfa8dc4217abc907c96f50
sub-10983	01	1	sub-10983/ses-01/func/sub-10983_ses-01_task-trust_run-1_events.tsv	ready		dc4c0bd8904980da9034ef8a18127055ceff3e9cca75c87fca5ece60dd51fbd3	26a0590d251fc823c326401fec7c0df10793fbfcbd82af940670b80e8ed0e982
sub-10983	01	2	sub-10983/ses-01/func/sub-10983_ses-01_task-trust_run-2_events.tsv	ready		212bbf9780bfb144ecf2ddec47e1545fb937813a1baea64b55ba4f6905251e49	f8f9037acfaa7b6190a3f5b5e4e81f28bd978c7ff48161ce3ab73385504893ee
sub-10984	01	1	sub-10984/ses-01/func/sub-10984_ses-01_task-trust_run-1_events.tsv	ready		88974380387ae6841f7b669ca1c2e67a5284e83095a8064dee1a62992315e98a	c3d423f6014742cd0d1327249f5dd91c96b7c87000cd2b48e4e60a4705de5104
sub-10984	01	2	sub-10984/ses-01/func/sub-10984_ses-01_task-trust_run-2_events.tsv	ready		301431f36a8375c0f64b679c28bba89cea3280aadcc94da123776433986d9356	2a7aec35603d4a44ec6daefbd9ef91024c0b4ae1686715d6d3ead67b6b45241c
sub-10998	01	1	sub-10998/ses-01/func/sub-10998_ses-01_task-trust_run-1_events.tsv	ready		3ab581688636488844c91731c1213582bae2ffc8b66f0ca7ebd3e8acba0f4ac3	af77da83d8f37ab1bce1f71da37b8611bbec586f05e4d58f9a793507e26c2d64
sub-10998	01	2	sub-10998/ses-01/func/sub-10998_ses-01_task-trust_run-2_events.tsv	ready		820a3597930d72ef168dde7449594a5bb12e3fa731d85305b7e9693a6600681e	cc5b8d1775680140316d57b73a0a4f6cae988e22b11484cd081541c5c956b98a
sub-11005	01	1	sub-11005/ses-01/func/sub-11005_ses-01_task-trust_run-1_events.tsv	ready		6f8589401cb66b0dc521aad82dce04d52be36d94d2cce68a20da6564586e8b02	a3b357d156abbf18643685ebdb6341ef8ee3e35094820533b6178786398afd25
sub-11005	01	2	sub-11005/ses-01/func/sub-11005_ses-01_task-trust_run-2_events.tsv	ready		d9ccb4c6cdead24b59c4e4abb5e7483fff66982fe8fb91b72f1183ea1476d8f7	5a84db2b7d4094952e75ac99042d37224ff4cf7a6e4f8376060c74cda1157567
sub-11007	01	1	sub-11007/ses-01/func/sub-11007_ses-01_task-trust_run-1_events.tsv	ready		fb5a18738c93ce8c8ce789452b73473f89328ab1ad2c8ec65c749714ef2dfbd8	d4df480c9caf492ffabd90e8cb48a83b16e6a240138a5e0841f3e06a4416eda7
sub-11007	01	2	sub-11007/ses-01/func/sub-11007_ses-01_task-trust_run-2_events.tsv	ready		7cd33ed52d7ec348db8461c80c8e59074c8f44fa48e47b9ab65d174a1c72dcee	fb5ab942e93716dd227505ceaaa94b9370e6c18690b47ab6699ea5e1afbcabc2
sub-11012	01	1	sub-11012/ses-01/func/sub-11012_ses-01_task-trust_run-1_events.tsv	ready		3f10649e52a55f42cbcf370c80a19f8d8305a50001a38e5ecfb21a4eba8f0dd1	314ff5c62dbaa3f9694cf2795aa3d02a79aa1ed87e7b500bbb355e16b85f4f68
sub-11012	01	2	sub-11012/ses-01/func/sub-11012_ses-01_task-trust_run-2_events.tsv	ready		451fb04fb8f518a8c821d155e27b3340d8bfcd38bfe4fe19cf8b424129146ff1	8eebccbaf2e5636139f11a5ad3d3060a78a3ac181e97496997a5b7eb67a02e5f
sub-11016	01	1	sub-11016/ses-01/func/sub-11016_ses-01_task-trust_run-1_events.tsv	ready		b8e3c431b82e62be7a4579fe3e9220fce0990836d274a52798637345f7e5fd20	dc2618992c88423657f67cd8782b550916ac5e44662059f634b547a4e7829991
sub-11016	01	2	sub-11016/ses-01/func/sub-11016_ses-01_task-trust_run-2_events.tsv	ready		012d35b8390b04c86fbc80c9b855de7e1a77ec8ffa1dc432cb9cfc94a2426a44	cebeb31ff529842fe622ab157ba7c3d5b3faf68f24ad6e0c9092348896a3d56c
sub-11021	01	1	sub-11021/ses-01/func/sub-11021_ses-01_task-trust_run-1_events.tsv	ready		906e9c3a82c0b21bbf6b28458dd07a9f02e066e106fc3960a921bd4c8ed75d25	2818f3858b6b75c32d275933bf2f88152230e960c23f2074bf8db6ed69724607
sub-11021	01	2	sub-11021/ses-01/func/sub-11021_ses-01_task-trust_run-2_events.tsv	ready		5dc0e439a700f36e24bc5a8b19d7fa56f3603817ec90bf71ed4dd7dff8d248e2	34e041620c944932f54076ded1ee4b73d8a885be715651ea8986a6cea34f1412
sub-11030	01	1	sub-11030/ses-01/func/sub-11030_ses-01_task-trust_run-1_events.tsv	ready		1642d0976f355899959f63ae5a6fbf50242284812b03606b02a265f1bf31a1c8	07d90058c08c3a8e8f53068877443b604d2ced20ca27adba733419eddbb5faca
sub-11030	01	2	sub-11030/ses-01/func/sub-11030_ses-01_task-trust_run-2_events.tsv	ready		36479fa7b3bda7fee8be67b1394d8d4920091c13988d9263bdfc73351a5800c0	8531d470f77e80b2493f15c7933fd3ce9cb385e7d85561499c0f725d1b7c29f7
sub-11031	01	1	sub-11031/ses-01/func/sub-11031_ses-01_task-trust_run-1_events.tsv	ready		0083e1d677d144411f77ce61736bfe64403629bce4a88a633a21d90e120390ba	b450f8a4d640784306da52ff1d1be58b060286a420bf0c220f51e56e34de477e
sub-11031	01	2	sub-11031/ses-01/func/sub-11031_ses-01_task-trust_run-2_events.tsv	ready		6f45d98eb7760987eb8b1b95008f6f6d6eeed8c22d9ee4d6fe4879c4e36b44a8	268b481ce00b36d06d07b0d309200463b64c43b385d1c68f2a268ba0012e8779
sub-11036	01	1	sub-11036/ses-01/func/sub-11036_ses-01_task-trust_run-1_events.tsv	ready		0ad2261dfb6f571175e8d554b900785d8119e00f638f4275b48c1c256a87cc10	708d64afa44bcb893b1017e5827a0e6b8b4f394841199b9f4372d908cdf742ca
sub-11036	01	2	sub-11036/ses-01/func/sub-11036_ses-01_task-trust_run-2_events.tsv	ready		091d37f39ac3cb82b6c49731c5631bfc81793e1d8aa681ee99dcfc1d0cf29fc8	61bb9e026226101ed0d231949dae1817e69fd4098f5a7f57e502ef31c879410e
sub-11039	01	1	sub-11039/ses-01/func/sub-11039_ses-01_task-trust_run-1_events.tsv	ready		439dcc09ef07c484d1c28847aa252a88557493146b5d440597e54bf263ea4c66	8d47d7c9dc6269ef8cf9708b6bfc3bce877bce9b9b6005028a7163f0d96450d2
sub-11039	01	2	sub-11039/ses-01/func/sub-11039_ses-01_task-trust_run-2_events.tsv	ready		442cf25e7d6126cf0dc66baf5c330b59940d5ad7e9120664adbbebcf81d04d30	1e28c2510ace847afba821feb0da9465ed3da8540beed8d02dfa47bb9e6cc294
sub-11042	01	1	sub-11042/ses-01/func/sub-11042_ses-01_task-trust_run-1_events.tsv	ready		7c88857226fcb584c69dac0bfce8409152a096a4f184a154b53486d1619cd5d7	acb5ea351c074aa3e9f7244acc3a2d577226127c4443f6286c5feb5a2ab16c11
sub-11042	01	2	sub-11042/ses-01/func/sub-11042_ses-01_task-trust_run-2_events.tsv	ready		41feecf5d56a2de31e29c57aa4ea253859295d6279e8e1869dbff54d288c5449	18057cb4df8d6b382d2318b07d24371550c55a3b0f40f3bb676a979436d7cc28
sub-11053	01	1	sub-11053/ses-01/func/sub-11053_ses-01_task-trust_run-1_events.tsv	ready		356d7212e7dfa42d857818ae7fc288a9f3684165dbe853302372ae48ac6b7861	1541c825cbc8bb44000d644021876083ee6ebbf40d4ceb74e14c3df8afbec3dd
sub-11053	01	2	sub-11053/ses-01/func/sub-11053_ses-01_task-trust_run-2_events.tsv	ready		30997e37a092f4a7ebf1463a4da21eace0fd0ecb96cded9f7f565a051deb8d99	44afd610454df0bbfd4c30b0a5bb630963b966a5bdb573b7588f6c08b189c7cc
sub-11058	01	1	sub-11058/ses-01/func/sub-11058_ses-01_task-trust_run-1_events.tsv	ready		c789a55222e972e90188bbe9b9c017373dc8808435ee2f37d4b3ab0e3874a883	cf13219843091672ce6e959d335b258afacd95e63f24184d7180448fc707d906
sub-11058	01	2	sub-11058/ses-01/func/sub-11058_ses-01_task-trust_run-2_events.tsv	ready		9d97815b427634bf406559562905b31b4cf7cefa12ff851ed9fdc319c3c43e90	4dc3d5d482d5b22e30f46c37c355240b381470d434c31d06c4a7e70b3a893cdc
sub-11060	01	1	sub-11060/ses-01/func/sub-11060_ses-01_task-trust_run-1_events.tsv	ready		68effdcc0b90012e5b6d3e1e31e1fc42122561a9140527c9128722d4e82bec8e	d24fefc5498e3b9bc6d7e181410660fc96554044e2d567525128792d09b4da6c
sub-11060	01	2	sub-11060/ses-01/func/sub-11060_ses-01_task-trust_run-2_events.tsv	ready		1ef1178faf4d31422975c803c6078831d78978e32236bdb0dff70af3ed7fbb5b	5daff6fed9e0f4ccff69bf63eecb66085423efc48e93b8723710fb96f44a5207
sub-11063	01	1	sub-11063/ses-01/func/sub-11063_ses-01_task-trust_run-1_events.tsv	ready		22fd3867fb06a27cb75f0b7cd1668328b8363ebbb4adcf9b726f3b20d93ae03b	f496efb939a9ae64f715d3e25017a2f61737298b63f9fc840eab9e45649e2d74
sub-11063	01	2	sub-11063/ses-01/func/sub-11063_ses-01_task-trust_run-2_events.tsv	ready		031183013519d2d62a6f5fecd9871c7e68681aa6c65394bc1fe9e46b25e667bc	9dce8c4e55e287042e9e539b8928801e13c10864e864f11d989791c7b1b54f2a
sub-11064	01	1	sub-11064/ses-01/func/sub-11064_ses-01_task-trust_run-1_events.tsv	ready		a86a65378b6ba9059b25762774e9d83c2101e075edeb98e2142bfc54ef04f4a9	e1bdb5b86eb3dad235808fcc6ccc524258c6aa7b951bbd57782ff3074731b3bb
sub-11064	01	2	sub-11064/ses-01/func/sub-11064_ses-01_task-trust_run-2_events.tsv	ready		fac06b2b084ac93565db3db73ec432a9a2796818aa171640d7b3e2594dabaa53	1fb33756d2be529c45309186b8aef7faa438ddd0aacde1198cef16fe8013c356
sub-11065	01	1	sub-11065/ses-01/func/sub-11065_ses-01_task-trust_run-1_events.tsv	ready		0c2c6f7bf22ad4ea240d9cca8c5c9e2ea598002bb01bc28af54a991ebb0f0a57	7f11738e069a221ccc5d1a11e02a4a404bb0414c6be4bca6c4f65cb0bf02f0c5
sub-11065	01	2	sub-11065/ses-01/func/sub-11065_ses-01_task-trust_run-2_events.tsv	ready		96d02e9f38a745f85b7801e108e6a68e7d26509b0943b28f5db95062c15c75b8	9246ae9df9e8828f12a6a2e3cdca0895e16aefd795826d7fa311e9f1557df640
sub-11066	01	1	sub-11066/ses-01/func/sub-11066_ses-01_task-trust_run-1_events.tsv	ready		c4fc84852955260e430716149f519a143c877db635d7fd9fa5b88349711f511d	51dea35f1ab2f0f0a7f4328940d5a754094526da8871da12103e3766ad0f81e9
sub-11066	01	2	sub-11066/ses-01/func/sub-11066_ses-01_task-trust_run-2_events.tsv	ready		65e7c87a84818597fb1b75694dbc4b27bb695df84767834c949e0abb4383e5b5	76108cb1ac6f27d4ff169c5c5cc311982d3f1c32a952d0092f80db5a2590459f
sub-11068	01	1	sub-11068/ses-01/func/sub-11068_ses-01_task-trust_run-1_events.tsv	ready		dcf016f7e11467394a497aaba559f938e3d7ec2ab1586470974e4751fe8919df	169dc1c42bbe119ff70f7c11e5ebb78f2b06f0b304dd8abe8a1305e8f581c8d6
sub-11068	01	2	sub-11068/ses-01/func/sub-11068_ses-01_task-trust_run-2_events.tsv	ready		5e1c455d5b94d96653ead86407600a5667fd213d4f3d845e03839ee3779eaceb	822d3abff6fad04bd24207ef251c15595bfe423c111abc7e9aa50fa1ae5b3d75
sub-11071	01	1	sub-11071/ses-01/func/sub-11071_ses-01_task-trust_run-1_events.tsv	ready		170b44b0cfa1d796864a80b66b40d66ed1cfa9d2c74bef4ffc3563a3c142f607	b2f3d4b9f13924810dd2792142471c93785521e8920bb2a8119ce2bf01b7b322
sub-11071	01	2	sub-11071/ses-01/func/sub-11071_ses-01_task-trust_run-2_events.tsv	ready		323463ddb14bdcbee81744ebb22466468a8aaa5afd32ef496b142a30f6d62e89	ec1fecf373b2e165f8a4d0c894cb6934123a53e0c6d5ca1b1ae8e2bb78e13910
sub-11072	01	1	sub-11072/ses-01/func/sub-11072_ses-01_task-trust_run-1_events.tsv	ready		a244ddaff0efe89eca76341b500aa072506c70366cf3f39486a8f2fb4090df1f	222a8adc594135c75151be1e31f369a09ca1f4e50909ecffee4007bf7924f3eb
sub-11072	01	2	sub-11072/ses-01/func/sub-11072_ses-01_task-trust_run-2_events.tsv	ready		7bf73d12be11b743b2f3165f6f7cf258997f978378520177f43ea86941d98438	09380d5f981e31a68be99131a0f6f2f72b81d1515b98f5ed06fdf71d1eccd221
sub-11074	01	1	sub-11074/ses-01/func/sub-11074_ses-01_task-trust_run-1_events.tsv	ready		b353c85ec4356b62ac012bc7843a2890c0b520755bd31b254f87ed77bd7d3f71	f874e313f06c12e45002c4d3cd9513131d2f4bd7072132a4c6792b316b38f334
sub-11074	01	2	sub-11074/ses-01/func/sub-11074_ses-01_task-trust_run-2_events.tsv	ready		5ce853186d9a03adec5142e180e3c6c191306e5d1367530f4f5d3e13cbf31065	c2ded064188413997fb7340cf13e18b07e8775494a14979710fa7d6e5cc8d04c
sub-11075	01	1	sub-11075/ses-01/func/sub-11075_ses-01_task-trust_run-1_events.tsv	ready		a6d91da0bd3b29d0fee3ed601cbfa9786c6f6ce30a2d7202f74ba230d12c96ae	5e28bc9352cd0ec6b8e5aecec5a580672410e87eb2d835e3450751b8f970c5f3
sub-11075	01	2	sub-11075/ses-01/func/sub-11075_ses-01_task-trust_run-2_events.tsv	ready		052d7ab50622af8b06f6fe9fe1485e89cea322814adcc975005b158d5085beac	3d72378c53a6f727ef401fed82281d86d11c4bbe76b0cccfbd7735d574eb57ed
sub-11076	01	1	sub-11076/ses-01/func/sub-11076_ses-01_task-trust_run-1_events.tsv	ready		e3c67702cd60869346d5d255363463b595b5b087e15e0b998bb42145f87c5534	fb8dd258f5d2e84131a3bd27ad9a645488072d7911f4552b5205c72a1b6bf767
sub-11078	01	1	sub-11078/ses-01/func/sub-11078_ses-01_task-trust_run-1_events.tsv	ready		0cd6819e1d4d8b697eb80d6c6132b82329f8a003f3e6cc9ba70bb315257c507a	c096afede829fa88d50f1d1035fbcb6ab94146ff6149f69454006ff3d55ff8f3
sub-11078	01	2	sub-11078/ses-01/func/sub-11078_ses-01_task-trust_run-2_events.tsv	ready		caaf987b0cded65fbfc3556df04d71734908f6e72f8dd1c6e929cde425ec4095	f318b2235079ec83a626f70a2ce7b25fb00a34e6a4e9bfc75d82ff71350018c0
sub-11083	01	1	sub-11083/ses-01/func/sub-11083_ses-01_task-trust_run-1_events.tsv	ready		8dbef651e9c0c887ac730039dc259b023793313853f51d7eee56d10325be09cc	3127bddb6ac301a07f236b442c6a7fd1d713512290c500a418e503b59a5f5522
sub-11083	01	2	sub-11083/ses-01/func/sub-11083_ses-01_task-trust_run-2_events.tsv	ready		4597d02296e9b7c259eeb586404c73164d04c7bba36c0a19d282dfe24596ccfb	3ce9f38311bc4142c3f7f3bcc65eea5fa308669c83b47a041bb4e428d844f258
sub-11084	01	1	sub-11084/ses-01/func/sub-11084_ses-01_task-trust_run-1_events.tsv	ready		2e0d1aa9280c880bead5f443c972ac8c88e30022bbf94b45b90d1b4a5ea94365	2032925cd197079865ee4125ff0cca168c78dcbfd7d249368eddd83817d1d733
sub-11084	01	2	sub-11084/ses-01/func/sub-11084_ses-01_task-trust_run-2_events.tsv	ready		8fa079f1a6945b5dbcd63490ec763c7d9a979a4cc6a601f86d21cd216a7bdc04	93445ca0cc44e55d7e2ee768359516098d58909aa24b45d002837ad32a520263
sub-11085	01	1	sub-11085/ses-01/func/sub-11085_ses-01_task-trust_run-1_events.tsv	ready		a0fc50ccf6e5cab0addc266882dc596ecf117967a8e99a31b2226d2723d24037	74b6a3fff30f24b5ae752734d95f0f1a33a0eb7b1735fb18f95a6c8ab1505d8a
sub-11085	01	2	sub-11085/ses-01/func/sub-11085_ses-01_task-trust_run-2_events.tsv	ready		23922f888587474af6a6eae1ff63d9c9bf528f8115c4095748b5531bc3d78cd0	b8c7aedebd6d9f4ca13f7e51582175ebf15b469e6d6a0c4e987ab603d8165955
sub-11090	01	1	sub-11090/ses-01/func/sub-11090_ses-01_task-trust_run-1_events.tsv	ready		5cbd125bfb0b1a7547ccbcfc2f52b881e7f6aa6834ab908d3daee1b231c514ea	49db7b582e8407594b4f6e16f8c8280599f7a180a9e4eaaabd541dcad7216ae1
sub-11090	01	2	sub-11090/ses-01/func/sub-11090_ses-01_task-trust_run-2_events.tsv	ready		7161eadab4934af6062375d337c44447f17782962e69a4e9cfbb4d46271a94a4	33ee47731359af81b557e73cea3af8c6e5f1be19e9fa6487763745e8cfc197d8
sub-11113	01	1	sub-11113/ses-01/func/sub-11113_ses-01_task-trust_run-1_events.tsv	ready		6926514f58f6303b9ec387544ad2263224564bdef6ebaf7e2598854f6c958e3c	16f9fdbf8394d4c9f9bf9badf95c44bc5658bfd7baa3e6e5b927c5437621b59e
sub-11113	01	2	sub-11113/ses-01/func/sub-11113_ses-01_task-trust_run-2_events.tsv	ready		626cceb7b05465b0b29bba810fdc58f7b074737f469f950a6c9e03a8d6603450	8d95ab3571bfdb2fa91d2c42503af5239394a4ebca2fb84df66f4676468c75d6
sub-11116	01	1	sub-11116/ses-01/func/sub-11116_ses-01_task-trust_run-1_events.tsv	ready		30b192df5854f9cefd1bdf96ca495961a775f24c69ba1a2fb5d95c2cd2368ff9	23231b8ce6ada8f7ad0b70af83679239772a244d9c00f487558bd08d851ae25a
sub-11116	01	2	sub-11116/ses-01/func/sub-11116_ses-01_task-trust_run-2_events.tsv	ready		5662c424ba373e92158434fa82bcbce4a1da69f6effa1fddc78936cd0059d59f	8967e9c260dbc851a8cb07a1134472d621be95ef6f2321154a8e607dd593d396
sub-11120	01	1	sub-11120/ses-01/func/sub-11120_ses-01_task-trust_run-1_events.tsv	ready		e3a04b8e239575c165d215cf45bc8e3da08cd0c3ef973e48867a19821fdb248e	767d93ce3449c20479d51e2896cdf8ac9391551ccc99c7622b93d54a0f75d132
sub-11120	01	2	sub-11120/ses-01/func/sub-11120_ses-01_task-trust_run-2_events.tsv	ready		d675360826c291a3bd4ff07edab01ca76efff45934e06205a0940f439ce58e0a	151a7a212b5879844527bee39bfc9609cb874ebac7910ddec496523997d5f3cf
sub-11125	01	1	sub-11125/ses-01/func/sub-11125_ses-01_task-trust_run-1_events.tsv	ready		2a973bd3d24f4dcb0c9e219ba8c6559cbd69cdbd579530f829d3d6a8480648e3	37986475a20e959ecde5f8d6ce9f56557e233986700ebd020c6685fde18ae303
sub-11125	01	2	sub-11125/ses-01/func/sub-11125_ses-01_task-trust_run-2_events.tsv	ready		0aca9f70c3d29522e53f9ab8fcedd289818240b3faa05bc0f2e466c60e4d5b99	ef1ab7c9430d22db24b4d600a5f31895b7ed1621abe25087fa18f6f2eae0777d
sub-11126	01	1	sub-11126/ses-01/func/sub-11126_ses-01_task-trust_run-1_events.tsv	ready		53409df517c371eb81bdbc26a2bc6fdfe8a5b30d3ebfdca79d409808b56342de	e4c097660d7ebb533d62a7674742502a353c7601a55b904f78ad6f3db9596695
sub-11126	01	2	sub-11126/ses-01/func/sub-11126_ses-01_task-trust_run-2_events.tsv	ready		72ac65525fd27447f5b6e23c5df8eabe3a4f51df75ec4e48f42646414a413c6b	91fc1bde89c77c6767dddfc2f1e532e9e89aa992ad1f139509a00063e4976cd6
sub-11128	01	1	sub-11128/ses-01/func/sub-11128_ses-01_task-trust_run-1_events.tsv	ready		306597734fe705e398e0f0517c5b944c38bf48fffe6fdfdd7c8b06a6bd236554	d1e9bbaa939ea6b7d29299b63937c52e93ff160df966538d57a9410fbb63625f
sub-11128	01	2	sub-11128/ses-01/func/sub-11128_ses-01_task-trust_run-2_events.tsv	ready		fefbf7912359d1e46cd5632ed5eaaf3e033e66e49764be5698b199d965cf59aa	60aec70005930bb137020359e0d529cf35a2990c9a7538c1a3d121dbd02d7296
sub-11134	01	1	sub-11134/ses-01/func/sub-11134_ses-01_task-trust_run-1_events.tsv	ready		f49de86eeef4504aba8e1703658e439565ca75ed346c7a90ec54ca5fc7db50b3	ffccbf47495e3543e3eb5f7227f50a425d1ef95e357fb3975ec6365718114009
sub-11134	01	2	sub-11134/ses-01/func/sub-11134_ses-01_task-trust_run-2_events.tsv	ready		4a7108e2767484bebb70ca8287063bed6de7819b38d46fa46cec52f904e69a98	2de716dc09754bc720cc13ccb9d3edbb864acec453fc887bc547f69f19d68171
sub-11139	01	1	sub-11139/ses-01/func/sub-11139_ses-01_task-trust_run-1_events.tsv	ready		db187814f02a6efd75d26869da40c5d7065e16593d4d1907659e742d1679a812	3e93bd07a635022b02ca432f3680d89427d3da5bd23829122b206afe3d910dd5
sub-11139	01	2	sub-11139/ses-01/func/sub-11139_ses-01_task-trust_run-2_events.tsv	ready		b8dc99ca5e5a622e460d5466b964fb271fd9f1038d8986a0cdab7492bb3811c7	119f029640b9721b9a4c335a9bfa8484eba9c14547f33f5d1e2e4106f8aa0de8
sub-11164	01	1	sub-11164/ses-01/func/sub-11164_ses-01_task-trust_run-1_events.tsv	ready		65c0c1204c72d78100b0e2cc087897b63330e245ced51c3d9a3531c2840a7624	b299b53e0383d5cc41c676da2bf5a059e9824f9865a146feb7396f3773418a52
sub-11167	01	1	sub-11167/ses-01/func/sub-11167_ses-01_task-trust_run-1_events.tsv	ready		544ceb32d65320fbfe210673d92713cafd538b4f8576405b862e92616b3ccada	9d4b8ff0d464f78a302fcf2c27ddcbbdcac450465f04cd742b71cc600b18b8b5
sub-11167	01	2	sub-11167/ses-01/func/sub-11167_ses-01_task-trust_run-2_events.tsv	ready		ffe304aa25e7f93ccba514709f55ee9ce2639d67ecbf3b34582e36705ada0881	f827fe54bbc99837176fe6cdc1f18488c4c7295b17647d33eac7f313d9c1fb5e
sub-11168	01	1	sub-11168/ses-01/func/sub-11168_ses-01_task-trust_run-1_events.tsv	ready		3c5c27acfc627e9daec3bae7bf81d054347cc0a5e4b91b8d57eefeb55c351f14	526e547a57c0c39fcaf0bcdc70a4efb83d27d38190bb9512c0d1cbbd38b332a7
sub-11168	01	2	sub-11168/ses-01/func/sub-11168_ses-01_task-trust_run-2_events.tsv	ready		602992972ecc469b8fb79a4f09303c6abe1f497f2934809041dfc5e5569af110	4d911edc141c053d198953fb793852046d5c6865c0399d5ebd60c5c8bbaf27b4
sub-11171	01	1	sub-11171/ses-01/func/sub-11171_ses-01_task-trust_run-1_events.tsv	ready		3ae2334d6661212497506ea06e2a12471f12ee1ce4a0dc97e3a746d0abe4a370	fd10a11b74a6336155ecab3bbec43c5ba0f1bab6cacc838ec5a5968735a6c67a
sub-11171	01	2	sub-11171/ses-01/func/sub-11171_ses-01_task-trust_run-2_events.tsv	ready		6f68c50844f0a85c2d7f908ddc1670a8498c767642e6445253a71b6a38c82104	a854aa6a5a7c31681fbbe4c4d9e75963cd6116e77d9d74c1236fba7de500de19
sub-11177	01	1	sub-11177/ses-01/func/sub-11177_ses-01_task-trust_run-1_events.tsv	ready		b3b0a25483c89ac2034f2b888d99b80a0fee51c24ab181fc6fad9848169e5f99	878afd10949a2a500a2073b877e074bd62bbefa54a89376ca396e9c4ba34a76c
sub-11177	01	2	sub-11177/ses-01/func/sub-11177_ses-01_task-trust_run-2_events.tsv	ready		721de07dee45a31bca8fad93ac2261146342b639254064f73c2afabe19c5a90f	537d254e761d05f1374feccab8694e155824b0c6949792cae28e921160319200
sub-11192	01	1	sub-11192/ses-01/func/sub-11192_ses-01_task-trust_run-1_events.tsv	ready		033aeb252f8fd95ce741eaf0b7200770a5497a27ee30f99d73b44883f5e45fec	8857ba7951ea893c324ad953efcb45a52a30e8fa347af0dc5e3e8bd19abfa9a0
sub-11192	01	2	sub-11192/ses-01/func/sub-11192_ses-01_task-trust_run-2_events.tsv	ready		0ab9540349ade6ccf83e2d43b1a637bd2973fa398b9ff96c0bfbfbdea9a6efd4	7e9bcd6aeb9cc80323e25c7e707b65e928deca074ade09fc66124b04efa41779
sub-11193	01	1	sub-11193/ses-01/func/sub-11193_ses-01_task-trust_run-1_events.tsv	ready		bdef08e609ec0749c4de88a140e9bd58d48c3fe4e63aea319d6cfc4cdfbda2ed	6d54f3ae1af8e0678d4b877922c4d9070b44765ff35af6493f0a050ec256111d
sub-11193	01	2	sub-11193/ses-01/func/sub-11193_ses-01_task-trust_run-2_events.tsv	ready		655ff99155badd2996ca169f2884c1d5a3434ebde044e8c566e2b9143a697faa	01d7f63ca80fdb397ffffc9bf8fac99ad1996d1cfa0a244d8233b64a1d668fb3
sub-11201	01	1	sub-11201/ses-01/func/sub-11201_ses-01_task-trust_run-1_events.tsv	ready		496cca68f4105a5394e0c8da2e4b795d5b106435ac44f8c0b5e1676d62164e7d	a024f3c7aeb11e8956f2116e7fe8f2bad5d95124afb69dd2ee74507d9df857cc
sub-11203	01	1	sub-11203/ses-01/func/sub-11203_ses-01_task-trust_run-1_events.tsv	ready		84c604b98a06879b492acef42c45d47b1e22ceaa31e005e777d3b311ad6f9767	dd3ccaab3b15db0e4ac44ab2f9493932af05aa81768bcea8516f3416d2bec0be
sub-11203	01	2	sub-11203/ses-01/func/sub-11203_ses-01_task-trust_run-2_events.tsv	ready		799ad59177a7f996d45f8440eb5b8eed3c9f4151e03942bc291c3edd537b06e9	ade06b13a6c103f5277631072a52c321e8a23962b4daa31c0afb697791bb19d4
sub-11209	01	1	sub-11209/ses-01/func/sub-11209_ses-01_task-trust_run-1_events.tsv	ready		bc15bd407c81ee7c1e3a28a6fa727e147d2471486f195684ae6fa8bb9431c04e	ea8d110d9a724019f15ad3c3374d52702c8e4720746c77fc5d1d42169c7e0fa0
sub-11209	01	2	sub-11209/ses-01/func/sub-11209_ses-01_task-trust_run-2_events.tsv	ready		43a5838bc804cbc5c874ca451efff5e98174174fc34133736f6cc583a23a4814	8f50ea93db5b8cc02382da4e769975f2670e1c76401789d4c178f5706c7e19d9
sub-11227	01	1	sub-11227/ses-01/func/sub-11227_ses-01_task-trust_run-1_events.tsv	ready		e3ab4379257e1f5da66c6b7ca908ab9427f7cf4aaa198678d4d51f3295a3cc3d	f89904543fc0e3ca78e6431d80caebb4eb2f0142cb93bb5cfdce80ceb929f318
sub-11227	01	2	sub-11227/ses-01/func/sub-11227_ses-01_task-trust_run-2_events.tsv	ready		b0985f4fa521d1c102a19aae0eb900d0fa0b5ebde59a3f590da42fbcf6eb2ea8	8e21a095ce4ae07087c07d7f666f086acebda4cbf5a07f6b797d95c410cae56f
sub-11238	01	1	sub-11238/ses-01/func/sub-11238_ses-01_task-trust_run-1_events.tsv	ready		eb844e21c7f0da4060607ca17c6668ca4a20c812aee13a21468a0c97c5d45507	5e1052a6ba420252bb4fff5ec5df07d0ffb68b6543620f2176a25c5afc641abd
sub-11238	01	2	sub-11238/ses-01/func/sub-11238_ses-01_task-trust_run-2_events.tsv	ready		9cd221621974ed5c3dc340ba6034bf6a311aab148e3e8ae61ead5c10dfec9bcd	4c3bc4d65f4a688dc485947856eee3ffb55189e1843dac50143ab3b69fb49892
sub-11246	01	1	sub-11246/ses-01/func/sub-11246_ses-01_task-trust_run-1_events.tsv	ready		79c0662438576f325f91a7e109b0c2140048393b6f88129310e326151936756a	8c20df43cbebc00e6f41fde75fcc239ca97af19bf6adab1038b73d85d53c14fd
sub-11246	01	2	sub-11246/ses-01/func/sub-11246_ses-01_task-trust_run-2_events.tsv	ready		722855391e16499ca27b2e7446e84d0c1b553f602f653179e7122ac47b9415b1	34b9261f8dfa14196b591d3bbc1117897133e53ec29f2a5a940fcbfeb7e3ef37
sub-11276	01	1	sub-11276/ses-01/func/sub-11276_ses-01_task-trust_run-1_events.tsv	ready		3fdf21652b2faf22cd3030c56fd1c4e34424b164a118bfa27c26cf49fd91635a	cb15b4aff70e6775cc5ca3bc06e1a8b0798d74b6ede6dcbd0b4a5ba64f9d57f5
sub-11276	01	2	sub-11276/ses-01/func/sub-11276_ses-01_task-trust_run-2_events.tsv	ready		bb173964bfdb1e8b13ffa74b3afe55d9bfd8786cab6962147dce1a078ca492eb	007856263e1aea2b4193d71ec06d87162ac6a3811f2d5db172e7a6edd13cd26a
sub-11286	01	1	sub-11286/ses-01/func/sub-11286_ses-01_task-trust_run-1_events.tsv	ready		833f5caff3bf481e75cee81e94d1a4925b74f7c52d874190c5d23bbd12bf158e	5e9f027f9b3e6b0bad08b3998c8c9553fe4498e207f56f85e3334b6955736c1b
sub-11301	01	1	sub-11301/ses-01/func/sub-11301_ses-01_task-trust_run-1_events.tsv	ready		c65868bb5a4d3b193072470ce82b59fea5b3bbad63ed758c4906bdf840f15cf3	41b84f310edfb4b875e93212138e24b5a4ef085c47f245bb0583ad72c09473b0
sub-11301	01	2	sub-11301/ses-01/func/sub-11301_ses-01_task-trust_run-2_events.tsv	ready		82fa26d583fac2649ec0e0b78c3c61d26b0204c6721af8cfe53d15d086c07c0d	d8b932c6bc5a1a1cfe47f36ce3d497753a55b5d9767af12f9f795f77bec5bad7
sub-11311	01	1	sub-11311/ses-01/func/sub-11311_ses-01_task-trust_run-1_events.tsv	ready		771227301610472bb451d6cddbd1fc1435c215fb30ef860b9d7f82b2429d7fad	954f871f569295db2ad31644e06aff7787b1023fd74d98d1a9d2a13c9c5d1f72
sub-11311	01	2	sub-11311/ses-01/func/sub-11311_ses-01_task-trust_run-2_events.tsv	ready		020d57104e5da90b85d45b1d84192e0361c204a58e408a5a5d0ce9b9feef162c	8bca42c5bce2180bc365d29aa6aa4b9a3667a98f89cf973bcc1435040a810e6e
sub-11312	01	1	sub-11312/ses-01/func/sub-11312_ses-01_task-trust_run-1_events.tsv	ready		1d69cd1378948d00d49a39380ea5d3800e25290e0f56daa19cec00bb20c44c57	e1d10752de2b62ddf540c5d98ccda0958824c346d3bc9c86900897842a1c5938
sub-11312	01	2	sub-11312/ses-01/func/sub-11312_ses-01_task-trust_run-2_events.tsv	ready		cb16b361a15771ad43902b6c3c52b961248b7087a440d97a21ce8af44b04057d	0d14b73e2efe015c513b8d098b4eaa5c2fe56108dd268080b04257139dff1411
sub-11316	01	1	sub-11316/ses-01/func/sub-11316_ses-01_task-trust_run-1_events.tsv	ready		3faf2597e6ad6a36d17a79d4ba5f5b4848cc2673e1df605e98356135dd92b5c9	fcebb41a61850b902f156fd5f23740c71f25b18998b5e8c57c754e3ca1535b43
sub-11316	01	2	sub-11316/ses-01/func/sub-11316_ses-01_task-trust_run-2_events.tsv	ready		52ce82f382e50639bfdbb71fab8112dce680c7699c125b15a5c0f1d5512213cb	94c123fb8525ec03a0664cf8be7e97c6ae156e0665bd45afb85ec813ae5f8b55
sub-11318	01	1	sub-11318/ses-01/func/sub-11318_ses-01_task-trust_run-1_events.tsv	ready		16ac1345a5d55a873e573f07b88116df8d83156e6ad50546a8a19d3506e95aee	584d7a4470712a27367ac5c513f958ab18fb8ec55a8964d9053994f7276ce570
sub-11318	01	2	sub-11318/ses-01/func/sub-11318_ses-01_task-trust_run-2_events.tsv	ready		6430d576c2e99cb1e98109e7bd095de9d41731da40b1e766fea8c8d6a46b0952	2b45193856d58a5c96f21a7fef7caa07dd244830caf45b06000240e19f842214
sub-11321	01	1	sub-11321/ses-01/func/sub-11321_ses-01_task-trust_run-1_events.tsv	ready		58a5bab4438d4cc13decba89ba298e34544aa1ffccb40dfa4ebf4f29bc81a5c1	4f2c39625c10cb4238206760bbe2adcecd2291cde2db7bcb639110b356db5c65
sub-11321	01	2	sub-11321/ses-01/func/sub-11321_ses-01_task-trust_run-2_events.tsv	ready		849af131e75ea0515a7fd1c02eebbdd517cb73b2181f57295d7f1440a6e44eb2	eacc620feb89d588a7fce8490288d14b9fa86714f45d5133e86f49471a1b2b74
sub-11325	01	1	sub-11325/ses-01/func/sub-11325_ses-01_task-trust_run-1_events.tsv	ready		5243a681de291a0d7a34adef675ffaec927ef5f6f5c05750b44559a4c2b66bbe	fafe6f47eff868d54f8292403507b53aa2f30f0ef0daa81d98e4696adf791c32
sub-11325	01	2	sub-11325/ses-01/func/sub-11325_ses-01_task-trust_run-2_events.tsv	ready		c3c85b67b4afd51683c68ef07600370ff480ca9a34fdd2786c029fd7f3a78f10	cf6bef29f3076244c5fb7960e6012af70b8b4464ee5698abb8608ad3b7db23f0
sub-11326	01	1	sub-11326/ses-01/func/sub-11326_ses-01_task-trust_run-1_events.tsv	ready		ffc4287652e845e415e605835861a7485278d591c81981d07b8a6b5ac779efe6	f5152a13571dab70e5563c1e5b7cb6bbd834149c8caa58784011ae1d23df796e
sub-11326	01	2	sub-11326/ses-01/func/sub-11326_ses-01_task-trust_run-2_events.tsv	ready		3a763c9a3f91197f13af471aad6a4cdaab76af8b531db3f8c4fa8cb372338ff2	842ee1b25cf09f6804d2d9b9809765065e4aaa300a8ff2253b2327c33beca25a
sub-11329	01	1	sub-11329/ses-01/func/sub-11329_ses-01_task-trust_run-1_events.tsv	ready		5db5002623d3cb929e0555ac6dca6245bdbf7740b12f8b4453c71f60fcb17a3c	508c1a18ebeeda05dbe4363fbd07583609573f72e69aa450e2b972ec35e82eb8
sub-11329	01	2	sub-11329/ses-01/func/sub-11329_ses-01_task-trust_run-2_events.tsv	ready		c043859a29eb63379e5342500a4161e28c44ce7a33fafde4a3e23f8ced848df4	b5f1217376d237d57a3a5c33b81307eb1c6800cea3b1d004867b79e5434711b8
sub-11330	01	1	sub-11330/ses-01/func/sub-11330_ses-01_task-trust_run-1_events.tsv	ready		dbacfb76c63004196417b389de668b59a931f401cea8fdea0be5d374ce7a1a9c	0066d294060ec15abac8aa216966398796dac8271e61dd29d1c428f5c5bd724c
sub-11330	01	2	sub-11330/ses-01/func/sub-11330_ses-01_task-trust_run-2_events.tsv	ready		afee986796258fb377f702aa7f84fba9fe86841b6c7a8be9c731a33a34d7a271	2b516bd9772fee520235ad4a24d95e36c9c6003bf987c49e62c1676097506800
sub-11337	01	1	sub-11337/ses-01/func/sub-11337_ses-01_task-trust_run-1_events.tsv	ready		b13dbbb15b86da75d5386f06d411b999d5fdc0d5df2a1ef2592f199af6d37c3b	3d0e2ba81de29a657ee5949238b71687bab752a6e9cce74bb33f55951b4f49ee
sub-11337	01	2	sub-11337/ses-01/func/sub-11337_ses-01_task-trust_run-2_events.tsv	ready		adf0658cb04d45d771e30c8d4a363b12edc856f1783205dd82be71da0277b019	10dc90e65adcaf2d16ac45e16bfbfaeaa96a063d24ff964200d9617a700d774c
sub-11338	01	1	sub-11338/ses-01/func/sub-11338_ses-01_task-trust_run-1_events.tsv	ready		2fe5625287ab6ad1ebadfa504687ea3adfc269254de91ac8b9ce537f6434ab85	fa06dd714bd601269eca7f5d008f2feeb32d2033c69a345c5867fcff3f6466af
sub-11338	01	2	sub-11338/ses-01/func/sub-11338_ses-01_task-trust_run-2_events.tsv	ready		d2e2ea4532899b1a51ec39562ff9435347e2211846df2bf9b1ec1e0a96711327	f2da8f63f8d6dd0d1e0e0f3463c1a8f6c90cdbb9af33cdf7d6d0ca26e3ee8ad0
sub-11340	01	1	sub-11340/ses-01/func/sub-11340_ses-01_task-trust_run-1_events.tsv	ready		d9829757ea34b5e65647d08f9e7053ae671d3ad3f1fff87e042fe89b102f7b2f	5624385e81fbb9b6099677019bc06b10d4d954602e22b355d0f832dda0fd61d4
sub-11340	01	2	sub-11340/ses-01/func/sub-11340_ses-01_task-trust_run-2_events.tsv	ready		c04865dc92b9a253afd9d1cd30477b056137cca292aaac42d68dc6730974b4b4	0e1d1612172d889a1659e41f0f460a8eb008212bbc1d21a4a02a40d3c57c19e0
sub-11345	01	1	sub-11345/ses-01/func/sub-11345_ses-01_task-trust_run-1_events.tsv	ready		79c1c3060e9815065fbe20393500d41b5d026ecc51dbe93ce2a2c31bb244cca4	9591661068678f57df82e5b2d8bb61424059ecd64f6ac8a254206f52ac8c3c1c
sub-11345	01	2	sub-11345/ses-01/func/sub-11345_ses-01_task-trust_run-2_events.tsv	ready		10d1fe5c732ecfda00d7ce92d745a43fa98896243299e0b350c099466360d12e	82b77010fb28b01033e840cc2d87179131e5b5ef06ea04dc29be8505d166dc01
sub-11348	01	1	sub-11348/ses-01/func/sub-11348_ses-01_task-trust_run-1_events.tsv	ready		496196cd05351a5060d379e4337ff16837ca253eedd0401586ae7243f5a0e5ca	1e643e58281995a18088f04f4090f47f944f08218a4c4c6b18ed789e6d91c547
sub-11348	01	2	sub-11348/ses-01/func/sub-11348_ses-01_task-trust_run-2_events.tsv	ready		a8d77e87848f95e01813c75ef09d387dc074b261474cb2bb4c426ffa11444ead	358708b326cbde4a6f783e25e9da74b82fad78a9c77b17e2bb0f44d821147938
sub-11358	01	1	sub-11358/ses-01/func/sub-11358_ses-01_task-trust_run-1_events.tsv	ready		798187b58cd20a8cf6b6a7391a3e27c529796fba61c4a467905e81c87addc662	3cc59a74ca868662e6259bfd5d73e9098cc520a68f024d2b358d279b3143f199
sub-11358	01	2	sub-11358/ses-01/func/sub-11358_ses-01_task-trust_run-2_events.tsv	ready		a4e4fc68b5b21c9ad48ec26609ab2619b78d2f24afdff3aeba182bd41f8ae1bb	3a127cef89f56842cb1a0080f431a2ac9d79c9cbac25f5e6c133e2b1c782c46f
sub-11364	01	1	sub-11364/ses-01/func/sub-11364_ses-01_task-trust_run-1_events.tsv	ready		af891fb8139ed82fe2ad44bedbe63b7ac392a1c48cbbefb4ef1b2ce771a36714	2757b54971caa6473ea325ff2ce5d4c236e76051e763f67ae2361c29fb77555d
sub-11364	01	2	sub-11364/ses-01/func/sub-11364_ses-01_task-trust_run-2_events.tsv	ready		6b762fd46634f4b425570f461b8fec8a76153c2744e337fbf0c372ec019d304a	49ecc4057e2bb9f6d80f746d6e124a1ba82201328e1a5c9e34e34fa9104338ea
sub-11367	01	1	sub-11367/ses-01/func/sub-11367_ses-01_task-trust_run-1_events.tsv	ready		9ebd6de9b67b4e502155fb6bdc8db3dd452477776c4a1894467b69284d31a2ba	e585de2f8d90f452ffc15bb2ff39524d092ae6d7854e91ba9d851d346bf35403
sub-11367	01	2	sub-11367/ses-01/func/sub-11367_ses-01_task-trust_run-2_events.tsv	ready		97e4adae99e19434120abc78beeae7499080afc0ba3443272de16f4199ac0b55	dce5ee65aa92720902cc951a216243ddf609e29ab6a48e42e45835f2a13cf4d3
sub-11374	01	1	sub-11374/ses-01/func/sub-11374_ses-01_task-trust_run-1_events.tsv	ready		c9f16740b8852540c6f7fecc02e26b7c31f11297a48003bccd085570b5e5dc5f	7edf21f512f281418bfff677966611d46e581d9c13d60c81e26304e84ac193c0
sub-11374	01	2	sub-11374/ses-01/func/sub-11374_ses-01_task-trust_run-2_events.tsv	ready		e3afbbaf6d0adb8d5fb13d6ff6dd76398f64497d627cbc4b652a2cdc810079ff	de1f63a77de520884e8905fced7a4414457e08982c95895d12bcbcd6879700ee
sub-11376	01	1	sub-11376/ses-01/func/sub-11376_ses-01_task-trust_run-1_events.tsv	ready		d068c592c8975b5b3f0677a3de7a672d71010156248debe27d3076f9b235ea3a	ac156f992be3ab6e53933876dec4c1e8b446720d23f1aae20a8f16fa2e79f577
sub-11376	01	2	sub-11376/ses-01/func/sub-11376_ses-01_task-trust_run-2_events.tsv	ready		ef31aa726c205036356ab7aeb1e30983631f72ed9be8b014115266890d9c1217	69f392ac9b29b1c0da52ad7a5739d5db809386f04cf50d128af0f37d2da75be0
sub-11377	01	1	sub-11377/ses-01/func/sub-11377_ses-01_task-trust_run-1_events.tsv	ready		8887b95ef8eb7f0a9268561fc993226bf8c3b25b25f57d9b3a78104f7744e287	a95c8c2c2e9b7e91141df687f99bdd81ed2d180fb041bf404ff776f5b1bbbe09
sub-11377	01	2	sub-11377/ses-01/func/sub-11377_ses-01_task-trust_run-2_events.tsv	ready		2ebee7abde339c47764792e90dffc14bc9aeb14c42081a00510bd47012292ee4	afbef31fb5c713ea20b8f23c3fa0d3406f84d8a32aabbaa9d13c63da04631593
sub-11387	01	1	sub-11387/ses-01/func/sub-11387_ses-01_task-trust_run-1_events.tsv	ready		ef83dfb01a64598611c3c7d6115864bf41b9a7d22fba8a135b4f4124fd7a72fe	6c11cd73ac71e655fd4057430e7879d34ea14627c8699eec9140b28cc15a4f97
sub-11387	01	2	sub-11387/ses-01/func/sub-11387_ses-01_task-trust_run-2_events.tsv	ready		de40f3effc651e9c7af7ede05acceee6792f1e3978fef9c8ff165d86540437e0	c3f88cc04cc4344dfa45e8cb3cf9b74fb1ed6ce2617477144f7573ed85c0ad18
sub-11396	01	1	sub-11396/ses-01/func/sub-11396_ses-01_task-trust_run-1_events.tsv	ready		6de81a24d9b1d17168518535e74b9113582925bad7cba21c8f040b983a8bcf38	2c2976096dc529e8c66de2a088842e2dc53e9e9b4e5889b2aa2e899ebe479390
sub-11396	01	2	sub-11396/ses-01/func/sub-11396_ses-01_task-trust_run-2_events.tsv	ready		d544a7bbd546e41cf48c77884dcd40f9f912e261a7d48a6c6a2e10222e46f25d	2bd04a4670b3e27b0dc7195d254f091de807a00a95b5c750e5bb4246f76bbbb2
sub-11410	01	1	sub-11410/ses-01/func/sub-11410_ses-01_task-trust_run-1_events.tsv	ready		5b6a04a48e91aa3d494de79c7cecd247e1a04726c0a343c9707824be1d9e2ca1	bab50945ad97c7a88e6e849eb7e1df415f42c1472bf171c5734c79bdff09c9c4
sub-11410	01	2	sub-11410/ses-01/func/sub-11410_ses-01_task-trust_run-2_events.tsv	ready		30ced4343877502d8f4d45a98017a46adbe759c2cec8af781222e1db64c3936c	6a86450c2d0106e0491f06943744366550e00260db3990ca6e668dc8df12bc0b
sub-11416	01	1	sub-11416/ses-01/func/sub-11416_ses-01_task-trust_run-1_events.tsv	ready		52feba2da0090fe4b452d5671110e1d8ee275f5331041ef240f0b7a290fdabc0	c752ece2efd6b91088f7d49e1a395d752235fa7541d708b65cd0f3154e0fc497
sub-11426	01	1	sub-11426/ses-01/func/sub-11426_ses-01_task-trust_run-1_events.tsv	ready		32579c36c3b28fc39a6661217c24f95e5faebcfea18e486fad8fe8ee0535ce75	dfc1427c196173d4412b8886998de1fa544725f00933c193d2d6b680536f0cf6
sub-11430	01	1	sub-11430/ses-01/func/sub-11430_ses-01_task-trust_run-1_events.tsv	ready		34c0a3c1f92e68a233aaa9c1ef3393e70e724a8d293305d026be246d7de2d389	3d1ab39fc4397b67d92b97fe2a05d1fb67589d64e823f92423e38874c9aea039
sub-11430	01	2	sub-11430/ses-01/func/sub-11430_ses-01_task-trust_run-2_events.tsv	ready		c62443c8f352b697ee3dabffe571d7a21134fe00ae3f049f1632397daab470a4	7eef5b7324edcfb6e060473acf4f947441000b3b7f02d443fe05faee67737f9b
sub-11432	01	1	sub-11432/ses-01/func/sub-11432_ses-01_task-trust_run-1_events.tsv	ready		28ae35f8610983cf621d59637bb8b7adcc7ff683a75dbf876a4ce3ec2c08a0b1	a4ec32f7a64c02c542a14d69761dd68f32675e661ab067a20982c36623d4140b
sub-11433	01	1	sub-11433/ses-01/func/sub-11433_ses-01_task-trust_run-1_events.tsv	ready		1debd2d25ecc102f9f7a9f995acb4a0041f56caf4bbb9711ebb6c74f45e46d63	865d530513554ac3c803b689511a0e459e4ede677ed0fa3afaf815638862124f
sub-11433	01	2	sub-11433/ses-01/func/sub-11433_ses-01_task-trust_run-2_events.tsv	ready		6484fba2ea80269bffdf34b5292f406b382e7a94589a327966ab0bc1b1bee23f	be265f41ad9e3dfb73ae8b481da8bada2c07cdb8e8a933da3d586d2bcae0a435
sub-11435	01	1	sub-11435/ses-01/func/sub-11435_ses-01_task-trust_run-1_events.tsv	ready		1ab8f25c7318c6a5fb9d297103677d03c01bc7319e30c2e1a32543586ed0e5b0	6ecad00d152ef29ff063ab0ff7623ade1b0d08962e63dfca7693071485601124
sub-11435	01	2	sub-11435/ses-01/func/sub-11435_ses-01_task-trust_run-2_events.tsv	ready		20e6faedd5946d68ef7f55111fac2e1d86c09704dad7559e61288d169b32e9a0	b5106a3a060800e6dc6ccfc97cf01b3a2420fe22e1222397a2ae67b6515d3ddb
sub-11439	01	1	sub-11439/ses-01/func/sub-11439_ses-01_task-trust_run-1_events.tsv	ready		80d536b47abf0145a7654f90192db234434b6d73a88d8699273f638506957c3d	c8b9543d541ca80553aa0a0d536718e06ef7f65eac0a790089a12bcdd19434b6
sub-11439	01	2	sub-11439/ses-01/func/sub-11439_ses-01_task-trust_run-2_events.tsv	ready		7d1474bbeecc8a923d178fc5d0e5be0572b3565a9d0360a5d38ebd2a0a6a64af	fbd2ceeb683cb611cf7702e7efa2b5084d0c36cd4bb129e86c15046bfa6e658c
sub-11440	01	1	sub-11440/ses-01/func/sub-11440_ses-01_task-trust_run-1_events.tsv	ready		97ee7831af549c42e085e67d16756604f5d49743e47e93b29cd3ef2c29ed9e6e	880c8df0a1bd1e7e14f046c53a65ac3f0aac6c245e9def865e5b80ed7a2c2de4
sub-11440	01	2	sub-11440/ses-01/func/sub-11440_ses-01_task-trust_run-2_events.tsv	ready		b377bb565fc226dd12d7a0f5469e0dee1dc7aeb7bfdcff6ca6d947e6eb03937a	2bcc834cc83b620cd2844b588823bd5e58affbb055844dd468be2800f689da3d
sub-11443	01	1	sub-11443/ses-01/func/sub-11443_ses-01_task-trust_run-1_events.tsv	ready		044dbf5903a3db1ade67ce6f80822081f2f4673e287b6e8f2ba18b7cecf73050	ff6f21e37297a79ea3f5bdc91c44b072786c8789f7a70d151e18c829318fec9c
sub-11443	01	2	sub-11443/ses-01/func/sub-11443_ses-01_task-trust_run-2_events.tsv	ready		ba48935f20976ac32aac1c795e2c86526bafe7b85b32b563c8ddf16ee6a42542	51434b181f5607ad4a6abcbc0fe49a62bd292603dbda292a73719db9c2a27a5e
sub-11450	01	1	sub-11450/ses-01/func/sub-11450_ses-01_task-trust_run-1_events.tsv	excluded	source_missing		
sub-11451	01	1	sub-11451/ses-01/func/sub-11451_ses-01_task-trust_run-1_events.tsv	ready		b95b73caca1f0d3a7deb5e7cbdf0ec38e03fbe2be4a17b35b3c7fc96eb8131d1	f4db4ded648690ab0b8344e90f3b77dc11dce7b330baac6bc4b8512e4d989a68
sub-11451	01	2	sub-11451/ses-01/func/sub-11451_ses-01_task-trust_run-2_events.tsv	ready		0b8bc1c24edee8adc51b0803f6c2874ba1b2d8b590c8e819c368ceff31adef63	29793a6a85fa34b4176158affae8b34c9272312b6eefef7b6c91e9c5a8023ef2
sub-11461	01	1	sub-11461/ses-01/func/sub-11461_ses-01_task-trust_run-1_events.tsv	ready		bcd79d90069654f71ca1ccad70061fe1b0198310882676fdbce9b3434c4ad9be	006c07dee8d79c0b081ec7e04de883a13a248cea4abcd67e37784f664e3b8732
sub-11461	01	2	sub-11461/ses-01/func/sub-11461_ses-01_task-trust_run-2_events.tsv	ready		0292cf2139903c9015576667a941d9f168f20dadf617cc79d535a9fb7b341d47	8327650f549cf3b07bdae589d1ec2e4d3a25dac8e146da434609ff58dd1ee8f9
sub-11462	01	1	sub-11462/ses-01/func/sub-11462_ses-01_task-trust_run-1_events.tsv	ready		b05a4f961cf1e60e6bc687ed250e6f7565aaeac44d1e1455d1dfeeb7d3cd0d6d	c336f8a2baebeb40c3e78aee8c7f13c28105f8af7f132bf11ceae5023dbdb9ee
sub-11472	01	1	sub-11472/ses-01/func/sub-11472_ses-01_task-trust_run-1_events.tsv	ready		97167419b45ad85e1565f1b955620e0cd393c6efaba946f56e0fd3d6ad900a5d	54ae98ae649a490bb7be22d67665b4f4f9d1606ccf6ac4e52359060d1cff03ca
sub-11472	01	2	sub-11472/ses-01/func/sub-11472_ses-01_task-trust_run-2_events.tsv	ready		50cf59952d396dc6aae9e166d999ed387fc02982e05a7a7b172a0da460ae60c5	1d548a720954d1fc32c819d76f9d2f8dd73159d6db89d157c38831566ad1a681
sub-11492	01	1	sub-11492/ses-01/func/sub-11492_ses-01_task-trust_run-1_events.tsv	ready		5a05988b6922a3e8ec9748d94ea3f11b9559f49b4d37f11ac6ab12d98cbcc6ae	eec6518eab3c4e60976e58c20d4215d472d8a54d66c0d979bcabffa408266601
sub-11492	01	2	sub-11492/ses-01/func/sub-11492_ses-01_task-trust_run-2_events.tsv	ready		015f770c8769f792f05d5327e972c690f01e1c9f37d64ef2d614e791ce48729e	dbf12c7dee30b1035ddd0ce1a081f3c6017b82f35919c6247f3ca87627156aa5
sub-11493	01	1	sub-11493/ses-01/func/sub-11493_ses-01_task-trust_run-1_events.tsv	ready		cb5c63ed486f74e1598b9bc64bed406857fb3f26d4b1ecd413c4b6d5be364bb3	94e94dff3c05ecc44c69d358c0bca66c3b05d9621c85545330d4589bb96bf838
sub-11493	01	2	sub-11493/ses-01/func/sub-11493_ses-01_task-trust_run-2_events.tsv	ready		60822dfb219cedae30c2a1e99a6d900e844984cdb08f6d65666a2b4eb4e12c59	889a6188feb75185c1b6e2380008df587acf3e85298061f523e52e230ffaa651
sub-11498	01	1	sub-11498/ses-01/func/sub-11498_ses-01_task-trust_run-1_events.tsv	ready		0fdba97546316d045567ecb755866f5b651f21a08da4904d67c3c620402db89a	0cf52af168cf6870479a132598cfc6095448ceee0c1a4ff6937f3d670cbaab81
sub-11517	01	1	sub-11517/ses-01/func/sub-11517_ses-01_task-trust_run-1_events.tsv	ready		5c956fc27035379c716ccf1bf49123ede185475a0e217ca48d5a91f64050af02	b4e8d6a25bb34ffde369634b9a0bce9c08da149067ec28e64ebd3cbf480c209b
sub-11517	01	2	sub-11517/ses-01/func/sub-11517_ses-01_task-trust_run-2_events.tsv	ready		f08d0eb76afaea794440af7706b0cf1d61bc4cd8d246c741192504968b413fa9	3d30786e6cb0d20377cfb9ef55b7b03e9f7593b7ad2f4fe3211214857610791a
sub-11518	01	1	sub-11518/ses-01/func/sub-11518_ses-01_task-trust_run-1_events.tsv	ready		2b6477b4ab82dae4625a52c75fb9e34ee4132d05fe9dfd578a4f9a8022e9cb8f	6217c4ebf660f0825a5d40fe7083e9206585d2866cffe448a290ba6db93442d3
sub-11518	01	2	sub-11518/ses-01/func/sub-11518_ses-01_task-trust_run-2_events.tsv	ready		20459adc4feb7576ce759fa56ae50999dc3c731cbf22f11652a732a1e7e82d33	512972a6dab63b8652dde048085c929b078907d47ededbe76847091d4588579e
sub-11523	01	1	sub-11523/ses-01/func/sub-11523_ses-01_task-trust_run-1_events.tsv	ready		f8ac817857de140cf45cced6730d7387e73e0191236b4feff867462787343a57	9f1000faeaa74e06bc9d18cb4956d54d759377c1f81c8a573889b559955f2e19
sub-11523	01	2	sub-11523/ses-01/func/sub-11523_ses-01_task-trust_run-2_events.tsv	ready		d3587a7ef980130bc1a2a91a0dbb2f5a49ae721a47bf95e65c6c2d80264896a3	d251a5ead7020bb2fc7cfdb60e4ce2b3a99660c7b95d1004619977506dbbe3b4
sub-11526	01	1	sub-11526/ses-01/func/sub-11526_ses-01_task-trust_run-1_events.tsv	ready		6f49eef36c66a06f89187ed82aad2a254c373a211f27f24b185cdda26b664578	bcdd2d9df29c6e024fa5188cc86f1119f7af7d2886d4af97aa03d94ef0523a66
sub-11526	01	2	sub-11526/ses-01/func/sub-11526_ses-01_task-trust_run-2_events.tsv	ready		ea0d2591fea620821d61c8a8d7668dc4276fd4938b84550d14a38a9a81e2b3a4	426244938c5864c1c72736efcb896e36cf808aa893323b96db10146b382f03d5
sub-11527	01	1	sub-11527/ses-01/func/sub-11527_ses-01_task-trust_run-1_events.tsv	ready		df4395da0c3dccc6db30e51b4b4921590463737c49595d1b6875fa73d5f0898d	f474627d51e553b77d20b67f3e800b809ca455b802190ce08e513bd36aaa64e5
sub-11527	01	2	sub-11527/ses-01/func/sub-11527_ses-01_task-trust_run-2_events.tsv	ready		c29543b2226a568d58ba3b7bf0460e7587f2a7fdd844563433c8d45fded62cf8	1eb11f1276c62335e767d7f83b1afb8c6f35937457ea4ca692640997952c6b8f
sub-11529	01	1	sub-11529/ses-01/func/sub-11529_ses-01_task-trust_run-1_events.tsv	ready		e1af917292f5989f37e12c08a504e070e92e555252de60531f5cc6fcb6d3f635	6b722cfda770a72953599be2d6e1e4b7921159bf01c756ceae29f7b67f6c3b61
sub-11530	01	1	sub-11530/ses-01/func/sub-11530_ses-01_task-trust_run-1_events.tsv	ready		4aa3b1db933a97454c4f6f8c8a371556ae45fec21e1b6a16a0b7d519fdf7d55a	8606c96cac2e81a4489beee51bb98adcd508b471de6eaf229ba530187bdc19c9
sub-11530	01	2	sub-11530/ses-01/func/sub-11530_ses-01_task-trust_run-2_events.tsv	ready		099ccd91515bfaadc74df4b7918f022be48f35515dce60fbd7301a74ce42a35a	f5fac48d934b8379d105c0ce3040cd17d4a246ec1ea812a085840c15ebfd024b
sub-11532	01	1	sub-11532/ses-01/func/sub-11532_ses-01_task-trust_run-1_events.tsv	ready		360e41f186cb5b2b9cf04953a8df6256f4460f7adb71ea5d9bf8d244e9b1535f	3d09a390282d34d6135977143de554e968121d8c1b3844f9902dcc12389819c8
sub-11532	01	2	sub-11532/ses-01/func/sub-11532_ses-01_task-trust_run-2_events.tsv	ready		d2f8cc8996100268313afda39be146f6eeb92fc46c027a9f1bbd48a6c0447966	1e7351ea3fc477c4aad04e522ca3b125c57a785c7bfb13fabf1212bab6d35dc1
sub-11533	01	1	sub-11533/ses-01/func/sub-11533_ses-01_task-trust_run-1_events.tsv	ready		4a842fdd7c4780018e76872d01c3abf216b4e2c16cce1e3cd5b587db76dc113c	dee7a0653efca809f3638fe109e6e4d5a13d0c1694ba3d60c6b689194f42ad11
sub-11533	01	2	sub-11533/ses-01/func/sub-11533_ses-01_task-trust_run-2_events.tsv	ready		74024ca7fdce0e1bdb75f88184415cf6af55be4ee0c734b1c1ba3e1dc6be50d8	4e4cff8ba1f29462837b8d70d95f1b415063beabb28e3b2fd0ad9047ab55ebc7
sub-11534	01	1	sub-11534/ses-01/func/sub-11534_ses-01_task-trust_run-1_events.tsv	ready		f3355fff7debb104caf103a7fcbf44019406864b6b43d6eba89c92e7b0c9558e	9ebceddcb9c7b8654bb425b3dcc388fafe9f12ad70f5d1a811a9e98916629011
sub-11534	01	2	sub-11534/ses-01/func/sub-11534_ses-01_task-trust_run-2_events.tsv	ready		d2c15a8e3468c526ba7f3c48829cbdbcfd2260971e0263edd5e4200458ca6171	bdbff2dc5e14135bdfba680d25b67d4c763fe8de537790efee9a69abcaa4c726
sub-11535	01	1	sub-11535/ses-01/func/sub-11535_ses-01_task-trust_run-1_events.tsv	ready		c33c11edbf07260b0802f6f8470c852db4e82d2eb0b4f08d940e68b74dc5f8ce	41c40f14a3b0eccd4a16e4450effa5f2c32a60f2971393aa2d1b4f2aafad1286
sub-11535	01	2	sub-11535/ses-01/func/sub-11535_ses-01_task-trust_run-2_events.tsv	ready		64435a5cd1dd588f2211d310e79ea05e28ac783d76e73ad5c44f2a5dca2c3951	d41866733e49da3e52d52008780aa979bf3f14fe1af73e2b5f950685ee7b6f43
sub-11536	01	1	sub-11536/ses-01/func/sub-11536_ses-01_task-trust_run-1_events.tsv	ready		fad5db1dd404fc46bad0aad269b06032623643396cfec3eb8badece607c92edc	eca178fccce4bdc99623427b1aef0a46f1973a68c7f30e276f48c5303e639808
sub-11536	01	2	sub-11536/ses-01/func/sub-11536_ses-01_task-trust_run-2_events.tsv	ready		e54b1c072010587febb5e78d91a1a3fd1830cb8baeca50bd1606973bfe11f2ce	e50834350333106a48094cab96610c09a4497f7f09bbed2b0f6a7b542c1573df
sub-11539	01	1	sub-11539/ses-01/func/sub-11539_ses-01_task-trust_run-1_events.tsv	ready		9270b4e30364cae455e29c03a830e3a6ae892dc83e5430128cf26ab5bc65afab	971949e7565633ffc89118ada8c5ed37420d00d4261dd178260dfd0c1223039f
sub-11539	01	2	sub-11539/ses-01/func/sub-11539_ses-01_task-trust_run-2_events.tsv	ready		73d776ece3a6a5b590f1906af2e679467ccffaf201f8a1f19b6269017c37bada	d1d5c927b177f89e8018e1e0e046f245d07d09b9b7620197becb7ecc45a35244
sub-11540	01	1	sub-11540/ses-01/func/sub-11540_ses-01_task-trust_run-1_events.tsv	ready		5e74402e641e76eb596f1c60a349d9f25f00d0ff51176ff8845a14fd129cedbb	3a81e9d76845d109dc7c8011d73afa60f6a6938eadf6d3b6eafe08dc10db2fa7
sub-11540	01	2	sub-11540/ses-01/func/sub-11540_ses-01_task-trust_run-2_events.tsv	ready		84d994a5427ffeedb8d4c763953faf246df6de3e273045c7f4a8c5950a479666	968ef6d410edf6f264f51e47701b222072b7af91029825fa19ee4d4848141d9d
sub-11542	01	1	sub-11542/ses-01/func/sub-11542_ses-01_task-trust_run-1_events.tsv	ready		ebe6754399d69eabe47910aa5edab16e29ef01db844c04e90e32d493bb176121	9cccb267fa285f14d2045a11923103396800646480047fed3c8ba8c25fc56e1d
sub-11542	01	2	sub-11542/ses-01/func/sub-11542_ses-01_task-trust_run-2_events.tsv	ready		f0c52c4c1eef08aa2b8cba77c31682e3e29549428030c82e86078509c81abf4a	05d26034a39e5c3726c7ab0fd99bdb0776142ef3ff7f9a1a714f8eea433a8fa2
sub-11545	01	1	sub-11545/ses-01/func/sub-11545_ses-01_task-trust_run-1_events.tsv	ready		93cc5874b9f91ced9eade72ebd7dbab6b4d7b37371a145395232ae4f96592e42	e98df7d553920d502a9c516ba6c7f22314131da1583ae8193bc81294c1e76c09
sub-11545	01	2	sub-11545/ses-01/func/sub-11545_ses-01_task-trust_run-2_events.tsv	ready		1049a90afb253bbad668d6fb3ab2a8432dc16e1f7886d6442fb495d58a77d54f	c7d6543df6c88e085a54e601a2b3de3b7ccdca53a9ce3988b102e3b904766c50
sub-11551	01	1	sub-11551/ses-01/func/sub-11551_ses-01_task-trust_run-1_events.tsv	ready		6a25521a206c320bae70bbe5dd5becc0c47d5f1e5196a787dcd055e265109ad1	297e8b4976eba25fd97743eadcc0ed6e6a013eacb732ed09df172fe7c645d86a
sub-11551	01	2	sub-11551/ses-01/func/sub-11551_ses-01_task-trust_run-2_events.tsv	ready		908f093091d57b46b69dceaeb81fac9a732d556f591a4b55233955d14b65ba0d	d6976334cb25ed126d3b142df6894ee64f336e4b1bbdeaa168fb1aa0eba72e85
sub-11559	01	1	sub-11559/ses-01/func/sub-11559_ses-01_task-trust_run-1_events.tsv	ready		be4b153a001048c5528df3858014114e3bac54b9d0757ffa73c411682cf82157	7a64f4ca12f1812f47a18b7ff9c3829b862edfa84c7aa412cfaed980f5fda45d
sub-11559	01	2	sub-11559/ses-01/func/sub-11559_ses-01_task-trust_run-2_events.tsv	ready		6f97c3d404d001527015d0c52c03fb830674bc68eb45a0509b72c60dbd2bfdd6	fd8192654a63111d1ce6737528070f074253233a3ba589e5f1fc28631d38ab6c
sub-11560	01	1	sub-11560/ses-01/func/sub-11560_ses-01_task-trust_run-1_events.tsv	ready		fa198b95d47deabf55d5c9f83fc5095635d1693039508d1d9a3882e955646f19	277dd6ef09f4022e6ba34b573ea491c19961534e977a53c36749768c4d1d133f
sub-11560	01	2	sub-11560/ses-01/func/sub-11560_ses-01_task-trust_run-2_events.tsv	ready		d6b5c166fb95c1a0c15b2b6677b800001a66d93da647c8790958594271ce7434	6ffab0e70eefe2568e169e3aaefc2123e68870488463ea24aa0238f00e4daa3c
sub-11563	01	1	sub-11563/ses-01/func/sub-11563_ses-01_task-trust_run-1_events.tsv	ready		17110b6d28a58c95316e6650a321c30cf0d710a1d5d40a641ae21b2a320af184	ae11d11df19c7416acdbff5bf7a819179f73419c6d6090bd12b26f297210714e
sub-11563	01	2	sub-11563/ses-01/func/sub-11563_ses-01_task-trust_run-2_events.tsv	ready		615526ff1d89e8c064abae8fd789476ccd027092e9c9e1200a33aa6ffab36e4a	262b4e27b877ef810524b3c5b6bd10a784ff11a2a57bdf22066f06bcefa2421e
sub-11565	01	1	sub-11565/ses-01/func/sub-11565_ses-01_task-trust_run-1_events.tsv	ready		f428ff41a0a279cae7b9f3df448d715439a60c10025ea5ecfb82fc480b9677dd	3f543dea254397080657985512fad943e8b06b14cfc5c50c7892e585bd6c6629
sub-11565	01	2	sub-11565/ses-01/func/sub-11565_ses-01_task-trust_run-2_events.tsv	ready		e91af47a6a14ba413c9a8decea4f2a079a80cc391aac299f799d2a984ae28d09	193a14624406a407f5a4c86b6ec16ab02dd41f5fd2686a206da2dfb220438044
sub-11570	01	1	sub-11570/ses-01/func/sub-11570_ses-01_task-trust_run-1_events.tsv	ready		18e4b0fba92abcda411561a38d633cbe83c36c6f5494f6076997d1d21ca6802e	2c029835b20943b03343324b0df7c3b39f47377a75d6caa5aad060c1f48dda68
sub-11570	01	2	sub-11570/ses-01/func/sub-11570_ses-01_task-trust_run-2_events.tsv	ready		79db197b1644dc4fb2d102b710bb8769f0ad5aa19bcbdbf212c77511b2b37c0a	355f0ecbd0cdab8873974be8e2be2686fd2d3471cb4193b7fd8d3e4b29252669
sub-11572	01	1	sub-11572/ses-01/func/sub-11572_ses-01_task-trust_run-1_events.tsv	ready		f3cff0dcef29fc33d63542ed1928d1e3bb31de1b6657061a8a121a6cd46d1d49	a26f23c05a55de89c24f8254af9e47c3cbefcba7de111ccc1a7d5330c899c09e
sub-11572	01	2	sub-11572/ses-01/func/sub-11572_ses-01_task-trust_run-2_events.tsv	ready		0e5e0c105874b87ba7ff812a6089074602c10bdba95d71b6fa31f067651fa415	235b49721147e3041b8d4f73d7d5def9c77d477003e11463e50b0ed6087f517f
sub-11579	01	1	sub-11579/ses-01/func/sub-11579_ses-01_task-trust_run-1_events.tsv	ready		d6211856ee68c90dd364dfe95041241c3ad66a8ee23f98a87d02638478f8d756	9dd7dc60b3ab9fa68b816d79ae928e29f5effe06cc618de17ba1088d10e5081d
sub-11579	01	2	sub-11579/ses-01/func/sub-11579_ses-01_task-trust_run-2_events.tsv	ready		1699b4d4174e364deb5fe7e1e3a6446dbbc73e71b95f973f0274dd5725d60b85	bd3dd07d3c5e6bd0e0bb46a14b3ff061307edf6b864f92d5c03c8ac2aa851f34
sub-11586	01	1	sub-11586/ses-01/func/sub-11586_ses-01_task-trust_run-1_events.tsv	ready		48fcc0496c0751164ab566cc8688bb04c5a011d28b96b03128037ec9829f8030	f22bdf542aa4e5dacb1db79820dfa613bac022bb033d8ee4f14c79e18557d81b
sub-11587	01	1	sub-11587/ses-01/func/sub-11587_ses-01_task-trust_run-1_events.tsv	ready		afa03f19a9a1a227423cad6512a0e98771dc4008017126101774bdd7447a2dfb	9e80ce407a33648ca24804c2d34a302d3cb960fd921f4c253f2af3a31734096a
sub-11587	01	2	sub-11587/ses-01/func/sub-11587_ses-01_task-trust_run-2_events.tsv	ready		ea24ceda126a0a52d1a730be320d3fdf526e574c74824f5801d8ce267eb5e100	6c649e2433c434f548a51154d7743e3aa6df017d6d13af74688f85fdc31b5de5
sub-11588	01	1	sub-11588/ses-01/func/sub-11588_ses-01_task-trust_run-1_events.tsv	ready		cc47eb5407aeb5bf330318b77c873cc2564b5f74c55b92aeabb9da27e8a95b1b	507bbf8dfc83d281c2eec2b4a46737be122e64bfb667e4d3a114d39a4bc8747f
sub-11588	01	2	sub-11588/ses-01/func/sub-11588_ses-01_task-trust_run-2_events.tsv	ready		6224facbed38c794bffdf1228b4cab37d3bc20fd085869269c66df28c9161b2d	7c2fd2d337ba53909fb947e6db693f960d03068b0defef8b8240c2c7bfc1ddeb
sub-11591	01	1	sub-11591/ses-01/func/sub-11591_ses-01_task-trust_run-1_events.tsv	ready		3e48811fcc8dc3fb00b7c69d3088d7a2f7431361c26bb8f223de68db36927319	788951fbf315a0a35308942cb110b4d1c7a8485903eff173e4d82e985780f3fd
sub-11591	01	2	sub-11591/ses-01/func/sub-11591_ses-01_task-trust_run-2_events.tsv	ready		4deba884dac02cef7996ac526bbd48d88a13aa3081fcd6c1ec1e60874f2ba900	286883053d8a85d1da88d4d1573fe35917f92d96662dc9330423ad821e41e86d
sub-11597	01	1	sub-11597/ses-01/func/sub-11597_ses-01_task-trust_run-1_events.tsv	ready		817cbab4eceba9023af83305352be32ed416179b475457290023edc4fdcde251	49fb11765b95a4465feb2d1a0d23b88717d626e446e8fa420d6d47505e8a5b7a
sub-11597	01	2	sub-11597/ses-01/func/sub-11597_ses-01_task-trust_run-2_events.tsv	ready		9d7f4e2532935103a4d76adad999282e96a57d7f8f5c0f1c54ff93738a8bec69	396cfbc3ce4b8dd62e1b2597643ad0f4232b6ad6f1f253bb1fcc196694360007
sub-11598	01	1	sub-11598/ses-01/func/sub-11598_ses-01_task-trust_run-1_events.tsv	ready		9031533b932b35ec20765e38f18812f9b3d5b86a9d85f45b9873a2ffc6cc9462	4e0108c07578df85d16b6fbb420591410c3e7972227030ac9e662625d93dddf1
sub-11598	01	2	sub-11598/ses-01/func/sub-11598_ses-01_task-trust_run-2_events.tsv	ready		7cacc2886c5abcfca9d03d8e25ae96ff32ce006f6c8acaca8da36e0b1360683e	20b10a002006556a4af43d3d2d55534a23238e85f94f44828a252a2cba880d2b
sub-11599	01	1	sub-11599/ses-01/func/sub-11599_ses-01_task-trust_run-1_events.tsv	ready		b3367fd9c819e2b440b6fbd1982904db00b20c9e786ce45a62ced6ce2c1a2df3	4a0b6677afbeae8d2adfc0fa9733a5b961fc6d68d46220f9bfc8b6244e15d0e4
sub-11599	01	2	sub-11599/ses-01/func/sub-11599_ses-01_task-trust_run-2_events.tsv	ready		8d206cfc07423bed6ff2cd59c70dea5de7fc61a851c85367cd0309378a385f4b	0febc2b44a095402b8f947b0b3d029cbe046f8c0e71cb8c5e96b253a2c2a56ae
sub-11600	01	1	sub-11600/ses-01/func/sub-11600_ses-01_task-trust_run-1_events.tsv	ready		9fe9a6b0eb3032069e1583f015b317b8558d586408e9694d0e87872d87d3cfa8	1be4480aa3253cde3759d41e8e79ebabc908feeff2a5300a972fd71e020cb3ec
sub-11600	01	2	sub-11600/ses-01/func/sub-11600_ses-01_task-trust_run-2_events.tsv	ready		af5ee2d3cf628aa0bc0db636f444da8bee47110de9483c682730ff01fecb6d22	8180ccd349e4f65484610301044559d492b83c53b9bbfa958f695968d5c068c2
sub-11606	01	1	sub-11606/ses-01/func/sub-11606_ses-01_task-trust_run-1_events.tsv	ready		4323dca2ed15e8370e90d14e461773c6ec92dc21cd58583fe91a5a0b92b5e8b5	f40ed7dc3a058aee79bf56014a35e14dc27f1d976b3014c0448f553a8a639b20
sub-11606	01	2	sub-11606/ses-01/func/sub-11606_ses-01_task-trust_run-2_events.tsv	ready		705f419a233f2f209b874866b8ce1885e34ee11af5c6ffd5c3aadde4b3029afb	cdc3d509b7f2134f50d4a25edb987e903ec015e3886202f0db2c7bd4cb179e0a
sub-11614	01	1	sub-11614/ses-01/func/sub-11614_ses-01_task-trust_run-1_events.tsv	ready		1ae9bc33a58cf32533c43a7337cb7ccef66c84ac621602ad383c18f72578167d	4c3c5461b2dac1690c8fcdf2681ff09ad637f60013a57a8a5d590a42f536a6a0
sub-11614	01	2	sub-11614/ses-01/func/sub-11614_ses-01_task-trust_run-2_events.tsv	ready		d4704b5412abfc5ab004ab6f2dc2f26b30ce33085affb37bb30a1373e48bc710	3ae823f1ed3bd4423c514c628ccac68b40758d202007be102cc6b3373c0017e4
sub-11622	01	1	sub-11622/ses-01/func/sub-11622_ses-01_task-trust_run-1_events.tsv	ready		b4888f093ae9e2f9dc9f4401c33d3537ba1e0607beb9fd440eae5e139b1eec1b	0dc0f61c2fa128ee8307c728be00fe5a12de4ca166ec17ee123148f1d173e3d0
sub-11622	01	2	sub-11622/ses-01/func/sub-11622_ses-01_task-trust_run-2_events.tsv	ready		2b1b5a10dd9e4785786beef73cbcd3b19d2cd1a68787d6ef85ebc0300cea9035	0a2877ded1254f3d89443404e9b04c4e1624787fc99dd149b98149177e3b4315
sub-11623	01	1	sub-11623/ses-01/func/sub-11623_ses-01_task-trust_run-1_events.tsv	ready		9b61bacfa4615f3aa207097fb63af2c9a744bf6685e80de25d96ba8641f97513	6700d80e89aaccb8b8bf8af4e12dbeb160d15bdba895db48533334b5e2f6d613
sub-11625	01	1	sub-11625/ses-01/func/sub-11625_ses-01_task-trust_run-1_events.tsv	ready		796bda0e2d54d61f61d84b31c6302430c73c0f8bd1ce6e4d8da9a814b78e6aae	eb4cc8fc0507773d826e3aa7608e0ff542b86554b5c104a11c970bb0279cb4a7
sub-11625	01	2	sub-11625/ses-01/func/sub-11625_ses-01_task-trust_run-2_events.tsv	ready		e000f5f9df501d16a4f5d54beb2629a96d82dc256ab16a96f6b32393271a87ad	bd014c58193092040552fdb8947475ac232432bf64af0fbd215193898f226ba4
sub-11626	01	1	sub-11626/ses-01/func/sub-11626_ses-01_task-trust_run-1_events.tsv	ready		f5f352f4d8185ae6a0b891039e3b81fd5e8bd95f2cc6150d676e51bce08e47e7	70d6513bb26e95c22f054c89566480516d30029b20b0c60e1cc511936249da34
sub-11626	01	2	sub-11626/ses-01/func/sub-11626_ses-01_task-trust_run-2_events.tsv	ready		fd4bb96db9156ebde686a17723344ff3a3e3b34217fd3252b270be2def12f7fd	2004c2a6b40629ebe9a2452495e278d57671f6cdf1711fa1a1ac4dcb8b54abc6
sub-11628	01	1	sub-11628/ses-01/func/sub-11628_ses-01_task-trust_run-1_events.tsv	ready		72bfd59ba6dd62aa236844a614527576a0da5c3eacc50bda7da2161cbb041d71	c5b5648cbdfe8271ad8bc51bd62e6377adf08280db6594b6ac5ee391441a9cd8
sub-11628	01	2	sub-11628/ses-01/func/sub-11628_ses-01_task-trust_run-2_events.tsv	ready		2e4f45a8f905840810e61b1bc3c892c33a0fdc5e3f927a0c827961d6371990ef	32cc0e2c704a099468aeb8a7f0c544c521766304ea0ad0d25177bc8716783f77
sub-11631	01	1	sub-11631/ses-01/func/sub-11631_ses-01_task-trust_run-1_events.tsv	ready		fe9d5f2715c6a84f2eb9627898e675b677898143890a336ab26010fa9fa27732	7e69a2d7f06b4fd39cbd70cd4c4975aaf7d16899886cbf49b0650a5887289099
sub-11631	01	2	sub-11631/ses-01/func/sub-11631_ses-01_task-trust_run-2_events.tsv	ready		ca10ec84bcd015690d72e19b2ee4c65e1c841248f0c9cbd162219185a4635c31	592d1435245435711a87ac24fcfc0540fa300183b4624f74fcb7af6b336ad64b
sub-11651	01	1	sub-11651/ses-01/func/sub-11651_ses-01_task-trust_run-1_events.tsv	ready		03ebf57a72447ffc13aaaeb9ed5881b0966962610b67ba030473b186ab68a8da	a6f970a84425684768abdecc7df0743b9d71ef78910a3a9f0062ded2de6940d7
sub-11651	01	2	sub-11651/ses-01/func/sub-11651_ses-01_task-trust_run-2_events.tsv	ready		bc48d783a4b2e197cd4cda6d45c35a3589c56c5e453e895cd39a2e163723d2cf	e0d9e0ca66b38f7f8f10fc68f9b535e98e5b1b7f3bf0ea7388c3ec82e2522a87
sub-11660	01	1	sub-11660/ses-01/func/sub-11660_ses-01_task-trust_run-1_events.tsv	ready		4b6cbbd581cc27d26ae79ed3a400d06bf0ab866e70a993c4f9845149cf6c2caa	3ce397916e21b581a3112c36031b3198c1c30724b180cabf502c4995c6e42362
sub-11660	01	2	sub-11660/ses-01/func/sub-11660_ses-01_task-trust_run-2_events.tsv	ready		a9d95456f2d269392f8ead05f2ae7f280bfecb88b21fb0d6e1904df9f93ca1dc	1ac3251b97763feec877254e5d1f12ad2699dd8255f0b71a6cb68531c54c8bd3
sub-11670	01	1	sub-11670/ses-01/func/sub-11670_ses-01_task-trust_run-1_events.tsv	ready		2e1a102741e678e6abb426b6318edf71af8619b549ccd1b9bc560b3531d4130f	5bd5a62e78071f3c42b755b0a47278dbcc8c3a3f2ddced0e7ecea63d181f4efb
sub-11670	01	2	sub-11670/ses-01/func/sub-11670_ses-01_task-trust_run-2_events.tsv	ready		008c856d682e96a0b0f38b4cf91b1e34a18d7ea8bb6911fba1afd48a4bc6d7a0	c31686c00b79487536c93d3027883146a7e32acf89a7cf0e2d04905fe1c4725f
sub-11674	01	1	sub-11674/ses-01/func/sub-11674_ses-01_task-trust_run-1_events.tsv	ready		be6452bed5c5eb51f6bde6e270ed289653e83d55ecd81aac109766e5fae802fa	ff75c1a84e35355095e0e8a3582b0f30bf34b6469ed757ab81b9ea2a8a38bf37
sub-11679	01	1	sub-11679/ses-01/func/sub-11679_ses-01_task-trust_run-1_events.tsv	ready		f43450dccc0a0511873a7076c9a98e710ba8c686caacd8e1273c18ffbd9b0ae4	176b4f71265479968e013d754b4aba600b7fb668c163b84e0a4c2102d4dd915b
sub-11679	01	2	sub-11679/ses-01/func/sub-11679_ses-01_task-trust_run-2_events.tsv	ready		6f41a27e2c69c4b66ff23061b60a1cca07b167715bf176ada298267a0de526d7	6e2d7f229f649c3f8b362d57f24123782ab76005eec0e2e86917087d5668126b
sub-11681	01	1	sub-11681/ses-01/func/sub-11681_ses-01_task-trust_run-1_events.tsv	ready		5771499adc58fd6a0298eb4008d011c5330097ee349c07d24aace3dac9cda8ea	84e03abe651f3c9bc2363e23c2608d223d53b70062cecdd4d8392ffcd0fb014a
sub-11681	01	2	sub-11681/ses-01/func/sub-11681_ses-01_task-trust_run-2_events.tsv	ready		2f462fb84503435f1c2749131a33a4a90924de1c3680816abdc099745f2c39a9	0759a090af5ad9f39cdbcc6d22fea73181de3bbf605d6cd63b73eef8586c1eee
sub-11692	01	1	sub-11692/ses-01/func/sub-11692_ses-01_task-trust_run-1_events.tsv	ready		d3baa11944495bca02ef6e77861019d83d957ea4d9607703acad47b001ff31f3	979d291bad03020e9fb46ad72b50759f54c15833de0f03031c7298e0fc0bb08e
sub-11692	01	2	sub-11692/ses-01/func/sub-11692_ses-01_task-trust_run-2_events.tsv	ready		9de1af5eb60c01ac5a2e093a03e384549d6520b3e8eeac787ad8660e17ee3a35	319ed32f16aeb1c2804fdc1bd3d2913f4752a44e129582a312659cfcf229ab3c
sub-11701	01	1	sub-11701/ses-01/func/sub-11701_ses-01_task-trust_run-1_events.tsv	ready		a5262c1f2088e0c86403e06ae8d36318607d881d78c67f743a648a2864e79149	c13d7fbd4bf658c8f930e18612e64d7ce56ae1d5baf7108b9546e42e2b91e361
sub-11701	01	2	sub-11701/ses-01/func/sub-11701_ses-01_task-trust_run-2_events.tsv	ready		de81deecbdb3f1729b06a5ce939871b66efeca8138771cf997afea9297785498	616462dd5952e2d410199a810e5b095603a1f567b5e0601f527aeb782727f0b2
sub-11703	01	1	sub-11703/ses-01/func/sub-11703_ses-01_task-trust_run-1_events.tsv	ready		8a0dbfeb412df261d75ae7ae16d25d7d80e3c91a8ceaaf819bb6924d368a0199	a3b06c5160ae1473f8f55c1c7fc34c007812561662ccabc97dd84bf314638d90
sub-11703	01	2	sub-11703/ses-01/func/sub-11703_ses-01_task-trust_run-2_events.tsv	ready		b961840887ffae346f967c818bf3f097cdc6b8569f352ea27ddcad34b2feed8b	5051c6a2dec3551fbb90822d99a392eaf20a1495ba649848f1395c96f67b9fd1
sub-11705	01	1	sub-11705/ses-01/func/sub-11705_ses-01_task-trust_run-1_events.tsv	ready		a2e775bd59746447a645365fefbece03bc2eaf77f7aee9415818adceef495a20	8549de4933f728b15f0b94c8112f362222d505698606367e5f00568af199efb4
sub-11705	01	2	sub-11705/ses-01/func/sub-11705_ses-01_task-trust_run-2_events.tsv	ready		9ab169d94bb2a12b35ced8617a795a90e71b11ab4fd84e2114452b4df8ac70ee	190c18a4e6ae712412b88f5b2e849bd2135ec98495e31be175a08efc446f1825
sub-11709	01	1	sub-11709/ses-01/func/sub-11709_ses-01_task-trust_run-1_events.tsv	ready		15c8ac83429af28ae4a045710f32b1924e53bec7f34df4fd771e3807b49d577a	e5cabc0b7241d8901af70f9229bbf4038c5b367ae2cdd70d2eed9b5a66f863d0
sub-11709	01	2	sub-11709/ses-01/func/sub-11709_ses-01_task-trust_run-2_events.tsv	ready		9adcb37cd426c3d465227a03269b895225126d17f179dca3af6fe502b1f88b42	dfa5ae294df653b960b614967160c131d025a69530ea28fe883aba368fcd97fc
sub-11710	01	1	sub-11710/ses-01/func/sub-11710_ses-01_task-trust_run-1_events.tsv	ready		07a7ba1a9ba21af005b8ee00eeffb93e531897be0425b5ed6b56d591136f706d	30f4fe3baaf7eb018f1a0754a144b9f6b801c588976656861f5403cb9e8b95e9
sub-11710	01	2	sub-11710/ses-01/func/sub-11710_ses-01_task-trust_run-2_events.tsv	ready		4fcf4927e0e20daa12c0cb80b240336824e55cb41ebf66c65966e7aa7883eb10	b468da16909c8431a255cee7d8fd4cc81ba4df53208387091405f441d7d31e4b
sub-11714	01	1	sub-11714/ses-01/func/sub-11714_ses-01_task-trust_run-1_events.tsv	ready		a66ea5e842aaee58354c03bcba973c245b9db52d7b789b65230c969cf667fff0	40faf85c355fd80ced7bf688ff5d268c10639dd2598d4967db1f1bd039c0535a
sub-11714	01	2	sub-11714/ses-01/func/sub-11714_ses-01_task-trust_run-2_events.tsv	ready		d2a561631fa458d77555975e2c31cc15c88daeb37cc315f43c8e17f8a18cf4ca	3e66c8bd12574b636dc303613dc342b0d099b2a412e3de384aa9628da94b32b9
sub-11719	01	1	sub-11719/ses-01/func/sub-11719_ses-01_task-trust_run-1_events.tsv	ready		b7d453120f41e0d56b477aaa979af83b94c848661d03c69af44ef4359caafd6c	038161b0c109be89fe658d834ab134a42cbecefd406d1a0f321adf5b31f310be
sub-11720	01	1	sub-11720/ses-01/func/sub-11720_ses-01_task-trust_run-1_events.tsv	ready		eb6e50f692a4e3ac1234578ec9bcb80b09d9bc6e778e4ed29873aaddc8b78406	fe32f644a31d7ea47d10e1d142b041a249a602fdd29d5aa02bf8851fdbb276f9
sub-11720	01	2	sub-11720/ses-01/func/sub-11720_ses-01_task-trust_run-2_events.tsv	ready		96cb53323b7e6145d18dc1c19ab0b4f6fee914ea09f5622ad311657589017bc5	7b1ec4cfbb27849246dde1b208e8f9829f9372032ea5297d0771c2fc4ceb34bc
sub-11722	01	1	sub-11722/ses-01/func/sub-11722_ses-01_task-trust_run-1_events.tsv	ready		c1f710616b4a19a9e1da25451983329a3bb479cb71789a80d86b7005a6642c76	47a156b36e7eeb1b6062d2ff02fd1148365d0d6b0aa629984d94764b09018590
sub-11722	01	2	sub-11722/ses-01/func/sub-11722_ses-01_task-trust_run-2_events.tsv	ready		0560d703a7e586bf578e013159e878985d89b689248e1fbbe476e77950bb3c30	db1028905672313e5860bc3c4ec2947102187ef4d2dbfd562e3842dc0d5b5521
sub-11723	01	1	sub-11723/ses-01/func/sub-11723_ses-01_task-trust_run-1_events.tsv	ready		7c78d63baf34b21f694c6dfacdc75b32f169060209bd7cc33b4d5f569df5af88	79d199943e4d123d976e08fa576252eaf4b83ed49deecfc38a1678612815676a
sub-11723	01	2	sub-11723/ses-01/func/sub-11723_ses-01_task-trust_run-2_events.tsv	ready		650a5e3876219f536d93f5264793fa286231e92a19e80c9d4dce39ed3b41591d	864975b4ecca822203a064ac4be7626b6969d5fc8a1ac7b07c4416436df61ec1
sub-11736	01	1	sub-11736/ses-01/func/sub-11736_ses-01_task-trust_run-1_events.tsv	ready		9d314af2be044dd3f5f375cce79481b0e7dbbaa603b03f4112d4e74a0419846c	313f9baefd86122d5e78e10d8de616c96d6c1208513a4e05746060127f7ef0a4
sub-11736	01	2	sub-11736/ses-01/func/sub-11736_ses-01_task-trust_run-2_events.tsv	ready		8178989c2e421bf428bb61e7c94eb5bef86bcf2bde5ed5cf21a89c75d82d3664	8f872b9c33994265b5fcad9b28610c1aa46955b554bbf7bc2a27170cd9b8422a
sub-11744	01	1	sub-11744/ses-01/func/sub-11744_ses-01_task-trust_run-1_events.tsv	ready		fa64f873029adc0e619ae0c4e0c4a1462963c158b3a918b4fd43adb5914dd712	87f3a9f6f083ad0862f24977360f2847bd9e922f0cc2cc3ac97496e8558ce5ed
sub-11744	01	2	sub-11744/ses-01/func/sub-11744_ses-01_task-trust_run-2_events.tsv	ready		3ea7e7d7e7af0529244aee5af119716f48debf3fc15036fc7ac5168d7e7e413a	ccedb9570d5555517dc6258777f117d257b0118283b832c8610d7af420dcb853
sub-11746	01	1	sub-11746/ses-01/func/sub-11746_ses-01_task-trust_run-1_events.tsv	ready		dd08d2d7641aa1eb8b930e7429b513f3be51ee8241792826de72931627b1f69f	7242bf4addacc5282b76931d6cd3a07015f18284a47b3f38fe18dcd0d4550339
sub-11746	01	2	sub-11746/ses-01/func/sub-11746_ses-01_task-trust_run-2_events.tsv	ready		195d9b61ae288a3d26cc1417c66c027f0c63d35e76ada097074669aed37ff3b7	a16bc9972b0dd4f8e97c34dad0884f99a5020a6ab866065d6972e725eb068255
sub-11748	01	1	sub-11748/ses-01/func/sub-11748_ses-01_task-trust_run-1_events.tsv	ready		3b4549f15e30a6bf6a767e94ad862c70b995c7c5bc8a72713801ffcce58b1baa	4bbac35cd8dde586cc28d1596ea733dd2095ff31b34e613a0749057efc4d246d
sub-11748	01	2	sub-11748/ses-01/func/sub-11748_ses-01_task-trust_run-2_events.tsv	ready		7ed91d542bdc4e4edfd817b6d2c01796f87db7c8c9c34fe0a7f699cefd0c4a50	24087e6a2d678ef77459c96963e00c705ad3b255dcad2516c87eae3208103894
sub-11753	01	1	sub-11753/ses-01/func/sub-11753_ses-01_task-trust_run-1_events.tsv	excluded	source_excluded		
sub-11753	01	2	sub-11753/ses-01/func/sub-11753_ses-01_task-trust_run-2_events.tsv	excluded	source_excluded		
sub-11756	01	1	sub-11756/ses-01/func/sub-11756_ses-01_task-trust_run-1_events.tsv	ready		be5086e3620c1824be2c28b134d200bff163d2a31196e69348da1421e62a2340	9aa570bb5e57d39c8dd840f8d4ce5a40401711844f4b778b7e744889df4413ba
sub-11756	01	2	sub-11756/ses-01/func/sub-11756_ses-01_task-trust_run-2_events.tsv	ready		da11afed579d5d4809cd7faaff374961390a45cf41b27fecebf063bee8b9e785	824df9a1a7dd6cec14d5affbc80b6bf0cd0862c8d534ad551e478cbbfdd175ec
sub-11764	01	1	sub-11764/ses-01/func/sub-11764_ses-01_task-trust_run-1_events.tsv	ready		3f477886b72fc9a5ad1cb32a15d39cdd15306d19f63bf9c8532fb74928b37478	1f3c015c380b398bfa149b17c447b9fe5d87bb57400d1ca35637d19166f0fc2b
sub-11764	01	2	sub-11764/ses-01/func/sub-11764_ses-01_task-trust_run-2_events.tsv	ready		c2143d9ba64622b7807e5a3f620cf69ed12ec10e8c789ba44e629f8182e27443	6e8f609622d9ac8ff548bd26cab855ed29b138f2321f3a4f6085a677c42898e6
sub-11772	01	1	sub-11772/ses-01/func/sub-11772_ses-01_task-trust_run-1_events.tsv	ready		ba45f27633aaafe6c8a64cb0aa231a721ea0ad1f8a05924dcee88ac3b10bd586	35ca4850e9332f87b3f2eaee81e3d64a26c72c0f73e715c0da7f68e9c0a8f2c8
sub-11773	01	1	sub-11773/ses-01/func/sub-11773_ses-01_task-trust_run-1_events.tsv	ready		abacdd4f11600d58a08e6de834ee7fd3cc27ab1f3273843521d1bd7995402f9f	616e0e01006cf73f366b5cb319f86c63fb672cfc8c9be1fc49d29bf69962ca31
sub-11773	01	2	sub-11773/ses-01/func/sub-11773_ses-01_task-trust_run-2_events.tsv	ready		ac73ad1e51f6fbe75de316176f4e14c5ee6845aa9919a8c04adf695313a604d5	37b59d13b8f0d42303b1084e449dfc6cbd5a7a38f6a94a1b4b1beb512c755b2e
sub-11774	01	1	sub-11774/ses-01/func/sub-11774_ses-01_task-trust_run-1_events.tsv	ready		3eb601d2a4f5e58dd5adf465edda9a85fcb4e6a1d69f318210cff14c6ac88f59	f62212e3187374c52ff54c897d786b1db3fedc20eb8511708e79fae4a5e44982
sub-11774	01	2	sub-11774/ses-01/func/sub-11774_ses-01_task-trust_run-2_events.tsv	ready		873addd936c119a14fff225a2641b3fdca4b1aa4ec70286a7a3f9f1159ed40a3	241d52284d36ea749438f19df9ba636aa8cca6dc1443391ef84f8d3b16149167
sub-11784	01	1	sub-11784/ses-01/func/sub-11784_ses-01_task-trust_run-1_events.tsv	ready		f39b3c7d97fdf0a589a904ec90621e7278e38bb7241014d6dc226ad6c694cebe	8236316f4f9eafa549771226889ec463770181fe599dacf7d556e247631c69b0
sub-11784	01	2	sub-11784/ses-01/func/sub-11784_ses-01_task-trust_run-2_events.tsv	ready		010d4ae7bcd7ffe63ef6da13cd9a1f6a0f93f46e437a73d6810c45b01eff2b82	be56c9391a96ebf90914ac0a49e622a7a0e3df47585a5b503578b40325de94d2
sub-11787	01	1	sub-11787/ses-01/func/sub-11787_ses-01_task-trust_run-1_events.tsv	ready		f014227950e6c0a637733e573a41bda964fd4eb9dc62aad14e7d27c56952282d	39ceb525b55df1dfff8bb35df16ff93af3b74623a19a9c48ade64d158057ce8e
sub-11787	01	2	sub-11787/ses-01/func/sub-11787_ses-01_task-trust_run-2_events.tsv	ready		c92b450b66f2a70cf4d61e8b6d887d2ccf0ca1b8a84edcd72445a60b3c23e67f	d1b87545f7821352ed354ab98aaaab7c6ec1d6f675fef127f6b1594478850162
sub-11788	01	1	sub-11788/ses-01/func/sub-11788_ses-01_task-trust_run-1_events.tsv	ready		42b8b6b26861d08fbfcf8add6ae371d50d6f0fe3b59362b095ceb614c4fb7670	7d84697e0bfdf1001149b918321d68223fa43877fa7549eb73227536a9e2acc2
sub-11788	01	2	sub-11788/ses-01/func/sub-11788_ses-01_task-trust_run-2_events.tsv	ready		35a4ce8fef6e5518b56e7f0ac7e8b54a7b2ef8867648493e82e4c193ad8587ad	738e9ee3c7dcc96731c2d45780ed611c5d5ab02d80afd94fae9c7e1c0a5643a4
sub-11789	01	1	sub-11789/ses-01/func/sub-11789_ses-01_task-trust_run-1_events.tsv	ready		440e5bc023187815bd2e9a7db90017585e0d39bba476f105bf3bc9ce08ea97e4	c3edb54a9a9a6bdaa9742c43d768cf430b02517fe23c1cf779f4ac36a1053ecd
sub-11789	01	2	sub-11789/ses-01/func/sub-11789_ses-01_task-trust_run-2_events.tsv	ready		35fe60735c4e07a8c4c1a44dd466723cf1fc34bc675aacf7b802a81d776405d5	792f63e630e5f5a1339faac582dd5f10b09f616535d7cdcba6989685505fac6b
sub-11790	01	1	sub-11790/ses-01/func/sub-11790_ses-01_task-trust_run-1_events.tsv	ready		1181d6dd04a0dee6fa113566d837e525b5225c22268f21a1f79c2f44f6bb7134	ee4f49d0c6801685c88c7a94057fe32e7d503131ac86b62511cff832266fe321
sub-11790	01	2	sub-11790/ses-01/func/sub-11790_ses-01_task-trust_run-2_events.tsv	ready		71d24963f989953c73e75d92d7046b82607b3107960bd460236880433d8aa6a5	dd7943310b8cb152f7cf94537409e1965bf27b9c361515411e0e5385c8ba1c06
sub-11793	01	1	sub-11793/ses-01/func/sub-11793_ses-01_task-trust_run-1_events.tsv	ready		844c125d1d291d959fd7e1959351c49984d3bddabebd35e8e77472a68c474153	31b9387893ec0fd7172b3bb7480f1e3a919524d82faf0a7c4ab1e197e2cab3c9
sub-11793	01	2	sub-11793/ses-01/func/sub-11793_ses-01_task-trust_run-2_events.tsv	ready		8aaa6e8d487fb146895aa9926afff7da93d5fa7f14d815f0b6c31a4029f27f22	4911dcba2c9e3581c48a4e5a7c73f56db2c34994c4f6843dfcf4034dc87b43d7
sub-11795	01	1	sub-11795/ses-01/func/sub-11795_ses-01_task-trust_run-1_events.tsv	ready		7bcea3b0ae44eaaa7865236f2632f741036f667f9e1c801a3d83ca49912b0ebd	d1aa4294c8f9933407e410a27ea33f1375149684438753e429ca1f307ec37f12
sub-11795	01	2	sub-11795/ses-01/func/sub-11795_ses-01_task-trust_run-2_events.tsv	ready		540bdf0d1d751da4bd3cafd7dfc189b92bb05e08dcccfe75db756b9189686924	4ea08207fec800a5aaa41a7d448465895f0777e309fc827fff8a48236f6fa13d
sub-11815	01	1	sub-11815/ses-01/func/sub-11815_ses-01_task-trust_run-1_events.tsv	ready		0a44af1b506d06bb3e85177fcb73551b5dfce4add5417ffff8d9075a5c6b27a0	f40c753ef0ca20178fd1100f7c1ae01f8c5387b60fead6abaa4c607d690bb463
sub-11815	01	2	sub-11815/ses-01/func/sub-11815_ses-01_task-trust_run-2_events.tsv	ready		8ab64a851bbbf9aa31a8fe1a69f893dd928b47794ea499d748925b198d94dd35	36fc51ab5ca36496f44c79b1894262e519fac7c3edfcae2f6a4dacf19ea2c29f
sub-11822	01	1	sub-11822/ses-01/func/sub-11822_ses-01_task-trust_run-1_events.tsv	ready		83fb91d46ea3025dbd2cfd6cbd88eb99b88ebc13c5bee52092476a17aeb32aac	8d905ab43d6e7bd6f106c007c5310a6b1c6a02383f3639ff7cf9852d6fac006b
sub-11822	01	2	sub-11822/ses-01/func/sub-11822_ses-01_task-trust_run-2_events.tsv	ready		f9eced7b737caa0b865f23fe8009e056b420b533955a42a9e1ff56a29ef5ec9d	9718629d1e5ec4633395ac2c292274980d270853e62dac945a88e1dc0e9ed892
sub-11823	01	1	sub-11823/ses-01/func/sub-11823_ses-01_task-trust_run-1_events.tsv	ready		9364f454407d5f58ab34601da76bc7ac29b52ffb21097300ef909ed3e84030b4	f91b083c17beb0050212a8e1568981d3986c5cc18558b6fe710a2e335e1d2609
sub-11823	01	2	sub-11823/ses-01/func/sub-11823_ses-01_task-trust_run-2_events.tsv	ready		6405d822e755afbf8f036710ac2bdad45a84f6e5bf9146b1df404158596044fd	f1a74501f22e57e937067b8e3f15264a917c2c110cff8fc628f2c699ac3a9c10
sub-11824	01	1	sub-11824/ses-01/func/sub-11824_ses-01_task-trust_run-1_events.tsv	ready		e62b7932317a37eee7f87187f6ce18d291edbca611e8678d286b00c67c896b45	7cb454b0bf8c27d90f8a88358e6cda819d4c328d4e5d77c236ce392536e35043
sub-11824	01	2	sub-11824/ses-01/func/sub-11824_ses-01_task-trust_run-2_events.tsv	ready		91bde0e2c974e869db5fad2a1468df4bd5dbd277efc090014d97d676e7939ec9	99a8b763cc921c1c34767fa1d09e8a3df78d52e1d87ec3418e0b074373410269
sub-11828	01	1	sub-11828/ses-01/func/sub-11828_ses-01_task-trust_run-1_events.tsv	ready		7e5fdb088b44710931b0abcff55dcb12ed26663738304887496fe0672b10610e	0b9943fb40fc2ee4eb46e4d832f27b3a618ef3c84264bcb65e6f445d9f0160f7
sub-11828	01	2	sub-11828/ses-01/func/sub-11828_ses-01_task-trust_run-2_events.tsv	ready		0a88aa8b004678d6a4a2246de5ce79601e62ff5d26d84d33f30794f3f32dc8ab	c35224a0b1419528c519689032bc3e8914d67ea84849618d6baab688adbcc9e5
sub-11829	01	1	sub-11829/ses-01/func/sub-11829_ses-01_task-trust_run-1_events.tsv	ready		0a84993b298ec594e7b9b4683e26404140e56c80f8837bd2d84d09da01216b1e	1230cd8e1446f30b2aac809fce6542a053ce5ac24727400efd977afe25ed2288
sub-11829	01	2	sub-11829/ses-01/func/sub-11829_ses-01_task-trust_run-2_events.tsv	ready		467647a21a2d3347870cd9be589d878c6f826c4de940a5a913531cf5d0e4f92f	738922fe72449a2571a5741d6786a113e71131e5b0ce13cdb8eb2097f24e71e4
sub-11836	01	1	sub-11836/ses-01/func/sub-11836_ses-01_task-trust_run-1_events.tsv	excluded	source_excluded		
sub-11836	01	2	sub-11836/ses-01/func/sub-11836_ses-01_task-trust_run-2_events.tsv	excluded	source_excluded		
sub-11840	01	1	sub-11840/ses-01/func/sub-11840_ses-01_task-trust_run-1_events.tsv	ready		21d9fe5dcab2186ac186198897ed8f61d40c1f2f71feea770f520c65f1c1fa96	c3bcc45db76939fe9d2466a8a8f47de287c1541e20a0eb5730971b7b6505b7e6
sub-11840	01	2	sub-11840/ses-01/func/sub-11840_ses-01_task-trust_run-2_events.tsv	ready		fef8d15eb6eb73e00de9afc7121f591fb1b29bcff3f89c28419d4f8ce1205466	13165bba8a79fe0b25afe8ec6968bf3133e35c8058df48d9f3ef2e34c184c65a
sub-11847	01	1	sub-11847/ses-01/func/sub-11847_ses-01_task-trust_run-1_events.tsv	ready		24bf9d5a68c5aeaf24b80f7cb5c77c4dd2668f86ed6c35a48a64e1847c9be9bb	aed7dbe8f963cce10abc24ecf98ae777841b15965196c68624065a78faf49d88
sub-11847	01	2	sub-11847/ses-01/func/sub-11847_ses-01_task-trust_run-2_events.tsv	ready		4d4d885d0e9bf2095f1e51d7a370fdaef9c6489e1ec494bf08ae475d7d9c1df1	75c3f21cd8c894f83233dc0d8297d80a2c2ec9180137fed6dddb36a90a31816a
sub-11853	01	1	sub-11853/ses-01/func/sub-11853_ses-01_task-trust_run-1_events.tsv	ready		3942c858b7de9ca800a4fc1ab59aca2722a0582bd1da656e18368163822744a9	2c5cfa454a15219f228f998efa711682966a9e308b364315596688f0f398ec5f
sub-11853	01	2	sub-11853/ses-01/func/sub-11853_ses-01_task-trust_run-2_events.tsv	ready		aee2de6ea2a10432dc53ba4d96e91fbbc96ea53df8e155fa79974b908ee939c4	1cfbb8afb5093e4fe81a6a07c83c425fc6909351d4a7a79d4c360c6a08c347d7
sub-11854	01	1	sub-11854/ses-01/func/sub-11854_ses-01_task-trust_run-1_events.tsv	ready		e338a5e698dc0dfc08ad021ee65cbe9381fe5152f286dc8a8d519b4d64e402d1	78d40e57ce8c3af42b5594f9508006f162bcac5e74f56f21c781770809100dff
sub-11854	01	2	sub-11854/ses-01/func/sub-11854_ses-01_task-trust_run-2_events.tsv	ready		7d0dd37bb6e4591001cfceffe84f5f8bb02d6e21684b7d8f9d7101cbc0824945	8ac2fd9affeadc445ff700813e18baea9445a089974d898545a1829639fddd16
sub-11861	01	1	sub-11861/ses-01/func/sub-11861_ses-01_task-trust_run-1_events.tsv	ready		064436da606eb6e804d7a81d0e6d4b83767a8c823d4f3e5b93d426e56d922e37	267e15186bcdc7adf3e81cdcb231425e750b854d1be82fa665d0dece57054960
sub-11861	01	2	sub-11861/ses-01/func/sub-11861_ses-01_task-trust_run-2_events.tsv	ready		a495df23f150169608399277f304d77b3c8fbf00aad90d11adc77b470e1262ed	8bc4fd4ae0cb388b9f5f2ff01c9a745aef22b5b874eb7adb9fd375fc1d657bcc
sub-11866	01	1	sub-11866/ses-01/func/sub-11866_ses-01_task-trust_run-1_events.tsv	ready		ff2040d867e184551cd086a677b7ac2d80482bbf61f5d3fad5ddc8c05212d379	816547257a7ed649ca56db375509fef60fd25faca580442865041ca1c47e48bf
sub-11866	01	2	sub-11866/ses-01/func/sub-11866_ses-01_task-trust_run-2_events.tsv	ready		250a2f61c9faeb18c21bb06e644cd218f9ebcfce2776f851b3f42c15ec6ab40a	e7906a3951f2501d267da71c1a349fcc9db72809895ab22fa1d67ea509bf98e7
sub-11867	01	1	sub-11867/ses-01/func/sub-11867_ses-01_task-trust_run-1_events.tsv	ready		a300a96a7bd07564586c452a7597f3a0d529236b2ea590815f8d26dfde4680fa	4584ef9352c87cc3db3194eb0b310407c1e2fb147e6931a8e41fcf485a1b50f0
sub-11867	01	2	sub-11867/ses-01/func/sub-11867_ses-01_task-trust_run-2_events.tsv	ready		13e324e6cc7a8ead96d2503ee4ba08aae0fcdd9759a60d6565813ea0db5b5859	0035cff6f2bbdf902caa84675983a82869afcedc9848b63eb55e0429204ab9a1
sub-11870	01	1	sub-11870/ses-01/func/sub-11870_ses-01_task-trust_run-1_events.tsv	ready		5347a7f7c1e0473c41ee87ba2a7a12f445662d2d9a6c1b25cd77235319db0954	95561794bc556ee7d7252c06531a656a80ac8c1a3bcabab2a671ce0d554c13b6
sub-11870	01	2	sub-11870/ses-01/func/sub-11870_ses-01_task-trust_run-2_events.tsv	ready		6ac494b3fd6ebcd9b0c404e4856a80ca91d9419991f6b3bf9252e2610ecbb39f	39efd16b8a2f261471c56f90fceaa3f12fad231cd01bbde35138edfcb8527c17
sub-11872	01	1	sub-11872/ses-01/func/sub-11872_ses-01_task-trust_run-1_events.tsv	ready		435be69f2a2d7085214b4be3dd9748a80d9590b384f10cc7a0f63df62df1df43	975f2630f1b2178d63ff43be43876d785637ad028242f141d47529bc6cfe71f6
sub-11872	01	2	sub-11872/ses-01/func/sub-11872_ses-01_task-trust_run-2_events.tsv	ready		fdd99131338e819222996d75848448526215f5be7d7e5fb49db2f875fdada69b	53b7181539ed0f186d9f314836c1df86789d2e8cbe35f5b88e0f9013f3c38295
sub-11876	01	1	sub-11876/ses-01/func/sub-11876_ses-01_task-trust_run-1_events.tsv	ready		6450f2fdeb4695e1752cd389c0e1cb39af058b042b423b0feeec7add2c12027e	5441a1a7fbd9eb5035eede67fdaafe9e89d88f6a633ce25b5f28cecaa18c46c8
sub-11876	01	2	sub-11876/ses-01/func/sub-11876_ses-01_task-trust_run-2_events.tsv	ready		83016bf379a97fc87914eaa99309e758c91e3b80c14228bccf8af123bb735f73	42f51c3b3c47ff8dc31b21fdb49b0d64550aea0843ca28e5b49cc828bd05de35
sub-11877	01	1	sub-11877/ses-01/func/sub-11877_ses-01_task-trust_run-1_events.tsv	ready		cb23a357c706baebe3bd92d08cfe9e54b8d058d0f7538f995c4071e53f3f10d7	1b09c0ccb50ecb85e9cc9aca9ebaa8625a67e1403995e13b65e2380297124d5c
sub-11877	01	2	sub-11877/ses-01/func/sub-11877_ses-01_task-trust_run-2_events.tsv	ready		8a4d38590116779e6d39103a288ce70ae63ddea09fd5fd4bf5efd181eb4b6d20	f819c203c337446df51c56b489c95563f75dbab272c91cf76c007525f18d4e05
sub-11881	01	1	sub-11881/ses-01/func/sub-11881_ses-01_task-trust_run-1_events.tsv	ready		f47d6f6b02a967203d5e25a341d983f517893670d2785840045708ca0f43ce0a	0f6ff59288e14228bb7cb2cca54d96e7980698e9d5fbc37c5474bb51dd1e9283
sub-11881	01	2	sub-11881/ses-01/func/sub-11881_ses-01_task-trust_run-2_events.tsv	ready		5c235ddd0eb9960062d38619d4e0a0faa5bc65a229dd59cbe6c1fdf43bdc1eff	b08365b65e74cee15792f181f2cf161aa6cae566f4978733b8c828c58e91ecef
sub-11885	01	1	sub-11885/ses-01/func/sub-11885_ses-01_task-trust_run-1_events.tsv	ready		5de98c3c490f12e924740641d3b548c7e3d2ee5f2d7275a56a9f183b88fb38fe	89c35dff2c4727dbbfd461e83007a250a403f67788db562b23799b98cc9beeb2
sub-11885	01	2	sub-11885/ses-01/func/sub-11885_ses-01_task-trust_run-2_events.tsv	ready		4e0c0acc9d7abbf94d0f1b4af251b12dde496ba0f52a85e6c0f7e131abe79e31	eef297c596f7a7b233871af6fa74bd16f7c5be631d69d2109523d34b8edec926
sub-11891	01	1	sub-11891/ses-01/func/sub-11891_ses-01_task-trust_run-1_events.tsv	ready		5903b8941cfc50bc0b442f6a70b085e7be9b2472e807ba4d21c1e23cb62d7974	eca35650751becb9adb4b5ee36c5ab485a0a2580a3563c099073156edb09c18c
sub-11891	01	2	sub-11891/ses-01/func/sub-11891_ses-01_task-trust_run-2_events.tsv	ready		13ea0b430e918fee4f753e65b3dc3053ec2d6639fa4d6e338fa7622e1e283d05	99680093683bfdb072ce0b92323480daa55cc4f3b617fa909dfa0167c9d433c6
sub-11897	01	1	sub-11897/ses-01/func/sub-11897_ses-01_task-trust_run-1_events.tsv	ready		129499ac389dc07f7ee1d3ba8611b5b45a0bb5224bcd94ac3f055dabcd84921a	1908681862d85a9fc1a512e03cb6244f9f03839dc23a65d84fcccc0bf1a84316
sub-11897	01	2	sub-11897/ses-01/func/sub-11897_ses-01_task-trust_run-2_events.tsv	ready		807a29c0dde181b6017ec8d56d786f10b42e604fe08fc24997bbc9e5d40673dc	db09a8a43e3249127123e02775a966f4c7fc987811a72bfd07005595bf86960a
sub-11900	01	1	sub-11900/ses-01/func/sub-11900_ses-01_task-trust_run-1_events.tsv	ready		1124511a8e5cb97aee3cd05c37aa7cbd359796c8d5f35338f4f1d141a1d77b46	79d64eae5ec2a63ea5e778de69233017448444d1c29269947f5841961f9d48b6
sub-11900	01	2	sub-11900/ses-01/func/sub-11900_ses-01_task-trust_run-2_events.tsv	ready		45a77b8926c445d5baf9b024ed18b7a3dcc22ca2fab6ad70b7ae6c9d1f1a3241	98d812a91745df8a974cf05759e45bc8a8cb604a00791e1bf7ac21f5c6edf934
sub-11902	01	1	sub-11902/ses-01/func/sub-11902_ses-01_task-trust_run-1_events.tsv	ready		63fbebb6100f1008624dc0c4c584a5a7acd62070dec025aaee9aa3cdd8b1d562	2ddf6fb8201e47a2974ca8679d2872e759c50e4d0d19ce1449dd56a3ebebe419
sub-11902	01	2	sub-11902/ses-01/func/sub-11902_ses-01_task-trust_run-2_events.tsv	ready		7d48c8edb3168c8e70b465deefa3856f40410ad6d4065775d5ff650ed1157ca4	046f59f4e38b3455e654500272422876a55d75024b25ea4314708b711608facf
sub-11909	01	1	sub-11909/ses-01/func/sub-11909_ses-01_task-trust_run-1_events.tsv	ready		1de0e6be6bb98c137ec41bf46b547213ff430b7fefb5db205cf9294123a90935	62e5dd5990fd02a588bfd8a2b8d38e8e885beecbedacaf7ff0da50f1af130c10
sub-11909	01	2	sub-11909/ses-01/func/sub-11909_ses-01_task-trust_run-2_events.tsv	ready		a0876188af3581df8e6005f3ed7e391b05c33c43bcc60b354760c09dea7dd39c	7169ba8fd2fc61939bb3a18af09dbe0457fae7cc835db7ed4bdfd5272730a855
sub-11913	01	1	sub-11913/ses-01/func/sub-11913_ses-01_task-trust_run-1_events.tsv	ready		28416c840c24869ce4fe0dbdc62a517d1a5faf63237b331efd50bdedca9f1bc5	b4ca4a40bd89682fd5dfc670821bc563aef04a480f7ee152508cf3c2f33373d8
sub-11913	01	2	sub-11913/ses-01/func/sub-11913_ses-01_task-trust_run-2_events.tsv	ready		0e4cef47f54efadb3a30b3fb47ca498546d5a57b86cc8a22cbb1a64668e8c5f4	15882dbef549ffd1abd27b2e8eb8864477d2dc8bb0922ff9b15e990769397f95
sub-11914	01	1	sub-11914/ses-01/func/sub-11914_ses-01_task-trust_run-1_events.tsv	ready		5bc24d37b75aa7382eb6fcb0056b547138ccdc58132a6934fed130afd6299512	c7ec000b5136507f9bec493f3fd7f4aeeb479e2fc52fcf96d5238f9a81c19451
sub-11914	01	2	sub-11914/ses-01/func/sub-11914_ses-01_task-trust_run-2_events.tsv	ready		506e3e6b46278a24785984c32c103cd22c5062ca3c254e6b22e1be86b112cf8c	694a0ff919664e1e654260d5e8e9615ad2f17cc4f5da83a933a453f0c4c843ca
sub-11920	01	1	sub-11920/ses-01/func/sub-11920_ses-01_task-trust_run-1_events.tsv	ready		2bfedbb5f5b7c838419b2584d33db8756c1ab548f73fd564cf10b96930b8a067	db7b6dd21199cea712f740cbf1b7443b0171beb8255e9808be67918bffcfc78d
sub-11920	01	2	sub-11920/ses-01/func/sub-11920_ses-01_task-trust_run-2_events.tsv	ready		5ce4560e12ba0a7e1b44828f9a758a041538688b7392a7f02a06cbbe51e9ead8	0e55884ca2c58354be04c5f4fda5bf3d19ebac1b17816e3165aa5d4f5c7d253e
sub-11922	01	1	sub-11922/ses-01/func/sub-11922_ses-01_task-trust_run-1_events.tsv	ready		f2a57aeff2312643fead50753d7f48edb86944c900724fe402eab8c3d53077f9	41df270344a360f0623ac98cda16f443f7ee14f2eb2549129f7fe2baa3cf058a
sub-11922	01	2	sub-11922/ses-01/func/sub-11922_ses-01_task-trust_run-2_events.tsv	ready		dd336c350fb6229b581be6a737deda1015fbdb38ae18d2071ab6148d3fb3fc9c	53b8946c24f2f2c6863d895ebe737bc053f0b293494020c32dc802c9297915c8
sub-11923	01	1	sub-11923/ses-01/func/sub-11923_ses-01_task-trust_run-1_events.tsv	ready		93b4636f8a66f3ceabe5f7a6c35f1f9f6a66366016ea3858128be536167511c2	e1f6eeb4d605cd63bc9d93ca758907ab84e2566dc2defd7b5f3515e3a9f26a76
sub-11923	01	2	sub-11923/ses-01/func/sub-11923_ses-01_task-trust_run-2_events.tsv	ready		76bf1f713da7458c13730c6a3cc6198678a6ef449d7ae02bb38c75f4bfba0708	eba312bd37ee7d8e13a18179f0214708521775f8ce895105d8210cedd88c42bd
sub-11924	01	1	sub-11924/ses-01/func/sub-11924_ses-01_task-trust_run-1_events.tsv	ready		9856026cf76e1b1c153109e077fa78d673b1a8d76402a3ed95d81148c2344b56	aab399af50b71144cddaa379c46b40d160b6c20ef7085b6dcf5db30e9b22ccc3
sub-11924	01	2	sub-11924/ses-01/func/sub-11924_ses-01_task-trust_run-2_events.tsv	ready		b8f5fc3b1c7d9a0bf8e772ce9b45a1debc5646ce8c2c91d6630a3cba72a0dc07	2e13ef2dda08bfc4658508e94bbfc858b8d29ac997c47f167a2a5dd1e6948de4
sub-11926	01	1	sub-11926/ses-01/func/sub-11926_ses-01_task-trust_run-1_events.tsv	ready		4a68a3c5694f9b8669ae925c60a20bf17dfc24e369b63e6fe98885a816e04bd9	d7ad34410600757272bb7dbd41de6b0262b8a34cd2a418c4487194dc9ac9baf0
sub-11926	01	2	sub-11926/ses-01/func/sub-11926_ses-01_task-trust_run-2_events.tsv	ready		dbc9ff0549c030c090893531b9bf2ad33eda482ba5cf3116a231fad12979d121	b6605ae5dc7e27499e9b2dcdf6d3cba2f167daa7b6bfe7bea0a11b38b9b394b0
sub-11928	01	1	sub-11928/ses-01/func/sub-11928_ses-01_task-trust_run-1_events.tsv	ready		dda6663db70270ea9d54741257c311a9a698113f668d65906d5b954651143124	3f162b7c86f98fda3e98f724d71d106676910325c0745f96744ca5ae914168ca
sub-11928	01	2	sub-11928/ses-01/func/sub-11928_ses-01_task-trust_run-2_events.tsv	ready		a38cf0d890b6a56d589015a7dff43fad42936a038a282affcdedcd30fbf2f492	9761d13244f983ec2f32bbe810ae24a858057f0bf76aebfd75dd31065ab80eb3
sub-11929	01	1	sub-11929/ses-01/func/sub-11929_ses-01_task-trust_run-1_events.tsv	ready		525d169d76a85842c88b767d8c1efe5c71396ae2983cf3cc8be2da5040c27c0b	0b9f715098c979a76a9f18d10df5e6d71b0fe340c5350cccffc15ce6440a0ce2
sub-11929	01	2	sub-11929/ses-01/func/sub-11929_ses-01_task-trust_run-2_events.tsv	ready		c415b89875638c37c2849829c9aae492b6e2a29e667779f90c77322ce64dc2c6	8d72424425bc7239413662c060f347cb97db8e5aac2743f07404431ef3487b0d
sub-11931	01	1	sub-11931/ses-01/func/sub-11931_ses-01_task-trust_run-1_events.tsv	ready		63e6c221acb8f6a4397424881d1b65ff06534faa7285d1368399bcf8f2f63073	82ce220d80134d3af58d78aebacade1c7ad00be03602eb3539787cb68a22fb20
sub-11931	01	2	sub-11931/ses-01/func/sub-11931_ses-01_task-trust_run-2_events.tsv	ready		4c03ae69e290bfa92ac0103ef3ace7db395b5b4329b296f398475f3ad00ae46b	62569693cb2edb98bc15eae9ed763fdd3bc14c2b9d4dbdb6614ebbf86c8eebcf
sub-11935	01	1	sub-11935/ses-01/func/sub-11935_ses-01_task-trust_run-1_events.tsv	ready		97fe1b6e3fae57d965b8a33fdd0053ffd88d31c9d936503c2bede6c625dcad76	c98ed0c0f641e339d049c3fb45933c7fb2fd37ddb12978ad6ae7be8b4d0f8593
sub-11935	01	2	sub-11935/ses-01/func/sub-11935_ses-01_task-trust_run-2_events.tsv	ready		8836725a6c0b02b1bb4db7f79d4ef6cf9d0cc2226a8fe8ad764b9629126ca23e	7540eba6b7b717ccaeb1393fa21c50357eab55b6b4305c9bd6ccd7f1bfe19f0b
sub-11939	01	1	sub-11939/ses-01/func/sub-11939_ses-01_task-trust_run-1_events.tsv	ready		d481b23c657324e8c27666db4dd56055dc791aa211be9cb5510d599478a4064c	dddc863283983dc723c17c19fe08a1a4d6c9a557232b60bd41f9e585e3735f2c
sub-11939	01	2	sub-11939/ses-01/func/sub-11939_ses-01_task-trust_run-2_events.tsv	ready		11a2133dfb52a8ec9f1df74b74080c8614f782fdba4e4fe4f849154587edcad1	6b34fdb7f4b0847277fd471cda94e03afc059f15f8dc4949eb4c7e5878ec4c10
sub-11943	01	1	sub-11943/ses-01/func/sub-11943_ses-01_task-trust_run-1_events.tsv	ready		fd7c89d2db099720253d38e14cffd13907b2745545da76a2cc2cffd94accaa92	3a4291211771ebbdb58ccc632e6472b74dee8a69e4d510283856d931d1e8c87a
sub-11943	01	2	sub-11943/ses-01/func/sub-11943_ses-01_task-trust_run-2_events.tsv	ready		5c2a34cf0bac960270625b94d93dd110926cfc979afe162f513d0d53b5c237b7	d5fa9e6f6e28ff77df4700e45edb45019ce8d1de5e5736745b25cd5696497a12
sub-11949	01	1	sub-11949/ses-01/func/sub-11949_ses-01_task-trust_run-1_events.tsv	ready		031c4806823489c5b17d506045036af4c69431f5e2bae9a0db37fb04076c5c65	c457062f5adfa8646f287fe081276b31722c744d642550a0ad3d20be660994ce
sub-11949	01	2	sub-11949/ses-01/func/sub-11949_ses-01_task-trust_run-2_events.tsv	ready		2c2b9a62c43d2d7c91d9a13c2e3874275d8206ff99862ce412af87908e67ddf0	e161cb011e090a1810df53fdbf7e8ea6a7f9f98e3ba86b185d534c6ca9201bf7
sub-11960	01	1	sub-11960/ses-01/func/sub-11960_ses-01_task-trust_run-1_events.tsv	ready		7433576ff08785767479795fbe4e3465e05172ade444900ca7ab3bcce57e93cf	bb11dcc60c14f74a66b145937ab9d3eb9a3d4d8f4e71b1242169f90e1c45fd08
sub-11960	01	2	sub-11960/ses-01/func/sub-11960_ses-01_task-trust_run-2_events.tsv	ready		4e54e3f7d8d36ab078989558caf96492e5522f4aa9c33b37275cf1fba68d7f84	f0120171a116b934003902311811063de9937dd58caef427176591e4c372f002
sub-11969	01	1	sub-11969/ses-01/func/sub-11969_ses-01_task-trust_run-1_events.tsv	ready		bcc411cb8754e8f51553b1a43939520e641027775c27c6eaee4e42d77349e319	d9db6d9e80241be5fbc4bc9b32f7934e171fb39bd7ae453a991c02025345659d
sub-11969	01	2	sub-11969/ses-01/func/sub-11969_ses-01_task-trust_run-2_events.tsv	ready		72f67b4da368872232ac3ff7ee0c2e3c12081d5cfa4dde30e7396691e6c13c21	798a8409bc848b2fac54d074c5556827b351cfa0c92e153537864ac7320c03fc
sub-11974	01	1	sub-11974/ses-01/func/sub-11974_ses-01_task-trust_run-1_events.tsv	ready		299063e14d444e53f9056fe3c888ea165d57f817874402a92a0f5a0f3cfe5f51	994f0d03af9a00c71a71f4045371886d85ef26ee309fb4d2d86bc04e2b926c99
sub-11974	01	2	sub-11974/ses-01/func/sub-11974_ses-01_task-trust_run-2_events.tsv	ready		7260bb65d01016879cb2de58aa441d23b4f6157e61eec6d8c2cbf8f6a5275b26	c00e3cc13569b1b48831b038c5cb5899ffa4e34ed2372e27c1461bc0d31f61ee
sub-11976	01	1	sub-11976/ses-01/func/sub-11976_ses-01_task-trust_run-1_events.tsv	ready		9aea6157395b3bc77cab0d01892b028cb396679ece22a2e085d9ccc2e51f104a	b3369ee40e4a384f1d71b0f33c08af414a687028df0bc985abcee267f702f1e3
sub-11976	01	2	sub-11976/ses-01/func/sub-11976_ses-01_task-trust_run-2_events.tsv	ready		9dc7a9eea663b95cee79643a7955fb468d5e8f831a6b2258034c89987d602657	0a85852352a1fdd3b94f2f76a94a860b1eff63619a768c20998b33e5d25ed81b
sub-11982	01	1	sub-11982/ses-01/func/sub-11982_ses-01_task-trust_run-1_events.tsv	ready		e448091d1a61d69e3d0ceebb366649ee6a02b83554a4d14848f3a577429e4673	20204bc6fce1952a5e3c0156293ba079ec274a0dc8ad2244b6d542d15323dfd3
sub-11982	01	2	sub-11982/ses-01/func/sub-11982_ses-01_task-trust_run-2_events.tsv	ready		8b5f9540e96e60f424e62b6ad2c6eb0163a65cbecdaf07bc760a80d76ffac4fe	c6756ce2c3f24c745f9cd91821287dee1f20428d97e496bc1af485aec34fe1d5
sub-11984	01	1	sub-11984/ses-01/func/sub-11984_ses-01_task-trust_run-1_events.tsv	ready		992112c6e807b11b9f619799f07809199365a8fda9d78937bb13b5181b4d0101	27f2347692faa98d5fcb9d8aab097d12e1ffbd884d570c09d04b3111759bd6fe
sub-11984	01	2	sub-11984/ses-01/func/sub-11984_ses-01_task-trust_run-2_events.tsv	ready		7716a12bfe8583eeffb81f1d69494435aeb46e11779f59ca492a87abfca98dc2	1347b1033311e8ca2c7edfdb2dcb70c6ea86520a92cc9de4e2d0fd7fc59d6ebc
sub-12008	01	1	sub-12008/ses-01/func/sub-12008_ses-01_task-trust_run-1_events.tsv	ready		0f91dfebdee6484a4a9a9c7f202fe14bb6a08d61af65d9153a7ee918dc7a3158	6a0df794c212f04d6e01d2b2dfe26f2a4cf8fbc819db24614eb30ce391b681ae
sub-12008	01	2	sub-12008/ses-01/func/sub-12008_ses-01_task-trust_run-2_events.tsv	ready		d271dd5d8b8c1e9fb677f8a97832c197cb8df738a67d4db6d1d779d7a84dd987	7cccf0141f17fafacf1ca463448859ad1633cb629b8d30583f1252a87d3e30db
sub-12011	01	1	sub-12011/ses-01/func/sub-12011_ses-01_task-trust_run-1_events.tsv	ready		c50f87b7d22cd0b6da0dbb5d0812eceb727bf5a306506df6eeec923329112df1	d4afa5cc270f559e6ceaa15c9521858c314a7c20f0b201197e43b1a624627cb1
sub-12011	01	2	sub-12011/ses-01/func/sub-12011_ses-01_task-trust_run-2_events.tsv	ready		bcc07bee204a03d45daa8eac077cfd278dacf9b0792b0f72d039252b5c8ccf25	cc377c2c60121120b5ba6da5566c9c0cbb228431da890fd116d96f292a742275
sub-12013	01	1	sub-12013/ses-01/func/sub-12013_ses-01_task-trust_run-1_events.tsv	ready		6a655563147b840f57c1aa601fe68d0da431ea57927a6d294392e7ffec33ae8f	7d07594864e4e995ac2d2eb438fa81571cfbf44477a11a47b3ede4f19b6fe1af
sub-12013	01	2	sub-12013/ses-01/func/sub-12013_ses-01_task-trust_run-2_events.tsv	ready		ed711021baf032336d2972254e5f85353420b7d55488a9d38a6ddc8dc96d067f	73978f9b7ec61b735822e78e2246528cf394e0ef2b897038cc5f89fbeed7961d
sub-12018	01	1	sub-12018/ses-01/func/sub-12018_ses-01_task-trust_run-1_events.tsv	ready		775edb0f862a4dcb8569bd7919f5091f3bfe37087714157ac4ef2b0c6900b0e0	2dab80c69813fec7be33da4ea91d132fe9590ac7ce9151d00f3392f2f3c09c24
sub-12018	01	2	sub-12018/ses-01/func/sub-12018_ses-01_task-trust_run-2_events.tsv	ready		6abf909a7467a50f9152f22877ce4055b23b983d073047ba4731883d1f0e1531	b561adea6f6a93993d929cded8f3f9118eb8d706a41af404ce07afd2ad148a85
sub-12020	01	1	sub-12020/ses-01/func/sub-12020_ses-01_task-trust_run-1_events.tsv	ready		c714c5453183fc408b8a1fba0e2ee191e59e3737dbc4edaf248f0daa87edbfb1	8bab79c2df6b09d47d94602d2a6b9a570bb1ad0f2d427a442ca4fd8ca307a573
sub-12020	01	2	sub-12020/ses-01/func/sub-12020_ses-01_task-trust_run-2_events.tsv	ready		0ebe9f4b1525faafddba77a52e7c3bc96909a9cab3d97ab5f850aab351795835	1105ae0501a49d851691b9c7ee6444a707e5f62e220c02f2920242a4fd0fc3f5
sub-12021	01	1	sub-12021/ses-01/func/sub-12021_ses-01_task-trust_run-1_events.tsv	ready		943625b4bf85e8e32972b61c7949e9e290acc797e46a1b89f4138a184e19b7ad	556424c9731699a30a8c4c74865ead94b2d2d6d8c979e250d0dc337c09731311
sub-12021	01	2	sub-12021/ses-01/func/sub-12021_ses-01_task-trust_run-2_events.tsv	ready		a3733c65e51117bec499b83c1c6499db59c9406595457e287888d2ec00bdab1d	ef6fcc1ad07591679c87899e933893462d094e6f3feaeb680f881289ed75bdf4
sub-12031	01	1	sub-12031/ses-01/func/sub-12031_ses-01_task-trust_run-1_events.tsv	ready		cb96cea25f1fbd9091b3993314e9b31425fdfde3129f0c6d8ad589cbf328cc63	79044f8330b01efb8c8347158af5c0bd4b57e1ed5b005170ebd8aec8cb441915
sub-12031	01	2	sub-12031/ses-01/func/sub-12031_ses-01_task-trust_run-2_events.tsv	ready		5b0aa690a37469d74562faefbb3654f09d1aede80a843f68f81d066df3847845	b1b699e06508f0ee6151a32720413057db582702ac6974028bb02fe2e98ed1a5
sub-12032	01	1	sub-12032/ses-01/func/sub-12032_ses-01_task-trust_run-1_events.tsv	ready		6506c73c0bf5636103dfdccccc591628a8409d50cdc311076d5c66a31e6dc2da	7912eeb8eaf01b5ff778151ccde88ede2e728dfb18f2e9a4571f2c96dbb7dfe1
sub-12032	01	2	sub-12032/ses-01/func/sub-12032_ses-01_task-trust_run-2_events.tsv	ready		ae5d9667104e9b42b82ff4f519b177c95926820ae7aaf30e345c7a43c4a17bae	eff9b1168782f483b2be2b898acdf6f1495c944037c957b0e3bb380318c02a37
sub-12033	01	1	sub-12033/ses-01/func/sub-12033_ses-01_task-trust_run-1_events.tsv	ready		4eebd3f89e40e99ef3acbad28ecbe1c3ede5f016bbc5f8053e83b98a78dc4284	9d32cd2b19518f500bd54edfb35045799213e7727f4cda32a737b2fc2d7195fe
sub-12033	01	2	sub-12033/ses-01/func/sub-12033_ses-01_task-trust_run-2_events.tsv	ready		1d92b9650e57ce1bebc434ca829eead895997a82ff62fb8db2de78ef61aceede	d7257eb2ebb9cbda87056b51100e7390873d4d26b5a68cbd18d2acea3885af02
sub-12036	01	1	sub-12036/ses-01/func/sub-12036_ses-01_task-trust_run-1_events.tsv	ready		c194ffb1d1b6c49a2727f75d3a14023cd68c37b5366709c84cacff61746dc902	4a7e963024d15a63cea6e128c05f67b2137e30462dab3820693a4a9b700bc853
sub-12037	01	1	sub-12037/ses-01/func/sub-12037_ses-01_task-trust_run-1_events.tsv	ready		a0536b28895ff2300e5fd14e82e8ead630240d01471842cdfb74322e014b9d64	0031c2defe6a700aaf50aca9a4deaf8fca19d7749c28332a1b77e35b003da804
sub-12037	01	2	sub-12037/ses-01/func/sub-12037_ses-01_task-trust_run-2_events.tsv	excluded	invalid_source: multiple run segments: repeated header at source row 44	e1d2e103abce8aaacf3cfd784dfc40c1e2625309d5d0979cda2c688101bf0fb5	
sub-12038	01	1	sub-12038/ses-01/func/sub-12038_ses-01_task-trust_run-1_events.tsv	ready		c6ef448d80aeb01918088d9c99f0321987415bc261d5b78402f8c1a377ba570d	91398905a22b8e55c89ff3f0b5970c57b1fc620085a6566b8a9693b2e830dd6d
sub-12038	01	2	sub-12038/ses-01/func/sub-12038_ses-01_task-trust_run-2_events.tsv	ready		d66610a9799e75063c4dca03fc497afb8fa3252ce8b90a616c903b497b41906f	c05633588248d146f386baab5336783685d4de6a0441dcf08d7bb9ccaccbfb17
sub-12039	01	1	sub-12039/ses-01/func/sub-12039_ses-01_task-trust_run-1_events.tsv	ready		f52dd47c9dd053b79769a07c6cff092e90616b861ad4b1c2f79ef6d3f165ba07	76b36f16fe2edd0f50879df3c5bb6e7a85677c4040d93cdb30b7e9fc0f57fa94
sub-12039	01	2	sub-12039/ses-01/func/sub-12039_ses-01_task-trust_run-2_events.tsv	ready		0d2a293b821dbd4728638593802e63903813d03e5c7293a102ede9893541fae6	b46223dce3f1917b2053593d9a9d3ce4d4db84b4abe107b7a368cf4585e6e67e
sub-12041	01	1	sub-12041/ses-01/func/sub-12041_ses-01_task-trust_run-1_events.tsv	ready		5807a91ac9365df4339fc714e3b6b9de82aa256d905c71e1e077f15256a4ab5f	219efc895790fce78842f0745da8e88820c0fbc42c321ba5582cc36f481093e4
sub-12041	01	2	sub-12041/ses-01/func/sub-12041_ses-01_task-trust_run-2_events.tsv	ready		6840f725fb1a54821421b180531daddb6d2333b22a309b504be43a903b1c13ba	ce164625c35dd0ed70576f4b4062a8303349596b3bcf329abcaa58aa497a237f
sub-12047	01	1	sub-12047/ses-01/func/sub-12047_ses-01_task-trust_run-1_events.tsv	ready		6ff6c18c86fe389953c047fcf960ddd5d66f08e6cb3faa12bf761eaf1dddb744	640540a3c6c0cbda8346878d926542245c107336afb02e1ccaf71d4964d5d111
sub-12047	01	2	sub-12047/ses-01/func/sub-12047_ses-01_task-trust_run-2_events.tsv	ready		2eb79e88a81ec3366e7a707b6f2a5b2f86b14c536c60456e15f0d3a5a9ae2e8c	5f23854fcfb3345b97f9d68bee8446bd5ae5f14b540454cf3fc255c644d3b59a
sub-12049	01	1	sub-12049/ses-01/func/sub-12049_ses-01_task-trust_run-1_events.tsv	ready		7995b4b64da56f92ff7d5ca58b39cb6db7f6e7b42b27d19dd82f0f95ad5be7a5	c11a5942ba08039e18582e34b3875a72a8b71fb190f44f40e2376dad86c70f80
sub-12049	01	2	sub-12049/ses-01/func/sub-12049_ses-01_task-trust_run-2_events.tsv	ready		22bee192bbac1df9f5566ca278c679b4169fee3a652256b1721ae26cbcad372f	7836a41c6aa3db65fd7a13374861183adc386cb9881a9f99598f28ca5e3d9616
sub-12051	01	1	sub-12051/ses-01/func/sub-12051_ses-01_task-trust_run-1_events.tsv	ready		88394278184ee691e5bf0e80a02f99a946f98b218b19d9855168c2dae388452d	b67c1e09273c2b09bb9af6becca4a51a5bbcc65e2592800dd7e335ad1604abe9
sub-12051	01	2	sub-12051/ses-01/func/sub-12051_ses-01_task-trust_run-2_events.tsv	ready		1c7770c13bdfb799806d29dffc9488bd732a162aa571aba6f153ab3f6a4971ab	26712831a45636588167a88751f54354b134e4e147bf61f2235677ec5a703091
sub-12054	01	1	sub-12054/ses-01/func/sub-12054_ses-01_task-trust_run-1_events.tsv	ready		4c2c1b56dffa986a0fa153639fdacfb2fc8ffda660880a4472d67bf1a03a9c2f	0fef4abeae89025bebb720f4b5e873948be01caec05380843510bd9bb9e66413
sub-12054	01	2	sub-12054/ses-01/func/sub-12054_ses-01_task-trust_run-2_events.tsv	ready		c01b2d87ad81d2c081c85e30a3f3ae35bbd7f26bed92e374aa2a537585af5151	fe42f94fe0a7c6e51c9f080e3c58a2a605780866bd01098eab120d2f1f28e42d
sub-12055	01	1	sub-12055/ses-01/func/sub-12055_ses-01_task-trust_run-1_events.tsv	ready		e14c02129477ff33fdbf5ce1d4da1c8e43dbe3cbd93bc8a2ae7199ef4dc15137	2d17c83123d0011217316f50e7349ce0a6eb883babe9fd38bb436440b3bc2783
sub-12055	01	2	sub-12055/ses-01/func/sub-12055_ses-01_task-trust_run-2_events.tsv	ready		1ebd141b11bdbf2c4cae0691a2f024f8f0f7978e0ddd80e03e7168a33444d3f1	8913987a267cc432d2194898f261cce475ef2912a7a172523225b66f236c5e2f
sub-12057	01	1	sub-12057/ses-01/func/sub-12057_ses-01_task-trust_run-1_events.tsv	ready		e16e8b929cc4939fe568728909e1609c3d9a2474ce7e34cc7fc4c5ceee876add	424f48cd62d0b5c1cd9f21f9636a7c9c69bb5995b7b391da7aa1addfef3e47d0
