subject	session	task	run	run_key	nss_count	selection_reason	configuration	component	classification	normalized_variance_fraction	kappa	rho	motion24_r2	motion24_f	motion24_p	reason_for_review	metrics_path	report_path	component_figure_path
10418	01	doors	1	sub-10418_ses-01_task-doors_run-1	7	nss_count_7_coverage	fastica	ICA_02	rejected	0.03557223053239326	28.65053360038377	30.123517317521006	0.1692370098304517	1.5702857488192783	0.0514719143467508	rejected_lowest_motion24_r2	derivatives/tedana-audit/benchmark/motion-fastica/sub-10418_ses-01_task-doors_run-1/sub-10418_ses-01_task-doors_run-1_desc-tedana_metrics.tsv	derivatives/tedana-audit/benchmark/motion-fastica/sub-10418_ses-01_task-doors_run-1/sub-10418_ses-01_task-doors_run-1_tedana_report.html	
10418	01	doors	1	sub-10418_ses-01_task-doors_run-1	7	nss_count_7_coverage	fastica	ICA_05	rejected	0.27584061249502545	44.86515090936557	19.78166892928293	0.8545241280153659	45.27868938166046	0.0	rejected_largest_variance	derivatives/tedana-audit/benchmark/motion-fastica/sub-10418_ses-01_task-doors_run-1/sub-10418_ses-01_task-doors_run-1_desc-tedana_metrics.tsv	derivatives/tedana-audit/benchmark/motion-fastica/sub-10418_ses-01_task-doors_run-1/sub-10418_ses-01_task-doors_run-1_tedana_report.html	
10418	01	doors	1	sub-10418_ses-01_task-doors_run-1	7	nss_count_7_coverage	fastica	ICA_13	accepted	0.02987503666768869	28.18431490589024	19.344197279501675	0.8455175780824316	42.18946887387497	0.0	accepted_highest_motion24_r2	derivatives/tedana-audit/benchmark/motion-fastica/sub-10418_ses-01_task-doors_run-1/sub-10418_ses-01_task-doors_run-1_desc-tedana_metrics.tsv	derivatives/tedana-audit/benchmark/motion-fastica/sub-10418_ses-01_task-doors_run-1/sub-10418_ses-01_task-doors_run-1_tedana_report.html	
10418	01	doors	1	sub-10418_ses-01_task-doors_run-1	7	nss_count_7_coverage	robustica	ICA_00	rejected	0.03594414406678657	29.19634357654116	29.72729188069088	0.2029088961673935	1.9622467249182336	0.0068984648268015	rejected_lowest_motion24_r2	derivatives/tedana-audit/benchmark/motion-robustica/sub-10418_ses-01_task-doors_run-1/sub-10418_ses-01_task-doors_run-1_desc-tedana_metrics.tsv	derivatives/tedana-audit/benchmark/motion-robustica/sub-10418_ses-01_task-doors_run-1/sub-10418_ses-01_task-doors_run-1_tedana_report.html	
10418	01	doors	1	sub-10418_ses-01_task-doors_run-1	7	nss_count_7_coverage	robustica	ICA_03	rejected	0.3059206871132753	48.112509805504246	20.362724117477484	0.947873622171768	140.1694524344405	0.0	rejected_largest_variance	derivatives/tedana-audit/benchmark/motion-robustica/sub-10418_ses-01_task-doors_run-1/sub-10418_ses-01_task-doors_run-1_desc-tedana_metrics.tsv	derivatives/tedana-audit/benchmark/motion-robustica/sub-10418_ses-01_task-doors_run-1/sub-10418_ses-01_task-doors_run-1_tedana_report.html	
10418	01	doors	1	sub-10418_ses-01_task-doors_run-1	7	nss_count_7_coverage	robustica	ICA_14	accepted	0.04239682289472825	26.865116948021257	18.74613523967749	0.9481429419467022	140.9374561252751	0.0	accepted_highest_motion24_r2	derivatives/tedana-audit/benchmark/motion-robustica/sub-10418_ses-01_task-doors_run-1/sub-10418_ses-01_task-doors_run-1_desc-tedana_metrics.tsv	derivatives/tedana-audit/benchmark/motion-robustica/sub-10418_ses-01_task-doors_run-1/sub-10418_ses-01_task-doors_run-1_tedana_report.html	
10585	01	socialdoors	1	sub-10585_ses-01_task-socialdoors_run-1	1	high_motion_ordinary_classification	fastica	ICA_00	accepted	0.016657311950096353	29.87501706346965	14.092816529907427	0.923294593194602	95.7935880080614	0.0	accepted_highest_motion24_r2	derivatives/tedana-audit/benchmark/motion-fastica/sub-10585_ses-01_task-socialdoors_run-1/sub-10585_ses-01_task-socialdoors_run-1_desc-tedana_metrics.tsv	derivatives/tedana-audit/benchmark/motion-fastica/sub-10585_ses-01_task-socialdoors_run-1/sub-10585_ses-01_task-socialdoors_run-1_tedana_report.html	
10585	01	socialdoors	1	sub-10585_ses-01_task-socialdoors_run-1	1	high_motion_ordinary_classification	fastica	ICA_09	rejected	0.010789109923065305	20.5225375926493	24.2413528373059	0.6348464606311147	13.836151658070976	0.0	rejected_lowest_motion24_r2	derivatives/tedana-audit/benchmark/motion-fastica/sub-10585_ses-01_task-socialdoors_run-1/sub-10585_ses-01_task-socialdoors_run-1_desc-tedana_metrics.tsv	derivatives/tedana-audit/benchmark/motion-fastica/sub-10585_ses-01_task-socialdoors_run-1/sub-10585_ses-01_task-socialdoors_run-1_tedana_report.html	
10585	01	socialdoors	1	sub-10585_ses-01_task-socialdoors_run-1	1	high_motion_ordinary_classification	fastica	ICA_10	rejected	0.3663347524591234	57.14213889312314	23.06615254333976	0.9781288179309684	355.9146986872766	0.0	rejected_largest_variance	derivatives/tedana-audit/benchmark/motion-fastica/sub-10585_ses-01_task-socialdoors_run-1/sub-10585_ses-01_task-socialdoors_run-1_desc-tedana_metrics.tsv	derivatives/tedana-audit/benchmark/motion-fastica/sub-10585_ses-01_task-socialdoors_run-1/sub-10585_ses-01_task-socialdoors_run-1_tedana_report.html	
10585	01	socialdoors	1	sub-10585_ses-01_task-socialdoors_run-1	1	high_motion_ordinary_classification	robustica	ICA_00	rejected	0.3656723150526496	57.17611191746207	23.06010521862747	0.9782322328528296	357.64339694647106	0.0	rejected_largest_variance	derivatives/tedana-audit/benchmark/motion-robustica/sub-10585_ses-01_task-socialdoors_run-1/sub-10585_ses-01_task-socialdoors_run-1_desc-tedana_metrics.tsv	derivatives/tedana-audit/benchmark/motion-robustica/sub-10585_ses-01_task-socialdoors_run-1/sub-10585_ses-01_task-socialdoors_run-1_tedana_report.html	
10585	01	socialdoors	1	sub-10585_ses-01_task-socialdoors_run-1	1	high_motion_ordinary_classification	robustica	ICA_16	accepted	0.01055453806857718	20.90293786085843	17.78367899363559	0.886704062972356	62.285433055142846	0.0	accepted_highest_motion24_r2	derivatives/tedana-audit/benchmark/motion-robustica/sub-10585_ses-01_task-socialdoors_run-1/sub-10585_ses-01_task-socialdoors_run-1_desc-tedana_metrics.tsv	derivatives/tedana-audit/benchmark/motion-robustica/sub-10585_ses-01_task-socialdoors_run-1/sub-10585_ses-01_task-socialdoors_run-1_tedana_report.html	
10585	01	socialdoors	1	sub-10585_ses-01_task-socialdoors_run-1	1	high_motion_ordinary_classification	robustica	ICA_20	rejected	0.009362188549813858	25.1915711922178	13.941799879851438	0.0850387270744883	0.7396668649561886	0.8061635393199054	rejected_lowest_motion24_r2	derivatives/tedana-audit/benchmark/motion-robustica/sub-10585_ses-01_task-socialdoors_run-1/sub-10585_ses-01_task-socialdoors_run-1_desc-tedana_metrics.tsv	derivatives/tedana-audit/benchmark/motion-robustica/sub-10585_ses-01_task-socialdoors_run-1/sub-10585_ses-01_task-socialdoors_run-1_tedana_report.html	
10590	01	socialdoors	1	sub-10590_ses-01_task-socialdoors_run-1	6	nss_count_6_coverage	fastica	ICA_08	rejected	0.15477380000389554	40.00072479960354	22.813295737543847	0.943122406307482	128.50752245949005	0.0	rejected_largest_variance	derivatives/tedana-audit/benchmark/motion-fastica/sub-10590_ses-01_task-socialdoors_run-1/sub-10590_ses-01_task-socialdoors_run-1_desc-tedana_metrics.tsv	derivatives/tedana-audit/benchmark/motion-fastica/sub-10590_ses-01_task-socialdoors_run-1/sub-10590_ses-01_task-socialdoors_run-1_tedana_report.html	
10590	01	socialdoors	1	sub-10590_ses-01_task-socialdoors_run-1	6	nss_count_6_coverage	fastica	ICA_14	rejected	0.03278943418937543	35.39616747387634	17.99427541803122	0.1607719805699548	1.4846773708334335	0.076502743144991	rejected_lowest_motion24_r2	derivatives/tedana-audit/benchmark/motion-fastica/sub-10590_ses-01_task-socialdoors_run-1/sub-10590_ses-01_task-socialdoors_run-1_desc-tedana_metrics.tsv	derivatives/tedana-audit/benchmark/motion-fastica/sub-10590_ses-01_task-socialdoors_run-1/sub-10590_ses-01_task-socialdoors_run-1_tedana_report.html	
10590	01	socialdoors	1	sub-10590_ses-01_task-socialdoors_run-1	6	nss_count_6_coverage	fastica	ICA_15	accepted	0.027134380537083683	28.67440759287605	15.672343729414434	0.9286072362749156	100.80441918236004	0.0	accepted_highest_motion24_r2	derivatives/tedana-audit/benchmark/motion-fastica/sub-10590_ses-01_task-socialdoors_run-1/sub-10590_ses-01_task-socialdoors_run-1_desc-tedana_metrics.tsv	derivatives/tedana-audit/benchmark/motion-fastica/sub-10590_ses-01_task-socialdoors_run-1/sub-10590_ses-01_task-socialdoors_run-1_tedana_report.html	
10590	01	socialdoors	1	sub-10590_ses-01_task-socialdoors_run-1	6	nss_count_6_coverage	robustica	ICA_04	rejected	0.03575830316560224	30.247141944548552	20.21895032856433	0.1705063713286357	1.593049460685442	0.046100274516037	rejected_lowest_motion24_r2	derivatives/tedana-audit/benchmark/motion-robustica/sub-10590_ses-01_task-socialdoors_run-1/sub-10590_ses-01_task-socialdoors_run-1_desc-tedana_metrics.tsv	derivatives/tedana-audit/benchmark/motion-robustica/sub-10590_ses-01_task-socialdoors_run-1/sub-10590_ses-01_task-socialdoors_run-1_tedana_report.html	
10590	01	socialdoors	1	sub-10590_ses-01_task-socialdoors_run-1	6	nss_count_6_coverage	robustica	ICA_10	rejected	0.2037937677557094	42.746513395938	23.29439825473949	0.9476322848431752	140.2419445939391	0.0	rejected_largest_variance	derivatives/tedana-audit/benchmark/motion-robustica/sub-10590_ses-01_task-socialdoors_run-1/sub-10590_ses-01_task-socialdoors_run-1_desc-tedana_metrics.tsv	derivatives/tedana-audit/benchmark/motion-robustica/sub-10590_ses-01_task-socialdoors_run-1/sub-10590_ses-01_task-socialdoors_run-1_tedana_report.html	
10590	01	socialdoors	1	sub-10590_ses-01_task-socialdoors_run-1	6	nss_count_6_coverage	robustica	ICA_16	accepted	0.1239188051875654	49.385673476259406	18.697896325502462	0.9501024399346686	147.56821575750087	0.0	accepted_highest_motion24_r2	derivatives/tedana-audit/benchmark/motion-robustica/sub-10590_ses-01_task-socialdoors_run-1/sub-10590_ses-01_task-socialdoors_run-1_desc-tedana_metrics.tsv	derivatives/tedana-audit/benchmark/motion-robustica/sub-10590_ses-01_task-socialdoors_run-1/sub-10590_ses-01_task-socialdoors_run-1_tedana_report.html	
10649	01	ugr	1	sub-10649_ses-01_task-ugr_run-1	0	high_motion_ordinary_classification	fastica	ICA_11	rejected	0.019451617881181285	27.78003395680496	26.475808169896084	0.1004472722318936	0.9956668646761164	0.473283876635762	rejected_lowest_motion24_r2	derivatives/tedana-audit/benchmark/motion-fastica/sub-10649_ses-01_task-ugr_run-1/sub-10649_ses-01_task-ugr_run-1_desc-tedana_metrics.tsv	derivatives/tedana-audit/benchmark/motion-fastica/sub-10649_ses-01_task-ugr_run-1/sub-10649_ses-01_task-ugr_run-1_tedana_report.html	
10649	01	ugr	1	sub-10649_ses-01_task-ugr_run-1	0	high_motion_ordinary_classification	fastica	ICA_15	accepted	0.019793112862166125	28.750798544983123	21.854907555885784	0.937930408940444	134.73929294987263	0.0	accepted_highest_motion24_r2	derivatives/tedana-audit/benchmark/motion-fastica/sub-10649_ses-01_task-ugr_run-1/sub-10649_ses-01_task-ugr_run-1_desc-tedana_metrics.tsv	derivatives/tedana-audit/benchmark/motion-fastica/sub-10649_ses-01_task-ugr_run-1/sub-10649_ses-01_task-ugr_run-1_tedana_report.html	
10649	01	ugr	1	sub-10649_ses-01_task-ugr_run-1	0	high_motion_ordinary_classification	fastica	ICA_17	rejected	0.21436631030425296	49.641307597581104	22.32172402014804	0.951839688373346	176.22886843264908	0.0	rejected_largest_variance	derivatives/tedana-audit/benchmark/motion-fastica/sub-10649_ses-01_task-ugr_run-1/sub-10649_ses-01_task-ugr_run-1_desc-tedana_metrics.tsv	derivatives/tedana-audit/benchmark/motion-fastica/sub-10649_ses-01_task-ugr_run-1/sub-10649_ses-01_task-ugr_run-1_tedana_report.html	
10649	01	ugr	1	sub-10649_ses-01_task-ugr_run-1	0	high_motion_ordinary_classification	robustica	ICA_12	rejected	0.019345372883780007	27.122768037226567	26.104524567150182	0.0881246734513618	0.8617168547028689	0.6540633052614655	rejected_lowest_motion24_r2	derivatives/tedana-audit/benchmark/motion-robustica/sub-10649_ses-01_task-ugr_run-1/sub-10649_ses-01_task-ugr_run-1_desc-tedana_metrics.tsv	derivatives/tedana-audit/benchmark/motion-robustica/sub-10649_ses-01_task-ugr_run-1/sub-10649_ses-01_task-ugr_run-1_tedana_report.html	
10649	01	ugr	1	sub-10649_ses-01_task-ugr_run-1	0	high_motion_ordinary_classification	robustica	ICA_17	accepted	0.25045249825595056	48.08117577216551	23.76257066593723	0.981090874698722	462.6369628427868	0.0	accepted_highest_motion24_r2	derivatives/tedana-audit/benchmark/motion-robustica/sub-10649_ses-01_task-ugr_run-1/sub-10649_ses-01_task-ugr_run-1_desc-tedana_metrics.tsv	derivatives/tedana-audit/benchmark/motion-robustica/sub-10649_ses-01_task-ugr_run-1/sub-10649_ses-01_task-ugr_run-1_tedana_report.html	
10649	01	ugr	1	sub-10649_ses-01_task-ugr_run-1	0	high_motion_ordinary_classification	robustica	ICA_18	rejected	0.2507028435623436	34.89495279776962	20.4962655429361	0.985903385392182	623.6229121426686	0.0	rejected_largest_variance	derivatives/tedana-audit/benchmark/motion-robustica/sub-10649_ses-01_task-ugr_run-1/sub-10649_ses-01_task-ugr_run-1_desc-tedana_metrics.tsv	derivatives/tedana-audit/benchmark/motion-robustica/sub-10649_ses-01_task-ugr_run-1/sub-10649_ses-01_task-ugr_run-1_tedana_report.html	
10785	01	sharedreward	1	sub-10785_ses-01_task-sharedreward_run-1	0	ordinary_control	fastica	ICA_19	rejected	0.015098841696777261	25.44739749359361	24.603946292330825	0.0562993172840281	0.5692369719804276	0.9489149113628208	rejected_lowest_motion24_r2	derivatives/tedana-audit/benchmark/motion-fastica/sub-10785_ses-01_task-sharedreward_run-1/sub-10785_ses-01_task-sharedreward_run-1_desc-tedana_metrics.tsv	derivatives/tedana-audit/benchmark/motion-fastica/sub-10785_ses-01_task-sharedreward_run-1/sub-10785_ses-01_task-sharedreward_run-1_tedana_report.html	
10785	01	sharedreward	1	sub-10785_ses-01_task-sharedreward_run-1	0	ordinary_control	fastica	ICA_20	rejected	0.21319791465079596	43.538209163533146	17.170437603545814	0.9638632605761304	254.50170909966124	0.0	rejected_largest_variance	derivatives/tedana-audit/benchmark/motion-fastica/sub-10785_ses-01_task-sharedreward_run-1/sub-10785_ses-01_task-sharedreward_run-1_desc-tedana_metrics.tsv	derivatives/tedana-audit/benchmark/motion-fastica/sub-10785_ses-01_task-sharedreward_run-1/sub-10785_ses-01_task-sharedreward_run-1_tedana_report.html	
10785	01	sharedreward	1	sub-10785_ses-01_task-sharedreward_run-1	0	ordinary_control	fastica	ICA_25	accepted	0.013801961627766646	23.31430686625352	19.60878445421549	0.818098372348929	42.91342562623887	0.0	accepted_highest_motion24_r2	derivatives/tedana-audit/benchmark/motion-fastica/sub-10785_ses-01_task-sharedreward_run-1/sub-10785_ses-01_task-sharedreward_run-1_desc-tedana_metrics.tsv	derivatives/tedana-audit/benchmark/motion-fastica/sub-10785_ses-01_task-sharedreward_run-1/sub-10785_ses-01_task-sharedreward_run-1_tedana_report.html	
10785	01	sharedreward	1	sub-10785_ses-01_task-sharedreward_run-1	0	ordinary_control	robustica	ICA_07	rejected	0.013532769236669734	23.197583095109827	23.04850450677246	0.0636561213845855	0.6486778046146215	0.896029256083101	rejected_lowest_motion24_r2	derivatives/tedana-audit/benchmark/motion-robustica/sub-10785_ses-01_task-sharedreward_run-1/sub-10785_ses-01_task-sharedreward_run-1_desc-tedana_metrics.tsv	derivatives/tedana-audit/benchmark/motion-robustica/sub-10785_ses-01_task-sharedreward_run-1/sub-10785_ses-01_task-sharedreward_run-1_tedana_report.html	
10785	01	sharedreward	1	sub-10785_ses-01_task-sharedreward_run-1	0	ordinary_control	robustica	ICA_19	rejected	0.2097419245312583	42.9587143506563	17.75655885705589	0.9776399862779716	417.1873499289952	0.0	rejected_largest_variance	derivatives/tedana-audit/benchmark/motion-robustica/sub-10785_ses-01_task-sharedreward_run-1/sub-10785_ses-01_task-sharedreward_run-1_desc-tedana_metrics.tsv	derivatives/tedana-audit/benchmark/motion-robustica/sub-10785_ses-01_task-sharedreward_run-1/sub-10785_ses-01_task-sharedreward_run-1_tedana_report.html	
10785	01	sharedreward	1	sub-10785_ses-01_task-sharedreward_run-1	0	ordinary_control	robustica	ICA_20	accepted	0.016373549430933124	26.043776489144467	18.771689943555696	0.8695459073211412	63.60028289374738	0.0	accepted_highest_motion24_r2	derivatives/tedana-audit/benchmark/motion-robustica/sub-10785_ses-01_task-sharedreward_run-1/sub-10785_ses-01_task-sharedreward_run-1_desc-tedana_metrics.tsv	derivatives/tedana-audit/benchmark/motion-robustica/sub-10785_ses-01_task-sharedreward_run-1/sub-10785_ses-01_task-sharedreward_run-1_tedana_report.html	
10804	01	sharedreward	2	sub-10804_ses-01_task-sharedreward_run-2	8	nss_count_8_coverage	fastica	ICA_04	accepted	0.038532399394749395	26.65750397624329	25.06392749198544	0.90835305883695	91.26783331745196	0.0	accepted_highest_motion24_r2	derivatives/tedana-audit/benchmark/motion-fastica/sub-10804_ses-01_task-sharedreward_run-2/sub-10804_ses-01_task-sharedreward_run-2_desc-tedana_metrics.tsv	derivatives/tedana-audit/benchmark/motion-fastica/sub-10804_ses-01_task-sharedreward_run-2/sub-10804_ses-01_task-sharedreward_run-2_tedana_report.html	
10804	01	sharedreward	2	sub-10804_ses-01_task-sharedreward_run-2	8	nss_count_8_coverage	fastica	ICA_10	rejected	0.11554472835420204	37.32676304786211	20.03316771672343	0.6808125185083631	19.64096016120056	0.0	rejected_largest_variance	derivatives/tedana-audit/benchmark/motion-fastica/sub-10804_ses-01_task-sharedreward_run-2/sub-10804_ses-01_task-sharedreward_run-2_desc-tedana_metrics.tsv	derivatives/tedana-audit/benchmark/motion-fastica/sub-10804_ses-01_task-sharedreward_run-2/sub-10804_ses-01_task-sharedreward_run-2_tedana_report.html	
10804	01	sharedreward	2	sub-10804_ses-01_task-sharedreward_run-2	8	nss_count_8_coverage	fastica	ICA_15	rejected	0.012076272843475514	13.92778870741818	16.406653128396655	0.1041272126550305	1.0702837464681143	0.3796644855102684	rejected_lowest_motion24_r2	derivatives/tedana-audit/benchmark/motion-fastica/sub-10804_ses-01_task-sharedreward_run-2/sub-10804_ses-01_task-sharedreward_run-2_desc-tedana_metrics.tsv	derivatives/tedana-audit/benchmark/motion-fastica/sub-10804_ses-01_task-sharedreward_run-2/sub-10804_ses-01_task-sharedreward_run-2_tedana_report.html	
10804	01	sharedreward	2	sub-10804_ses-01_task-sharedreward_run-2	8	nss_count_8_coverage	robustica	ICA_07	rejected	0.04249687306331674	16.933638652166536	19.07376800329967	0.1360989362410036	1.450680435287508	0.086348949187391	rejected_lowest_motion24_r2	derivatives/tedana-audit/benchmark/motion-robustica/sub-10804_ses-01_task-sharedreward_run-2/sub-10804_ses-01_task-sharedreward_run-2_desc-tedana_metrics.tsv	derivatives/tedana-audit/benchmark/motion-robustica/sub-10804_ses-01_task-sharedreward_run-2/sub-10804_ses-01_task-sharedreward_run-2_tedana_report.html	
10804	01	sharedreward	2	sub-10804_ses-01_task-sharedreward_run-2	8	nss_count_8_coverage	robustica	ICA_10	rejected	0.09873201311077484	36.018349391059864	46.01246289256844	0.4354260875576101	7.101901926204926	1.1102230246251563e-16	rejected_largest_variance	derivatives/tedana-audit/benchmark/motion-robustica/sub-10804_ses-01_task-sharedreward_run-2/sub-10804_ses-01_task-sharedreward_run-2_desc-tedana_metrics.tsv	derivatives/tedana-audit/benchmark/motion-robustica/sub-10804_ses-01_task-sharedreward_run-2/sub-10804_ses-01_task-sharedreward_run-2_tedana_report.html	
10804	01	sharedreward	2	sub-10804_ses-01_task-sharedreward_run-2	8	nss_count_8_coverage	robustica	ICA_19	accepted	0.0694593519380356	29.91446744575477	24.926315974873805	0.8973603047872551	80.50679407665069	0.0	accepted_highest_motion24_r2	derivatives/tedana-audit/benchmark/motion-robustica/sub-10804_ses-01_task-sharedreward_run-2/sub-10804_ses-01_task-sharedreward_run-2_desc-tedana_metrics.tsv	derivatives/tedana-audit/benchmark/motion-robustica/sub-10804_ses-01_task-sharedreward_run-2/sub-10804_ses-01_task-sharedreward_run-2_tedana_report.html	
10807	01	sharedreward	2	sub-10807_ses-01_task-sharedreward_run-2	1	high_motion_ordinary_classification	fastica	ICA_00	rejected	0.00824320813330813	19.303331548422307	25.332042779267383	0.0360430324859945	0.355211716037493	0.9980497932400684	rejected_lowest_motion24_r2	derivatives/tedana-audit/benchmark/motion-fastica/sub-10807_ses-01_task-sharedreward_run-2/sub-10807_ses-01_task-sharedreward_run-2_desc-tedana_metrics.tsv	derivatives/tedana-audit/benchmark/motion-fastica/sub-10807_ses-01_task-sharedreward_run-2/sub-10807_ses-01_task-sharedreward_run-2_tedana_report.html	
10807	01	sharedreward	2	sub-10807_ses-01_task-sharedreward_run-2	1	high_motion_ordinary_classification	fastica	ICA_10	accepted	0.018766141407745934	29.544079363276584	18.50996940626237	0.9409910447279988	151.49251302128332	0.0	accepted_highest_motion24_r2	derivatives/tedana-audit/benchmark/motion-fastica/sub-10807_ses-01_task-sharedreward_run-2/sub-10807_ses-01_task-sharedreward_run-2_desc-tedana_metrics.tsv	derivatives/tedana-audit/benchmark/motion-fastica/sub-10807_ses-01_task-sharedreward_run-2/sub-10807_ses-01_task-sharedreward_run-2_tedana_report.html	
10807	01	sharedreward	2	sub-10807_ses-01_task-sharedreward_run-2	1	high_motion_ordinary_classification	fastica	ICA_39	rejected	0.2589296588945661	50.12241735951734	18.432715649230847	0.9355859669340758	137.98339061889325	0.0	rejected_largest_variance	derivatives/tedana-audit/benchmark/motion-fastica/sub-10807_ses-01_task-sharedreward_run-2/sub-10807_ses-01_task-sharedreward_run-2_desc-tedana_metrics.tsv	derivatives/tedana-audit/benchmark/motion-fastica/sub-10807_ses-01_task-sharedreward_run-2/sub-10807_ses-01_task-sharedreward_run-2_tedana_report.html	
10807	01	sharedreward	2	sub-10807_ses-01_task-sharedreward_run-2	1	high_motion_ordinary_classification	robustica	ICA_03	accepted	0.03867062013162816	35.76856161715388	15.384136193948638	0.9543117763312894	198.43104299447825	0.0	accepted_highest_motion24_r2	derivatives/tedana-audit/benchmark/motion-robustica/sub-10807_ses-01_task-sharedreward_run-2/sub-10807_ses-01_task-sharedreward_run-2_desc-tedana_metrics.tsv	derivatives/tedana-audit/benchmark/motion-robustica/sub-10807_ses-01_task-sharedreward_run-2/sub-10807_ses-01_task-sharedreward_run-2_tedana_report.html	
10807	01	sharedreward	2	sub-10807_ses-01_task-sharedreward_run-2	1	high_motion_ordinary_classification	robustica	ICA_06	rejected	0.008619312364299551	19.627916309115093	25.963342498638013	0.0326264298879781	0.3204047469478626	0.9991560162531414	rejected_lowest_motion24_r2	derivatives/tedana-audit/benchmark/motion-robustica/sub-10807_ses-01_task-sharedreward_run-2/sub-10807_ses-01_task-sharedreward_run-2_desc-tedana_metrics.tsv	derivatives/tedana-audit/benchmark/motion-robustica/sub-10807_ses-01_task-sharedreward_run-2/sub-10807_ses-01_task-sharedreward_run-2_tedana_report.html	
10807	01	sharedreward	2	sub-10807_ses-01_task-sharedreward_run-2	1	high_motion_ordinary_classification	robustica	ICA_23	rejected	0.2968951585901766	49.25799365067099	19.19441471844155	0.9189691097659488	107.73924015347754	0.0	rejected_largest_variance	derivatives/tedana-audit/benchmark/motion-robustica/sub-10807_ses-01_task-sharedreward_run-2/sub-10807_ses-01_task-sharedreward_run-2_desc-tedana_metrics.tsv	derivatives/tedana-audit/benchmark/motion-robustica/sub-10807_ses-01_task-sharedreward_run-2/sub-10807_ses-01_task-sharedreward_run-2_tedana_report.html	
10881	02	ugr	1	sub-10881_ses-02_task-ugr_run-1	1	high_rejected_fraction;high_rejected_variance	fastica	ICA_02	rejected	0.3873123803124449	25.81856120737143	34.88203305092231	0.991237709313816	1003.9879964301232	0.0	rejected_largest_variance	derivatives/tedana-audit/benchmark/motion-fastica/sub-10881_ses-02_task-ugr_run-1/sub-10881_ses-02_task-ugr_run-1_desc-tedana_metrics.tsv	derivatives/tedana-audit/benchmark/motion-fastica/sub-10881_ses-02_task-ugr_run-1/sub-10881_ses-02_task-ugr_run-1_tedana_report.html	
10881	02	ugr	1	sub-10881_ses-02_task-ugr_run-1	1	high_rejected_fraction;high_rejected_variance	fastica	ICA_06	rejected	0.019464866094183436	22.129055317709383	50.534804515999134	0.1569151952491804	1.6518176463257177	0.0331564582906959	rejected_lowest_motion24_r2	derivatives/tedana-audit/benchmark/motion-fastica/sub-10881_ses-02_task-ugr_run-1/sub-10881_ses-02_task-ugr_run-1_desc-tedana_metrics.tsv	derivatives/tedana-audit/benchmark/motion-fastica/sub-10881_ses-02_task-ugr_run-1/sub-10881_ses-02_task-ugr_run-1_tedana_report.html	
10881	02	ugr	1	sub-10881_ses-02_task-ugr_run-1	1	high_rejected_fraction;high_rejected_variance	robustica	ICA_03	rejected	0.34236219865915085	24.144544258474244	30.98309628663604	0.9668167664683868	258.57934532608	0.0	rejected_largest_variance	derivatives/tedana-audit/benchmark/motion-robustica/sub-10881_ses-02_task-ugr_run-1/sub-10881_ses-02_task-ugr_run-1_desc-tedana_metrics.tsv	derivatives/tedana-audit/benchmark/motion-robustica/sub-10881_ses-02_task-ugr_run-1/sub-10881_ses-02_task-ugr_run-1_tedana_report.html	
10881	02	ugr	1	sub-10881_ses-02_task-ugr_run-1	1	high_rejected_fraction;high_rejected_variance	robustica	ICA_16	rejected	0.02190462438505856	25.67223732867584	52.97331873813719	0.1573299138849428	1.6569984015526311	0.0323023446252928	rejected_lowest_motion24_r2	derivatives/tedana-audit/benchmark/motion-robustica/sub-10881_ses-02_task-ugr_run-1/sub-10881_ses-02_task-ugr_run-1_desc-tedana_metrics.tsv	derivatives/tedana-audit/benchmark/motion-robustica/sub-10881_ses-02_task-ugr_run-1/sub-10881_ses-02_task-ugr_run-1_tedana_report.html	
10913	01	sharedreward	1	sub-10913_ses-01_task-sharedreward_run-1	1	ordinary_control	fastica	ICA_10	accepted	0.21216535945003503	65.36884483203106	23.220400199364256	0.9867503945291598	707.5024813876637	0.0	accepted_highest_motion24_r2	derivatives/tedana-audit/benchmark/motion-fastica/sub-10913_ses-01_task-sharedreward_run-1/sub-10913_ses-01_task-sharedreward_run-1_desc-tedana_metrics.tsv	derivatives/tedana-audit/benchmark/motion-fastica/sub-10913_ses-01_task-sharedreward_run-1/sub-10913_ses-01_task-sharedreward_run-1_tedana_report.html	
10913	01	sharedreward	1	sub-10913_ses-01_task-sharedreward_run-1	1	ordinary_control	fastica	ICA_21	rejected	0.020916605321511673	31.41222139920025	34.416827177164095	0.0937119915354781	0.98231898830414	0.4905555035941965	rejected_lowest_motion24_r2	derivatives/tedana-audit/benchmark/motion-fastica/sub-10913_ses-01_task-sharedreward_run-1/sub-10913_ses-01_task-sharedreward_run-1_desc-tedana_metrics.tsv	derivatives/tedana-audit/benchmark/motion-fastica/sub-10913_ses-01_task-sharedreward_run-1/sub-10913_ses-01_task-sharedreward_run-1_tedana_report.html	
10913	01	sharedreward	1	sub-10913_ses-01_task-sharedreward_run-1	1	ordinary_control	fastica	ICA_24	rejected	0.03381636345538969	42.80013872714287	48.11537919845062	0.4287447777880033	7.130044909199071	0.0	rejected_largest_variance	derivatives/tedana-audit/benchmark/motion-fastica/sub-10913_ses-01_task-sharedreward_run-1/sub-10913_ses-01_task-sharedreward_run-1_desc-tedana_metrics.tsv	derivatives/tedana-audit/benchmark/motion-fastica/sub-10913_ses-01_task-sharedreward_run-1/sub-10913_ses-01_task-sharedreward_run-1_tedana_report.html	
10913	01	sharedreward	1	sub-10913_ses-01_task-sharedreward_run-1	1	ordinary_control	robustica	ICA_00	accepted	0.20528306489281203	63.61691934422446	23.687860854798853	0.9872093383557392	733.2293649240318	0.0	accepted_highest_motion24_r2	derivatives/tedana-audit/benchmark/motion-robustica/sub-10913_ses-01_task-sharedreward_run-1/sub-10913_ses-01_task-sharedreward_run-1_desc-tedana_metrics.tsv	derivatives/tedana-audit/benchmark/motion-robustica/sub-10913_ses-01_task-sharedreward_run-1/sub-10913_ses-01_task-sharedreward_run-1_tedana_report.html	
10913	01	sharedreward	1	sub-10913_ses-01_task-sharedreward_run-1	1	ordinary_control	robustica	ICA_03	rejected	0.03652782182368106	44.544109511111095	46.49297120800174	0.4461807339703477	7.653610541767168	0.0	rejected_largest_variance	derivatives/tedana-audit/benchmark/motion-robustica/sub-10913_ses-01_task-sharedreward_run-1/sub-10913_ses-01_task-sharedreward_run-1_desc-tedana_metrics.tsv	derivatives/tedana-audit/benchmark/motion-robustica/sub-10913_ses-01_task-sharedreward_run-1/sub-10913_ses-01_task-sharedreward_run-1_tedana_report.html	
10913	01	sharedreward	1	sub-10913_ses-01_task-sharedreward_run-1	1	ordinary_control	robustica	ICA_15	rejected	0.022581890281122792	29.60426600395078	33.35099635204169	0.0991805528707769	1.0459534985341192	0.4088508556166643	rejected_lowest_motion24_r2	derivatives/tedana-audit/benchmark/motion-robustica/sub-10913_ses-01_task-sharedreward_run-1/sub-10913_ses-01_task-sharedreward_run-1_desc-tedana_metrics.tsv	derivatives/tedana-audit/benchmark/motion-robustica/sub-10913_ses-01_task-sharedreward_run-1/sub-10913_ses-01_task-sharedreward_run-1_tedana_report.html	
11005	01	socialdoors	1	sub-11005_ses-01_task-socialdoors_run-1	1	high_rejected_count_high_motion	fastica	ICA_089	rejected	0.004261292150557008	46.73357900319029	25.793996200527832	0.1084706622398765	0.9682751317653407	0.509935833902861	rejected_lowest_motion24_r2	derivatives/tedana-audit/benchmark/motion-fastica/sub-11005_ses-01_task-socialdoors_run-1/sub-11005_ses-01_task-socialdoors_run-1_desc-tedana_metrics.tsv	derivatives/tedana-audit/benchmark/motion-fastica/sub-11005_ses-01_task-socialdoors_run-1/sub-11005_ses-01_task-socialdoors_run-1_tedana_report.html	
11005	01	socialdoors	1	sub-11005_ses-01_task-socialdoors_run-1	1	high_rejected_count_high_motion	fastica	ICA_118	rejected	0.10957975341516038	25.283588506602	49.80922909496693	0.9923323872371068	1029.9570621659277	0.0	rejected_largest_variance	derivatives/tedana-audit/benchmark/motion-fastica/sub-11005_ses-01_task-socialdoors_run-1/sub-11005_ses-01_task-socialdoors_run-1_desc-tedana_metrics.tsv	derivatives/tedana-audit/benchmark/motion-fastica/sub-11005_ses-01_task-socialdoors_run-1/sub-11005_ses-01_task-socialdoors_run-1_tedana_report.html	
11005	01	socialdoors	1	sub-11005_ses-01_task-socialdoors_run-1	1	high_rejected_count_high_motion	fastica	ICA_155	accepted	0.011761151775938394	23.914760550846964	17.662441781813232	0.9387694540419405	122.01492117242354	0.0	accepted_highest_motion24_r2	derivatives/tedana-audit/benchmark/motion-fastica/sub-11005_ses-01_task-socialdoors_run-1/sub-11005_ses-01_task-socialdoors_run-1_desc-tedana_metrics.tsv	derivatives/tedana-audit/benchmark/motion-fastica/sub-11005_ses-01_task-socialdoors_run-1/sub-11005_ses-01_task-socialdoors_run-1_tedana_report.html	
11005	01	socialdoors	1	sub-11005_ses-01_task-socialdoors_run-1	1	high_rejected_count_high_motion	robustica	ICA_065	rejected	0.006830325242820891	44.72526074793137	30.80061653173477	0.1525371790768327	1.432442446852607	0.0961471545241595	rejected_lowest_motion24_r2	derivatives/tedana-audit/benchmark/motion-robustica/sub-11005_ses-01_task-socialdoors_run-1/sub-11005_ses-01_task-socialdoors_run-1_desc-tedana_metrics.tsv	derivatives/tedana-audit/benchmark/motion-robustica/sub-11005_ses-01_task-socialdoors_run-1/sub-11005_ses-01_task-socialdoors_run-1_tedana_report.html	
11005	01	socialdoors	1	sub-11005_ses-01_task-socialdoors_run-1	1	high_rejected_count_high_motion	robustica	ICA_070	accepted	0.021962869404755787	78.86775898215221	36.46020725983609	0.8516065973521424	45.67163397874938	0.0	accepted_highest_motion24_r2	derivatives/tedana-audit/benchmark/motion-robustica/sub-11005_ses-01_task-socialdoors_run-1/sub-11005_ses-01_task-socialdoors_run-1_desc-tedana_metrics.tsv	derivatives/tedana-audit/benchmark/motion-robustica/sub-11005_ses-01_task-socialdoors_run-1/sub-11005_ses-01_task-socialdoors_run-1_tedana_report.html	
11005	01	socialdoors	1	sub-11005_ses-01_task-socialdoors_run-1	1	high_rejected_count_high_motion	robustica	ICA_089	rejected	0.12242202855839983	24.492558207189173	50.00737692427453	0.9932920613081668	1178.446864886881	0.0	rejected_largest_variance	derivatives/tedana-audit/benchmark/motion-robustica/sub-11005_ses-01_task-socialdoors_run-1/sub-11005_ses-01_task-socialdoors_run-1_desc-tedana_metrics.tsv	derivatives/tedana-audit/benchmark/motion-robustica/sub-11005_ses-01_task-socialdoors_run-1/sub-11005_ses-01_task-socialdoors_run-1_tedana_report.html	
11005	01	ugr	1	sub-11005_ses-01_task-ugr_run-1	0	high_rejected_count_high_motion	fastica	ICA_098	rejected	0.09556844440543535	33.86640052780814	44.76796374887147	0.9788292534669036	412.2619938367393	0.0	rejected_largest_variance	derivatives/tedana-audit/benchmark/motion-fastica/sub-11005_ses-01_task-ugr_run-1/sub-11005_ses-01_task-ugr_run-1_desc-tedana_metrics.tsv	derivatives/tedana-audit/benchmark/motion-fastica/sub-11005_ses-01_task-ugr_run-1/sub-11005_ses-01_task-ugr_run-1_tedana_report.html	
11005	01	ugr	1	sub-11005_ses-01_task-ugr_run-1	0	high_rejected_count_high_motion	fastica	ICA_123	rejected	0.005941320794150969	47.34654218985612	42.53292487356956	0.0638242216041883	0.6078979209216403	0.9256842419151392	rejected_lowest_motion24_r2	derivatives/tedana-audit/benchmark/motion-fastica/sub-11005_ses-01_task-ugr_run-1/sub-11005_ses-01_task-ugr_run-1_desc-tedana_metrics.tsv	derivatives/tedana-audit/benchmark/motion-fastica/sub-11005_ses-01_task-ugr_run-1/sub-11005_ses-01_task-ugr_run-1_tedana_report.html	
11005	01	ugr	1	sub-11005_ses-01_task-ugr_run-1	0	high_rejected_count_high_motion	fastica	ICA_154	accepted	0.011399041126509427	56.32402113500455	24.692886656216693	0.8685863584874862	58.93524401809727	0.0	accepted_highest_motion24_r2	derivatives/tedana-audit/benchmark/motion-fastica/sub-11005_ses-01_task-ugr_run-1/sub-11005_ses-01_task-ugr_run-1_desc-tedana_metrics.tsv	derivatives/tedana-audit/benchmark/motion-fastica/sub-11005_ses-01_task-ugr_run-1/sub-11005_ses-01_task-ugr_run-1_tedana_report.html	
11005	01	ugr	1	sub-11005_ses-01_task-ugr_run-1	0	high_rejected_count_high_motion	robustica	ICA_018	accepted	0.016159657019441196	49.63379576712132	29.38909409957293	0.8642582889460857	56.771813296025975	0.0	accepted_highest_motion24_r2	derivatives/tedana-audit/benchmark/motion-robustica/sub-11005_ses-01_task-ugr_run-1/sub-11005_ses-01_task-ugr_run-1_desc-tedana_metrics.tsv	derivatives/tedana-audit/benchmark/motion-robustica/sub-11005_ses-01_task-ugr_run-1/sub-11005_ses-01_task-ugr_run-1_tedana_report.html	
11005	01	ugr	1	sub-11005_ses-01_task-ugr_run-1	0	high_rejected_count_high_motion	robustica	ICA_041	rejected	0.0016658073465956782	27.26500171662298	31.00131650680707	0.0610053270876331	0.5793048482844402	0.943132409747689	rejected_lowest_motion24_r2	derivatives/tedana-audit/benchmark/motion-robustica/sub-11005_ses-01_task-ugr_run-1/sub-11005_ses-01_task-ugr_run-1_desc-tedana_metrics.tsv	derivatives/tedana-audit/benchmark/motion-robustica/sub-11005_ses-01_task-ugr_run-1/sub-11005_ses-01_task-ugr_run-1_tedana_report.html	
11005	01	ugr	1	sub-11005_ses-01_task-ugr_run-1	0	high_rejected_count_high_motion	robustica	ICA_049	rejected	0.05723968659935975	50.93072821301366	55.977874747355095	0.8198459604067077	40.578014034340825	0.0	rejected_largest_variance	derivatives/tedana-audit/benchmark/motion-robustica/sub-11005_ses-01_task-ugr_run-1/sub-11005_ses-01_task-ugr_run-1_desc-tedana_metrics.tsv	derivatives/tedana-audit/benchmark/motion-robustica/sub-11005_ses-01_task-ugr_run-1/sub-11005_ses-01_task-ugr_run-1_tedana_report.html	
11012	01	sharedreward	1	sub-11012_ses-01_task-sharedreward_run-1	2	ordinary_control	fastica	ICA_01	rejected	0.3635970822156903	46.25808637880208	17.66861800919586	0.980853022740396	484.5273859315228	0.0	rejected_largest_variance	derivatives/tedana-audit/benchmark/motion-fastica/sub-11012_ses-01_task-sharedreward_run-1/sub-11012_ses-01_task-sharedreward_run-1_desc-tedana_metrics.tsv	derivatives/tedana-audit/benchmark/motion-fastica/sub-11012_ses-01_task-sharedreward_run-1/sub-11012_ses-01_task-sharedreward_run-1_tedana_report.html	
11012	01	sharedreward	1	sub-11012_ses-01_task-sharedreward_run-1	2	ordinary_control	fastica	ICA_20	rejected	0.0049914842864465835	19.746195191325523	22.473148994123505	0.174023736774344	1.9927624843552256	0.0051506051969131	rejected_lowest_motion24_r2	derivatives/tedana-audit/benchmark/motion-fastica/sub-11012_ses-01_task-sharedreward_run-1/sub-11012_ses-01_task-sharedreward_run-1_desc-tedana_metrics.tsv	derivatives/tedana-audit/benchmark/motion-fastica/sub-11012_ses-01_task-sharedreward_run-1/sub-11012_ses-01_task-sharedreward_run-1_tedana_report.html	
11012	01	sharedreward	1	sub-11012_ses-01_task-sharedreward_run-1	2	ordinary_control	fastica	ICA_26	accepted	0.00803067313309311	23.972419687405225	13.369772236864389	0.8670546383964691	61.68618212212076	0.0	accepted_highest_motion24_r2	derivatives/tedana-audit/benchmark/motion-fastica/sub-11012_ses-01_task-sharedreward_run-1/sub-11012_ses-01_task-sharedreward_run-1_desc-tedana_metrics.tsv	derivatives/tedana-audit/benchmark/motion-fastica/sub-11012_ses-01_task-sharedreward_run-1/sub-11012_ses-01_task-sharedreward_run-1_tedana_report.html	
11012	01	sharedreward	1	sub-11012_ses-01_task-sharedreward_run-1	2	ordinary_control	robustica	ICA_05	rejected	7.616224922045e-06	17.888102253583398	15.180929178562725	0.1429335686331034	1.5773728700337315	0.0471704806215229	rejected_lowest_motion24_r2	derivatives/tedana-audit/benchmark/motion-robustica/sub-11012_ses-01_task-sharedreward_run-1/sub-11012_ses-01_task-sharedreward_run-1_desc-tedana_metrics.tsv	derivatives/tedana-audit/benchmark/motion-robustica/sub-11012_ses-01_task-sharedreward_run-1/sub-11012_ses-01_task-sharedreward_run-1_tedana_report.html	
11012	01	sharedreward	1	sub-11012_ses-01_task-sharedreward_run-1	2	ordinary_control	robustica	ICA_08	accepted	1.948343166972e-06	22.06182402101981	13.297558904496793	0.8696917010767792	63.12594112570398	0.0	accepted_highest_motion24_r2	derivatives/tedana-audit/benchmark/motion-robustica/sub-11012_ses-01_task-sharedreward_run-1/sub-11012_ses-01_task-sharedreward_run-1_desc-tedana_metrics.tsv	derivatives/tedana-audit/benchmark/motion-robustica/sub-11012_ses-01_task-sharedreward_run-1/sub-11012_ses-01_task-sharedreward_run-1_tedana_report.html	
11012	01	sharedreward	1	sub-11012_ses-01_task-sharedreward_run-1	2	ordinary_control	robustica	ICA_26	rejected	0.45274304106257857	19.47039398397836	16.20044075451551	0.3273871040636273	4.603742179158871	2.8727253909011097e-10	rejected_largest_variance	derivatives/tedana-audit/benchmark/motion-robustica/sub-11012_ses-01_task-sharedreward_run-1/sub-11012_ses-01_task-sharedreward_run-1_desc-tedana_metrics.tsv	derivatives/tedana-audit/benchmark/motion-robustica/sub-11012_ses-01_task-sharedreward_run-1/sub-11012_ses-01_task-sharedreward_run-1_tedana_report.html	
11012	01	socialdoors	1	sub-11012_ses-01_task-socialdoors_run-1	5	ordinary_control	fastica	ICA_00	accepted	0.014887179363920738	26.0644248411338	17.14647621800716	0.9158987155747468	84.85456008141202	0.0	accepted_highest_motion24_r2	derivatives/tedana-audit/benchmark/motion-fastica/sub-11012_ses-01_task-socialdoors_run-1/sub-11012_ses-01_task-socialdoors_run-1_desc-tedana_metrics.tsv	derivatives/tedana-audit/benchmark/motion-fastica/sub-11012_ses-01_task-socialdoors_run-1/sub-11012_ses-01_task-socialdoors_run-1_tedana_report.html	
11012	01	socialdoors	1	sub-11012_ses-01_task-socialdoors_run-1	5	ordinary_control	fastica	ICA_14	rejected	0.007208370957752301	21.15957904283492	28.81496535604307	0.085684367597361	0.7301898897959227	0.8164427533747949	rejected_lowest_motion24_r2	derivatives/tedana-audit/benchmark/motion-fastica/sub-11012_ses-01_task-socialdoors_run-1/sub-11012_ses-01_task-socialdoors_run-1_desc-tedana_metrics.tsv	derivatives/tedana-audit/benchmark/motion-fastica/sub-11012_ses-01_task-socialdoors_run-1/sub-11012_ses-01_task-socialdoors_run-1_tedana_report.html	
11012	01	socialdoors	1	sub-11012_ses-01_task-socialdoors_run-1	5	ordinary_control	fastica	ICA_25	rejected	0.2803107204516587	52.29596673895728	17.702963915158094	0.9833880543033988	461.2483126935364	0.0	rejected_largest_variance	derivatives/tedana-audit/benchmark/motion-fastica/sub-11012_ses-01_task-socialdoors_run-1/sub-11012_ses-01_task-socialdoors_run-1_desc-tedana_metrics.tsv	derivatives/tedana-audit/benchmark/motion-fastica/sub-11012_ses-01_task-socialdoors_run-1/sub-11012_ses-01_task-socialdoors_run-1_tedana_report.html	
11012	01	socialdoors	1	sub-11012_ses-01_task-socialdoors_run-1	5	ordinary_control	robustica	ICA_02	rejected	0.27877670235428176	52.2391965742716	17.677019845777725	0.9834801948509664	463.8644210640373	0.0	rejected_largest_variance	derivatives/tedana-audit/benchmark/motion-robustica/sub-11012_ses-01_task-socialdoors_run-1/sub-11012_ses-01_task-socialdoors_run-1_desc-tedana_metrics.tsv	derivatives/tedana-audit/benchmark/motion-robustica/sub-11012_ses-01_task-socialdoors_run-1/sub-11012_ses-01_task-socialdoors_run-1_tedana_report.html	
11012	01	socialdoors	1	sub-11012_ses-01_task-socialdoors_run-1	5	ordinary_control	robustica	ICA_15	rejected	0.0065326964246437014	19.682496605438843	27.85898753125185	0.0615695078392661	0.5112036383320278	0.9726796433186362	rejected_lowest_motion24_r2	derivatives/tedana-audit/benchmark/motion-robustica/sub-11012_ses-01_task-socialdoors_run-1/sub-11012_ses-01_task-socialdoors_run-1_desc-tedana_metrics.tsv	derivatives/tedana-audit/benchmark/motion-robustica/sub-11012_ses-01_task-socialdoors_run-1/sub-11012_ses-01_task-socialdoors_run-1_tedana_report.html	
11012	01	socialdoors	1	sub-11012_ses-01_task-socialdoors_run-1	5	ordinary_control	robustica	ICA_22	accepted	0.01495385802179758	25.01620070595237	17.402908145006702	0.9150478028263253	83.92658107609064	0.0	accepted_highest_motion24_r2	derivatives/tedana-audit/benchmark/motion-robustica/sub-11012_ses-01_task-socialdoors_run-1/sub-11012_ses-01_task-socialdoors_run-1_desc-tedana_metrics.tsv	derivatives/tedana-audit/benchmark/motion-robustica/sub-11012_ses-01_task-socialdoors_run-1/sub-11012_ses-01_task-socialdoors_run-1_tedana_report.html	
11016	01	trust	2	sub-11016_ses-01_task-trust_run-2	1	ordinary_control	fastica	ICA_15	rejected	0.025634342706386867	24.27309597309179	26.19884563194966	0.0697280989830414	0.7901457369356379	0.7482369696388471	rejected_lowest_motion24_r2	derivatives/tedana-audit/benchmark/motion-fastica/sub-11016_ses-01_task-trust_run-2/sub-11016_ses-01_task-trust_run-2_desc-tedana_metrics.tsv	derivatives/tedana-audit/benchmark/motion-fastica/sub-11016_ses-01_task-trust_run-2/sub-11016_ses-01_task-trust_run-2_tedana_report.html	
11016	01	trust	2	sub-11016_ses-01_task-trust_run-2	1	ordinary_control	fastica	ICA_17	rejected	0.30697311564517954	39.61907410261082	20.69470443035879	0.908333640389434	104.45871855045922	0.0	rejected_largest_variance	derivatives/tedana-audit/benchmark/motion-fastica/sub-11016_ses-01_task-trust_run-2/sub-11016_ses-01_task-trust_run-2_desc-tedana_metrics.tsv	derivatives/tedana-audit/benchmark/motion-fastica/sub-11016_ses-01_task-trust_run-2/sub-11016_ses-01_task-trust_run-2_tedana_report.html	
11016	01	trust	2	sub-11016_ses-01_task-trust_run-2	1	ordinary_control	fastica	ICA_18	accepted	0.019236133378779035	31.51011284750125	14.807211178836296	0.8100204778651295	44.94676991958244	0.0	accepted_highest_motion24_r2	derivatives/tedana-audit/benchmark/motion-fastica/sub-11016_ses-01_task-trust_run-2/sub-11016_ses-01_task-trust_run-2_desc-tedana_metrics.tsv	derivatives/tedana-audit/benchmark/motion-fastica/sub-11016_ses-01_task-trust_run-2/sub-11016_ses-01_task-trust_run-2_tedana_report.html	
11016	01	trust	2	sub-11016_ses-01_task-trust_run-2	1	ordinary_control	robustica	ICA_01	accepted	0.020674358432625863	31.43693769274588	17.95938378716191	0.7877024824923406	39.113490823746936	0.0	accepted_highest_motion24_r2	derivatives/tedana-audit/benchmark/motion-robustica/sub-11016_ses-01_task-trust_run-2/sub-11016_ses-01_task-trust_run-2_desc-tedana_metrics.tsv	derivatives/tedana-audit/benchmark/motion-robustica/sub-11016_ses-01_task-trust_run-2/sub-11016_ses-01_task-trust_run-2_tedana_report.html	
11016	01	trust	2	sub-11016_ses-01_task-trust_run-2	1	ordinary_control	robustica	ICA_16	rejected	0.35091470986261053	38.84563784278898	20.20840494301514	0.912609625342622	110.08565308103158	0.0	rejected_largest_variance	derivatives/tedana-audit/benchmark/motion-robustica/sub-11016_ses-01_task-trust_run-2/sub-11016_ses-01_task-trust_run-2_desc-tedana_metrics.tsv	derivatives/tedana-audit/benchmark/motion-robustica/sub-11016_ses-01_task-trust_run-2/sub-11016_ses-01_task-trust_run-2_tedana_report.html	
11016	01	trust	2	sub-11016_ses-01_task-trust_run-2	1	ordinary_control	robustica	ICA_17	rejected	0.024782515708241006	24.44863431615296	28.79970970831033	0.0635778768732403	0.7157207938810637	0.83416166266657	rejected_lowest_motion24_r2	derivatives/tedana-audit/benchmark/motion-robustica/sub-11016_ses-01_task-trust_run-2/sub-11016_ses-01_task-trust_run-2_desc-tedana_metrics.tsv	derivatives/tedana-audit/benchmark/motion-robustica/sub-11016_ses-01_task-trust_run-2/sub-11016_ses-01_task-trust_run-2_tedana_report.html	
11036	01	trust	1	sub-11036_ses-01_task-trust_run-1	1	ordinary_control	fastica	ICA_04	accepted	0.01932764252847428	30.22810900548744	13.208084069579444	0.9023548581739071	97.41728008197448	0.0	accepted_highest_motion24_r2	derivatives/tedana-audit/benchmark/motion-fastica/sub-11036_ses-01_task-trust_run-1/sub-11036_ses-01_task-trust_run-1_desc-tedana_metrics.tsv	derivatives/tedana-audit/benchmark/motion-fastica/sub-11036_ses-01_task-trust_run-1/sub-11036_ses-01_task-trust_run-1_tedana_report.html	
11036	01	trust	1	sub-11036_ses-01_task-trust_run-1	1	ordinary_control	fastica	ICA_18	rejected	0.3691578212737812	42.084701899191096	16.724021324468612	0.9454540978682924	182.7206363604704	0.0	rejected_largest_variance	derivatives/tedana-audit/benchmark/motion-fastica/sub-11036_ses-01_task-trust_run-1/sub-11036_ses-01_task-trust_run-1_desc-tedana_metrics.tsv	derivatives/tedana-audit/benchmark/motion-fastica/sub-11036_ses-01_task-trust_run-1/sub-11036_ses-01_task-trust_run-1_tedana_report.html	
11036	01	trust	1	sub-11036_ses-01_task-trust_run-1	1	ordinary_control	fastica	ICA_33	rejected	0.014931398405232504	26.1064646708133	20.36609016411405	0.0783612647055653	0.8962929838670487	0.6073300321542241	rejected_lowest_motion24_r2	derivatives/tedana-audit/benchmark/motion-fastica/sub-11036_ses-01_task-trust_run-1/sub-11036_ses-01_task-trust_run-1_desc-tedana_metrics.tsv	derivatives/tedana-audit/benchmark/motion-fastica/sub-11036_ses-01_task-trust_run-1/sub-11036_ses-01_task-trust_run-1_tedana_report.html	
11036	01	trust	1	sub-11036_ses-01_task-trust_run-1	1	ordinary_control	robustica	ICA_11	rejected	0.37660638207577973	42.02462257032886	16.708041305571633	0.9455746079356688	183.14856259629104	0.0	rejected_largest_variance	derivatives/tedana-audit/benchmark/motion-robustica/sub-11036_ses-01_task-trust_run-1/sub-11036_ses-01_task-trust_run-1_desc-tedana_metrics.tsv	derivatives/tedana-audit/benchmark/motion-robustica/sub-11036_ses-01_task-trust_run-1/sub-11036_ses-01_task-trust_run-1_tedana_report.html	
11036	01	trust	1	sub-11036_ses-01_task-trust_run-1	1	ordinary_control	robustica	ICA_14	accepted	0.013154512952531474	19.90376128997922	18.243092304304344	0.870158629502696	70.64714569946243	0.0	accepted_highest_motion24_r2	derivatives/tedana-audit/benchmark/motion-robustica/sub-11036_ses-01_task-trust_run-1/sub-11036_ses-01_task-trust_run-1_desc-tedana_metrics.tsv	derivatives/tedana-audit/benchmark/motion-robustica/sub-11036_ses-01_task-trust_run-1/sub-11036_ses-01_task-trust_run-1_tedana_report.html	
11036	01	trust	1	sub-11036_ses-01_task-trust_run-1	1	ordinary_control	robustica	ICA_21	rejected	0.014065676124258951	22.33701655113897	27.728116321778963	0.1014576683219484	1.1902977550649467	0.2507484116193035	rejected_lowest_motion24_r2	derivatives/tedana-audit/benchmark/motion-robustica/sub-11036_ses-01_task-trust_run-1/sub-11036_ses-01_task-trust_run-1_desc-tedana_metrics.tsv	derivatives/tedana-audit/benchmark/motion-robustica/sub-11036_ses-01_task-trust_run-1/sub-11036_ses-01_task-trust_run-1_tedana_report.html	
11058	01	trust	1	sub-11058_ses-01_task-trust_run-1	1	high_motion_ordinary_classification	fastica	ICA_11	accepted	0.02883043842222223	47.40218704481392	22.13358998981439	0.959027110819834	246.7422807824099	0.0	accepted_highest_motion24_r2	derivatives/tedana-audit/benchmark/motion-fastica/sub-11058_ses-01_task-trust_run-1/sub-11058_ses-01_task-trust_run-1_desc-tedana_metrics.tsv	derivatives/tedana-audit/benchmark/motion-fastica/sub-11058_ses-01_task-trust_run-1/sub-11058_ses-01_task-trust_run-1_tedana_report.html	
11058	01	trust	1	sub-11058_ses-01_task-trust_run-1	1	high_motion_ordinary_classification	fastica	ICA_23	rejected	0.18874636641585382	46.05568837806577	19.886717887853283	0.96055569022966	256.7127669397093	0.0	rejected_largest_variance	derivatives/tedana-audit/benchmark/motion-fastica/sub-11058_ses-01_task-trust_run-1/sub-11058_ses-01_task-trust_run-1_desc-tedana_metrics.tsv	derivatives/tedana-audit/benchmark/motion-fastica/sub-11058_ses-01_task-trust_run-1/sub-11058_ses-01_task-trust_run-1_tedana_report.html	
11058	01	trust	1	sub-11058_ses-01_task-trust_run-1	1	high_motion_ordinary_classification	fastica	ICA_43	rejected	0.007111174047296102	28.35436228560375	28.90029343479445	0.0790178291074501	0.9044470582607552	0.5961291824792467	rejected_lowest_motion24_r2	derivatives/tedana-audit/benchmark/motion-fastica/sub-11058_ses-01_task-trust_run-1/sub-11058_ses-01_task-trust_run-1_desc-tedana_metrics.tsv	derivatives/tedana-audit/benchmark/motion-fastica/sub-11058_ses-01_task-trust_run-1/sub-11058_ses-01_task-trust_run-1_tedana_report.html	
11058	01	trust	1	sub-11058_ses-01_task-trust_run-1	1	high_motion_ordinary_classification	robustica	ICA_00	rejected	0.007055287356601596	28.196780751758784	28.89718819194132	0.0771157262952023	0.8808561425567817	0.6284861316425763	rejected_lowest_motion24_r2	derivatives/tedana-audit/benchmark/motion-robustica/sub-11058_ses-01_task-trust_run-1/sub-11058_ses-01_task-trust_run-1_desc-tedana_metrics.tsv	derivatives/tedana-audit/benchmark/motion-robustica/sub-11058_ses-01_task-trust_run-1/sub-11058_ses-01_task-trust_run-1_tedana_report.html	
11058	01	trust	1	sub-11058_ses-01_task-trust_run-1	1	high_motion_ordinary_classification	robustica	ICA_14	accepted	0.028552490159043535	47.02258478297204	22.128067590729344	0.9604152731024233	255.76474726774333	0.0	accepted_highest_motion24_r2	derivatives/tedana-audit/benchmark/motion-robustica/sub-11058_ses-01_task-trust_run-1/sub-11058_ses-01_task-trust_run-1_desc-tedana_metrics.tsv	derivatives/tedana-audit/benchmark/motion-robustica/sub-11058_ses-01_task-trust_run-1/sub-11058_ses-01_task-trust_run-1_tedana_report.html	
11058	01	trust	1	sub-11058_ses-01_task-trust_run-1	1	high_motion_ordinary_classification	robustica	ICA_41	rejected	0.18849787699998963	46.10259243749086	19.88283436543997	0.9607468057534444	258.0139724095505	0.0	rejected_largest_variance	derivatives/tedana-audit/benchmark/motion-robustica/sub-11058_ses-01_task-trust_run-1/sub-11058_ses-01_task-trust_run-1_desc-tedana_metrics.tsv	derivatives/tedana-audit/benchmark/motion-robustica/sub-11058_ses-01_task-trust_run-1/sub-11058_ses-01_task-trust_run-1_tedana_report.html	
11066	01	trust	2	sub-11066_ses-01_task-trust_run-2	3	ordinary_control	fastica	ICA_01	accepted	0.027713751840811107	36.04450395979625	18.157948589882626	0.964601977932601	284.991319571576	0.0	accepted_highest_motion24_r2	derivatives/tedana-audit/benchmark/motion-fastica/sub-11066_ses-01_task-trust_run-2/sub-11066_ses-01_task-trust_run-2_desc-tedana_metrics.tsv	derivatives/tedana-audit/benchmark/motion-fastica/sub-11066_ses-01_task-trust_run-2/sub-11066_ses-01_task-trust_run-2_tedana_report.html	
11066	01	trust	2	sub-11066_ses-01_task-trust_run-2	3	ordinary_control	fastica	ICA_02	rejected	0.30903917380046586	33.84465174100716	18.734665722347945	0.9844232754047352	660.9493987204654	0.0	rejected_largest_variance	derivatives/tedana-audit/benchmark/motion-fastica/sub-11066_ses-01_task-trust_run-2/sub-11066_ses-01_task-trust_run-2_desc-tedana_metrics.tsv	derivatives/tedana-audit/benchmark/motion-fastica/sub-11066_ses-01_task-trust_run-2/sub-11066_ses-01_task-trust_run-2_tedana_report.html	
11066	01	trust	2	sub-11066_ses-01_task-trust_run-2	3	ordinary_control	fastica	ICA_15	rejected	0.00758720724122606	16.331928085672995	25.493000870256253	0.0419652399039283	0.4581112143410873	0.9873015198550716	rejected_lowest_motion24_r2	derivatives/tedana-audit/benchmark/motion-fastica/sub-11066_ses-01_task-trust_run-2/sub-11066_ses-01_task-trust_run-2_desc-tedana_metrics.tsv	derivatives/tedana-audit/benchmark/motion-fastica/sub-11066_ses-01_task-trust_run-2/sub-11066_ses-01_task-trust_run-2_tedana_report.html	
11066	01	trust	2	sub-11066_ses-01_task-trust_run-2	3	ordinary_control	robustica	ICA_17	rejected	0.009341891103751979	21.292586987955787	24.849399761590444	0.0585645104009245	0.650588572497063	0.8950646140430707	rejected_lowest_motion24_r2	derivatives/tedana-audit/benchmark/motion-robustica/sub-11066_ses-01_task-trust_run-2/sub-11066_ses-01_task-trust_run-2_desc-tedana_metrics.tsv	derivatives/tedana-audit/benchmark/motion-robustica/sub-11066_ses-01_task-trust_run-2/sub-11066_ses-01_task-trust_run-2_tedana_report.html	
11066	01	trust	2	sub-11066_ses-01_task-trust_run-2	3	ordinary_control	robustica	ICA_31	accepted	0.02393129449605435	36.61803196709937	17.906354088945655	0.956587213552572	230.44611416160308	0.0	accepted_highest_motion24_r2	derivatives/tedana-audit/benchmark/motion-robustica/sub-11066_ses-01_task-trust_run-2/sub-11066_ses-01_task-trust_run-2_desc-tedana_metrics.tsv	derivatives/tedana-audit/benchmark/motion-robustica/sub-11066_ses-01_task-trust_run-2/sub-11066_ses-01_task-trust_run-2_tedana_report.html	
11066	01	trust	2	sub-11066_ses-01_task-trust_run-2	3	ordinary_control	robustica	ICA_32	rejected	0.31321460566181086	33.816819198272924	18.840182242605017	0.9782665714765644	470.7512154525761	0.0	rejected_largest_variance	derivatives/tedana-audit/benchmark/motion-robustica/sub-11066_ses-01_task-trust_run-2/sub-11066_ses-01_task-trust_run-2_desc-tedana_metrics.tsv	derivatives/tedana-audit/benchmark/motion-robustica/sub-11066_ses-01_task-trust_run-2/sub-11066_ses-01_task-trust_run-2_tedana_report.html	
11066	01	ugr	1	sub-11066_ses-01_task-ugr_run-1	2	ordinary_control	fastica	ICA_00	rejected	0.013999300503160238	26.76327218019052	27.518499500660354	0.0616272680101538	0.5801257668709087	0.9426203714470168	rejected_lowest_motion24_r2	derivatives/tedana-audit/benchmark/motion-fastica/sub-11066_ses-01_task-ugr_run-1/sub-11066_ses-01_task-ugr_run-1_desc-tedana_metrics.tsv	derivatives/tedana-audit/benchmark/motion-fastica/sub-11066_ses-01_task-ugr_run-1/sub-11066_ses-01_task-ugr_run-1_tedana_report.html	
11066	01	ugr	1	sub-11066_ses-01_task-ugr_run-1	2	ordinary_control	fastica	ICA_15	accepted	0.017223903240473615	23.47376981194413	16.816043100196588	0.9271411574064538	112.40566826063072	0.0	accepted_highest_motion24_r2	derivatives/tedana-audit/benchmark/motion-fastica/sub-11066_ses-01_task-ugr_run-1/sub-11066_ses-01_task-ugr_run-1_desc-tedana_metrics.tsv	derivatives/tedana-audit/benchmark/motion-fastica/sub-11066_ses-01_task-ugr_run-1/sub-11066_ses-01_task-ugr_run-1_tedana_report.html	
11066	01	ugr	1	sub-11066_ses-01_task-ugr_run-1	2	ordinary_control	fastica	ICA_24	rejected	0.23101431875997464	46.498786819144016	19.837484564727365	0.9852789764749652	591.2155232092339	0.0	rejected_largest_variance	derivatives/tedana-audit/benchmark/motion-fastica/sub-11066_ses-01_task-ugr_run-1/sub-11066_ses-01_task-ugr_run-1_desc-tedana_metrics.tsv	derivatives/tedana-audit/benchmark/motion-fastica/sub-11066_ses-01_task-ugr_run-1/sub-11066_ses-01_task-ugr_run-1_tedana_report.html	
11066	01	ugr	1	sub-11066_ses-01_task-ugr_run-1	2	ordinary_control	robustica	ICA_00	rejected	0.2418753512898643	46.92353774941977	19.865697719053056	0.9844242689780036	558.2882560712819	0.0	rejected_largest_variance	derivatives/tedana-audit/benchmark/motion-robustica/sub-11066_ses-01_task-ugr_run-1/sub-11066_ses-01_task-ugr_run-1_desc-tedana_metrics.tsv	derivatives/tedana-audit/benchmark/motion-robustica/sub-11066_ses-01_task-ugr_run-1/sub-11066_ses-01_task-ugr_run-1_tedana_report.html	
11066	01	ugr	1	sub-11066_ses-01_task-ugr_run-1	2	ordinary_control	robustica	ICA_21	accepted	0.012570049893934569	20.29312535074132	12.65899856865667	0.7844834421422404	32.15346332459821	0.0	accepted_highest_motion24_r2	derivatives/tedana-audit/benchmark/motion-robustica/sub-11066_ses-01_task-ugr_run-1/sub-11066_ses-01_task-ugr_run-1_desc-tedana_metrics.tsv	derivatives/tedana-audit/benchmark/motion-robustica/sub-11066_ses-01_task-ugr_run-1/sub-11066_ses-01_task-ugr_run-1_tedana_report.html	
11066	01	ugr	1	sub-11066_ses-01_task-ugr_run-1	2	ordinary_control	robustica	ICA_27	rejected	0.018170098457986436	29.989546101038545	29.296228158719693	0.0656209172388295	0.620360029782282	0.9170715657481912	rejected_lowest_motion24_r2	derivatives/tedana-audit/benchmark/motion-robustica/sub-11066_ses-01_task-ugr_run-1/sub-11066_ses-01_task-ugr_run-1_desc-tedana_metrics.tsv	derivatives/tedana-audit/benchmark/motion-robustica/sub-11066_ses-01_task-ugr_run-1/sub-11066_ses-01_task-ugr_run-1_tedana_report.html	
11068	01	doors	1	sub-11068_ses-01_task-doors_run-1	1	ordinary_control	fastica	ICA_04	accepted	0.019252132596190113	33.716889941038986	14.686445913699044	0.8929296069710848	66.36971486187707	0.0	accepted_highest_motion24_r2	derivatives/tedana-audit/benchmark/motion-fastica/sub-11068_ses-01_task-doors_run-1/sub-11068_ses-01_task-doors_run-1_desc-tedana_metrics.tsv	derivatives/tedana-audit/benchmark/motion-fastica/sub-11068_ses-01_task-doors_run-1/sub-11068_ses-01_task-doors_run-1_tedana_report.html	
11068	01	doors	1	sub-11068_ses-01_task-doors_run-1	1	ordinary_control	fastica	ICA_14	rejected	0.3173848446286477	37.76889382656294	17.05227279460314	0.9833210012950347	469.18861500021205	0.0	rejected_largest_variance	derivatives/tedana-audit/benchmark/motion-fastica/sub-11068_ses-01_task-doors_run-1/sub-11068_ses-01_task-doors_run-1_desc-tedana_metrics.tsv	derivatives/tedana-audit/benchmark/motion-fastica/sub-11068_ses-01_task-doors_run-1/sub-11068_ses-01_task-doors_run-1_tedana_report.html	
11068	01	doors	1	sub-11068_ses-01_task-doors_run-1	1	ordinary_control	fastica	ICA_27	rejected	0.00980652000378846	18.90461377542666	20.65604176612028	0.0851793868824154	0.7410042408522907	0.8046674471955809	rejected_lowest_motion24_r2	derivatives/tedana-audit/benchmark/motion-fastica/sub-11068_ses-01_task-doors_run-1/sub-11068_ses-01_task-doors_run-1_desc-tedana_metrics.tsv	derivatives/tedana-audit/benchmark/motion-fastica/sub-11068_ses-01_task-doors_run-1/sub-11068_ses-01_task-doors_run-1_tedana_report.html	
11068	01	doors	1	sub-11068_ses-01_task-doors_run-1	1	ordinary_control	robustica	ICA_08	accepted	0.019922103103425327	34.48776756918902	14.185575168922048	0.8890217703382135	63.75242793567301	0.0	accepted_highest_motion24_r2	derivatives/tedana-audit/benchmark/motion-robustica/sub-11068_ses-01_task-doors_run-1/sub-11068_ses-01_task-doors_run-1_desc-tedana_metrics.tsv	derivatives/tedana-audit/benchmark/motion-robustica/sub-11068_ses-01_task-doors_run-1/sub-11068_ses-01_task-doors_run-1_tedana_report.html	
11068	01	doors	1	sub-11068_ses-01_task-doors_run-1	1	ordinary_control	robustica	ICA_17	rejected	0.3056586127970855	37.20806915418437	17.318502424824153	0.983446300293764	472.800256864804	0.0	rejected_largest_variance	derivatives/tedana-audit/benchmark/motion-robustica/sub-11068_ses-01_task-doors_run-1/sub-11068_ses-01_task-doors_run-1_desc-tedana_metrics.tsv	derivatives/tedana-audit/benchmark/motion-robustica/sub-11068_ses-01_task-doors_run-1/sub-11068_ses-01_task-doors_run-1_tedana_report.html	
11068	01	doors	1	sub-11068_ses-01_task-doors_run-1	1	ordinary_control	robustica	ICA_20	rejected	0.010140460078749875	20.57089909966988	23.42574628127772	0.085766615306693	0.74659198068052	0.7983630255718372	rejected_lowest_motion24_r2	derivatives/tedana-audit/benchmark/motion-robustica/sub-11068_ses-01_task-doors_run-1/sub-11068_ses-01_task-doors_run-1_desc-tedana_metrics.tsv	derivatives/tedana-audit/benchmark/motion-robustica/sub-11068_ses-01_task-doors_run-1/sub-11068_ses-01_task-doors_run-1_tedana_report.html	
11068	01	sharedreward	1	sub-11068_ses-01_task-sharedreward_run-1	2	ordinary_control	fastica	ICA_05	rejected	0.01079955556462091	20.06231010658341	25.19360346031372	0.0748828577812104	0.7655971309196403	0.7775219401237844	rejected_lowest_motion24_r2	derivatives/tedana-audit/benchmark/motion-fastica/sub-11068_ses-01_task-sharedreward_run-1/sub-11068_ses-01_task-sharedreward_run-1_desc-tedana_metrics.tsv	derivatives/tedana-audit/benchmark/motion-fastica/sub-11068_ses-01_task-sharedreward_run-1/sub-11068_ses-01_task-sharedreward_run-1_tedana_report.html	
11068	01	sharedreward	1	sub-11068_ses-01_task-sharedreward_run-1	2	ordinary_control	fastica	ICA_08	accepted	0.021300647431856813	26.089388279730336	12.883423132992167	0.9415701049185076	152.4165651264666	0.0	accepted_highest_motion24_r2	derivatives/tedana-audit/benchmark/motion-fastica/sub-11068_ses-01_task-sharedreward_run-1/sub-11068_ses-01_task-sharedreward_run-1_desc-tedana_metrics.tsv	derivatives/tedana-audit/benchmark/motion-fastica/sub-11068_ses-01_task-sharedreward_run-1/sub-11068_ses-01_task-sharedreward_run-1_tedana_report.html	
11068	01	sharedreward	1	sub-11068_ses-01_task-sharedreward_run-1	2	ordinary_control	fastica	ICA_12	rejected	0.36149657864044205	51.30015931205559	16.525995780304026	0.9841411130252772	586.9475398158236	0.0	rejected_largest_variance	derivatives/tedana-audit/benchmark/motion-fastica/sub-11068_ses-01_task-sharedreward_run-1/sub-11068_ses-01_task-sharedreward_run-1_desc-tedana_metrics.tsv	derivatives/tedana-audit/benchmark/motion-fastica/sub-11068_ses-01_task-sharedreward_run-1/sub-11068_ses-01_task-sharedreward_run-1_tedana_report.html	
11068	01	sharedreward	1	sub-11068_ses-01_task-sharedreward_run-1	2	ordinary_control	robustica	ICA_07	rejected	0.008808416046415206	18.63867971259096	24.703486886394007	0.090441198694789	0.9404812565103216	0.546854145017149	rejected_lowest_motion24_r2	derivatives/tedana-audit/benchmark/motion-robustica/sub-11068_ses-01_task-sharedreward_run-1/sub-11068_ses-01_task-sharedreward_run-1_desc-tedana_metrics.tsv	derivatives/tedana-audit/benchmark/motion-robustica/sub-11068_ses-01_task-sharedreward_run-1/sub-11068_ses-01_task-sharedreward_run-1_tedana_report.html	
11068	01	sharedreward	1	sub-11068_ses-01_task-sharedreward_run-1	2	ordinary_control	robustica	ICA_19	rejected	0.39010190079041046	50.87803607705161	16.473126610214713	0.9845504651780664	602.7499591717176	0.0	rejected_largest_variance	derivatives/tedana-audit/benchmark/motion-robustica/sub-11068_ses-01_task-sharedreward_run-1/sub-11068_ses-01_task-sharedreward_run-1_desc-tedana_metrics.tsv	derivatives/tedana-audit/benchmark/motion-robustica/sub-11068_ses-01_task-sharedreward_run-1/sub-11068_ses-01_task-sharedreward_run-1_tedana_report.html	
11068	01	sharedreward	1	sub-11068_ses-01_task-sharedreward_run-1	2	ordinary_control	robustica	ICA_29	accepted	0.020230283602117396	23.387081046155764	12.44289727353626	0.9344383767185388	134.8079746061144	0.0	accepted_highest_motion24_r2	derivatives/tedana-audit/benchmark/motion-robustica/sub-11068_ses-01_task-sharedreward_run-1/sub-11068_ses-01_task-sharedreward_run-1_desc-tedana_metrics.tsv	derivatives/tedana-audit/benchmark/motion-robustica/sub-11068_ses-01_task-sharedreward_run-1/sub-11068_ses-01_task-sharedreward_run-1_tedana_report.html	
11072	01	sharedreward	2	sub-11072_ses-01_task-sharedreward_run-2	0	nss_zero_control	fastica	ICA_03	rejected	0.006326206587224602	22.503534946018203	24.36101763200781	0.0955894209797882	1.0084826659556694	0.4562323341871954	rejected_lowest_motion24_r2	derivatives/tedana-audit/benchmark/motion-fastica/sub-11072_ses-01_task-sharedreward_run-2/sub-11072_ses-01_task-sharedreward_run-2_desc-tedana_metrics.tsv	derivatives/tedana-audit/benchmark/motion-fastica/sub-11072_ses-01_task-sharedreward_run-2/sub-11072_ses-01_task-sharedreward_run-2_tedana_report.html	
11072	01	sharedreward	2	sub-11072_ses-01_task-sharedreward_run-2	0	nss_zero_control	fastica	ICA_07	accepted	0.009339876334704168	21.18855843743952	18.90403059959959	0.8992758240106437	85.18898337781664	0.0	accepted_highest_motion24_r2	derivatives/tedana-audit/benchmark/motion-fastica/sub-11072_ses-01_task-sharedreward_run-2/sub-11072_ses-01_task-sharedreward_run-2_desc-tedana_metrics.tsv	derivatives/tedana-audit/benchmark/motion-fastica/sub-11072_ses-01_task-sharedreward_run-2/sub-11072_ses-01_task-sharedreward_run-2_tedana_report.html	
11072	01	sharedreward	2	sub-11072_ses-01_task-sharedreward_run-2	0	nss_zero_control	fastica	ICA_25	rejected	0.3650620994808628	51.01282762676594	21.521450904026	0.9554011376179228	204.40250493402257	0.0	rejected_largest_variance	derivatives/tedana-audit/benchmark/motion-fastica/sub-11072_ses-01_task-sharedreward_run-2/sub-11072_ses-01_task-sharedreward_run-2_desc-tedana_metrics.tsv	derivatives/tedana-audit/benchmark/motion-fastica/sub-11072_ses-01_task-sharedreward_run-2/sub-11072_ses-01_task-sharedreward_run-2_tedana_report.html	
11072	01	sharedreward	2	sub-11072_ses-01_task-sharedreward_run-2	0	nss_zero_control	robustica	ICA_11	rejected	0.37822027202339814	51.03919906065384	21.562469242259173	0.9548015037939438	201.56417683677617	0.0	rejected_largest_variance	derivatives/tedana-audit/benchmark/motion-robustica/sub-11072_ses-01_task-sharedreward_run-2/sub-11072_ses-01_task-sharedreward_run-2_desc-tedana_metrics.tsv	derivatives/tedana-audit/benchmark/motion-robustica/sub-11072_ses-01_task-sharedreward_run-2/sub-11072_ses-01_task-sharedreward_run-2_tedana_report.html	
11072	01	sharedreward	2	sub-11072_ses-01_task-sharedreward_run-2	0	nss_zero_control	robustica	ICA_14	rejected	0.011461330159579577	32.790296270586275	24.14927007984971	0.1082102581215486	1.15779108507676	0.283357466035646	rejected_lowest_motion24_r2	derivatives/tedana-audit/benchmark/motion-robustica/sub-11072_ses-01_task-sharedreward_run-2/sub-11072_ses-01_task-sharedreward_run-2_desc-tedana_metrics.tsv	derivatives/tedana-audit/benchmark/motion-robustica/sub-11072_ses-01_task-sharedreward_run-2/sub-11072_ses-01_task-sharedreward_run-2_tedana_report.html	
11072	01	sharedreward	2	sub-11072_ses-01_task-sharedreward_run-2	0	nss_zero_control	robustica	ICA_22	accepted	0.015361755735370465	32.967704460228504	16.29075606204974	0.9185333102605984	107.5818680834118	0.0	accepted_highest_motion24_r2	derivatives/tedana-audit/benchmark/motion-robustica/sub-11072_ses-01_task-sharedreward_run-2/sub-11072_ses-01_task-sharedreward_run-2_desc-tedana_metrics.tsv	derivatives/tedana-audit/benchmark/motion-robustica/sub-11072_ses-01_task-sharedreward_run-2/sub-11072_ses-01_task-sharedreward_run-2_tedana_report.html	
11246	01	ugr	2	sub-11246_ses-01_task-ugr_run-2	1	ordinary_control	fastica	ICA_11	rejected	0.2868824305286502	40.867797725397054	19.90852485042544	0.954829089747942	187.6010052537498	0.0	rejected_largest_variance	derivatives/tedana-audit/benchmark/motion-fastica/sub-11246_ses-01_task-ugr_run-2/sub-11246_ses-01_task-ugr_run-2_desc-tedana_metrics.tsv	derivatives/tedana-audit/benchmark/motion-fastica/sub-11246_ses-01_task-ugr_run-2/sub-11246_ses-01_task-ugr_run-2_tedana_report.html	
11246	01	ugr	2	sub-11246_ses-01_task-ugr_run-2	1	ordinary_control	fastica	ICA_17	accepted	0.016452230202001743	32.15280254648092	14.561576661475506	0.910040525305714	89.78053384076969	0.0	accepted_highest_motion24_r2	derivatives/tedana-audit/benchmark/motion-fastica/sub-11246_ses-01_task-ugr_run-2/sub-11246_ses-01_task-ugr_run-2_desc-tedana_metrics.tsv	derivatives/tedana-audit/benchmark/motion-fastica/sub-11246_ses-01_task-ugr_run-2/sub-11246_ses-01_task-ugr_run-2_tedana_report.html	
11246	01	ugr	2	sub-11246_ses-01_task-ugr_run-2	1	ordinary_control	fastica	ICA_31	rejected	0.006356638052651929	15.333576721852156	25.78753140615144	0.0716206152386605	0.6846694042075444	0.8638648516023684	rejected_lowest_motion24_r2	derivatives/tedana-audit/benchmark/motion-fastica/sub-11246_ses-01_task-ugr_run-2/sub-11246_ses-01_task-ugr_run-2_desc-tedana_metrics.tsv	derivatives/tedana-audit/benchmark/motion-fastica/sub-11246_ses-01_task-ugr_run-2/sub-11246_ses-01_task-ugr_run-2_tedana_report.html	
11246	01	ugr	2	sub-11246_ses-01_task-ugr_run-2	1	ordinary_control	robustica	ICA_04	rejected	0.28765072332784597	49.77828548838597	19.7567977354688	0.9766747314338544	371.6136522456266	0.0	rejected_largest_variance	derivatives/tedana-audit/benchmark/motion-robustica/sub-11246_ses-01_task-ugr_run-2/sub-11246_ses-01_task-ugr_run-2_desc-tedana_metrics.tsv	derivatives/tedana-audit/benchmark/motion-robustica/sub-11246_ses-01_task-ugr_run-2/sub-11246_ses-01_task-ugr_run-2_tedana_report.html	
11246	01	ugr	2	sub-11246_ses-01_task-ugr_run-2	1	ordinary_control	robustica	ICA_11	accepted	0.028080970110337534	43.81079880915658	24.9785499647128	0.9397354951758476	138.39245081365254	0.0	accepted_highest_motion24_r2	derivatives/tedana-audit/benchmark/motion-robustica/sub-11246_ses-01_task-ugr_run-2/sub-11246_ses-01_task-ugr_run-2_desc-tedana_metrics.tsv	derivatives/tedana-audit/benchmark/motion-robustica/sub-11246_ses-01_task-ugr_run-2/sub-11246_ses-01_task-ugr_run-2_tedana_report.html	
11246	01	ugr	2	sub-11246_ses-01_task-ugr_run-2	1	ordinary_control	robustica	ICA_21	rejected	0.006640467077945999	15.355561334654938	25.78411157807092	0.0647753806077735	0.6146988551986455	0.9210593315701596	rejected_lowest_motion24_r2	derivatives/tedana-audit/benchmark/motion-robustica/sub-11246_ses-01_task-ugr_run-2/sub-11246_ses-01_task-ugr_run-2_desc-tedana_metrics.tsv	derivatives/tedana-audit/benchmark/motion-robustica/sub-11246_ses-01_task-ugr_run-2/sub-11246_ses-01_task-ugr_run-2_tedana_report.html	
11276	01	trust	2	sub-11276_ses-01_task-trust_run-2	3	high_rejected_count_high_motion;high_ica_dimensionality	fastica	ICA_031	accepted	0.04977424090910727	23.713439358501013	20.736108635094045	0.982114453795232	574.2782586386373	0.0	accepted_highest_motion24_r2	derivatives/tedana-audit/benchmark/motion-fastica/sub-11276_ses-01_task-trust_run-2/sub-11276_ses-01_task-trust_run-2_desc-tedana_metrics.tsv	derivatives/tedana-audit/benchmark/motion-fastica/sub-11276_ses-01_task-trust_run-2/sub-11276_ses-01_task-trust_run-2_tedana_report.html	
11276	01	trust	2	sub-11276_ses-01_task-trust_run-2	3	high_rejected_count_high_motion;high_ica_dimensionality	fastica	ICA_033	rejected	0.002238093257689809	22.518392895786214	27.68765650997258	0.0648976185088585	0.7258252575753661	0.8233664686531889	rejected_lowest_motion24_r2	derivatives/tedana-audit/benchmark/motion-fastica/sub-11276_ses-01_task-trust_run-2/sub-11276_ses-01_task-trust_run-2_desc-tedana_metrics.tsv	derivatives/tedana-audit/benchmark/motion-fastica/sub-11276_ses-01_task-trust_run-2/sub-11276_ses-01_task-trust_run-2_tedana_report.html	
11276	01	trust	2	sub-11276_ses-01_task-trust_run-2	3	high_rejected_count_high_motion;high_ica_dimensionality	fastica	ICA_105	rejected	0.030284609920537445	53.03569944828782	118.79010801952975	0.7947975178441026	40.507586880964446	0.0	rejected_largest_variance	derivatives/tedana-audit/benchmark/motion-fastica/sub-11276_ses-01_task-trust_run-2/sub-11276_ses-01_task-trust_run-2_desc-tedana_metrics.tsv	derivatives/tedana-audit/benchmark/motion-fastica/sub-11276_ses-01_task-trust_run-2/sub-11276_ses-01_task-trust_run-2_tedana_report.html	
11276	01	trust	2	sub-11276_ses-01_task-trust_run-2	3	high_rejected_count_high_motion;high_ica_dimensionality	robustica	ICA_008	rejected	0.08150172548203205	25.616904695522333	26.22690059905181	0.985135424180954	693.115953659302	0.0	rejected_largest_variance	derivatives/tedana-audit/benchmark/motion-robustica/sub-11276_ses-01_task-trust_run-2/sub-11276_ses-01_task-trust_run-2_desc-tedana_metrics.tsv	derivatives/tedana-audit/benchmark/motion-robustica/sub-11276_ses-01_task-trust_run-2/sub-11276_ses-01_task-trust_run-2_tedana_report.html	
11276	01	trust	2	sub-11276_ses-01_task-trust_run-2	3	high_rejected_count_high_motion;high_ica_dimensionality	robustica	ICA_066	accepted	0.007338265379674757	44.63775567092446	18.86815882181873	0.6485902250675718	19.30274356142392	0.0	accepted_highest_motion24_r2	derivatives/tedana-audit/benchmark/motion-robustica/sub-11276_ses-01_task-trust_run-2/sub-11276_ses-01_task-trust_run-2_desc-tedana_metrics.tsv	derivatives/tedana-audit/benchmark/motion-robustica/sub-11276_ses-01_task-trust_run-2/sub-11276_ses-01_task-trust_run-2_tedana_report.html	
11276	01	trust	2	sub-11276_ses-01_task-trust_run-2	3	high_rejected_count_high_motion;high_ica_dimensionality	robustica	ICA_102	rejected	0.002354374267375942	22.08238572401444	26.064311417590712	0.0570568871300586	0.6328270883196266	0.9090241934159776	rejected_lowest_motion24_r2	derivatives/tedana-audit/benchmark/motion-robustica/sub-11276_ses-01_task-trust_run-2/sub-11276_ses-01_task-trust_run-2_desc-tedana_metrics.tsv	derivatives/tedana-audit/benchmark/motion-robustica/sub-11276_ses-01_task-trust_run-2/sub-11276_ses-01_task-trust_run-2_tedana_report.html	
11301	01	sharedreward	2	sub-11301_ses-01_task-sharedreward_run-2	2	ordinary_control	fastica	ICA_01	accepted	0.025783864785300026	29.61261165553441	15.61340088365346	0.8667701204332046	61.5342500427655	0.0	accepted_highest_motion24_r2	derivatives/tedana-audit/benchmark/motion-fastica/sub-11301_ses-01_task-sharedreward_run-2/sub-11301_ses-01_task-sharedreward_run-2_desc-tedana_metrics.tsv	derivatives/tedana-audit/benchmark/motion-fastica/sub-11301_ses-01_task-sharedreward_run-2/sub-11301_ses-01_task-sharedreward_run-2_tedana_report.html	
11301	01	sharedreward	2	sub-11301_ses-01_task-sharedreward_run-2	2	ordinary_control	fastica	ICA_11	rejected	0.034147597588783975	22.94853237991649	24.163791864938048	0.0791347083323096	0.8128034104614702	0.7189142378245373	rejected_lowest_motion24_r2	derivatives/tedana-audit/benchmark/motion-fastica/sub-11301_ses-01_task-sharedreward_run-2/sub-11301_ses-01_task-sharedreward_run-2_desc-tedana_metrics.tsv	derivatives/tedana-audit/benchmark/motion-fastica/sub-11301_ses-01_task-sharedreward_run-2/sub-11301_ses-01_task-sharedreward_run-2_tedana_report.html	
11301	01	sharedreward	2	sub-11301_ses-01_task-sharedreward_run-2	2	ordinary_control	fastica	ICA_17	rejected	0.13140390372431138	33.38398802292157	19.15347432024201	0.9230265403099164	113.41951796002404	0.0	rejected_largest_variance	derivatives/tedana-audit/benchmark/motion-fastica/sub-11301_ses-01_task-sharedreward_run-2/sub-11301_ses-01_task-sharedreward_run-2_desc-tedana_metrics.tsv	derivatives/tedana-audit/benchmark/motion-fastica/sub-11301_ses-01_task-sharedreward_run-2/sub-11301_ses-01_task-sharedreward_run-2_tedana_report.html	
11301	01	sharedreward	2	sub-11301_ses-01_task-sharedreward_run-2	2	ordinary_control	robustica	ICA_07	rejected	0.03531231778499714	22.940963066712083	23.66164449633232	0.0771792932496509	0.791039339111585	0.746513518152254	rejected_lowest_motion24_r2	derivatives/tedana-audit/benchmark/motion-robustica/sub-11301_ses-01_task-sharedreward_run-2/sub-11301_ses-01_task-sharedreward_run-2_desc-tedana_metrics.tsv	derivatives/tedana-audit/benchmark/motion-robustica/sub-11301_ses-01_task-sharedreward_run-2/sub-11301_ses-01_task-sharedreward_run-2_tedana_report.html	
11301	01	sharedreward	2	sub-11301_ses-01_task-sharedreward_run-2	2	ordinary_control	robustica	ICA_16	accepted	0.02576715197897025	29.651052435359016	15.651491208893828	0.864368240251276	60.27705424002093	0.0	accepted_highest_motion24_r2	derivatives/tedana-audit/benchmark/motion-robustica/sub-11301_ses-01_task-sharedreward_run-2/sub-11301_ses-01_task-sharedreward_run-2_desc-tedana_metrics.tsv	derivatives/tedana-audit/benchmark/motion-robustica/sub-11301_ses-01_task-sharedreward_run-2/sub-11301_ses-01_task-sharedreward_run-2_tedana_report.html	
11301	01	sharedreward	2	sub-11301_ses-01_task-sharedreward_run-2	2	ordinary_control	robustica	ICA_30	rejected	0.1483389617532529	37.07647239112075	16.565148142362577	0.8853405128906152	73.03229672076861	0.0	rejected_largest_variance	derivatives/tedana-audit/benchmark/motion-robustica/sub-11301_ses-01_task-sharedreward_run-2/sub-11301_ses-01_task-sharedreward_run-2_desc-tedana_metrics.tsv	derivatives/tedana-audit/benchmark/motion-robustica/sub-11301_ses-01_task-sharedreward_run-2/sub-11301_ses-01_task-sharedreward_run-2_tedana_report.html	
11325	01	trust	2	sub-11325_ses-01_task-trust_run-2	1	ordinary_control	fastica	ICA_10	accepted	0.014344446150210736	22.83983815967596	15.4927713703391	0.7121967306266792	26.08636292320105	0.0	accepted_highest_motion24_r2	derivatives/tedana-audit/benchmark/motion-fastica/sub-11325_ses-01_task-trust_run-2/sub-11325_ses-01_task-trust_run-2_desc-tedana_metrics.tsv	derivatives/tedana-audit/benchmark/motion-fastica/sub-11325_ses-01_task-trust_run-2/sub-11325_ses-01_task-trust_run-2_tedana_report.html	
11325	01	trust	2	sub-11325_ses-01_task-trust_run-2	1	ordinary_control	fastica	ICA_12	rejected	0.14701226494515376	47.21366716358184	17.96286460471407	0.5882806623848978	15.062344861501083	0.0	rejected_largest_variance	derivatives/tedana-audit/benchmark/motion-fastica/sub-11325_ses-01_task-trust_run-2/sub-11325_ses-01_task-trust_run-2_desc-tedana_metrics.tsv	derivatives/tedana-audit/benchmark/motion-fastica/sub-11325_ses-01_task-trust_run-2/sub-11325_ses-01_task-trust_run-2_tedana_report.html	
11325	01	trust	2	sub-11325_ses-01_task-trust_run-2	1	ordinary_control	fastica	ICA_15	rejected	0.020864680431865935	24.022703240417023	22.317847913414248	0.1006471744702096	1.17972494674911	0.2606652117849145	rejected_lowest_motion24_r2	derivatives/tedana-audit/benchmark/motion-fastica/sub-11325_ses-01_task-trust_run-2/sub-11325_ses-01_task-trust_run-2_desc-tedana_metrics.tsv	derivatives/tedana-audit/benchmark/motion-fastica/sub-11325_ses-01_task-trust_run-2/sub-11325_ses-01_task-trust_run-2_tedana_report.html	
11325	01	trust	2	sub-11325_ses-01_task-trust_run-2	1	ordinary_control	robustica	ICA_16	rejected	0.019915934055588943	23.601406500217667	22.26814395422446	0.0968809536351124	1.1308439609162133	0.3099308895180264	rejected_lowest_motion24_r2	derivatives/tedana-audit/benchmark/motion-robustica/sub-11325_ses-01_task-trust_run-2/sub-11325_ses-01_task-trust_run-2_desc-tedana_metrics.tsv	derivatives/tedana-audit/benchmark/motion-robustica/sub-11325_ses-01_task-trust_run-2/sub-11325_ses-01_task-trust_run-2_tedana_report.html	
11325	01	trust	2	sub-11325_ses-01_task-trust_run-2	1	ordinary_control	robustica	ICA_26	accepted	0.1188337585160268	53.69913038327044	16.903486484848358	0.7605907695502427	33.490330958750526	0.0	accepted_highest_motion24_r2	derivatives/tedana-audit/benchmark/motion-robustica/sub-11325_ses-01_task-trust_run-2/sub-11325_ses-01_task-trust_run-2_desc-tedana_metrics.tsv	derivatives/tedana-audit/benchmark/motion-robustica/sub-11325_ses-01_task-trust_run-2/sub-11325_ses-01_task-trust_run-2_tedana_report.html	
11325	01	trust	2	sub-11325_ses-01_task-trust_run-2	1	ordinary_control	robustica	ICA_28	rejected	0.1554572827922871	49.60183334324834	17.09361785828794	0.5116772090106821	11.04583008995567	0.0	rejected_largest_variance	derivatives/tedana-audit/benchmark/motion-robustica/sub-11325_ses-01_task-trust_run-2/sub-11325_ses-01_task-trust_run-2_desc-tedana_metrics.tsv	derivatives/tedana-audit/benchmark/motion-robustica/sub-11325_ses-01_task-trust_run-2/sub-11325_ses-01_task-trust_run-2_tedana_report.html	
11329	01	sharedreward	1	sub-11329_ses-01_task-sharedreward_run-1	2	ordinary_control	fastica	ICA_04	rejected	0.17032457418456562	25.60258582211089	15.26569484605298	0.8391824769440027	49.35573837724701	0.0	rejected_largest_variance	derivatives/tedana-audit/benchmark/motion-fastica/sub-11329_ses-01_task-sharedreward_run-1/sub-11329_ses-01_task-sharedreward_run-1_desc-tedana_metrics.tsv	derivatives/tedana-audit/benchmark/motion-fastica/sub-11329_ses-01_task-sharedreward_run-1/sub-11329_ses-01_task-sharedreward_run-1_tedana_report.html	
11329	01	sharedreward	1	sub-11329_ses-01_task-sharedreward_run-1	2	ordinary_control	fastica	ICA_15	rejected	0.016965070543967075	20.568841877246108	23.792068006157905	0.111098556723743	1.182141383945113	0.2598506200217483	rejected_lowest_motion24_r2	derivatives/tedana-audit/benchmark/motion-fastica/sub-11329_ses-01_task-sharedreward_run-1/sub-11329_ses-01_task-sharedreward_run-1_desc-tedana_metrics.tsv	derivatives/tedana-audit/benchmark/motion-fastica/sub-11329_ses-01_task-sharedreward_run-1/sub-11329_ses-01_task-sharedreward_run-1_tedana_report.html	
11329	01	sharedreward	1	sub-11329_ses-01_task-sharedreward_run-1	2	ordinary_control	fastica	ICA_29	accepted	0.018371387492062078	15.495439207203049	11.348164107720317	0.6976321030254204	21.822544788885136	0.0	accepted_highest_motion24_r2	derivatives/tedana-audit/benchmark/motion-fastica/sub-11329_ses-01_task-sharedreward_run-1/sub-11329_ses-01_task-sharedreward_run-1_desc-tedana_metrics.tsv	derivatives/tedana-audit/benchmark/motion-fastica/sub-11329_ses-01_task-sharedreward_run-1/sub-11329_ses-01_task-sharedreward_run-1_tedana_report.html	
11329	01	sharedreward	1	sub-11329_ses-01_task-sharedreward_run-1	2	ordinary_control	robustica	ICA_07	accepted	0.015518095325470594	20.71089668124128	14.063409935946504	0.6817911754005255	20.26533427782868	0.0	accepted_highest_motion24_r2	derivatives/tedana-audit/benchmark/motion-robustica/sub-11329_ses-01_task-sharedreward_run-1/sub-11329_ses-01_task-sharedreward_run-1_desc-tedana_metrics.tsv	derivatives/tedana-audit/benchmark/motion-robustica/sub-11329_ses-01_task-sharedreward_run-1/sub-11329_ses-01_task-sharedreward_run-1_tedana_report.html	
11329	01	sharedreward	1	sub-11329_ses-01_task-sharedreward_run-1	2	ordinary_control	robustica	ICA_12	rejected	0.21679778833686889	27.142805291011385	17.190979433021862	0.8091624611579684	40.10389321142733	0.0	rejected_largest_variance	derivatives/tedana-audit/benchmark/motion-robustica/sub-11329_ses-01_task-sharedreward_run-1/sub-11329_ses-01_task-sharedreward_run-1_desc-tedana_metrics.tsv	derivatives/tedana-audit/benchmark/motion-robustica/sub-11329_ses-01_task-sharedreward_run-1/sub-11329_ses-01_task-sharedreward_run-1_tedana_report.html	
11329	01	sharedreward	1	sub-11329_ses-01_task-sharedreward_run-1	2	ordinary_control	robustica	ICA_15	rejected	0.017843704866885066	20.94793456226298	24.10710683626498	0.1107614091631796	1.1781071347220886	0.2636688951309216	rejected_lowest_motion24_r2	derivatives/tedana-audit/benchmark/motion-robustica/sub-11329_ses-01_task-sharedreward_run-1/sub-11329_ses-01_task-sharedreward_run-1_desc-tedana_metrics.tsv	derivatives/tedana-audit/benchmark/motion-robustica/sub-11329_ses-01_task-sharedreward_run-1/sub-11329_ses-01_task-sharedreward_run-1_tedana_report.html	
11340	01	ugr	1	sub-11340_ses-01_task-ugr_run-1	2	ordinary_control	fastica	ICA_01	rejected	0.24456215339241752	43.916718806489854	17.266221683949453	0.84575910384942	48.436389248605366	0.0	rejected_largest_variance	derivatives/tedana-audit/benchmark/motion-fastica/sub-11340_ses-01_task-ugr_run-1/sub-11340_ses-01_task-ugr_run-1_desc-tedana_metrics.tsv	derivatives/tedana-audit/benchmark/motion-fastica/sub-11340_ses-01_task-ugr_run-1/sub-11340_ses-01_task-ugr_run-1_tedana_report.html	
11340	01	ugr	1	sub-11340_ses-01_task-ugr_run-1	2	ordinary_control	fastica	ICA_20	rejected	0.011249269677601176	20.73723583678255	22.454939584329303	0.1903572878796945	2.076828891434252	0.0033257120287925	rejected_lowest_motion24_r2	derivatives/tedana-audit/benchmark/motion-fastica/sub-11340_ses-01_task-ugr_run-1/sub-11340_ses-01_task-ugr_run-1_desc-tedana_metrics.tsv	derivatives/tedana-audit/benchmark/motion-fastica/sub-11340_ses-01_task-ugr_run-1/sub-11340_ses-01_task-ugr_run-1_tedana_report.html	
11340	01	ugr	1	sub-11340_ses-01_task-ugr_run-1	2	ordinary_control	fastica	ICA_27	accepted	0.016915718247446934	26.11132867675561	17.128092423240755	0.8864981285273518	68.9921088265521	0.0	accepted_highest_motion24_r2	derivatives/tedana-audit/benchmark/motion-fastica/sub-11340_ses-01_task-ugr_run-1/sub-11340_ses-01_task-ugr_run-1_desc-tedana_metrics.tsv	derivatives/tedana-audit/benchmark/motion-fastica/sub-11340_ses-01_task-ugr_run-1/sub-11340_ses-01_task-ugr_run-1_tedana_report.html	
11340	01	ugr	1	sub-11340_ses-01_task-ugr_run-1	2	ordinary_control	robustica	ICA_00	accepted	0.11841182796682431	42.06482907596117	15.543878393495	0.9464952127811724	156.26092818024267	0.0	accepted_highest_motion24_r2	derivatives/tedana-audit/benchmark/motion-robustica/sub-11340_ses-01_task-ugr_run-1/sub-11340_ses-01_task-ugr_run-1_desc-tedana_metrics.tsv	derivatives/tedana-audit/benchmark/motion-robustica/sub-11340_ses-01_task-ugr_run-1/sub-11340_ses-01_task-ugr_run-1_tedana_report.html	
11340	01	ugr	1	sub-11340_ses-01_task-ugr_run-1	2	ordinary_control	robustica	ICA_01	rejected	0.37281594295258763	50.77140069351153	16.7137506986526	0.927840100552169	113.57999319464383	0.0	rejected_largest_variance	derivatives/tedana-audit/benchmark/motion-robustica/sub-11340_ses-01_task-ugr_run-1/sub-11340_ses-01_task-ugr_run-1_desc-tedana_metrics.tsv	derivatives/tedana-audit/benchmark/motion-robustica/sub-11340_ses-01_task-ugr_run-1/sub-11340_ses-01_task-ugr_run-1_tedana_report.html	
11340	01	ugr	1	sub-11340_ses-01_task-ugr_run-1	2	ordinary_control	robustica	ICA_15	rejected	0.012550520499090665	25.811744001362623	27.722336351319896	0.2017149061101705	2.232053457607313	0.0013475284275524	rejected_lowest_motion24_r2	derivatives/tedana-audit/benchmark/motion-robustica/sub-11340_ses-01_task-ugr_run-1/sub-11340_ses-01_task-ugr_run-1_desc-tedana_metrics.tsv	derivatives/tedana-audit/benchmark/motion-robustica/sub-11340_ses-01_task-ugr_run-1/sub-11340_ses-01_task-ugr_run-1_tedana_report.html	
11410	01	socialdoors	1	sub-11410_ses-01_task-socialdoors_run-1	1	ordinary_control	fastica	ICA_15	rejected	0.007243013441117694	12.574229514022932	16.365628168272544	0.1428962787728777	1.3268128353699402	0.1507025573631695	rejected_lowest_motion24_r2	derivatives/tedana-audit/benchmark/motion-fastica/sub-11410_ses-01_task-socialdoors_run-1/sub-11410_ses-01_task-socialdoors_run-1_desc-tedana_metrics.tsv	derivatives/tedana-audit/benchmark/motion-fastica/sub-11410_ses-01_task-socialdoors_run-1/sub-11410_ses-01_task-socialdoors_run-1_tedana_report.html	
11410	01	socialdoors	1	sub-11410_ses-01_task-socialdoors_run-1	1	ordinary_control	fastica	ICA_24	rejected	0.28367905070682625	40.010303206064265	17.52565144813827	0.9880106925339162	655.8275738882809	0.0	rejected_largest_variance	derivatives/tedana-audit/benchmark/motion-fastica/sub-11410_ses-01_task-socialdoors_run-1/sub-11410_ses-01_task-socialdoors_run-1_desc-tedana_metrics.tsv	derivatives/tedana-audit/benchmark/motion-fastica/sub-11410_ses-01_task-socialdoors_run-1/sub-11410_ses-01_task-socialdoors_run-1_tedana_report.html	
11410	01	socialdoors	1	sub-11410_ses-01_task-socialdoors_run-1	1	ordinary_control	fastica	ICA_29	accepted	0.011678038954014586	21.90805190251876	18.76849337696076	0.7312727180042775	21.656573177945305	0.0	accepted_highest_motion24_r2	derivatives/tedana-audit/benchmark/motion-fastica/sub-11410_ses-01_task-socialdoors_run-1/sub-11410_ses-01_task-socialdoors_run-1_desc-tedana_metrics.tsv	derivatives/tedana-audit/benchmark/motion-fastica/sub-11410_ses-01_task-socialdoors_run-1/sub-11410_ses-01_task-socialdoors_run-1_tedana_report.html	
11410	01	socialdoors	1	sub-11410_ses-01_task-socialdoors_run-1	1	ordinary_control	robustica	ICA_05	accepted	0.025246994825952485	37.62648555868228	15.25882605377181	0.9012458661798748	72.62901046160054	0.0	accepted_highest_motion24_r2	derivatives/tedana-audit/benchmark/motion-robustica/sub-11410_ses-01_task-socialdoors_run-1/sub-11410_ses-01_task-socialdoors_run-1_desc-tedana_metrics.tsv	derivatives/tedana-audit/benchmark/motion-robustica/sub-11410_ses-01_task-socialdoors_run-1/sub-11410_ses-01_task-socialdoors_run-1_tedana_report.html	
11410	01	socialdoors	1	sub-11410_ses-01_task-socialdoors_run-1	1	ordinary_control	robustica	ICA_07	rejected	0.0076803731736235	13.35992090182566	17.131082617734904	0.1263092778521977	1.1505345206931876	0.2932465248212734	rejected_lowest_motion24_r2	derivatives/tedana-audit/benchmark/motion-robustica/sub-11410_ses-01_task-socialdoors_run-1/sub-11410_ses-01_task-socialdoors_run-1_desc-tedana_metrics.tsv	derivatives/tedana-audit/benchmark/motion-robustica/sub-11410_ses-01_task-socialdoors_run-1/sub-11410_ses-01_task-socialdoors_run-1_tedana_report.html	
11410	01	socialdoors	1	sub-11410_ses-01_task-socialdoors_run-1	1	ordinary_control	robustica	ICA_27	rejected	0.3104851301000268	40.065837944383496	17.53565320763574	0.9884154979153396	679.0227104071097	0.0	rejected_largest_variance	derivatives/tedana-audit/benchmark/motion-robustica/sub-11410_ses-01_task-socialdoors_run-1/sub-11410_ses-01_task-socialdoors_run-1_desc-tedana_metrics.tsv	derivatives/tedana-audit/benchmark/motion-robustica/sub-11410_ses-01_task-socialdoors_run-1/sub-11410_ses-01_task-socialdoors_run-1_tedana_report.html	
11433	01	socialdoors	1	sub-11433_ses-01_task-socialdoors_run-1	1	ordinary_control	fastica	ICA_09	accepted	0.030490556833326642	22.17049355023412	16.576085152340536	0.8990821595678836	70.90119536106639	0.0	accepted_highest_motion24_r2	derivatives/tedana-audit/benchmark/motion-fastica/sub-11433_ses-01_task-socialdoors_run-1/sub-11433_ses-01_task-socialdoors_run-1_desc-tedana_metrics.tsv	derivatives/tedana-audit/benchmark/motion-fastica/sub-11433_ses-01_task-socialdoors_run-1/sub-11433_ses-01_task-socialdoors_run-1_tedana_report.html	
11433	01	socialdoors	1	sub-11433_ses-01_task-socialdoors_run-1	1	ordinary_control	fastica	ICA_20	rejected	0.027449334764919446	20.357765776257523	25.05312027033376	0.1254592962566041	1.1416814507337498	0.3022624105784495	rejected_lowest_motion24_r2	derivatives/tedana-audit/benchmark/motion-fastica/sub-11433_ses-01_task-socialdoors_run-1/sub-11433_ses-01_task-socialdoors_run-1_desc-tedana_metrics.tsv	derivatives/tedana-audit/benchmark/motion-fastica/sub-11433_ses-01_task-socialdoors_run-1/sub-11433_ses-01_task-socialdoors_run-1_tedana_report.html	
11433	01	socialdoors	1	sub-11433_ses-01_task-socialdoors_run-1	1	ordinary_control	fastica	ICA_22	rejected	0.10239463228389713	29.960171928155383	16.665402188837025	0.6895148994933804	17.673599794368112	0.0	rejected_largest_variance	derivatives/tedana-audit/benchmark/motion-fastica/sub-11433_ses-01_task-socialdoors_run-1/sub-11433_ses-01_task-socialdoors_run-1_desc-tedana_metrics.tsv	derivatives/tedana-audit/benchmark/motion-fastica/sub-11433_ses-01_task-socialdoors_run-1/sub-11433_ses-01_task-socialdoors_run-1_tedana_report.html	
11433	01	socialdoors	1	sub-11433_ses-01_task-socialdoors_run-1	1	ordinary_control	robustica	ICA_13	accepted	0.049194618649275455	24.91988944656002	19.012997053960007	0.9015887456847982	72.90978880078306	0.0	accepted_highest_motion24_r2	derivatives/tedana-audit/benchmark/motion-robustica/sub-11433_ses-01_task-socialdoors_run-1/sub-11433_ses-01_task-socialdoors_run-1_desc-tedana_metrics.tsv	derivatives/tedana-audit/benchmark/motion-robustica/sub-11433_ses-01_task-socialdoors_run-1/sub-11433_ses-01_task-socialdoors_run-1_tedana_report.html	
11433	01	socialdoors	1	sub-11433_ses-01_task-socialdoors_run-1	1	ordinary_control	robustica	ICA_14	rejected	0.07123743997320774	23.00707370522472	25.340898139724583	0.17189995244192	1.652019131687102	0.0342932671473563	rejected_largest_variance	derivatives/tedana-audit/benchmark/motion-robustica/sub-11433_ses-01_task-socialdoors_run-1/sub-11433_ses-01_task-socialdoors_run-1_desc-tedana_metrics.tsv	derivatives/tedana-audit/benchmark/motion-robustica/sub-11433_ses-01_task-socialdoors_run-1/sub-11433_ses-01_task-socialdoors_run-1_tedana_report.html	
11433	01	socialdoors	1	sub-11433_ses-01_task-socialdoors_run-1	1	ordinary_control	robustica	ICA_15	rejected	0.03308130413112142	16.70167460168432	24.159827974183493	0.1272763973878083	1.160628626115062	0.2831829188959778	rejected_lowest_motion24_r2	derivatives/tedana-audit/benchmark/motion-robustica/sub-11433_ses-01_task-socialdoors_run-1/sub-11433_ses-01_task-socialdoors_run-1_desc-tedana_metrics.tsv	derivatives/tedana-audit/benchmark/motion-robustica/sub-11433_ses-01_task-socialdoors_run-1/sub-11433_ses-01_task-socialdoors_run-1_tedana_report.html	
11440	01	ugr	1	sub-11440_ses-01_task-ugr_run-1	1	ordinary_control	fastica	ICA_23	accepted	0.125224935574126	50.68297741122717	20.751776880951954	0.9806481531533092	449.7375588068926	0.0	accepted_highest_motion24_r2	derivatives/tedana-audit/benchmark/motion-fastica/sub-11440_ses-01_task-ugr_run-1/sub-11440_ses-01_task-ugr_run-1_desc-tedana_metrics.tsv	derivatives/tedana-audit/benchmark/motion-fastica/sub-11440_ses-01_task-ugr_run-1/sub-11440_ses-01_task-ugr_run-1_tedana_report.html	
11440	01	ugr	1	sub-11440_ses-01_task-ugr_run-1	1	ordinary_control	fastica	ICA_25	rejected	0.19603216123616762	45.51060737451033	15.77398747448976	0.9855292698364116	604.4319927826781	0.0	rejected_largest_variance	derivatives/tedana-audit/benchmark/motion-fastica/sub-11440_ses-01_task-ugr_run-1/sub-11440_ses-01_task-ugr_run-1_desc-tedana_metrics.tsv	derivatives/tedana-audit/benchmark/motion-fastica/sub-11440_ses-01_task-ugr_run-1/sub-11440_ses-01_task-ugr_run-1_tedana_report.html	
11440	01	ugr	1	sub-11440_ses-01_task-ugr_run-1	1	ordinary_control	fastica	ICA_32	rejected	0.01870716777613357	24.55026297591668	27.82129121212116	0.0882614704647842	0.8591504307427702	0.6575005175408469	rejected_lowest_motion24_r2	derivatives/tedana-audit/benchmark/motion-fastica/sub-11440_ses-01_task-ugr_run-1/sub-11440_ses-01_task-ugr_run-1_desc-tedana_metrics.tsv	derivatives/tedana-audit/benchmark/motion-fastica/sub-11440_ses-01_task-ugr_run-1/sub-11440_ses-01_task-ugr_run-1_tedana_report.html	
11440	01	ugr	1	sub-11440_ses-01_task-ugr_run-1	1	ordinary_control	robustica	ICA_09	accepted	0.10453038712074311	47.34192050979628	19.83779553607447	0.9775376449172578	386.2304983908912	0.0	accepted_highest_motion24_r2	derivatives/tedana-audit/benchmark/motion-robustica/sub-11440_ses-01_task-ugr_run-1/sub-11440_ses-01_task-ugr_run-1_desc-tedana_metrics.tsv	derivatives/tedana-audit/benchmark/motion-robustica/sub-11440_ses-01_task-ugr_run-1/sub-11440_ses-01_task-ugr_run-1_tedana_report.html	
11440	01	ugr	1	sub-11440_ses-01_task-ugr_run-1	1	ordinary_control	robustica	ICA_14	rejected	0.1752752607476688	43.20120718724032	16.00557317272889	0.9868273952693418	664.8717783683035	0.0	rejected_largest_variance	derivatives/tedana-audit/benchmark/motion-robustica/sub-11440_ses-01_task-ugr_run-1/sub-11440_ses-01_task-ugr_run-1_desc-tedana_metrics.tsv	derivatives/tedana-audit/benchmark/motion-robustica/sub-11440_ses-01_task-ugr_run-1/sub-11440_ses-01_task-ugr_run-1_tedana_report.html	
11440	01	ugr	1	sub-11440_ses-01_task-ugr_run-1	1	ordinary_control	robustica	ICA_22	rejected	0.012761530141097982	22.74061409222258	23.01826319908574	0.0827516904017704	0.8006787743630743	0.7340365054369742	rejected_lowest_motion24_r2	derivatives/tedana-audit/benchmark/motion-robustica/sub-11440_ses-01_task-ugr_run-1/sub-11440_ses-01_task-ugr_run-1_desc-tedana_metrics.tsv	derivatives/tedana-audit/benchmark/motion-robustica/sub-11440_ses-01_task-ugr_run-1/sub-11440_ses-01_task-ugr_run-1_tedana_report.html	
11451	01	doors	1	sub-11451_ses-01_task-doors_run-1	4	ordinary_control	fastica	ICA_00	rejected	0.030186749024358424	23.5701716377152	22.345450498672307	0.0563201111667459	0.4675040862478997	0.9847429305427297	rejected_lowest_motion24_r2	derivatives/tedana-audit/benchmark/motion-fastica/sub-11451_ses-01_task-doors_run-1/sub-11451_ses-01_task-doors_run-1_desc-tedana_metrics.tsv	derivatives/tedana-audit/benchmark/motion-fastica/sub-11451_ses-01_task-doors_run-1/sub-11451_ses-01_task-doors_run-1_tedana_report.html	
11451	01	doors	1	sub-11451_ses-01_task-doors_run-1	4	ordinary_control	fastica	ICA_09	rejected	0.20519168209899447	50.52466817168935	25.91979351430056	0.954053132429524	162.65344297014582	0.0	rejected_largest_variance	derivatives/tedana-audit/benchmark/motion-fastica/sub-11451_ses-01_task-doors_run-1/sub-11451_ses-01_task-doors_run-1_desc-tedana_metrics.tsv	derivatives/tedana-audit/benchmark/motion-fastica/sub-11451_ses-01_task-doors_run-1/sub-11451_ses-01_task-doors_run-1_tedana_report.html	
11451	01	doors	1	sub-11451_ses-01_task-doors_run-1	4	ordinary_control	fastica	ICA_21	accepted	0.021743211605043566	21.18980127999409	15.656176871458811	0.9197821871821572	89.81746339333777	0.0	accepted_highest_motion24_r2	derivatives/tedana-audit/benchmark/motion-fastica/sub-11451_ses-01_task-doors_run-1/sub-11451_ses-01_task-doors_run-1_desc-tedana_metrics.tsv	derivatives/tedana-audit/benchmark/motion-fastica/sub-11451_ses-01_task-doors_run-1/sub-11451_ses-01_task-doors_run-1_tedana_report.html	
11451	01	doors	1	sub-11451_ses-01_task-doors_run-1	4	ordinary_control	robustica	ICA_11	rejected	0.02942265605033251	23.565848811636528	22.38114930753846	0.0555122641547071	0.4604041457697662	0.9862421871810806	rejected_lowest_motion24_r2	derivatives/tedana-audit/benchmark/motion-robustica/sub-11451_ses-01_task-doors_run-1/sub-11451_ses-01_task-doors_run-1_desc-tedana_metrics.tsv	derivatives/tedana-audit/benchmark/motion-robustica/sub-11451_ses-01_task-doors_run-1/sub-11451_ses-01_task-doors_run-1_tedana_report.html	
11451	01	doors	1	sub-11451_ses-01_task-doors_run-1	4	ordinary_control	robustica	ICA_18	rejected	0.2014014523724264	49.22856941590226	25.837062532221847	0.9555357225838292	168.3380516194895	0.0	rejected_largest_variance	derivatives/tedana-audit/benchmark/motion-robustica/sub-11451_ses-01_task-doors_run-1/sub-11451_ses-01_task-doors_run-1_desc-tedana_metrics.tsv	derivatives/tedana-audit/benchmark/motion-robustica/sub-11451_ses-01_task-doors_run-1/sub-11451_ses-01_task-doors_run-1_tedana_report.html	
11451	01	doors	1	sub-11451_ses-01_task-doors_run-1	4	ordinary_control	robustica	ICA_21	accepted	0.02434778529334985	32.911126011394444	16.125678833930394	0.8029233786830877	31.91432055371405	0.0	accepted_highest_motion24_r2	derivatives/tedana-audit/benchmark/motion-robustica/sub-11451_ses-01_task-doors_run-1/sub-11451_ses-01_task-doors_run-1_desc-tedana_metrics.tsv	derivatives/tedana-audit/benchmark/motion-robustica/sub-11451_ses-01_task-doors_run-1/sub-11451_ses-01_task-doors_run-1_tedana_report.html	
11451	01	ugr	2	sub-11451_ses-01_task-ugr_run-2	2	ordinary_control	fastica	ICA_08	accepted	0.01239482408664959	24.34642867463194	16.094496311195602	0.6228542150073737	14.588202011430068	0.0	accepted_highest_motion24_r2	derivatives/tedana-audit/benchmark/motion-fastica/sub-11451_ses-01_task-ugr_run-2/sub-11451_ses-01_task-ugr_run-2_desc-tedana_metrics.tsv	derivatives/tedana-audit/benchmark/motion-fastica/sub-11451_ses-01_task-ugr_run-2/sub-11451_ses-01_task-ugr_run-2_tedana_report.html	
11451	01	ugr	2	sub-11451_ses-01_task-ugr_run-2	2	ordinary_control	fastica	ICA_22	rejected	0.022082604825378046	22.61952525619558	22.85174206670593	0.2073766352441556	2.311093800800302	0.0008426626441798	rejected_lowest_motion24_r2	derivatives/tedana-audit/benchmark/motion-fastica/sub-11451_ses-01_task-ugr_run-2/sub-11451_ses-01_task-ugr_run-2_desc-tedana_metrics.tsv	derivatives/tedana-audit/benchmark/motion-fastica/sub-11451_ses-01_task-ugr_run-2/sub-11451_ses-01_task-ugr_run-2_tedana_report.html	
11451	01	ugr	2	sub-11451_ses-01_task-ugr_run-2	2	ordinary_control	fastica	ICA_29	rejected	0.27570260795823415	57.74503832634545	19.14421010359809	0.9822909678408394	489.9705117296479	0.0	rejected_largest_variance	derivatives/tedana-audit/benchmark/motion-fastica/sub-11451_ses-01_task-ugr_run-2/sub-11451_ses-01_task-ugr_run-2_desc-tedana_metrics.tsv	derivatives/tedana-audit/benchmark/motion-fastica/sub-11451_ses-01_task-ugr_run-2/sub-11451_ses-01_task-ugr_run-2_tedana_report.html	
11451	01	ugr	2	sub-11451_ses-01_task-ugr_run-2	2	ordinary_control	robustica	ICA_04	rejected	0.022502204441022404	22.18234474337239	23.038302548123617	0.1983246276099204	2.185258028651535	0.0017742253797581	rejected_lowest_motion24_r2	derivatives/tedana-audit/benchmark/motion-robustica/sub-11451_ses-01_task-ugr_run-2/sub-11451_ses-01_task-ugr_run-2_desc-tedana_metrics.tsv	derivatives/tedana-audit/benchmark/motion-robustica/sub-11451_ses-01_task-ugr_run-2/sub-11451_ses-01_task-ugr_run-2_tedana_report.html	
11451	01	ugr	2	sub-11451_ses-01_task-ugr_run-2	2	ordinary_control	robustica	ICA_06	rejected	0.24298252574838625	45.112094537296656	21.99394915662908	0.976012718747323	359.4173758773032	0.0	rejected_largest_variance	derivatives/tedana-audit/benchmark/motion-robustica/sub-11451_ses-01_task-ugr_run-2/sub-11451_ses-01_task-ugr_run-2_desc-tedana_metrics.tsv	derivatives/tedana-audit/benchmark/motion-robustica/sub-11451_ses-01_task-ugr_run-2/sub-11451_ses-01_task-ugr_run-2_tedana_report.html	
11451	01	ugr	2	sub-11451_ses-01_task-ugr_run-2	2	ordinary_control	robustica	ICA_15	accepted	0.03810046524973944	44.81506280246919	41.88582922545609	0.6826803521632052	19.00400164907699	0.0	accepted_highest_motion24_r2	derivatives/tedana-audit/benchmark/motion-robustica/sub-11451_ses-01_task-ugr_run-2/sub-11451_ses-01_task-ugr_run-2_desc-tedana_metrics.tsv	derivatives/tedana-audit/benchmark/motion-robustica/sub-11451_ses-01_task-ugr_run-2/sub-11451_ses-01_task-ugr_run-2_tedana_report.html	
11518	01	socialdoors	1	sub-11518_ses-01_task-socialdoors_run-1	1	ordinary_control	fastica	ICA_15	rejected	0.1659440998338501	50.05437358086238	20.23447476138216	0.881078025594032	58.96229570168168	0.0	rejected_largest_variance	derivatives/tedana-audit/benchmark/motion-fastica/sub-11518_ses-01_task-socialdoors_run-1/sub-11518_ses-01_task-socialdoors_run-1_desc-tedana_metrics.tsv	derivatives/tedana-audit/benchmark/motion-fastica/sub-11518_ses-01_task-socialdoors_run-1/sub-11518_ses-01_task-socialdoors_run-1_tedana_report.html	
11518	01	socialdoors	1	sub-11518_ses-01_task-socialdoors_run-1	1	ordinary_control	fastica	ICA_27	accepted	0.045555465748759856	37.04379100712881	23.616624458670707	0.9487686153298934	147.38264338590446	0.0	accepted_highest_motion24_r2	derivatives/tedana-audit/benchmark/motion-fastica/sub-11518_ses-01_task-socialdoors_run-1/sub-11518_ses-01_task-socialdoors_run-1_desc-tedana_metrics.tsv	derivatives/tedana-audit/benchmark/motion-fastica/sub-11518_ses-01_task-socialdoors_run-1/sub-11518_ses-01_task-socialdoors_run-1_tedana_report.html	
11518	01	socialdoors	1	sub-11518_ses-01_task-socialdoors_run-1	1	ordinary_control	fastica	ICA_28	rejected	0.018212671997645976	22.694783660227408	28.99564760943243	0.2003017389458603	1.9933368414184327	0.0057010007692767	rejected_lowest_motion24_r2	derivatives/tedana-audit/benchmark/motion-fastica/sub-11518_ses-01_task-socialdoors_run-1/sub-11518_ses-01_task-socialdoors_run-1_desc-tedana_metrics.tsv	derivatives/tedana-audit/benchmark/motion-fastica/sub-11518_ses-01_task-socialdoors_run-1/sub-11518_ses-01_task-socialdoors_run-1_tedana_report.html	
11518	01	socialdoors	1	sub-11518_ses-01_task-socialdoors_run-1	1	ordinary_control	robustica	ICA_09	rejected	0.21285995962492413	49.01794554634043	21.33152270667224	0.8371282120504444	40.90423171567426	0.0	rejected_largest_variance	derivatives/tedana-audit/benchmark/motion-robustica/sub-11518_ses-01_task-socialdoors_run-1/sub-11518_ses-01_task-socialdoors_run-1_desc-tedana_metrics.tsv	derivatives/tedana-audit/benchmark/motion-robustica/sub-11518_ses-01_task-socialdoors_run-1/sub-11518_ses-01_task-socialdoors_run-1_tedana_report.html	
11518	01	socialdoors	1	sub-11518_ses-01_task-socialdoors_run-1	1	ordinary_control	robustica	ICA_11	accepted	0.05499457151065061	37.29085861782534	25.89923520574588	0.9551021997525287	169.29608201592615	0.0	accepted_highest_motion24_r2	derivatives/tedana-audit/benchmark/motion-robustica/sub-11518_ses-01_task-socialdoors_run-1/sub-11518_ses-01_task-socialdoors_run-1_desc-tedana_metrics.tsv	derivatives/tedana-audit/benchmark/motion-robustica/sub-11518_ses-01_task-socialdoors_run-1/sub-11518_ses-01_task-socialdoors_run-1_tedana_report.html	
11518	01	socialdoors	1	sub-11518_ses-01_task-socialdoors_run-1	1	ordinary_control	robustica	ICA_15	rejected	0.0170786878085639	22.15697255919996	27.11624626026485	0.2095648969781766	2.1099610818675174	0.0029706606396809	rejected_lowest_motion24_r2	derivatives/tedana-audit/benchmark/motion-robustica/sub-11518_ses-01_task-socialdoors_run-1/sub-11518_ses-01_task-socialdoors_run-1_desc-tedana_metrics.tsv	derivatives/tedana-audit/benchmark/motion-robustica/sub-11518_ses-01_task-socialdoors_run-1/sub-11518_ses-01_task-socialdoors_run-1_tedana_report.html	
11526	01	doors	1	sub-11526_ses-01_task-doors_run-1	1	high_rejected_count_low_motion	fastica	ICA_02	accepted	0.04307502806722632	26.22773245605593	21.653125624963344	0.6572685601616233	15.261985576091137	0.0	accepted_highest_motion24_r2	derivatives/tedana-audit/benchmark/motion-fastica/sub-11526_ses-01_task-doors_run-1/sub-11526_ses-01_task-doors_run-1_desc-tedana_metrics.tsv	derivatives/tedana-audit/benchmark/motion-fastica/sub-11526_ses-01_task-doors_run-1/sub-11526_ses-01_task-doors_run-1_tedana_report.html	
11526	01	doors	1	sub-11526_ses-01_task-doors_run-1	1	high_rejected_count_low_motion	fastica	ICA_04	rejected	0.05571647709318326	29.18276659197544	24.567130443222528	0.1540357592075143	1.4490777008234943	0.0893078024678377	rejected_lowest_motion24_r2	derivatives/tedana-audit/benchmark/motion-fastica/sub-11526_ses-01_task-doors_run-1/sub-11526_ses-01_task-doors_run-1_desc-tedana_metrics.tsv	derivatives/tedana-audit/benchmark/motion-fastica/sub-11526_ses-01_task-doors_run-1/sub-11526_ses-01_task-doors_run-1_tedana_report.html	
11526	01	doors	1	sub-11526_ses-01_task-doors_run-1	1	high_rejected_count_low_motion	fastica	ICA_12	rejected	0.23607121992082733	71.26842459446907	20.19730397078145	0.4172186547607861	5.697445799519111	9.360290320614697e-13	rejected_largest_variance	derivatives/tedana-audit/benchmark/motion-fastica/sub-11526_ses-01_task-doors_run-1/sub-11526_ses-01_task-doors_run-1_desc-tedana_metrics.tsv	derivatives/tedana-audit/benchmark/motion-fastica/sub-11526_ses-01_task-doors_run-1/sub-11526_ses-01_task-doors_run-1_tedana_report.html	
11526	01	doors	1	sub-11526_ses-01_task-doors_run-1	1	high_rejected_count_low_motion	robustica	ICA_0	accepted	0.063436090082143	36.09186054449534	23.969355526192714	0.6818369737321428	17.055048726445413	0.0	accepted_highest_motion24_r2	derivatives/tedana-audit/benchmark/motion-robustica/sub-11526_ses-01_task-doors_run-1/sub-11526_ses-01_task-doors_run-1_desc-tedana_metrics.tsv	derivatives/tedana-audit/benchmark/motion-robustica/sub-11526_ses-01_task-doors_run-1/sub-11526_ses-01_task-doors_run-1_tedana_report.html	
11526	01	doors	1	sub-11526_ses-01_task-doors_run-1	1	high_rejected_count_low_motion	robustica	ICA_5	rejected	0.07695835683632243	29.74499476555152	26.96429157559828	0.1646637523812769	1.5687683051026868	0.0513944918970594	rejected_lowest_motion24_r2	derivatives/tedana-audit/benchmark/motion-robustica/sub-11526_ses-01_task-doors_run-1/sub-11526_ses-01_task-doors_run-1_desc-tedana_metrics.tsv	derivatives/tedana-audit/benchmark/motion-robustica/sub-11526_ses-01_task-doors_run-1/sub-11526_ses-01_task-doors_run-1_tedana_report.html	
11526	01	doors	1	sub-11526_ses-01_task-doors_run-1	1	high_rejected_count_low_motion	robustica	ICA_7	rejected	0.5016649756477111	87.61039013075946	15.98596927820194	0.4275367207059457	5.943577271565775	2.2071233729548117e-13	rejected_largest_variance	derivatives/tedana-audit/benchmark/motion-robustica/sub-11526_ses-01_task-doors_run-1/sub-11526_ses-01_task-doors_run-1_desc-tedana_metrics.tsv	derivatives/tedana-audit/benchmark/motion-robustica/sub-11526_ses-01_task-doors_run-1/sub-11526_ses-01_task-doors_run-1_tedana_report.html	
11526	01	ugr	1	sub-11526_ses-01_task-ugr_run-1	2	high_rejected_count_low_motion	fastica	ICA_03	accepted	0.027294826579747862	26.53167962879984	21.71243885644064	0.8296657599842471	43.02549042703573	0.0	accepted_highest_motion24_r2	derivatives/tedana-audit/benchmark/motion-fastica/sub-11526_ses-01_task-ugr_run-1/sub-11526_ses-01_task-ugr_run-1_desc-tedana_metrics.tsv	derivatives/tedana-audit/benchmark/motion-fastica/sub-11526_ses-01_task-ugr_run-1/sub-11526_ses-01_task-ugr_run-1_tedana_report.html	
11526	01	ugr	1	sub-11526_ses-01_task-ugr_run-1	2	high_rejected_count_low_motion	fastica	ICA_05	rejected	0.06435539919242317	31.57651848637286	20.89417666011936	0.5295208479463036	9.941852123396904	0.0	rejected_largest_variance	derivatives/tedana-audit/benchmark/motion-fastica/sub-11526_ses-01_task-ugr_run-1/sub-11526_ses-01_task-ugr_run-1_desc-tedana_metrics.tsv	derivatives/tedana-audit/benchmark/motion-fastica/sub-11526_ses-01_task-ugr_run-1/sub-11526_ses-01_task-ugr_run-1_tedana_report.html	
11526	01	ugr	1	sub-11526_ses-01_task-ugr_run-1	2	high_rejected_count_low_motion	fastica	ICA_09	rejected	0.03399764008020021	28.78189760877525	25.93129632896932	0.1499948569284576	1.5587606502554912	0.0524967851294613	rejected_lowest_motion24_r2	derivatives/tedana-audit/benchmark/motion-fastica/sub-11526_ses-01_task-ugr_run-1/sub-11526_ses-01_task-ugr_run-1_desc-tedana_metrics.tsv	derivatives/tedana-audit/benchmark/motion-fastica/sub-11526_ses-01_task-ugr_run-1/sub-11526_ses-01_task-ugr_run-1_tedana_report.html	
11526	01	ugr	1	sub-11526_ses-01_task-ugr_run-1	2	high_rejected_count_low_motion	robustica	ICA_06	rejected	0.041783642375558754	29.67664811029462	26.15681229775937	0.1866091317352698	2.026554179515401	0.0044294362747917	rejected_lowest_motion24_r2	derivatives/tedana-audit/benchmark/motion-robustica/sub-11526_ses-01_task-ugr_run-1/sub-11526_ses-01_task-ugr_run-1_desc-tedana_metrics.tsv	derivatives/tedana-audit/benchmark/motion-robustica/sub-11526_ses-01_task-ugr_run-1/sub-11526_ses-01_task-ugr_run-1_tedana_report.html	
11526	01	ugr	1	sub-11526_ses-01_task-ugr_run-1	2	high_rejected_count_low_motion	robustica	ICA_08	accepted	0.026508072786982077	25.9441157547496	19.899971151155576	0.8275461688702095	42.38810532919933	0.0	accepted_highest_motion24_r2	derivatives/tedana-audit/benchmark/motion-robustica/sub-11526_ses-01_task-ugr_run-1/sub-11526_ses-01_task-ugr_run-1_desc-tedana_metrics.tsv	derivatives/tedana-audit/benchmark/motion-robustica/sub-11526_ses-01_task-ugr_run-1/sub-11526_ses-01_task-ugr_run-1_tedana_report.html	
11526	01	ugr	1	sub-11526_ses-01_task-ugr_run-1	2	high_rejected_count_low_motion	robustica	ICA_20	rejected	0.1128018348874752	39.53514941752494	18.85749380033103	0.4698164709622935	7.827563977765722	0.0	rejected_largest_variance	derivatives/tedana-audit/benchmark/motion-robustica/sub-11526_ses-01_task-ugr_run-1/sub-11526_ses-01_task-ugr_run-1_desc-tedana_metrics.tsv	derivatives/tedana-audit/benchmark/motion-robustica/sub-11526_ses-01_task-ugr_run-1/sub-11526_ses-01_task-ugr_run-1_tedana_report.html	
11527	01	socialdoors	1	sub-11527_ses-01_task-socialdoors_run-1	0	nss_zero_control	fastica	ICA_10	rejected	0.15240544776699316	60.70510278866174	21.49154102136185	0.7881863281319568	29.769044507116995	0.0	rejected_largest_variance	derivatives/tedana-audit/benchmark/motion-fastica/sub-11527_ses-01_task-socialdoors_run-1/sub-11527_ses-01_task-socialdoors_run-1_desc-tedana_metrics.tsv	derivatives/tedana-audit/benchmark/motion-fastica/sub-11527_ses-01_task-socialdoors_run-1/sub-11527_ses-01_task-socialdoors_run-1_tedana_report.html	
11527	01	socialdoors	1	sub-11527_ses-01_task-socialdoors_run-1	0	nss_zero_control	fastica	ICA_17	rejected	0.012107645328074457	18.4966492926468	23.264213942183147	0.1261905323570836	1.1553139399826386	0.2883716099472818	rejected_lowest_motion24_r2	derivatives/tedana-audit/benchmark/motion-fastica/sub-11527_ses-01_task-socialdoors_run-1/sub-11527_ses-01_task-socialdoors_run-1_desc-tedana_metrics.tsv	derivatives/tedana-audit/benchmark/motion-fastica/sub-11527_ses-01_task-socialdoors_run-1/sub-11527_ses-01_task-socialdoors_run-1_tedana_report.html	
11527	01	socialdoors	1	sub-11527_ses-01_task-socialdoors_run-1	0	nss_zero_control	fastica	ICA_26	accepted	0.02315265418384656	28.36688330297747	15.639928021078916	0.9140395659496708	85.06607264588804	0.0	accepted_highest_motion24_r2	derivatives/tedana-audit/benchmark/motion-fastica/sub-11527_ses-01_task-socialdoors_run-1/sub-11527_ses-01_task-socialdoors_run-1_desc-tedana_metrics.tsv	derivatives/tedana-audit/benchmark/motion-fastica/sub-11527_ses-01_task-socialdoors_run-1/sub-11527_ses-01_task-socialdoors_run-1_tedana_report.html	
11527	01	socialdoors	1	sub-11527_ses-01_task-socialdoors_run-1	0	nss_zero_control	robustica	ICA_02	accepted	0.025376051959545523	28.1981655394709	15.065330542171385	0.9185209065513188	90.18469574699836	0.0	accepted_highest_motion24_r2	derivatives/tedana-audit/benchmark/motion-robustica/sub-11527_ses-01_task-socialdoors_run-1/sub-11527_ses-01_task-socialdoors_run-1_desc-tedana_metrics.tsv	derivatives/tedana-audit/benchmark/motion-robustica/sub-11527_ses-01_task-socialdoors_run-1/sub-11527_ses-01_task-socialdoors_run-1_tedana_report.html	
11527	01	socialdoors	1	sub-11527_ses-01_task-socialdoors_run-1	0	nss_zero_control	robustica	ICA_24	rejected	0.01250185163707254	18.627649700656875	21.2830728201004	0.0789442271460979	0.6856846629514157	0.8620753831718138	rejected_lowest_motion24_r2	derivatives/tedana-audit/benchmark/motion-robustica/sub-11527_ses-01_task-socialdoors_run-1/sub-11527_ses-01_task-socialdoors_run-1_desc-tedana_metrics.tsv	derivatives/tedana-audit/benchmark/motion-robustica/sub-11527_ses-01_task-socialdoors_run-1/sub-11527_ses-01_task-socialdoors_run-1_tedana_report.html	
11527	01	socialdoors	1	sub-11527_ses-01_task-socialdoors_run-1	0	nss_zero_control	robustica	ICA_25	rejected	0.15268148131979464	57.49523977460727	19.646439275070914	0.7292207474456891	21.544361041455417	0.0	rejected_largest_variance	derivatives/tedana-audit/benchmark/motion-robustica/sub-11527_ses-01_task-socialdoors_run-1/sub-11527_ses-01_task-socialdoors_run-1_desc-tedana_metrics.tsv	derivatives/tedana-audit/benchmark/motion-robustica/sub-11527_ses-01_task-socialdoors_run-1/sub-11527_ses-01_task-socialdoors_run-1_tedana_report.html	
11527	01	trust	1	sub-11527_ses-01_task-trust_run-1	1	ordinary_control	fastica	ICA_18	rejected	0.15970999247891585	28.95422134192617	19.418867152183875	0.8391624517995638	55.00065715394775	0.0	rejected_largest_variance	derivatives/tedana-audit/benchmark/motion-fastica/sub-11527_ses-01_task-trust_run-1/sub-11527_ses-01_task-trust_run-1_desc-tedana_metrics.tsv	derivatives/tedana-audit/benchmark/motion-fastica/sub-11527_ses-01_task-trust_run-1/sub-11527_ses-01_task-trust_run-1_tedana_report.html	
11527	01	trust	1	sub-11527_ses-01_task-trust_run-1	1	ordinary_control	fastica	ICA_29	rejected	0.037834944064540896	27.8416238966084	35.81762010529628	0.1222583446331254	1.4683212406071515	0.0778231212411972	rejected_lowest_motion24_r2	derivatives/tedana-audit/benchmark/motion-fastica/sub-11527_ses-01_task-trust_run-1/sub-11527_ses-01_task-trust_run-1_desc-tedana_metrics.tsv	derivatives/tedana-audit/benchmark/motion-fastica/sub-11527_ses-01_task-trust_run-1/sub-11527_ses-01_task-trust_run-1_tedana_report.html	
11527	01	trust	1	sub-11527_ses-01_task-trust_run-1	1	ordinary_control	fastica	ICA_30	accepted	0.011358386307934846	16.446455307828085	14.732926326803424	0.6200931696833243	17.20636475956365	0.0	accepted_highest_motion24_r2	derivatives/tedana-audit/benchmark/motion-fastica/sub-11527_ses-01_task-trust_run-1/sub-11527_ses-01_task-trust_run-1_desc-tedana_metrics.tsv	derivatives/tedana-audit/benchmark/motion-fastica/sub-11527_ses-01_task-trust_run-1/sub-11527_ses-01_task-trust_run-1_tedana_report.html	
11527	01	trust	1	sub-11527_ses-01_task-trust_run-1	1	ordinary_control	robustica	ICA_04	rejected	0.01697321766197113	24.3192269537818	24.9267715757428	0.0596773576450216	0.6690244215174186	0.8793893709390003	rejected_lowest_motion24_r2	derivatives/tedana-audit/benchmark/motion-robustica/sub-11527_ses-01_task-trust_run-1/sub-11527_ses-01_task-trust_run-1_desc-tedana_metrics.tsv	derivatives/tedana-audit/benchmark/motion-robustica/sub-11527_ses-01_task-trust_run-1/sub-11527_ses-01_task-trust_run-1_tedana_report.html	
11527	01	trust	1	sub-11527_ses-01_task-trust_run-1	1	ordinary_control	robustica	ICA_12	rejected	0.19169938253618846	29.084405549822023	20.299887288620223	0.7909679528945239	39.88919698625169	0.0	rejected_largest_variance	derivatives/tedana-audit/benchmark/motion-robustica/sub-11527_ses-01_task-trust_run-1/sub-11527_ses-01_task-trust_run-1_desc-tedana_metrics.tsv	derivatives/tedana-audit/benchmark/motion-robustica/sub-11527_ses-01_task-trust_run-1/sub-11527_ses-01_task-trust_run-1_tedana_report.html	
11527	01	trust	1	sub-11527_ses-01_task-trust_run-1	1	ordinary_control	robustica	ICA_17	accepted	0.010985929953256944	16.611984533236157	14.84928103949098	0.6451296390950857	19.16401695195273	0.0	accepted_highest_motion24_r2	derivatives/tedana-audit/benchmark/motion-robustica/sub-11527_ses-01_task-trust_run-1/sub-11527_ses-01_task-trust_run-1_desc-tedana_metrics.tsv	derivatives/tedana-audit/benchmark/motion-robustica/sub-11527_ses-01_task-trust_run-1/sub-11527_ses-01_task-trust_run-1_tedana_report.html	
11534	01	ugr	1	sub-11534_ses-01_task-ugr_run-1	4	ordinary_control	fastica	ICA_02	rejected	0.012925679121408688	16.805352065869823	18.288771559674966	0.1377146640387726	1.39745309363981	0.1103584067353867	rejected_lowest_motion24_r2	derivatives/tedana-audit/benchmark/motion-fastica/sub-11534_ses-01_task-ugr_run-1/sub-11534_ses-01_task-ugr_run-1_desc-tedana_metrics.tsv	derivatives/tedana-audit/benchmark/motion-fastica/sub-11534_ses-01_task-ugr_run-1/sub-11534_ses-01_task-ugr_run-1_tedana_report.html	
11534	01	ugr	1	sub-11534_ses-01_task-ugr_run-1	4	ordinary_control	fastica	ICA_08	rejected	0.12874400362983185	27.70170934439056	17.750045732283265	0.9124860350814852	91.23404263990572	0.0	rejected_largest_variance	derivatives/tedana-audit/benchmark/motion-fastica/sub-11534_ses-01_task-ugr_run-1/sub-11534_ses-01_task-ugr_run-1_desc-tedana_metrics.tsv	derivatives/tedana-audit/benchmark/motion-fastica/sub-11534_ses-01_task-ugr_run-1/sub-11534_ses-01_task-ugr_run-1_tedana_report.html	
11534	01	ugr	1	sub-11534_ses-01_task-ugr_run-1	4	ordinary_control	fastica	ICA_26	accepted	0.021733497106577446	23.50299498539156	16.31730168523013	0.8714375667735773	59.31031731360901	0.0	accepted_highest_motion24_r2	derivatives/tedana-audit/benchmark/motion-fastica/sub-11534_ses-01_task-ugr_run-1/sub-11534_ses-01_task-ugr_run-1_desc-tedana_metrics.tsv	derivatives/tedana-audit/benchmark/motion-fastica/sub-11534_ses-01_task-ugr_run-1/sub-11534_ses-01_task-ugr_run-1_tedana_report.html	
11534	01	ugr	1	sub-11534_ses-01_task-ugr_run-1	4	ordinary_control	robustica	ICA_01	rejected	0.165098284362902	34.52641482450967	17.34795971910485	0.9405709232629814	138.4843250210648	0.0	rejected_largest_variance	derivatives/tedana-audit/benchmark/motion-robustica/sub-11534_ses-01_task-ugr_run-1/sub-11534_ses-01_task-ugr_run-1_desc-tedana_metrics.tsv	derivatives/tedana-audit/benchmark/motion-robustica/sub-11534_ses-01_task-ugr_run-1/sub-11534_ses-01_task-ugr_run-1_tedana_report.html	
11534	01	ugr	1	sub-11534_ses-01_task-ugr_run-1	4	ordinary_control	robustica	ICA_03	accepted	0.024409726964668522	25.98429699996776	16.2631474873439	0.8754845868573272	61.52242474772212	0.0	accepted_highest_motion24_r2	derivatives/tedana-audit/benchmark/motion-robustica/sub-11534_ses-01_task-ugr_run-1/sub-11534_ses-01_task-ugr_run-1_desc-tedana_metrics.tsv	derivatives/tedana-audit/benchmark/motion-robustica/sub-11534_ses-01_task-ugr_run-1/sub-11534_ses-01_task-ugr_run-1_tedana_report.html	
11534	01	ugr	1	sub-11534_ses-01_task-ugr_run-1	4	ordinary_control	robustica	ICA_25	rejected	0.03255938468431072	24.76571778743218	23.061716671327417	0.1302692321313393	1.310584635222829	0.1592657034168942	rejected_lowest_motion24_r2	derivatives/tedana-audit/benchmark/motion-robustica/sub-11534_ses-01_task-ugr_run-1/sub-11534_ses-01_task-ugr_run-1_desc-tedana_metrics.tsv	derivatives/tedana-audit/benchmark/motion-robustica/sub-11534_ses-01_task-ugr_run-1/sub-11534_ses-01_task-ugr_run-1_tedana_report.html	
11560	01	doors	1	sub-11560_ses-01_task-doors_run-1	0	high_ica_dimensionality	fastica	ICA_001	accepted	0.009035158539481763	27.364544819531904	14.604291573007302	0.7666636908618805	26.28527703017936	0.0	accepted_highest_motion24_r2	derivatives/tedana-audit/benchmark/motion-fastica/sub-11560_ses-01_task-doors_run-1/sub-11560_ses-01_task-doors_run-1_desc-tedana_metrics.tsv	derivatives/tedana-audit/benchmark/motion-fastica/sub-11560_ses-01_task-doors_run-1/sub-11560_ses-01_task-doors_run-1_tedana_report.html	
11560	01	doors	1	sub-11560_ses-01_task-doors_run-1	0	high_ica_dimensionality	fastica	ICA_004	rejected	0.0235393279092117	70.11619250372068	40.19024938039283	0.0940779115922344	0.8307814792999194	0.6947131732657463	rejected_largest_variance;rejected_lowest_motion24_r2	derivatives/tedana-audit/benchmark/motion-fastica/sub-11560_ses-01_task-doors_run-1/sub-11560_ses-01_task-doors_run-1_desc-tedana_metrics.tsv	derivatives/tedana-audit/benchmark/motion-fastica/sub-11560_ses-01_task-doors_run-1/sub-11560_ses-01_task-doors_run-1_tedana_report.html	
11560	01	doors	1	sub-11560_ses-01_task-doors_run-1	0	high_ica_dimensionality	robustica	ICA_43	accepted	0.006573792914185126	24.010020596504383	18.18511899036241	0.7281706518541147	21.43022912929387	0.0	accepted_highest_motion24_r2	derivatives/tedana-audit/benchmark/motion-robustica/sub-11560_ses-01_task-doors_run-1/sub-11560_ses-01_task-doors_run-1_desc-tedana_metrics.tsv	derivatives/tedana-audit/benchmark/motion-robustica/sub-11560_ses-01_task-doors_run-1/sub-11560_ses-01_task-doors_run-1_tedana_report.html	
11560	01	doors	1	sub-11560_ses-01_task-doors_run-1	0	high_ica_dimensionality	robustica	ICA_47	rejected	0.005840144433074637	37.08323312319985	35.47115072331416	0.1061139697463108	0.9496867936615596	0.5347587570620507	rejected_lowest_motion24_r2	derivatives/tedana-audit/benchmark/motion-robustica/sub-11560_ses-01_task-doors_run-1/sub-11560_ses-01_task-doors_run-1_desc-tedana_metrics.tsv	derivatives/tedana-audit/benchmark/motion-robustica/sub-11560_ses-01_task-doors_run-1/sub-11560_ses-01_task-doors_run-1_tedana_report.html	
11560	01	doors	1	sub-11560_ses-01_task-doors_run-1	0	high_ica_dimensionality	robustica	ICA_59	rejected	0.026450038320944957	91.32751347986144	35.366410499724296	0.1128908408304808	1.018055914887997	0.445141662272698	rejected_largest_variance	derivatives/tedana-audit/benchmark/motion-robustica/sub-11560_ses-01_task-doors_run-1/sub-11560_ses-01_task-doors_run-1_desc-tedana_metrics.tsv	derivatives/tedana-audit/benchmark/motion-robustica/sub-11560_ses-01_task-doors_run-1/sub-11560_ses-01_task-doors_run-1_tedana_report.html	
11560	01	sharedreward	2	sub-11560_ses-01_task-sharedreward_run-2	1	high_rejected_count_high_motion;high_ica_dimensionality	fastica	ICA_008	accepted	0.007655360319972577	21.2111310156466	17.244840142850965	0.8698229207682233	63.47751690284522	0.0	accepted_highest_motion24_r2	derivatives/tedana-audit/benchmark/motion-fastica/sub-11560_ses-01_task-sharedreward_run-2/sub-11560_ses-01_task-sharedreward_run-2_desc-tedana_metrics.tsv	derivatives/tedana-audit/benchmark/motion-fastica/sub-11560_ses-01_task-sharedreward_run-2/sub-11560_ses-01_task-sharedreward_run-2_tedana_report.html	
11560	01	sharedreward	2	sub-11560_ses-01_task-sharedreward_run-2	1	high_rejected_count_high_motion;high_ica_dimensionality	fastica	ICA_010	rejected	0.002862982833040823	21.4188559110808	33.88348359134467	0.1138403203288177	1.2204155390200817	0.2254579216775987	rejected_lowest_motion24_r2	derivatives/tedana-audit/benchmark/motion-fastica/sub-11560_ses-01_task-sharedreward_run-2/sub-11560_ses-01_task-sharedreward_run-2_desc-tedana_metrics.tsv	derivatives/tedana-audit/benchmark/motion-fastica/sub-11560_ses-01_task-sharedreward_run-2/sub-11560_ses-01_task-sharedreward_run-2_tedana_report.html	
11560	01	sharedreward	2	sub-11560_ses-01_task-sharedreward_run-2	1	high_rejected_count_high_motion;high_ica_dimensionality	fastica	ICA_138	rejected	0.027285027526838094	22.21980065060956	23.28634971588112	0.9638495628563368	253.29073645075664	0.0	rejected_largest_variance	derivatives/tedana-audit/benchmark/motion-fastica/sub-11560_ses-01_task-sharedreward_run-2/sub-11560_ses-01_task-sharedreward_run-2_desc-tedana_metrics.tsv	derivatives/tedana-audit/benchmark/motion-fastica/sub-11560_ses-01_task-sharedreward_run-2/sub-11560_ses-01_task-sharedreward_run-2_tedana_report.html	
11560	01	sharedreward	2	sub-11560_ses-01_task-sharedreward_run-2	1	high_rejected_count_high_motion;high_ica_dimensionality	robustica	ICA_54	accepted	0.008911742135148061	23.996616556710133	19.99928475237841	0.8488092640585646	53.33453771717785	0.0	accepted_highest_motion24_r2	derivatives/tedana-audit/benchmark/motion-robustica/sub-11560_ses-01_task-sharedreward_run-2/sub-11560_ses-01_task-sharedreward_run-2_desc-tedana_metrics.tsv	derivatives/tedana-audit/benchmark/motion-robustica/sub-11560_ses-01_task-sharedreward_run-2/sub-11560_ses-01_task-sharedreward_run-2_tedana_report.html	
11560	01	sharedreward	2	sub-11560_ses-01_task-sharedreward_run-2	1	high_rejected_count_high_motion;high_ica_dimensionality	robustica	ICA_68	rejected	0.03499293391236376	78.89083633342577	32.739318834876904	0.325420271268399	4.582842391162069	3.2238800518058497e-10	rejected_largest_variance	derivatives/tedana-audit/benchmark/motion-robustica/sub-11560_ses-01_task-sharedreward_run-2/sub-11560_ses-01_task-sharedreward_run-2_desc-tedana_metrics.tsv	derivatives/tedana-audit/benchmark/motion-robustica/sub-11560_ses-01_task-sharedreward_run-2/sub-11560_ses-01_task-sharedreward_run-2_tedana_report.html	
11560	01	sharedreward	2	sub-11560_ses-01_task-sharedreward_run-2	1	high_rejected_count_high_motion;high_ica_dimensionality	robustica	ICA_78	rejected	0.0032740577265110695	22.22469131465552	31.964934546441388	0.1078039451309428	1.147883890715325	0.2934240172418006	rejected_lowest_motion24_r2	derivatives/tedana-audit/benchmark/motion-robustica/sub-11560_ses-01_task-sharedreward_run-2/sub-11560_ses-01_task-sharedreward_run-2_desc-tedana_metrics.tsv	derivatives/tedana-audit/benchmark/motion-robustica/sub-11560_ses-01_task-sharedreward_run-2/sub-11560_ses-01_task-sharedreward_run-2_tedana_report.html	
11570	01	trust	1	sub-11570_ses-01_task-trust_run-1	0	nss_zero_control	fastica	ICA_02	accepted	0.04786438405408343	78.04818112778962	23.12432351001265	0.6742460150323271	21.90539687938717	0.0	accepted_highest_motion24_r2	derivatives/tedana-audit/benchmark/motion-fastica/sub-11570_ses-01_task-trust_run-1/sub-11570_ses-01_task-trust_run-1_desc-tedana_metrics.tsv	derivatives/tedana-audit/benchmark/motion-fastica/sub-11570_ses-01_task-trust_run-1/sub-11570_ses-01_task-trust_run-1_tedana_report.html	
11570	01	trust	1	sub-11570_ses-01_task-trust_run-1	0	nss_zero_control	fastica	ICA_03	rejected	0.02131495308388333	38.07186903981061	23.829907359321545	0.1458393699170995	1.8069981343042807	0.0138091192919198	rejected_lowest_motion24_r2	derivatives/tedana-audit/benchmark/motion-fastica/sub-11570_ses-01_task-trust_run-1/sub-11570_ses-01_task-trust_run-1_desc-tedana_metrics.tsv	derivatives/tedana-audit/benchmark/motion-fastica/sub-11570_ses-01_task-trust_run-1/sub-11570_ses-01_task-trust_run-1_tedana_report.html	
11570	01	trust	1	sub-11570_ses-01_task-trust_run-1	0	nss_zero_control	fastica	ICA_04	rejected	0.07992645888654609	33.93275959521897	27.012357438339897	0.7539713243763965	32.43333253501713	0.0	rejected_largest_variance	derivatives/tedana-audit/benchmark/motion-fastica/sub-11570_ses-01_task-trust_run-1/sub-11570_ses-01_task-trust_run-1_desc-tedana_metrics.tsv	derivatives/tedana-audit/benchmark/motion-fastica/sub-11570_ses-01_task-trust_run-1/sub-11570_ses-01_task-trust_run-1_tedana_report.html	
11570	01	trust	1	sub-11570_ses-01_task-trust_run-1	0	nss_zero_control	robustica	ICA_09	rejected	0.03478223782898285	42.2298426357421	19.21482852170111	0.2571467954073176	3.663537068385314	9.913165410768698e-08	rejected_lowest_motion24_r2	derivatives/tedana-audit/benchmark/motion-robustica/sub-11570_ses-01_task-trust_run-1/sub-11570_ses-01_task-trust_run-1_desc-tedana_metrics.tsv	derivatives/tedana-audit/benchmark/motion-robustica/sub-11570_ses-01_task-trust_run-1/sub-11570_ses-01_task-trust_run-1_tedana_report.html	
11570	01	trust	1	sub-11570_ses-01_task-trust_run-1	0	nss_zero_control	robustica	ICA_12	rejected	0.06548259359926346	30.725334048298205	94.21540404353732	0.364655949321555	6.074308021822255	9.769962616701378e-15	rejected_largest_variance	derivatives/tedana-audit/benchmark/motion-robustica/sub-11570_ses-01_task-trust_run-1/sub-11570_ses-01_task-trust_run-1_desc-tedana_metrics.tsv	derivatives/tedana-audit/benchmark/motion-robustica/sub-11570_ses-01_task-trust_run-1/sub-11570_ses-01_task-trust_run-1_tedana_report.html	
11570	01	trust	1	sub-11570_ses-01_task-trust_run-1	0	nss_zero_control	robustica	ICA_27	accepted	0.128928250821543	36.62542729738325	24.90210640506876	0.8205096535748837	48.37991201172325	0.0	accepted_highest_motion24_r2	derivatives/tedana-audit/benchmark/motion-robustica/sub-11570_ses-01_task-trust_run-1/sub-11570_ses-01_task-trust_run-1_desc-tedana_metrics.tsv	derivatives/tedana-audit/benchmark/motion-robustica/sub-11570_ses-01_task-trust_run-1/sub-11570_ses-01_task-trust_run-1_tedana_report.html	
11586	01	trust	1	sub-11586_ses-01_task-trust_run-1	0	high_rejected_count_low_motion	fastica	ICA_00	accepted	0.017678323780315655	23.76868132368249	17.63751983810108	0.917729731720007	118.05771226669732	0.0	accepted_highest_motion24_r2	derivatives/tedana-audit/benchmark/motion-fastica/sub-11586_ses-01_task-trust_run-1/sub-11586_ses-01_task-trust_run-1_desc-tedana_metrics.tsv	derivatives/tedana-audit/benchmark/motion-fastica/sub-11586_ses-01_task-trust_run-1/sub-11586_ses-01_task-trust_run-1_tedana_report.html	
11586	01	trust	1	sub-11586_ses-01_task-trust_run-1	0	high_rejected_count_low_motion	fastica	ICA_21	rejected	0.27481436619658933	27.167790931833743	18.14610624936609	0.9709055220047262	353.17412383955536	0.0	rejected_largest_variance	derivatives/tedana-audit/benchmark/motion-fastica/sub-11586_ses-01_task-trust_run-1/sub-11586_ses-01_task-trust_run-1_desc-tedana_metrics.tsv	derivatives/tedana-audit/benchmark/motion-fastica/sub-11586_ses-01_task-trust_run-1/sub-11586_ses-01_task-trust_run-1_tedana_report.html	
11586	01	trust	1	sub-11586_ses-01_task-trust_run-1	0	high_rejected_count_low_motion	fastica	ICA_62	rejected	0.012117090564780513	25.03834825886305	27.752554382265465	0.0815601293601538	0.9398307535657708	0.5475694301705466	rejected_lowest_motion24_r2	derivatives/tedana-audit/benchmark/motion-fastica/sub-11586_ses-01_task-trust_run-1/sub-11586_ses-01_task-trust_run-1_desc-tedana_metrics.tsv	derivatives/tedana-audit/benchmark/motion-fastica/sub-11586_ses-01_task-trust_run-1/sub-11586_ses-01_task-trust_run-1_tedana_report.html	
11586	01	trust	1	sub-11586_ses-01_task-trust_run-1	0	high_rejected_count_low_motion	robustica	ICA_17	rejected	0.012822685734896928	24.929519996506848	27.410729813546105	0.0845123146558856	0.9769896538134136	0.4972361288899135	rejected_lowest_motion24_r2	derivatives/tedana-audit/benchmark/motion-robustica/sub-11586_ses-01_task-trust_run-1/sub-11586_ses-01_task-trust_run-1_desc-tedana_metrics.tsv	derivatives/tedana-audit/benchmark/motion-robustica/sub-11586_ses-01_task-trust_run-1/sub-11586_ses-01_task-trust_run-1_tedana_report.html	
11586	01	trust	1	sub-11586_ses-01_task-trust_run-1	0	high_rejected_count_low_motion	robustica	ICA_29	accepted	0.011527996585160653	63.54481897342133	18.01463833874054	0.3133399088288217	4.829435618015261	3.721345454010816e-11	accepted_highest_motion24_r2	derivatives/tedana-audit/benchmark/motion-robustica/sub-11586_ses-01_task-trust_run-1/sub-11586_ses-01_task-trust_run-1_desc-tedana_metrics.tsv	derivatives/tedana-audit/benchmark/motion-robustica/sub-11586_ses-01_task-trust_run-1/sub-11586_ses-01_task-trust_run-1_tedana_report.html	
11586	01	trust	1	sub-11586_ses-01_task-trust_run-1	0	high_rejected_count_low_motion	robustica	ICA_48	rejected	0.2829908526247064	27.231065125581587	18.31622361103685	0.9704635529452637	347.731033784705	0.0	rejected_largest_variance	derivatives/tedana-audit/benchmark/motion-robustica/sub-11586_ses-01_task-trust_run-1/sub-11586_ses-01_task-trust_run-1_desc-tedana_metrics.tsv	derivatives/tedana-audit/benchmark/motion-robustica/sub-11586_ses-01_task-trust_run-1/sub-11586_ses-01_task-trust_run-1_tedana_report.html	
11597	01	doors	1	sub-11597_ses-01_task-doors_run-1	0	high_rejected_fraction;high_rejected_variance	fastica	ICA_08	accepted	0.022343285065358827	21.331536529010894	10.82817131051148	0.3672290420995512	4.642805268029711	5.21357068627992e-10	accepted_highest_motion24_r2	derivatives/tedana-audit/benchmark/motion-fastica/sub-11597_ses-01_task-doors_run-1/sub-11597_ses-01_task-doors_run-1_desc-tedana_metrics.tsv	derivatives/tedana-audit/benchmark/motion-fastica/sub-11597_ses-01_task-doors_run-1/sub-11597_ses-01_task-doors_run-1_tedana_report.html	
11597	01	doors	1	sub-11597_ses-01_task-doors_run-1	0	high_rejected_fraction;high_rejected_variance	fastica	ICA_31	rejected	0.0880240053039055	20.3729368853118	30.172366395516523	0.9348265336254172	114.74934026096146	0.0	rejected_largest_variance	derivatives/tedana-audit/benchmark/motion-fastica/sub-11597_ses-01_task-doors_run-1/sub-11597_ses-01_task-doors_run-1_desc-tedana_metrics.tsv	derivatives/tedana-audit/benchmark/motion-fastica/sub-11597_ses-01_task-doors_run-1/sub-11597_ses-01_task-doors_run-1_tedana_report.html	
11597	01	doors	1	sub-11597_ses-01_task-doors_run-1	0	high_rejected_fraction;high_rejected_variance	fastica	ICA_33	rejected	0.020658838966719325	22.93464871974698	29.02189128804984	0.0497618364700077	0.4189420158428495	0.992929096810172	rejected_lowest_motion24_r2	derivatives/tedana-audit/benchmark/motion-fastica/sub-11597_ses-01_task-doors_run-1/sub-11597_ses-01_task-doors_run-1_desc-tedana_metrics.tsv	derivatives/tedana-audit/benchmark/motion-fastica/sub-11597_ses-01_task-doors_run-1/sub-11597_ses-01_task-doors_run-1_tedana_report.html	
11597	01	doors	1	sub-11597_ses-01_task-doors_run-1	0	high_rejected_fraction;high_rejected_variance	robustica	ICA_07	accepted	0.02270497673299205	22.07057316656485	10.91224161450971	0.3553200908791891	4.409259055257493	2.1994731591590262e-09	accepted_highest_motion24_r2	derivatives/tedana-audit/benchmark/motion-robustica/sub-11597_ses-01_task-doors_run-1/sub-11597_ses-01_task-doors_run-1_desc-tedana_metrics.tsv	derivatives/tedana-audit/benchmark/motion-robustica/sub-11597_ses-01_task-doors_run-1/sub-11597_ses-01_task-doors_run-1_tedana_report.html	
11597	01	doors	1	sub-11597_ses-01_task-doors_run-1	0	high_rejected_fraction;high_rejected_variance	robustica	ICA_11	rejected	0.021258601468456838	23.288139881894804	29.30247352754029	0.0519369199011046	0.4382570821822268	0.990252037072484	rejected_lowest_motion24_r2	derivatives/tedana-audit/benchmark/motion-robustica/sub-11597_ses-01_task-doors_run-1/sub-11597_ses-01_task-doors_run-1_desc-tedana_metrics.tsv	derivatives/tedana-audit/benchmark/motion-robustica/sub-11597_ses-01_task-doors_run-1/sub-11597_ses-01_task-doors_run-1_tedana_report.html	
11597	01	doors	1	sub-11597_ses-01_task-doors_run-1	0	high_rejected_fraction;high_rejected_variance	robustica	ICA_39	rejected	0.11788518922484222	22.38477687323696	27.490720634830456	0.9482767463152372	146.6693108047204	0.0	rejected_largest_variance	derivatives/tedana-audit/benchmark/motion-robustica/sub-11597_ses-01_task-doors_run-1/sub-11597_ses-01_task-doors_run-1_desc-tedana_metrics.tsv	derivatives/tedana-audit/benchmark/motion-robustica/sub-11597_ses-01_task-doors_run-1/sub-11597_ses-01_task-doors_run-1_tedana_report.html	
11598	01	ugr	1	sub-11598_ses-01_task-ugr_run-1	0	high_ica_dimensionality	fastica	ICA_123	rejected	0.003556825541877634	38.60786384467565	25.59683515313501	0.0835117864221828	0.8125000968179246	0.7189942696334999	rejected_lowest_motion24_r2	derivatives/tedana-audit/benchmark/motion-fastica/sub-11598_ses-01_task-ugr_run-1/sub-11598_ses-01_task-ugr_run-1_desc-tedana_metrics.tsv	derivatives/tedana-audit/benchmark/motion-fastica/sub-11598_ses-01_task-ugr_run-1/sub-11598_ses-01_task-ugr_run-1_tedana_report.html	
11598	01	ugr	1	sub-11598_ses-01_task-ugr_run-1	0	high_ica_dimensionality	fastica	ICA_128	accepted	0.011513673946908594	22.28505108309436	19.445483718835064	0.92347206537464	107.59852102679348	0.0	accepted_highest_motion24_r2	derivatives/tedana-audit/benchmark/motion-fastica/sub-11598_ses-01_task-ugr_run-1/sub-11598_ses-01_task-ugr_run-1_desc-tedana_metrics.tsv	derivatives/tedana-audit/benchmark/motion-fastica/sub-11598_ses-01_task-ugr_run-1/sub-11598_ses-01_task-ugr_run-1_tedana_report.html	
11598	01	ugr	1	sub-11598_ses-01_task-ugr_run-1	0	high_ica_dimensionality	fastica	ICA_158	rejected	0.09754984676487917	16.276404944987682	31.550170780343123	0.98320175697436	521.8928146020988	0.0	rejected_largest_variance	derivatives/tedana-audit/benchmark/motion-fastica/sub-11598_ses-01_task-ugr_run-1/sub-11598_ses-01_task-ugr_run-1_desc-tedana_metrics.tsv	derivatives/tedana-audit/benchmark/motion-fastica/sub-11598_ses-01_task-ugr_run-1/sub-11598_ses-01_task-ugr_run-1_tedana_report.html	
11598	01	ugr	1	sub-11598_ses-01_task-ugr_run-1	0	high_ica_dimensionality	robustica	ICA_005	accepted	0.036899337865382076	22.41082299485998	15.141063339132453	0.6263134480087398	14.944686168088833	0.0	accepted_highest_motion24_r2	derivatives/tedana-audit/benchmark/motion-robustica/sub-11598_ses-01_task-ugr_run-1/sub-11598_ses-01_task-ugr_run-1_desc-tedana_metrics.tsv	derivatives/tedana-audit/benchmark/motion-robustica/sub-11598_ses-01_task-ugr_run-1/sub-11598_ses-01_task-ugr_run-1_tedana_report.html	
11598	01	ugr	1	sub-11598_ses-01_task-ugr_run-1	0	high_ica_dimensionality	robustica	ICA_080	rejected	0.0034914426530311734	40.46777777144266	25.69793024147282	0.0931105902094947	0.9154766690091232	0.5809853337751263	rejected_lowest_motion24_r2	derivatives/tedana-audit/benchmark/motion-robustica/sub-11598_ses-01_task-ugr_run-1/sub-11598_ses-01_task-ugr_run-1_desc-tedana_metrics.tsv	derivatives/tedana-audit/benchmark/motion-robustica/sub-11598_ses-01_task-ugr_run-1/sub-11598_ses-01_task-ugr_run-1_tedana_report.html	
11598	01	ugr	1	sub-11598_ses-01_task-ugr_run-1	0	high_ica_dimensionality	robustica	ICA_115	rejected	0.0618792790772086	22.61624942530923	29.842071410784406	0.1964674559438718	2.180166601164016	0.0018143368424765	rejected_largest_variance	derivatives/tedana-audit/benchmark/motion-robustica/sub-11598_ses-01_task-ugr_run-1/sub-11598_ses-01_task-ugr_run-1_desc-tedana_metrics.tsv	derivatives/tedana-audit/benchmark/motion-robustica/sub-11598_ses-01_task-ugr_run-1/sub-11598_ses-01_task-ugr_run-1_tedana_report.html	
11829	01	trust	1	sub-11829_ses-01_task-trust_run-1	3	ordinary_control	fastica	ICA_06	rejected	0.02362766023913601	22.14674614366931	23.34856059064633	0.1963463666917323	2.5551502121603225	0.0001566777343199	rejected_lowest_motion24_r2	derivatives/tedana-audit/benchmark/motion-fastica/sub-11829_ses-01_task-trust_run-1/sub-11829_ses-01_task-trust_run-1_desc-tedana_metrics.tsv	derivatives/tedana-audit/benchmark/motion-fastica/sub-11829_ses-01_task-trust_run-1/sub-11829_ses-01_task-trust_run-1_tedana_report.html	
11829	01	trust	1	sub-11829_ses-01_task-trust_run-1	3	ordinary_control	fastica	ICA_25	rejected	0.1327965049068653	22.81976321143259	20.475595627765017	0.5732924618623477	14.0510376025032	0.0	rejected_largest_variance	derivatives/tedana-audit/benchmark/motion-fastica/sub-11829_ses-01_task-trust_run-1/sub-11829_ses-01_task-trust_run-1_desc-tedana_metrics.tsv	derivatives/tedana-audit/benchmark/motion-fastica/sub-11829_ses-01_task-trust_run-1/sub-11829_ses-01_task-trust_run-1_tedana_report.html	
11829	01	trust	1	sub-11829_ses-01_task-trust_run-1	3	ordinary_control	fastica	ICA_33	accepted	0.017775320159789304	22.277796494057533	16.7300678781067	0.8997359738645556	93.84959979519886	0.0	accepted_highest_motion24_r2	derivatives/tedana-audit/benchmark/motion-fastica/sub-11829_ses-01_task-trust_run-1/sub-11829_ses-01_task-trust_run-1_desc-tedana_metrics.tsv	derivatives/tedana-audit/benchmark/motion-fastica/sub-11829_ses-01_task-trust_run-1/sub-11829_ses-01_task-trust_run-1_tedana_report.html	
11829	01	trust	1	sub-11829_ses-01_task-trust_run-1	3	ordinary_control	robustica	ICA_23	accepted	0.12665927228748244	75.4602981321702	25.23619942267645	0.7828333245888238	37.69976142743912	0.0	accepted_highest_motion24_r2	derivatives/tedana-audit/benchmark/motion-robustica/sub-11829_ses-01_task-trust_run-1/sub-11829_ses-01_task-trust_run-1_desc-tedana_metrics.tsv	derivatives/tedana-audit/benchmark/motion-robustica/sub-11829_ses-01_task-trust_run-1/sub-11829_ses-01_task-trust_run-1_tedana_report.html	
11829	01	trust	1	sub-11829_ses-01_task-trust_run-1	3	ordinary_control	robustica	ICA_29	rejected	0.012451545649410525	19.703967489354216	20.28082314458321	0.1842991410603425	2.362951845804872	0.000525637085276	rejected_lowest_motion24_r2	derivatives/tedana-audit/benchmark/motion-robustica/sub-11829_ses-01_task-trust_run-1/sub-11829_ses-01_task-trust_run-1_desc-tedana_metrics.tsv	derivatives/tedana-audit/benchmark/motion-robustica/sub-11829_ses-01_task-trust_run-1/sub-11829_ses-01_task-trust_run-1_tedana_report.html	
11829	01	trust	1	sub-11829_ses-01_task-trust_run-1	3	ordinary_control	robustica	ICA_31	rejected	0.07806929383858294	30.8733192468888	28.658569256316383	0.2821273612093872	4.110174739285648	5.0107694660184166e-09	rejected_largest_variance	derivatives/tedana-audit/benchmark/motion-robustica/sub-11829_ses-01_task-trust_run-1/sub-11829_ses-01_task-trust_run-1_desc-tedana_metrics.tsv	derivatives/tedana-audit/benchmark/motion-robustica/sub-11829_ses-01_task-trust_run-1/sub-11829_ses-01_task-trust_run-1_tedana_report.html	
11861	01	ugr	2	sub-11861_ses-01_task-ugr_run-2	0	nss_zero_control	fastica	ICA_01	rejected	0.1288741550173528	39.90959345393962	26.2606403003366	0.8449661709439305	48.59766243786615	0.0	rejected_largest_variance	derivatives/tedana-audit/benchmark/motion-fastica/sub-11861_ses-01_task-ugr_run-2/sub-11861_ses-01_task-ugr_run-2_desc-tedana_metrics.tsv	derivatives/tedana-audit/benchmark/motion-fastica/sub-11861_ses-01_task-ugr_run-2/sub-11861_ses-01_task-ugr_run-2_tedana_report.html	
11861	01	ugr	2	sub-11861_ses-01_task-ugr_run-2	0	nss_zero_control	fastica	ICA_04	rejected	0.022074780884056244	32.079667635711274	31.09577944362807	0.1709210524119537	1.838239959061805	0.0125049993053429	rejected_lowest_motion24_r2	derivatives/tedana-audit/benchmark/motion-fastica/sub-11861_ses-01_task-ugr_run-2/sub-11861_ses-01_task-ugr_run-2_desc-tedana_metrics.tsv	derivatives/tedana-audit/benchmark/motion-fastica/sub-11861_ses-01_task-ugr_run-2/sub-11861_ses-01_task-ugr_run-2_tedana_report.html	
11861	01	ugr	2	sub-11861_ses-01_task-ugr_run-2	0	nss_zero_control	fastica	ICA_14	accepted	0.03442618022163842	28.07740177276371	22.84077055810329	0.9504187507401924	170.9228250722972	0.0	accepted_highest_motion24_r2	derivatives/tedana-audit/benchmark/motion-fastica/sub-11861_ses-01_task-ugr_run-2/sub-11861_ses-01_task-ugr_run-2_desc-tedana_metrics.tsv	derivatives/tedana-audit/benchmark/motion-fastica/sub-11861_ses-01_task-ugr_run-2/sub-11861_ses-01_task-ugr_run-2_tedana_report.html	
11861	01	ugr	2	sub-11861_ses-01_task-ugr_run-2	0	nss_zero_control	robustica	ICA_03	accepted	0.032066871232925884	27.88768045768402	22.878366355450183	0.9483293961230832	163.65082814928022	0.0	accepted_highest_motion24_r2	derivatives/tedana-audit/benchmark/motion-robustica/sub-11861_ses-01_task-ugr_run-2/sub-11861_ses-01_task-ugr_run-2_desc-tedana_metrics.tsv	derivatives/tedana-audit/benchmark/motion-robustica/sub-11861_ses-01_task-ugr_run-2/sub-11861_ses-01_task-ugr_run-2_tedana_report.html	
11861	01	ugr	2	sub-11861_ses-01_task-ugr_run-2	0	nss_zero_control	robustica	ICA_07	rejected	0.14774552640524427	37.79617503182877	24.184393885443622	0.8538490495262947	52.09331402634911	0.0	rejected_largest_variance	derivatives/tedana-audit/benchmark/motion-robustica/sub-11861_ses-01_task-ugr_run-2/sub-11861_ses-01_task-ugr_run-2_desc-tedana_metrics.tsv	derivatives/tedana-audit/benchmark/motion-robustica/sub-11861_ses-01_task-ugr_run-2/sub-11861_ses-01_task-ugr_run-2_tedana_report.html	
11861	01	ugr	2	sub-11861_ses-01_task-ugr_run-2	0	nss_zero_control	robustica	ICA_19	rejected	0.02139127415222528	31.91529843243265	30.98936325778958	0.1648753425369176	1.7603820672953496	0.0189325501473556	rejected_lowest_motion24_r2	derivatives/tedana-audit/benchmark/motion-robustica/sub-11861_ses-01_task-ugr_run-2/sub-11861_ses-01_task-ugr_run-2_desc-tedana_metrics.tsv	derivatives/tedana-audit/benchmark/motion-robustica/sub-11861_ses-01_task-ugr_run-2/sub-11861_ses-01_task-ugr_run-2_tedana_report.html	
11881	01	sharedreward	1	sub-11881_ses-01_task-sharedreward_run-1	1	high_rejected_variance	fastica	ICA_07	accepted	0.00955922700548355	35.70159772419925	19.84406935482348	0.378001287941959	5.773343522797392	1.5332179970073414e-13	accepted_highest_motion24_r2	derivatives/tedana-audit/benchmark/motion-fastica/sub-11881_ses-01_task-sharedreward_run-1/sub-11881_ses-01_task-sharedreward_run-1_desc-tedana_metrics.tsv	derivatives/tedana-audit/benchmark/motion-fastica/sub-11881_ses-01_task-sharedreward_run-1/sub-11881_ses-01_task-sharedreward_run-1_tedana_report.html	
11881	01	sharedreward	1	sub-11881_ses-01_task-sharedreward_run-1	1	high_rejected_variance	fastica	ICA_31	rejected	0.1298075179503512	31.396654477859435	23.92960724085772	0.6878030918190423	20.92951339701784	0.0	rejected_largest_variance	derivatives/tedana-audit/benchmark/motion-fastica/sub-11881_ses-01_task-sharedreward_run-1/sub-11881_ses-01_task-sharedreward_run-1_desc-tedana_metrics.tsv	derivatives/tedana-audit/benchmark/motion-fastica/sub-11881_ses-01_task-sharedreward_run-1/sub-11881_ses-01_task-sharedreward_run-1_tedana_report.html	
11881	01	sharedreward	1	sub-11881_ses-01_task-sharedreward_run-1	1	high_rejected_variance	fastica	ICA_35	rejected	0.007977494161753073	16.834341925753897	64.49193168152257	0.1610235141184561	1.8233209271866493	0.0131867485996196	rejected_lowest_motion24_r2	derivatives/tedana-audit/benchmark/motion-fastica/sub-11881_ses-01_task-sharedreward_run-1/sub-11881_ses-01_task-sharedreward_run-1_desc-tedana_metrics.tsv	derivatives/tedana-audit/benchmark/motion-fastica/sub-11881_ses-01_task-sharedreward_run-1/sub-11881_ses-01_task-sharedreward_run-1_tedana_report.html	
11881	01	sharedreward	1	sub-11881_ses-01_task-sharedreward_run-1	1	high_rejected_variance	robustica	ICA_13	rejected	0.12265963779122827	31.80926232857303	24.32755603173683	0.6940370801748188	21.549514122260423	0.0	rejected_largest_variance	derivatives/tedana-audit/benchmark/motion-robustica/sub-11881_ses-01_task-sharedreward_run-1/sub-11881_ses-01_task-sharedreward_run-1_desc-tedana_metrics.tsv	derivatives/tedana-audit/benchmark/motion-robustica/sub-11881_ses-01_task-sharedreward_run-1/sub-11881_ses-01_task-sharedreward_run-1_tedana_report.html	
11881	01	sharedreward	1	sub-11881_ses-01_task-sharedreward_run-1	1	high_rejected_variance	robustica	ICA_28	rejected	0.018912454678136605	20.791992230877508	96.9509992419336	0.1543368696875194	1.7337876152761449	0.0212702894924479	rejected_lowest_motion24_r2	derivatives/tedana-audit/benchmark/motion-robustica/sub-11881_ses-01_task-sharedreward_run-1/sub-11881_ses-01_task-sharedreward_run-1_desc-tedana_metrics.tsv	derivatives/tedana-audit/benchmark/motion-robustica/sub-11881_ses-01_task-sharedreward_run-1/sub-11881_ses-01_task-sharedreward_run-1_tedana_report.html	
11881	01	sharedreward	1	sub-11881_ses-01_task-sharedreward_run-1	1	high_rejected_variance	robustica	ICA_34	accepted	0.00852912742313208	34.88286531380298	19.80491825884777	0.3534930458842271	5.194350833384528	6.129097229745639e-12	accepted_highest_motion24_r2	derivatives/tedana-audit/benchmark/motion-robustica/sub-11881_ses-01_task-sharedreward_run-1/sub-11881_ses-01_task-sharedreward_run-1_desc-tedana_metrics.tsv	derivatives/tedana-audit/benchmark/motion-robustica/sub-11881_ses-01_task-sharedreward_run-1/sub-11881_ses-01_task-sharedreward_run-1_tedana_report.html	
11902	01	trust	1	sub-11902_ses-01_task-trust_run-1	1	ordinary_control	fastica	ICA_07	accepted	0.006436393704403164	25.91878785524313	16.97609979879575	0.7218160085419054	27.35291745879928	0.0	accepted_highest_motion24_r2	derivatives/tedana-audit/benchmark/motion-fastica/sub-11902_ses-01_task-trust_run-1/sub-11902_ses-01_task-trust_run-1_desc-tedana_metrics.tsv	derivatives/tedana-audit/benchmark/motion-fastica/sub-11902_ses-01_task-trust_run-1/sub-11902_ses-01_task-trust_run-1_tedana_report.html	
11902	01	trust	1	sub-11902_ses-01_task-trust_run-1	1	ordinary_control	fastica	ICA_50	rejected	0.02106978435329833	33.639303692634	39.38377919214869	0.0547603929963143	0.6107084438967674	0.9247982274152964	rejected_lowest_motion24_r2	derivatives/tedana-audit/benchmark/motion-fastica/sub-11902_ses-01_task-trust_run-1/sub-11902_ses-01_task-trust_run-1_desc-tedana_metrics.tsv	derivatives/tedana-audit/benchmark/motion-fastica/sub-11902_ses-01_task-trust_run-1/sub-11902_ses-01_task-trust_run-1_tedana_report.html	
11902	01	trust	1	sub-11902_ses-01_task-trust_run-1	1	ordinary_control	fastica	ICA_81	rejected	0.09155277012785026	23.54546852803101	20.014999227263296	0.8299294298082738	51.44240650238719	0.0	rejected_largest_variance	derivatives/tedana-audit/benchmark/motion-fastica/sub-11902_ses-01_task-trust_run-1/sub-11902_ses-01_task-trust_run-1_desc-tedana_metrics.tsv	derivatives/tedana-audit/benchmark/motion-fastica/sub-11902_ses-01_task-trust_run-1/sub-11902_ses-01_task-trust_run-1_tedana_report.html	
11902	01	trust	1	sub-11902_ses-01_task-trust_run-1	1	ordinary_control	robustica	ICA_14	rejected	0.02153382891996215	33.51886056465642	37.997279338975495	0.0513753671421419	0.5709128527039116	0.948511619299698	rejected_lowest_motion24_r2	derivatives/tedana-audit/benchmark/motion-robustica/sub-11902_ses-01_task-trust_run-1/sub-11902_ses-01_task-trust_run-1_desc-tedana_metrics.tsv	derivatives/tedana-audit/benchmark/motion-robustica/sub-11902_ses-01_task-trust_run-1/sub-11902_ses-01_task-trust_run-1_tedana_report.html	
11902	01	trust	1	sub-11902_ses-01_task-trust_run-1	1	ordinary_control	robustica	ICA_19	accepted	0.005902487149426336	24.15546278880845	16.917584392590253	0.6985291124881642	24.42577829517164	0.0	accepted_highest_motion24_r2	derivatives/tedana-audit/benchmark/motion-robustica/sub-11902_ses-01_task-trust_run-1/sub-11902_ses-01_task-trust_run-1_desc-tedana_metrics.tsv	derivatives/tedana-audit/benchmark/motion-robustica/sub-11902_ses-01_task-trust_run-1/sub-11902_ses-01_task-trust_run-1_tedana_report.html	
11902	01	trust	1	sub-11902_ses-01_task-trust_run-1	1	ordinary_control	robustica	ICA_57	rejected	0.07978777520517151	28.405918926304423	19.85898457573203	0.9798323824764316	512.1609606688356	0.0	rejected_largest_variance	derivatives/tedana-audit/benchmark/motion-robustica/sub-11902_ses-01_task-trust_run-1/sub-11902_ses-01_task-trust_run-1_desc-tedana_metrics.tsv	derivatives/tedana-audit/benchmark/motion-robustica/sub-11902_ses-01_task-trust_run-1/sub-11902_ses-01_task-trust_run-1_tedana_report.html	
11976	01	sharedreward	1	sub-11976_ses-01_task-sharedreward_run-1	1	high_rejected_fraction	fastica	ICA_06	rejected	0.13418645038257324	30.319282966956344	18.471090379039552	0.9670989795175636	279.2448431902418	0.0	rejected_largest_variance	derivatives/tedana-audit/benchmark/motion-fastica/sub-11976_ses-01_task-sharedreward_run-1/sub-11976_ses-01_task-sharedreward_run-1_desc-tedana_metrics.tsv	derivatives/tedana-audit/benchmark/motion-fastica/sub-11976_ses-01_task-sharedreward_run-1/sub-11976_ses-01_task-sharedreward_run-1_tedana_report.html	
11976	01	sharedreward	1	sub-11976_ses-01_task-sharedreward_run-1	1	high_rejected_fraction	fastica	ICA_48	rejected	0.01123908576338543	29.95010193255147	24.76998167908481	0.0339606819204645	0.3339682683783376	0.998812681567703	rejected_lowest_motion24_r2	derivatives/tedana-audit/benchmark/motion-fastica/sub-11976_ses-01_task-sharedreward_run-1/sub-11976_ses-01_task-sharedreward_run-1_desc-tedana_metrics.tsv	derivatives/tedana-audit/benchmark/motion-fastica/sub-11976_ses-01_task-sharedreward_run-1/sub-11976_ses-01_task-sharedreward_run-1_tedana_report.html	
11976	01	sharedreward	1	sub-11976_ses-01_task-sharedreward_run-1	1	high_rejected_fraction	fastica	ICA_74	accepted	0.01889241031691188	29.70251505403081	24.685286921991644	0.9067312237197134	92.356166435068	0.0	accepted_highest_motion24_r2	derivatives/tedana-audit/benchmark/motion-fastica/sub-11976_ses-01_task-sharedreward_run-1/sub-11976_ses-01_task-sharedreward_run-1_desc-tedana_metrics.tsv	derivatives/tedana-audit/benchmark/motion-fastica/sub-11976_ses-01_task-sharedreward_run-1/sub-11976_ses-01_task-sharedreward_run-1_tedana_report.html	
11976	01	sharedreward	1	sub-11976_ses-01_task-sharedreward_run-1	1	high_rejected_fraction	robustica	ICA_19	rejected	0.011464266798406975	29.870042138086703	24.900296842874617	0.0378153868438831	0.3733651215212286	0.9971176846799106	rejected_lowest_motion24_r2	derivatives/tedana-audit/benchmark/motion-robustica/sub-11976_ses-01_task-sharedreward_run-1/sub-11976_ses-01_task-sharedreward_run-1_desc-tedana_metrics.tsv	derivatives/tedana-audit/benchmark/motion-robustica/sub-11976_ses-01_task-sharedreward_run-1/sub-11976_ses-01_task-sharedreward_run-1_tedana_report.html	
11976	01	sharedreward	1	sub-11976_ses-01_task-sharedreward_run-1	1	high_rejected_fraction	robustica	ICA_28	rejected	0.11080130863680959	31.20362155361627	25.02008804164956	0.8576874902377436	57.254496957930506	0.0	rejected_largest_variance	derivatives/tedana-audit/benchmark/motion-robustica/sub-11976_ses-01_task-sharedreward_run-1/sub-11976_ses-01_task-sharedreward_run-1_desc-tedana_metrics.tsv	derivatives/tedana-audit/benchmark/motion-robustica/sub-11976_ses-01_task-sharedreward_run-1/sub-11976_ses-01_task-sharedreward_run-1_tedana_report.html	
11976	01	sharedreward	1	sub-11976_ses-01_task-sharedreward_run-1	1	high_rejected_fraction	robustica	ICA_48	accepted	0.036141041624036	25.24111179242896	18.80565056528745	0.975721169943526	381.7873881444216	0.0	accepted_highest_motion24_r2	derivatives/tedana-audit/benchmark/motion-robustica/sub-11976_ses-01_task-sharedreward_run-1/sub-11976_ses-01_task-sharedreward_run-1_desc-tedana_metrics.tsv	derivatives/tedana-audit/benchmark/motion-robustica/sub-11976_ses-01_task-sharedreward_run-1/sub-11976_ses-01_task-sharedreward_run-1_tedana_report.html	
12008	01	trust	2	sub-12008_ses-01_task-trust_run-2	1	high_rejected_fraction;high_rejected_variance	fastica	ICA_086	accepted	0.002008672576408934	39.62082726452805	18.91651311969295	0.4756263232765112	9.561681641233749	0.0	accepted_highest_motion24_r2	derivatives/tedana-audit/benchmark/motion-fastica/sub-12008_ses-01_task-trust_run-2/sub-12008_ses-01_task-trust_run-2_desc-tedana_metrics.tsv	derivatives/tedana-audit/benchmark/motion-fastica/sub-12008_ses-01_task-trust_run-2/sub-12008_ses-01_task-trust_run-2_tedana_report.html	
12008	01	trust	2	sub-12008_ses-01_task-trust_run-2	1	high_rejected_fraction;high_rejected_variance	fastica	ICA_107	rejected	0.000401924546190676	15.110986658140805	25.84985101559144	0.0544186172932974	0.6066774732014585	0.9274666501050656	rejected_lowest_motion24_r2	derivatives/tedana-audit/benchmark/motion-fastica/sub-12008_ses-01_task-trust_run-2/sub-12008_ses-01_task-trust_run-2_desc-tedana_metrics.tsv	derivatives/tedana-audit/benchmark/motion-fastica/sub-12008_ses-01_task-trust_run-2/sub-12008_ses-01_task-trust_run-2_tedana_report.html	
12008	01	trust	2	sub-12008_ses-01_task-trust_run-2	1	high_rejected_fraction;high_rejected_variance	fastica	ICA_116	rejected	0.4375320633748633	14.295017310307363	62.21186737238819	0.970369453401101	345.2285730581176	0.0	rejected_largest_variance	derivatives/tedana-audit/benchmark/motion-fastica/sub-12008_ses-01_task-trust_run-2/sub-12008_ses-01_task-trust_run-2_desc-tedana_metrics.tsv	derivatives/tedana-audit/benchmark/motion-fastica/sub-12008_ses-01_task-trust_run-2/sub-12008_ses-01_task-trust_run-2_tedana_report.html	
12008	01	trust	2	sub-12008_ses-01_task-trust_run-2	1	high_rejected_fraction;high_rejected_variance	robustica	ICA_03	rejected	0.5042067079045126	14.123439208292742	63.29843368628772	0.9723273011129856	370.3993723591064	0.0	rejected_largest_variance	derivatives/tedana-audit/benchmark/motion-robustica/sub-12008_ses-01_task-trust_run-2/sub-12008_ses-01_task-trust_run-2_desc-tedana_metrics.tsv	derivatives/tedana-audit/benchmark/motion-robustica/sub-12008_ses-01_task-trust_run-2/sub-12008_ses-01_task-trust_run-2_tedana_report.html	
12008	01	trust	2	sub-12008_ses-01_task-trust_run-2	1	high_rejected_fraction;high_rejected_variance	robustica	ICA_48	rejected	0.001879099133643949	17.449523455159806	24.74003788360254	0.0593860998669669	0.6655530705451014	0.8824453393747517	rejected_lowest_motion24_r2	derivatives/tedana-audit/benchmark/motion-robustica/sub-12008_ses-01_task-trust_run-2/sub-12008_ses-01_task-trust_run-2_desc-tedana_metrics.tsv	derivatives/tedana-audit/benchmark/motion-robustica/sub-12008_ses-01_task-trust_run-2/sub-12008_ses-01_task-trust_run-2_tedana_report.html	
12008	01	trust	2	sub-12008_ses-01_task-trust_run-2	1	high_rejected_fraction;high_rejected_variance	robustica	ICA_66	accepted	0.00564862436434772	32.68672410354023	19.059835627834826	0.8342139614766484	53.04430692049903	0.0	accepted_highest_motion24_r2	derivatives/tedana-audit/benchmark/motion-robustica/sub-12008_ses-01_task-trust_run-2/sub-12008_ses-01_task-trust_run-2_desc-tedana_metrics.tsv	derivatives/tedana-audit/benchmark/motion-robustica/sub-12008_ses-01_task-trust_run-2/sub-12008_ses-01_task-trust_run-2_tedana_report.html	
12020	01	sharedreward	1	sub-12020_ses-01_task-sharedreward_run-1	1	high_rejected_count_low_motion	fastica	ICA_03	rejected	0.11689932482849899	38.79776870487248	19.820890734751405	0.7253434273888383	25.08864978064585	0.0	rejected_largest_variance	derivatives/tedana-audit/benchmark/motion-fastica/sub-12020_ses-01_task-sharedreward_run-1/sub-12020_ses-01_task-sharedreward_run-1_desc-tedana_metrics.tsv	derivatives/tedana-audit/benchmark/motion-fastica/sub-12020_ses-01_task-sharedreward_run-1/sub-12020_ses-01_task-sharedreward_run-1_tedana_report.html	
12020	01	sharedreward	1	sub-12020_ses-01_task-sharedreward_run-1	1	high_rejected_count_low_motion	fastica	ICA_08	accepted	0.02075272618518677	24.992439600891235	21.74077160810568	0.778692755743406	33.426746622832	0.0	accepted_highest_motion24_r2	derivatives/tedana-audit/benchmark/motion-fastica/sub-12020_ses-01_task-sharedreward_run-1/sub-12020_ses-01_task-sharedreward_run-1_desc-tedana_metrics.tsv	derivatives/tedana-audit/benchmark/motion-fastica/sub-12020_ses-01_task-sharedreward_run-1/sub-12020_ses-01_task-sharedreward_run-1_tedana_report.html	
12020	01	sharedreward	1	sub-12020_ses-01_task-sharedreward_run-1	1	high_rejected_count_low_motion	fastica	ICA_15	rejected	0.019509496595201768	29.6319084562958	20.42520483468132	0.1229277454230686	1.3314907357119206	0.1447743197764746	rejected_lowest_motion24_r2	derivatives/tedana-audit/benchmark/motion-fastica/sub-12020_ses-01_task-sharedreward_run-1/sub-12020_ses-01_task-sharedreward_run-1_desc-tedana_metrics.tsv	derivatives/tedana-audit/benchmark/motion-fastica/sub-12020_ses-01_task-sharedreward_run-1/sub-12020_ses-01_task-sharedreward_run-1_tedana_report.html	
12020	01	sharedreward	1	sub-12020_ses-01_task-sharedreward_run-1	1	high_rejected_count_low_motion	robustica	ICA_13	rejected	0.03048494664938871	33.15415166732414	18.68860851571792	0.1043253207975296	1.106529603425902	0.3376040765877165	rejected_lowest_motion24_r2	derivatives/tedana-audit/benchmark/motion-robustica/sub-12020_ses-01_task-sharedreward_run-1/sub-12020_ses-01_task-sharedreward_run-1_desc-tedana_metrics.tsv	derivatives/tedana-audit/benchmark/motion-robustica/sub-12020_ses-01_task-sharedreward_run-1/sub-12020_ses-01_task-sharedreward_run-1_tedana_report.html	
12020	01	sharedreward	1	sub-12020_ses-01_task-sharedreward_run-1	1	high_rejected_count_low_motion	robustica	ICA_19	accepted	0.1567131118085192	83.91823823376674	19.4981833301746	0.7625455115760733	30.507666576677565	0.0	accepted_highest_motion24_r2	derivatives/tedana-audit/benchmark/motion-robustica/sub-12020_ses-01_task-sharedreward_run-1/sub-12020_ses-01_task-sharedreward_run-1_desc-tedana_metrics.tsv	derivatives/tedana-audit/benchmark/motion-robustica/sub-12020_ses-01_task-sharedreward_run-1/sub-12020_ses-01_task-sharedreward_run-1_tedana_report.html	
12020	01	sharedreward	1	sub-12020_ses-01_task-sharedreward_run-1	1	high_rejected_count_low_motion	robustica	ICA_20	rejected	0.08881071521750805	30.805026873700807	22.854010996043574	0.2296023438381067	2.8312940064340584	3.048832262320112e-05	rejected_largest_variance	derivatives/tedana-audit/benchmark/motion-robustica/sub-12020_ses-01_task-sharedreward_run-1/sub-12020_ses-01_task-sharedreward_run-1_desc-tedana_metrics.tsv	derivatives/tedana-audit/benchmark/motion-robustica/sub-12020_ses-01_task-sharedreward_run-1/sub-12020_ses-01_task-sharedreward_run-1_tedana_report.html	
