subject	session	task	run	events_path	events_sha256	expected_trials	response_trials	trial_count_complete	misses	miss_fraction	response_fraction	first_miss_trial	last_miss_trial	longest_miss_streak	longest_miss_streak_start_trial	terminal_miss_streak	terminal_miss_start_trial	terminal_miss_start_onset_sec	terminal_affected_duration_sec	preterminal_trials	preterminal_misses	preterminal_miss_fraction	retained_trial_fraction_if_terminal_trimmed	overall_miss_rule_failed	terminal_failure_candidate	salvage_review_candidate	review_status	review_reasons	miss_pattern
10317	01	doors	1	bids/sub-10317/ses-01/func/sub-10317_ses-01_task-doors_run-1_events.tsv	d7b4ac3dd9f0382ff814789a84c8c0120778c1ddb275f11242de10c9acc0c8d1	40	40	true	0	0	1			0		0				40	0	0	1	false	false	false	pass		........................................
10317	01	sharedreward	1	bids/sub-10317/ses-01/func/sub-10317_ses-01_task-sharedreward_run-1_events.tsv	96db8618b8106a89a5061fc6872f767284aba2c9496ac74985bb829aba425e9f	54	54	true	0	0	1			0		0				54	0	0	1	false	false	false	pass		......................................................
10317	01	sharedreward	2	bids/sub-10317/ses-01/func/sub-10317_ses-01_task-sharedreward_run-2_events.tsv	6238dac2c29082154d6a2c26984281e6447fbd5a902b7b364c9f4538d84135bb	54	54	true	0	0	1			0		0				54	0	0	1	false	false	false	pass		......................................................
10317	01	socialdoors	1	bids/sub-10317/ses-01/func/sub-10317_ses-01_task-socialdoors_run-1_events.tsv	c29255100be5219b3bce17ecedeaa95956baf111af3940fae3d2e5c952b07176	40	40	true	0	0	1			0		0				40	0	0	1	false	false	false	pass		........................................
10317	01	trust	1	bids/sub-10317/ses-01/func/sub-10317_ses-01_task-trust_run-1_events.tsv	7e77b5785fb5d62e49aeb3eb3b2abc54a630924449e5cffcded2b9e27732e463	42	42	true	0	0	1			0		0				42	0	0	1	false	false	false	pass		..........................................
10317	01	ugr	1	bids/sub-10317/ses-01/func/sub-10317_ses-01_task-ugr_run-1_events.tsv	a4883a4c2e15b244db831897359165483f81e8ef23285cdae32e6a579acf9c54	48	48	true	0	0	1			0		0				48	0	0	1	false	false	false	pass		................................................
10317	01	ugr	2	bids/sub-10317/ses-01/func/sub-10317_ses-01_task-ugr_run-2_events.tsv	beda28b43b68d865e10e104c4e02ff5bd2cd8fd1aed69e3a950510310d23ebcc	48	48	true	0	0	1			0		0				48	0	0	1	false	false	false	pass		................................................
10369	01	doors	1	bids/sub-10369/ses-01/func/sub-10369_ses-01_task-doors_run-1_events.tsv	70653c3845cc6c932aadf4f0e0f486955eaf47a7766e3eeae4612e357a629322	40	40	true	0	0	1			0		0				40	0	0	1	false	false	false	pass		........................................
10369	01	sharedreward	1	bids/sub-10369/ses-01/func/sub-10369_ses-01_task-sharedreward_run-1_events.tsv	c47dc10d3fdc57c51327fe99927ff280088cbf1cad26c1997148031ef81d0fe9	54	54	true	0	0	1			0		0				54	0	0	1	false	false	false	pass		......................................................
10369	01	sharedreward	2	bids/sub-10369/ses-01/func/sub-10369_ses-01_task-sharedreward_run-2_events.tsv	125ec16bf03e590df2e1b82a641af0870133a705a5902da6f0f9839ba926357d	54	54	true	0	0	1			0		0				54	0	0	1	false	false	false	pass		......................................................
10369	01	socialdoors	1	bids/sub-10369/ses-01/func/sub-10369_ses-01_task-socialdoors_run-1_events.tsv	6bf8ded6f3ff14ce3edafabb03d8fb2c2ba7038951fa74822d76dc4256351e58	40	40	true	1	0.025	0.975	14	14	1	14	0				40	1	0.025	1	false	false	false	pass		.............M..........................
10369	01	trust	1	bids/sub-10369/ses-01/func/sub-10369_ses-01_task-trust_run-1_events.tsv	b5162d4e6983c049b2ce7ea5d795588a106427db6987f7159bdb6732621606a1	42	42	true	1	0.02381	0.97619	7	7	1	7	0				42	1	0.02381	1	false	false	false	pass		......M...................................
10369	01	ugr	1	bids/sub-10369/ses-01/func/sub-10369_ses-01_task-ugr_run-1_events.tsv	b1c026e82705330f2efd8458600bf86766ccf9ceaaa9e1fe8dc9edc11482fa74	48	48	true	0	0	1			0		0				48	0	0	1	false	false	false	pass		................................................
10369	01	ugr	2	bids/sub-10369/ses-01/func/sub-10369_ses-01_task-ugr_run-2_events.tsv	fc23294164e1510d9290ebb717ddf105d952fe5529b4d6585bf02939f3a8bc9a	48	48	true	0	0	1			0		0				48	0	0	1	false	false	false	pass		................................................
10402	01	doors	1	bids/sub-10402/ses-01/func/sub-10402_ses-01_task-doors_run-1_events.tsv	0ce98ccba47b6df5baae19b3fb78b2debb95836b4cf1d511cf4e1b11bfda212d	40	40	true	0	0	1			0		0				40	0	0	1	false	false	false	pass		........................................
10402	01	sharedreward	1	bids/sub-10402/ses-01/func/sub-10402_ses-01_task-sharedreward_run-1_events.tsv	24cbec0651c0865197e4c60f6db84a0280c070a793069516a7f34288eb849a07	54	54	true	1	0.018519	0.981481	29	29	1	29	0				54	1	0.018519	1	false	false	false	pass		............................M.........................
10402	01	sharedreward	2	bids/sub-10402/ses-01/func/sub-10402_ses-01_task-sharedreward_run-2_events.tsv	6bdfef61764bf6361fff1921313444a15ce71f726ac69b9d21a6e53b3a1e8c31	54	54	true	0	0	1			0		0				54	0	0	1	false	false	false	pass		......................................................
10402	01	socialdoors	1	bids/sub-10402/ses-01/func/sub-10402_ses-01_task-socialdoors_run-1_events.tsv	688f11634bf105ddfde6c4b8b253fb55e81617f5607245bca2ecd3dd9dbd7da3	40	40	true	0	0	1			0		0				40	0	0	1	false	false	false	pass		........................................
10402	01	trust	1	bids/sub-10402/ses-01/func/sub-10402_ses-01_task-trust_run-1_events.tsv	dbc60211f9cb3c08d5fd0ef2ac896760dba06b1daa1c8fd7b3d5e2425960638d	42	42	true	1	0.02381	0.97619	16	16	1	16	0				42	1	0.02381	1	false	false	false	pass		...............M..........................
10402	01	trust	2	bids/sub-10402/ses-01/func/sub-10402_ses-01_task-trust_run-2_events.tsv	e2e82a1ddf9d6ce6a72aad8ed8780fc3a04bf0ff9191847418a9c7e0b4fdb745	42	42	true	0	0	1			0		0				42	0	0	1	false	false	false	pass		..........................................
10402	01	ugr	1	bids/sub-10402/ses-01/func/sub-10402_ses-01_task-ugr_run-1_events.tsv	3397101c20ccf7fe3cca9a7eef17453ee257472f8c35c728dc545a336fa33878	48	48	true	0	0	1			0		0				48	0	0	1	false	false	false	pass		................................................
10402	01	ugr	2	bids/sub-10402/ses-01/func/sub-10402_ses-01_task-ugr_run-2_events.tsv	e18c94b428b8310df86d121a3cb96a5cf31fd9076d1890df7f439a8a3e433544	48	48	true	0	0	1			0		0				48	0	0	1	false	false	false	pass		................................................
10418	01	doors	1	bids/sub-10418/ses-01/func/sub-10418_ses-01_task-doors_run-1_events.tsv	c4b666738884a84dc04b6838ccec7d950d83fefaeeba0a06f3844a8657ad0b1e	40	40	true	0	0	1			0		0				40	0	0	1	false	false	false	pass		........................................
10418	01	sharedreward	1	bids/sub-10418/ses-01/func/sub-10418_ses-01_task-sharedreward_run-1_events.tsv	be27d459e148919ecd2a49fd88e406f1dd202a87c0404300202f8389f00a4915	54	54	true	0	0	1			0		0				54	0	0	1	false	false	false	pass		......................................................
10418	01	sharedreward	2	bids/sub-10418/ses-01/func/sub-10418_ses-01_task-sharedreward_run-2_events.tsv	1e145d33c42b4fe7e845a83e5b936788426d201dff112ee8d2c115d26ee0d98f	54	54	true	0	0	1			0		0				54	0	0	1	false	false	false	pass		......................................................
10418	01	socialdoors	1	bids/sub-10418/ses-01/func/sub-10418_ses-01_task-socialdoors_run-1_events.tsv	689c9e02d18fc388a6ed654d2e7e9aaec89fe30e5d56fa49c762501ca52565f3	40	40	true	0	0	1			0		0				40	0	0	1	false	false	false	pass		........................................
10418	01	trust	1	bids/sub-10418/ses-01/func/sub-10418_ses-01_task-trust_run-1_events.tsv	d0dcf61238f40da798ddaf13ba4bdd148c261e25513fcaec79e527e504571a96	42	42	true	0	0	1			0		0				42	0	0	1	false	false	false	pass		..........................................
10418	01	trust	2	bids/sub-10418/ses-01/func/sub-10418_ses-01_task-trust_run-2_events.tsv	25266cc2259b34f30413d55bd244acdc14c6ba3ab38735b97f303f875f6bff8e	42	42	true	0	0	1			0		0				42	0	0	1	false	false	false	pass		..........................................
10418	01	ugr	1	bids/sub-10418/ses-01/func/sub-10418_ses-01_task-ugr_run-1_events.tsv	016381b1d39444a94d6403bbdd52b82b4f0e3a1889b0a5ac85e1da91ae2cca32	48	48	true	0	0	1			0		0				48	0	0	1	false	false	false	pass		................................................
10418	01	ugr	2	bids/sub-10418/ses-01/func/sub-10418_ses-01_task-ugr_run-2_events.tsv	8d6108789f18771e7e1c3ec3820e0ae1f90d109ab4dbb26bcb720bc8bb70da97	48	48	true	0	0	1			0		0				48	0	0	1	false	false	false	pass		................................................
10418	02	doors	1	bids/sub-10418/ses-02/func/sub-10418_ses-02_task-doors_run-1_events.tsv	f47cfbbf2e73bb409f55fa5e27d81a1d3652850e6e6c15d5b4de7c9db4e28573	40	40	true	0	0	1			0		0				40	0	0	1	false	false	false	pass		........................................
10418	02	socialdoors	1	bids/sub-10418/ses-02/func/sub-10418_ses-02_task-socialdoors_run-1_events.tsv	cc78f0515e736999d756803d3a8c49480708bf2dada8decab7b64f5094af35ec	40	40	true	0	0	1			0		0				40	0	0	1	false	false	false	pass		........................................
10418	02	ugr	1	bids/sub-10418/ses-02/func/sub-10418_ses-02_task-ugr_run-1_events.tsv	c65f16de7d5fc885c28413c8564ebeef84fb852563e87c013fc243f48b64afec	48	48	true	0	0	1			0		0				48	0	0	1	false	false	false	pass		................................................
10418	02	ugr	2	bids/sub-10418/ses-02/func/sub-10418_ses-02_task-ugr_run-2_events.tsv	b5856701a2d0e587d4a51f577b3735a4858daba3e8a9194dc49e824ef0a4ae2d	48	48	true	0	0	1			0		0				48	0	0	1	false	false	false	pass		................................................
10462	01	doors	1	bids/sub-10462/ses-01/func/sub-10462_ses-01_task-doors_run-1_events.tsv	79879688908f2c9abe617d31796555d3fd78ac2ebe725b25e784827a8e2a001a	40	40	true	0	0	1			0		0				40	0	0	1	false	false	false	pass		........................................
10462	01	sharedreward	1	bids/sub-10462/ses-01/func/sub-10462_ses-01_task-sharedreward_run-1_events.tsv	494b38b8978df28908837ec48baeb42e6e925f3d5b3aacbd14c366d1b4f0a5bf	54	54	true	0	0	1			0		0				54	0	0	1	false	false	false	pass		......................................................
10462	01	socialdoors	1	bids/sub-10462/ses-01/func/sub-10462_ses-01_task-socialdoors_run-1_events.tsv	28f30ee19165cc3de7a6017c519b1257f207682757a381835a237cee220367c5	40	40	true	0	0	1			0		0				40	0	0	1	false	false	false	pass		........................................
10462	01	trust	1	bids/sub-10462/ses-01/func/sub-10462_ses-01_task-trust_run-1_events.tsv	25a14714be095140f25910e99e9ce280f73a6d77730678cb8805c30749d2dcdc	42	42	true	1	0.02381	0.97619	41	41	1	41	0				42	1	0.02381	1	false	false	false	pass		........................................M.
10462	01	ugr	1	bids/sub-10462/ses-01/func/sub-10462_ses-01_task-ugr_run-1_events.tsv	c345725b8837687c43064522d7459bf169cd9628cf2c03f251392cdbe468a0d2	48	48	true	0	0	1			0		0				48	0	0	1	false	false	false	pass		................................................
10462	01	ugr	2	bids/sub-10462/ses-01/func/sub-10462_ses-01_task-ugr_run-2_events.tsv	62e408d66eabc7869296be79dbf7dac090ade4b1c2c6dd97bf0e7ad7659cc3d7	48	48	true	0	0	1			0		0				48	0	0	1	false	false	false	pass		................................................
10462	02	doors	1	bids/sub-10462/ses-02/func/sub-10462_ses-02_task-doors_run-1_events.tsv	46a1587106038bd35e2c045be56a9adbcb0ef347bb7caa45466e18c3806c223e	40	40	true	1	0.025	0.975	13	13	1	13	0				40	1	0.025	1	false	false	false	pass		............M...........................
10462	02	socialdoors	1	bids/sub-10462/ses-02/func/sub-10462_ses-02_task-socialdoors_run-1_events.tsv	74673d0748adb2680ae46dd9e17f430cd525508973bc67f8e453b507e4bfa84d	40	40	true	1	0.025	0.975	4	4	1	4	0				40	1	0.025	1	false	false	false	pass		...M....................................
10462	02	ugr	1	bids/sub-10462/ses-02/func/sub-10462_ses-02_task-ugr_run-1_events.tsv	12536148d8a503a907cc344f4bcd874d34b5ee20bb301a3991fbc9d5b5ea0435	48	48	true	1	0.020833	0.979167	2	2	1	2	0				48	1	0.020833	1	false	false	false	pass		.M..............................................
10462	02	ugr	2	bids/sub-10462/ses-02/func/sub-10462_ses-02_task-ugr_run-2_events.tsv	8a04183e8c446442fef3e4a6b783248cc6638051abe5187c0ce35bd0fd235808	48	48	true	0	0	1			0		0				48	0	0	1	false	false	false	pass		................................................
10478	01	doors	1	bids/sub-10478/ses-01/func/sub-10478_ses-01_task-doors_run-1_events.tsv	e939b6547599d9eba939a7d33b92085a0deac6c93af396a6ef14e0f8ccfd9ad5	40	40	true	0	0	1			0		0				40	0	0	1	false	false	false	pass		........................................
10478	01	sharedreward	1	bids/sub-10478/ses-01/func/sub-10478_ses-01_task-sharedreward_run-1_events.tsv	42990b0378ec3f583f16c9e7942419ba1b046fee8fd4724ad7a5ee3b8772090d	54	54	true	0	0	1			0		0				54	0	0	1	false	false	false	pass		......................................................
10478	01	sharedreward	2	bids/sub-10478/ses-01/func/sub-10478_ses-01_task-sharedreward_run-2_events.tsv	111897b69a4feb07e9a0d34124fe91ad9b17dd34db892ac420f5cc82a5206090	54	54	true	0	0	1			0		0				54	0	0	1	false	false	false	pass		......................................................
10478	01	socialdoors	1	bids/sub-10478/ses-01/func/sub-10478_ses-01_task-socialdoors_run-1_events.tsv	f74ec31b4bb9df7711b70cd0bf22fa3f275d6fe73daf2253aa6e281750742866	40	40	true	0	0	1			0		0				40	0	0	1	false	false	false	pass		........................................
10478	01	trust	1	bids/sub-10478/ses-01/func/sub-10478_ses-01_task-trust_run-1_events.tsv	7dee6799b998577029e1cdef78c57aebccddaed7d2fa0d6c3e59b3927a711264	42	42	true	1	0.02381	0.97619	14	14	1	14	0				42	1	0.02381	1	false	false	false	pass		.............M............................
10478	01	trust	2	bids/sub-10478/ses-01/func/sub-10478_ses-01_task-trust_run-2_events.tsv	b94dcd8b9554015b4a6120cabda616922c5fc7bcc71549d42871fd831b2c7e52	42	42	true	1	0.02381	0.97619	33	33	1	33	0				42	1	0.02381	1	false	false	false	pass		................................M.........
10478	01	ugr	1	bids/sub-10478/ses-01/func/sub-10478_ses-01_task-ugr_run-1_events.tsv	dda15ba1b5becd86042a6f8ce9090f17365a8f80cab3f3e7782db21095409480	48	48	true	0	0	1			0		0				48	0	0	1	false	false	false	pass		................................................
10478	01	ugr	2	bids/sub-10478/ses-01/func/sub-10478_ses-01_task-ugr_run-2_events.tsv	2d9a17ad04eec2d4e659e728de72d4dd7fba5596886274bae0a1fee0baf97d94	48	48	true	0	0	1			0		0				48	0	0	1	false	false	false	pass		................................................
10486	01	doors	1	bids/sub-10486/ses-01/func/sub-10486_ses-01_task-doors_run-1_events.tsv	feaf17dc5fd56e8f8e8cbc566fd346f5907216bb6f1be728b2fad234e13f3495	40	40	true	0	0	1			0		0				40	0	0	1	false	false	false	pass		........................................
10486	01	sharedreward	1	bids/sub-10486/ses-01/func/sub-10486_ses-01_task-sharedreward_run-1_events.tsv	b22cea15ffcb7362008d4e33adc78760083b455a4ab8c8349fe4ccee447d72e5	54	54	true	1	0.018519	0.981481	1	1	1	1	0				54	1	0.018519	1	false	false	false	pass		M.....................................................
10486	01	sharedreward	2	bids/sub-10486/ses-01/func/sub-10486_ses-01_task-sharedreward_run-2_events.tsv	7fc746aed2180e467eb2b6d2adc7f90e7d13499c06c5ccf7334755d240bc207f	54	54	true	0	0	1			0		0				54	0	0	1	false	false	false	pass		......................................................
10486	01	socialdoors	1	bids/sub-10486/ses-01/func/sub-10486_ses-01_task-socialdoors_run-1_events.tsv	2bc48e3c32abf6fdd9549750658ae97aeb080eaab03d2753d576effb0e3e62a7	40	40	true	0	0	1			0		0				40	0	0	1	false	false	false	pass		........................................
10486	01	trust	1	bids/sub-10486/ses-01/func/sub-10486_ses-01_task-trust_run-1_events.tsv	2b3d060c5979e0d49ca1169a4d399605c992bc474924025972523042a4224e41	42	42	true	0	0	1			0		0				42	0	0	1	false	false	false	pass		..........................................
10486	01	ugr	1	bids/sub-10486/ses-01/func/sub-10486_ses-01_task-ugr_run-1_events.tsv	f044ee4019ccb5400b4d0faf1da280241cb297dbe8cea61a530346b858757a40	48	48	true	0	0	1			0		0				48	0	0	1	false	false	false	pass		................................................
10529	01	doors	1	bids/sub-10529/ses-01/func/sub-10529_ses-01_task-doors_run-1_events.tsv	7206b4bae7414b002a476e4f16f5481cc6e185d20fa088f0611967887a76c2e3	40	40	true	0	0	1			0		0				40	0	0	1	false	false	false	pass		........................................
10529	01	sharedreward	1	bids/sub-10529/ses-01/func/sub-10529_ses-01_task-sharedreward_run-1_events.tsv	c29cfa8a73dcccd892b2de0e48ed7e1124f917d8ee8898806e883d57f7e7fedc	54	54	true	0	0	1			0		0				54	0	0	1	false	false	false	pass		......................................................
10529	01	sharedreward	2	bids/sub-10529/ses-01/func/sub-10529_ses-01_task-sharedreward_run-2_events.tsv	4caad756ae1b735ea9c58aaa4985ae9ae53fb84fc51630ab4f62157117b559db	54	54	true	1	0.018519	0.981481	25	25	1	25	0				54	1	0.018519	1	false	false	false	pass		........................M.............................
10529	01	socialdoors	1	bids/sub-10529/ses-01/func/sub-10529_ses-01_task-socialdoors_run-1_events.tsv	7e8da74ff02cc6e98ceabd01a478e4651e9554c565c53f0efc6e814cdf2ec780	40	40	true	0	0	1			0		0				40	0	0	1	false	false	false	pass		........................................
10529	01	trust	1	bids/sub-10529/ses-01/func/sub-10529_ses-01_task-trust_run-1_events.tsv	61f75826db9d464f4d1b6aa232f21fdb6214f64a81985d06c5331d010c31bffe	42	42	true	1	0.02381	0.97619	6	6	1	6	0				42	1	0.02381	1	false	false	false	pass		.....M....................................
10529	01	trust	2	bids/sub-10529/ses-01/func/sub-10529_ses-01_task-trust_run-2_events.tsv	62526e46d5365323f0a2143c7cc7601c5474ec57d38d307d14ed08045f628d9a	42	42	true	2	0.047619	0.952381	30	35	1	30	0				42	2	0.047619	1	false	false	false	pass		.............................M....M.......
10529	01	ugr	1	bids/sub-10529/ses-01/func/sub-10529_ses-01_task-ugr_run-1_events.tsv	d0b1df342b3db1cca717037b07fdf970dad27a485b186d221af047b84a169c4b	48	48	true	0	0	1			0		0				48	0	0	1	false	false	false	pass		................................................
10529	01	ugr	2	bids/sub-10529/ses-01/func/sub-10529_ses-01_task-ugr_run-2_events.tsv	4ff047e2c6776a6726cd57e4c929e01f0a40d5786ecb86f59ec997cd362c32d7	48	48	true	0	0	1			0		0				48	0	0	1	false	false	false	pass		................................................
10541	01	doors	1	bids/sub-10541/ses-01/func/sub-10541_ses-01_task-doors_run-1_events.tsv	eb25f8e918094ac61415a5bbd7179e1c8c638ad8d9995ad6f87f8f4793e91e93	40	40	true	3	0.075	0.925	20	34	2	20	0				40	3	0.075	1	false	false	false	pass		...................MM............M......
10541	01	sharedreward	1	bids/sub-10541/ses-01/func/sub-10541_ses-01_task-sharedreward_run-1_events.tsv	cc87c9a90c8f7fca0e92376695651c4bb1f14d81cb5d4f3d417b5b44999535f1	54	54	true	0	0	1			0		0				54	0	0	1	false	false	false	pass		......................................................
10541	01	sharedreward	2	bids/sub-10541/ses-01/func/sub-10541_ses-01_task-sharedreward_run-2_events.tsv	4514b9ccc841a640589358915acc7c09223a47270781dcb9aaa118fafe8f3c4d	54	54	true	1	0.018519	0.981481	34	34	1	34	0				54	1	0.018519	1	false	false	false	pass		.................................M....................
10541	01	socialdoors	1	bids/sub-10541/ses-01/func/sub-10541_ses-01_task-socialdoors_run-1_events.tsv	cbb50e6705c78abaf44a62a487f58f396f155927ce483963523148b886509dd6	40	40	true	1	0.025	0.975	20	20	1	20	0				40	1	0.025	1	false	false	false	pass		...................M....................
10541	01	trust	1	bids/sub-10541/ses-01/func/sub-10541_ses-01_task-trust_run-1_events.tsv	7348c2ea651de1005c083e3f10c9112bccb42b15d4cb4faf4a509e07a34c392f	42	42	true	2	0.047619	0.952381	1	31	1	1	0				42	2	0.047619	1	false	false	false	pass		M.............................M...........
10541	01	trust	2	bids/sub-10541/ses-01/func/sub-10541_ses-01_task-trust_run-2_events.tsv	3d6d71534193b6d210a5cf5cb400e6baa0f215cbd1e32caf99f70bf58a9004ee	42	42	true	0	0	1			0		0				42	0	0	1	false	false	false	pass		..........................................
10541	01	ugr	1	bids/sub-10541/ses-01/func/sub-10541_ses-01_task-ugr_run-1_events.tsv	2b8db06e4ffb834862faf0d96e62b82dac7691243e37f5de3c919ef72ec77cdb	48	48	true	3	0.0625	0.9375	21	44	1	21	0				48	3	0.0625	1	false	false	false	pass		....................M...............M......M....
10541	01	ugr	2	bids/sub-10541/ses-01/func/sub-10541_ses-01_task-ugr_run-2_events.tsv	8ba481513dff9ce24f17ae2a0b00d10bd8922113263d6e32f41f5966c537754f	48	48	true	2	0.041667	0.958333	22	23	2	22	0				48	2	0.041667	1	false	false	false	pass		.....................MM.........................
10541	02	doors	1	bids/sub-10541/ses-02/func/sub-10541_ses-02_task-doors_run-1_events.tsv	69a11ad739367b70b1a68700fa9140d85a77e4ce52e2a27e9569ca8aad489e2f	40	40	true	2	0.05	0.95	34	35	2	34	0				40	2	0.05	1	false	false	false	pass		.................................MM.....
10541	02	socialdoors	1	bids/sub-10541/ses-02/func/sub-10541_ses-02_task-socialdoors_run-1_events.tsv	f3356819140d1cbefb351c555b89b565e4c50061a36a4577100f7d3a57e17c62	40	40	true	4	0.1	0.9	14	24	2	23	0				40	4	0.1	1	false	false	false	pass		.............M..M.....MM................
10541	02	ugr	1	bids/sub-10541/ses-02/func/sub-10541_ses-02_task-ugr_run-1_events.tsv	d33f88d5d5fcdd84321f713b28f34bcb9f33ad696de43b6ef9ebdb3937c5492a	48	48	true	2	0.041667	0.958333	33	44	1	33	0				48	2	0.041667	1	false	false	false	pass		................................M..........M....
10541	02	ugr	2	bids/sub-10541/ses-02/func/sub-10541_ses-02_task-ugr_run-2_events.tsv	6d793eb4d28c27eb3cee219b3756bdb1099af930902cd4ad9ec6a46e58b4d2f4	48	48	true	7	0.145833	0.854167	4	48	2	10	1	48	372.99332	3.76648	47	6	0.12766	0.979167	false	false	false	pass		...M.....MM...........MM............M..........M
10559	01	doors	1	bids/sub-10559/ses-01/func/sub-10559_ses-01_task-doors_run-1_events.tsv	2f1b22c72ac48a7615e0865105497c65332ca47785e8aaddc9b77a9da1eaac63	40	40	true	3	0.075	0.925	19	36	1	19	0				40	3	0.075	1	false	false	false	pass		..................M.......M........M....
10559	01	sharedreward	1	bids/sub-10559/ses-01/func/sub-10559_ses-01_task-sharedreward_run-1_events.tsv	638de3b6425726169e67817cfbc6e42ffc7aa607f800a05dd0b0f530dd294929	54	54	true	6	0.111111	0.888889	6	52	4	6	0				54	6	0.111111	1	false	false	false	pass		.....MMMM...................................M......M..
10559	01	sharedreward	2	bids/sub-10559/ses-01/func/sub-10559_ses-01_task-sharedreward_run-2_events.tsv	8cd15dbf0be1b82e87de865314c46a11ec6f9915c5afc67afce12186190efd30	54	54	true	1	0.018519	0.981481	41	41	1	41	0				54	1	0.018519	1	false	false	false	pass		........................................M.............
10559	01	socialdoors	1	bids/sub-10559/ses-01/func/sub-10559_ses-01_task-socialdoors_run-1_events.tsv	7b21fbe9330220debdf900bd2a1cccef64c1d8d26d6562ae12251c3bec66af93	40	40	true	3	0.075	0.925	21	34	1	21	0				40	3	0.075	1	false	false	false	pass		....................M..M.........M......
10559	01	trust	1	bids/sub-10559/ses-01/func/sub-10559_ses-01_task-trust_run-1_events.tsv	bcca5c3db7d4809404a7e76664d19a0f12739bceff09a059d901d9ef00816a03	42	42	true	4	0.095238	0.904762	4	35	1	4	0				42	4	0.095238	1	false	false	false	pass		...M................M..........M..M.......
10559	01	trust	2	bids/sub-10559/ses-01/func/sub-10559_ses-01_task-trust_run-2_events.tsv	c422c253830454b3eebab13158c4c0c0a3aeadde54c53bd64d1aa8aa61864211	42	42	true	2	0.047619	0.952381	16	34	1	16	0				42	2	0.047619	1	false	false	false	pass		...............M.................M........
10559	01	ugr	1	bids/sub-10559/ses-01/func/sub-10559_ses-01_task-ugr_run-1_events.tsv	bb49874abec1de4806c22d274c18d7c4fbdbc5158d8b4e79f66ff6df70bc56c2	48	48	true	2	0.041667	0.958333	1	15	1	1	0				48	2	0.041667	1	false	false	false	pass		M.............M.................................
10559	01	ugr	2	bids/sub-10559/ses-01/func/sub-10559_ses-01_task-ugr_run-2_events.tsv	c2165a55fc67eb357c39b333af2dba4addd6981826b1264f4a3738cc0d3ba10e	48	48	true	3	0.0625	0.9375	7	36	1	7	0				48	3	0.0625	1	false	false	false	pass		......M..................M.........M............
10572	01	doors	1	bids/sub-10572/ses-01/func/sub-10572_ses-01_task-doors_run-1_events.tsv	5b43af702f31f0eed15930c7325b8e4441e9155f956453bbf129ef943ed6739e	40	40	true	0	0	1			0		0				40	0	0	1	false	false	false	pass		........................................
10572	01	sharedreward	1	bids/sub-10572/ses-01/func/sub-10572_ses-01_task-sharedreward_run-1_events.tsv	5d906c20ae78312562c97a601ace66556a54510dc4ac1267554ecd57d49f8ea4	54	54	true	0	0	1			0		0				54	0	0	1	false	false	false	pass		......................................................
10572	01	sharedreward	2	bids/sub-10572/ses-01/func/sub-10572_ses-01_task-sharedreward_run-2_events.tsv	36f62d7580708f45a476f4d5845241a28b362b5e96ad5e40b78ccfeb907f41be	54	54	true	0	0	1			0		0				54	0	0	1	false	false	false	pass		......................................................
10572	01	socialdoors	1	bids/sub-10572/ses-01/func/sub-10572_ses-01_task-socialdoors_run-1_events.tsv	9503b840ab4b1009b3d74eab798cf1a7cf3c1114c577628c55242eecacf30e86	40	40	true	0	0	1			0		0				40	0	0	1	false	false	false	pass		........................................
10572	01	trust	1	bids/sub-10572/ses-01/func/sub-10572_ses-01_task-trust_run-1_events.tsv	647c7fc1344ea0caad957814e8d62ef3ab052bf7d560448c31cb17c7df15bf8f	42	42	true	1	0.02381	0.97619	19	19	1	19	0				42	1	0.02381	1	false	false	false	pass		..................M.......................
10572	01	trust	2	bids/sub-10572/ses-01/func/sub-10572_ses-01_task-trust_run-2_events.tsv	c44b91652fc24c526d1dd6198e7d2de5ccbb96cd1b029290690e1569186b8c53	42	42	true	0	0	1			0		0				42	0	0	1	false	false	false	pass		..........................................
10572	01	ugr	1	bids/sub-10572/ses-01/func/sub-10572_ses-01_task-ugr_run-1_events.tsv	4eaa0c5bc197a26d824993eb2a05c2691610c4d8aff0eb6a19df773125383776	48	48	true	0	0	1			0		0				48	0	0	1	false	false	false	pass		................................................
10581	01	doors	1	bids/sub-10581/ses-01/func/sub-10581_ses-01_task-doors_run-1_events.tsv	19ab6dda2a8faca0943df8f0f5bc36a57ea14dd3a127ca56e81472a4de69d5f3	40	40	true	1	0.025	0.975	21	21	1	21	0				40	1	0.025	1	false	false	false	pass		....................M...................
10581	01	sharedreward	1	bids/sub-10581/ses-01/func/sub-10581_ses-01_task-sharedreward_run-1_events.tsv	defe44d96462d07e6b09d3e7e37d6f2bc8ea5c69b7dd446cb8b5321d18bcb46c	54	54	true	2	0.037037	0.962963	1	2	2	1	0				54	2	0.037037	1	false	false	false	pass		MM....................................................
10581	01	sharedreward	2	bids/sub-10581/ses-01/func/sub-10581_ses-01_task-sharedreward_run-2_events.tsv	2d0d1964d051534fa5efb0b79899dfc4292c06fb23460259658513af219c662d	54	54	true	2	0.037037	0.962963	40	41	2	40	0				54	2	0.037037	1	false	false	false	pass		.......................................MM.............
10581	01	socialdoors	1	bids/sub-10581/ses-01/func/sub-10581_ses-01_task-socialdoors_run-1_events.tsv	f772ed759572687445260964df346c7099d205467f222ff873d1c7cd5f056e9e	40	40	true	0	0	1			0		0				40	0	0	1	false	false	false	pass		........................................
10581	01	trust	1	bids/sub-10581/ses-01/func/sub-10581_ses-01_task-trust_run-1_events.tsv	abe7923d2e40cb2eb666c9496571a684f7a6d2d7a8543bf9f1315d4cb5d284e2	42	42	true	4	0.095238	0.904762	1	34	2	1	0				42	4	0.095238	1	false	false	false	pass		MM...M...........................M........
10581	01	trust	2	bids/sub-10581/ses-01/func/sub-10581_ses-01_task-trust_run-2_events.tsv	7fecb494d11ba603ad056e2e01f001f49f7e01fdb3a9871c932c033f9d8027ec	42	42	true	1	0.02381	0.97619	42	42	1	42	1	42	435.358	3.01087	41	0	0	0.97619	false	false	false	pass		.........................................M
10581	01	ugr	1	bids/sub-10581/ses-01/func/sub-10581_ses-01_task-ugr_run-1_events.tsv	fc9a28deaa1906830d37476e9181a4acf03738f7c34491ab7eee727703997fea	48	48	true	1	0.020833	0.979167	4	4	1	4	0				48	1	0.020833	1	false	false	false	pass		...M............................................
10581	01	ugr	2	bids/sub-10581/ses-01/func/sub-10581_ses-01_task-ugr_run-2_events.tsv	79d1a528a7641a727bb3a93f1d358158edafc7dfa53ab8f4e4afced19fc8205c	48	48	true	1	0.020833	0.979167	28	28	1	28	0				48	1	0.020833	1	false	false	false	pass		...........................M....................
10584	01	doors	1	bids/sub-10584/ses-01/func/sub-10584_ses-01_task-doors_run-1_events.tsv	f770ece17faf1ddc4733350db186b1d070c70b80dfa2a34734bec22e2baa83d0	40	40	true	0	0	1			0		0				40	0	0	1	false	false	false	pass		........................................
10584	01	sharedreward	1	bids/sub-10584/ses-01/func/sub-10584_ses-01_task-sharedreward_run-1_events.tsv	4d2c9c91abfaa785cacb0dd6e949be491807ea6324cc3a848f749d4ed1afd87a	54	54	true	0	0	1			0		0				54	0	0	1	false	false	false	pass		......................................................
10584	01	socialdoors	1	bids/sub-10584/ses-01/func/sub-10584_ses-01_task-socialdoors_run-1_events.tsv	a7e9d226f80a136809cb4bd3cb3a6e29bedfe8235e47eb3a6edca6b6b17d524d	40	40	true	0	0	1			0		0				40	0	0	1	false	false	false	pass		........................................
10584	01	trust	1	bids/sub-10584/ses-01/func/sub-10584_ses-01_task-trust_run-1_events.tsv	540d0fc59b82b0d77e2e97d4e26b9c23b253ebf48e50580b939cb8c5f8d172da	42	42	true	0	0	1			0		0				42	0	0	1	false	false	false	pass		..........................................
10584	01	trust	2	bids/sub-10584/ses-01/func/sub-10584_ses-01_task-trust_run-2_events.tsv	c443482a602d04002a5b176b0c6e460d4b508502bf591f1cc559e65a36e6f0a4	42	42	true	1	0.02381	0.97619	7	7	1	7	0				42	1	0.02381	1	false	false	false	pass		......M...................................
10584	01	ugr	1	bids/sub-10584/ses-01/func/sub-10584_ses-01_task-ugr_run-1_events.tsv	243b1d9cab7380ea708abc3873bf15498a4fc450bd40174e3a139c3d31a59d5e	48	48	true	0	0	1			0		0				48	0	0	1	false	false	false	pass		................................................
10585	01	doors	1	bids/sub-10585/ses-01/func/sub-10585_ses-01_task-doors_run-1_events.tsv	551857c1b6ea0e5ff79c38a2a979ee1ca4aad4fbb71af6a493cf646f79b7bc4b	40	40	true	1	0.025	0.975	39	39	1	39	0				40	1	0.025	1	false	false	false	pass		......................................M.
10585	01	sharedreward	1	bids/sub-10585/ses-01/func/sub-10585_ses-01_task-sharedreward_run-1_events.tsv	dac14525ba7fb963104d132fee05ab2bc38c47eb3a88aca0b6570244f0dc142a	54	54	true	1	0.018519	0.981481	37	37	1	37	0				54	1	0.018519	1	false	false	false	pass		....................................M.................
10585	01	sharedreward	2	bids/sub-10585/ses-01/func/sub-10585_ses-01_task-sharedreward_run-2_events.tsv	9518646cd17c36100ac0c42def0f7c9f590248b4198059de47c87b2c9c9f7add	54	54	true	0	0	1			0		0				54	0	0	1	false	false	false	pass		......................................................
10585	01	socialdoors	1	bids/sub-10585/ses-01/func/sub-10585_ses-01_task-socialdoors_run-1_events.tsv	87704cd503899340d39de2367a031c01ae419ecdebbca10129451a3de6d0e2c4	40	40	true	0	0	1			0		0				40	0	0	1	false	false	false	pass		........................................
10585	01	trust	1	bids/sub-10585/ses-01/func/sub-10585_ses-01_task-trust_run-1_events.tsv	e387f9211de4fe9c67b4f9798bf2fd985940186840f6d8c2f33e1ac21165836a	42	42	true	0	0	1			0		0				42	0	0	1	false	false	false	pass		..........................................
10585	01	trust	2	bids/sub-10585/ses-01/func/sub-10585_ses-01_task-trust_run-2_events.tsv	b6e06f2b7fec9ac7369f727335122ec39b98ef8b4d8553c572aadf597e86e09e	42	42	true	0	0	1			0		0				42	0	0	1	false	false	false	pass		..........................................
10585	01	ugr	1	bids/sub-10585/ses-01/func/sub-10585_ses-01_task-ugr_run-1_events.tsv	079427e781b2bd438e1ecf68f03e953fe5324ad1ceed1ce3efe8f5aafc641d00	48	48	true	0	0	1			0		0				48	0	0	1	false	false	false	pass		................................................
10585	01	ugr	2	bids/sub-10585/ses-01/func/sub-10585_ses-01_task-ugr_run-2_events.tsv	26087ecd5f90c35f1f6056a2e6982777de216faf7f1870b694ea29790e73a1c2	48	48	true	0	0	1			0		0				48	0	0	1	false	false	false	pass		................................................
10589	01	doors	1	bids/sub-10589/ses-01/func/sub-10589_ses-01_task-doors_run-1_events.tsv	66938697e5ec4bcdad98a430798dabc22c2aedaef0b63bad42c27f503c3cf024	40	40	true	0	0	1			0		0				40	0	0	1	false	false	false	pass		........................................
10589	01	sharedreward	1	bids/sub-10589/ses-01/func/sub-10589_ses-01_task-sharedreward_run-1_events.tsv	3bdfecfe3aa3e8c7c48d842cf8f0b88e766c18100d5fe1522be1e638d88c41fb	54	54	true	0	0	1			0		0				54	0	0	1	false	false	false	pass		......................................................
10589	01	sharedreward	2	bids/sub-10589/ses-01/func/sub-10589_ses-01_task-sharedreward_run-2_events.tsv	e06c4d0915e54391690653d81bd5c7690e88ce0388ff4c1df73fb2f70d3d55dd	54	54	true	0	0	1			0		0				54	0	0	1	false	false	false	pass		......................................................
10589	01	socialdoors	1	bids/sub-10589/ses-01/func/sub-10589_ses-01_task-socialdoors_run-1_events.tsv	b26000988ac124ab8c83136c6a9c7b05b9d10bb522058bbbc0d31d11d1fc133d	40	40	true	0	0	1			0		0				40	0	0	1	false	false	false	pass		........................................
10589	01	trust	1	bids/sub-10589/ses-01/func/sub-10589_ses-01_task-trust_run-1_events.tsv	5172761d90fef1df76c3443fb20263ce2491adba97485d913c8ba5dabd414910	42	42	true	0	0	1			0		0				42	0	0	1	false	false	false	pass		..........................................
10589	01	trust	2	bids/sub-10589/ses-01/func/sub-10589_ses-01_task-trust_run-2_events.tsv	8f85237f77a9df2e363bd7a75bc38c7a8f386c5f9d141c2f9d6b0dde36254905	42	42	true	0	0	1			0		0				42	0	0	1	false	false	false	pass		..........................................
10589	01	ugr	1	bids/sub-10589/ses-01/func/sub-10589_ses-01_task-ugr_run-1_events.tsv	a3bbc851c0cc535f044798675510036eee2b089f6c92086b4f73330bac686fc1	48	48	true	0	0	1			0		0				48	0	0	1	false	false	false	pass		................................................
10589	01	ugr	2	bids/sub-10589/ses-01/func/sub-10589_ses-01_task-ugr_run-2_events.tsv	220fe24d899cffc17d73739708c9a31699a9e12a83530611f0dc56057315dac3	48	48	true	0	0	1			0		0				48	0	0	1	false	false	false	pass		................................................
10590	01	doors	1	bids/sub-10590/ses-01/func/sub-10590_ses-01_task-doors_run-1_events.tsv	3295a76342c530730392ecadcafa99d20717bc00c6115b108758302f8d8f117a	40	40	true	0	0	1			0		0				40	0	0	1	false	false	false	pass		........................................
10590	01	sharedreward	1	bids/sub-10590/ses-01/func/sub-10590_ses-01_task-sharedreward_run-1_events.tsv	ff3ac1e6c679aded6c715992edfe4faf831e68e1dcef91a0dcdb537abe33ac21	54	54	true	1	0.018519	0.981481	1	1	1	1	0				54	1	0.018519	1	false	false	false	pass		M.....................................................
10590	01	sharedreward	2	bids/sub-10590/ses-01/func/sub-10590_ses-01_task-sharedreward_run-2_events.tsv	5579f5ef7c6adb57c3760e19dc24e004e4ed558184668d78eec7dacf8a13837e	54	54	true	0	0	1			0		0				54	0	0	1	false	false	false	pass		......................................................
10590	01	socialdoors	1	bids/sub-10590/ses-01/func/sub-10590_ses-01_task-socialdoors_run-1_events.tsv	e40b8db896f90bf7c4b9e00634600aa12062b97d945db539f84d1fe2a011d907	40	40	true	1	0.025	0.975	38	38	1	38	0				40	1	0.025	1	false	false	false	pass		.....................................M..
10590	01	trust	1	bids/sub-10590/ses-01/func/sub-10590_ses-01_task-trust_run-1_events.tsv	d46ccb7308e462cf8542eb06146dce99a79acf600c03cdff6fae7b2c6a119a2e	42	42	true	0	0	1			0		0				42	0	0	1	false	false	false	pass		..........................................
10590	01	trust	2	bids/sub-10590/ses-01/func/sub-10590_ses-01_task-trust_run-2_events.tsv	a2d95d9135c1bd56a0e6745cf578c002e6a62cf74244cac555554f4dc2b07f88	42	42	true	0	0	1			0		0				42	0	0	1	false	false	false	pass		..........................................
10590	01	ugr	1	bids/sub-10590/ses-01/func/sub-10590_ses-01_task-ugr_run-1_events.tsv	977fca737d4b3adba4449eddbc8ac1532f6282c6a0b4848920f8c4aa176f6d1a	48	48	true	0	0	1			0		0				48	0	0	1	false	false	false	pass		................................................
10590	01	ugr	2	bids/sub-10590/ses-01/func/sub-10590_ses-01_task-ugr_run-2_events.tsv	ef65ddf02f449062c3a37c282bd969d52f7a17dd5b77db27c11fb5a7e0cfe9d3	48	48	true	0	0	1			0		0				48	0	0	1	false	false	false	pass		................................................
10590	02	socialdoors	1	bids/sub-10590/ses-02/func/sub-10590_ses-02_task-socialdoors_run-1_events.tsv	f6b2e03b7903844a4763718337271ac783c6c1a299dedc9ddf54f9005bd3e4c1	40	40	true	0	0	1			0		0				40	0	0	1	false	false	false	pass		........................................
10590	02	ugr	1	bids/sub-10590/ses-02/func/sub-10590_ses-02_task-ugr_run-1_events.tsv	51f91940a071e8306cb008f856899a1098932551cd3cbf9a7afcc853d72f10c0	48	48	true	0	0	1			0		0				48	0	0	1	false	false	false	pass		................................................
10590	02	ugr	2	bids/sub-10590/ses-02/func/sub-10590_ses-02_task-ugr_run-2_events.tsv	49c973c35bba8c0b2a721acaadcfcc421c2bc8fcb8b0659a966e17f769e00373	48	48	true	0	0	1			0		0				48	0	0	1	false	false	false	pass		................................................
10596	01	doors	1	bids/sub-10596/ses-01/func/sub-10596_ses-01_task-doors_run-1_events.tsv	accc3c232a532b1779e333576ff873bca524732caae3fe71d36be7346d8a2d77	40	40	true	1	0.025	0.975	11	11	1	11	0				40	1	0.025	1	false	false	false	pass		..........M.............................
10596	01	sharedreward	1	bids/sub-10596/ses-01/func/sub-10596_ses-01_task-sharedreward_run-1_events.tsv	e3bcca466590697b3fa5ad22e197426704ad2660d95860d1dd3abf689c419f0a	54	54	true	1	0.018519	0.981481	1	1	1	1	0				54	1	0.018519	1	false	false	false	pass		M.....................................................
10596	01	sharedreward	2	bids/sub-10596/ses-01/func/sub-10596_ses-01_task-sharedreward_run-2_events.tsv	097953352ced80645b230fed5741b25887e72894755b3f742f848e837d10de3f	54	54	true	2	0.037037	0.962963	19	30	1	19	0				54	2	0.037037	1	false	false	false	pass		..................M..........M........................
10596	01	socialdoors	1	bids/sub-10596/ses-01/func/sub-10596_ses-01_task-socialdoors_run-1_events.tsv	2c76b0b8ad6ddcfab355aabc5f765b8af0602694481ee04f547430be43e4f1e2	40	40	true	3	0.075	0.925	10	38	1	10	0				40	3	0.075	1	false	false	false	pass		.........M..........M................M..
10596	01	trust	1	bids/sub-10596/ses-01/func/sub-10596_ses-01_task-trust_run-1_events.tsv	e3ea99d9e7b81e5a079f74744682ef9701f2e01b4da1c0a22a68000257e31bb4	42	42	true	1	0.02381	0.97619	2	2	1	2	0				42	1	0.02381	1	false	false	false	pass		.M........................................
10596	01	trust	2	bids/sub-10596/ses-01/func/sub-10596_ses-01_task-trust_run-2_events.tsv	6a977c24dfba7921a38454b6949fd486f17b627dec8b28c22b7dcdfe07b98a39	42	42	true	1	0.02381	0.97619	7	7	1	7	0				42	1	0.02381	1	false	false	false	pass		......M...................................
10596	01	ugr	1	bids/sub-10596/ses-01/func/sub-10596_ses-01_task-ugr_run-1_events.tsv	a4037aa77cc85129853a2fdfe46f62114eba503c2139fe1c0cab3deb19aa3f48	48	48	true	1	0.020833	0.979167	24	24	1	24	0				48	1	0.020833	1	false	false	false	pass		.......................M........................
10596	01	ugr	2	bids/sub-10596/ses-01/func/sub-10596_ses-01_task-ugr_run-2_events.tsv	f04e4e387a5b8b47f5c3c413bc050ff404a7cf11870ca62fb8b2addc633486b5	48	48	true	0	0	1			0		0				48	0	0	1	false	false	false	pass		................................................
10603	01	doors	1	bids/sub-10603/ses-01/func/sub-10603_ses-01_task-doors_run-1_events.tsv	e2c3e3e76ef49f92015ce57e884f850efcaef4c5eb4eea542d9db58946026630	40	40	true	0	0	1			0		0				40	0	0	1	false	false	false	pass		........................................
10603	01	sharedreward	1	bids/sub-10603/ses-01/func/sub-10603_ses-01_task-sharedreward_run-1_events.tsv	bebdd9563932679f4a1efa8393db04d9d1a2b97ded501a285f4316cdd6f58ce3	54	54	true	0	0	1			0		0				54	0	0	1	false	false	false	pass		......................................................
10603	01	socialdoors	1	bids/sub-10603/ses-01/func/sub-10603_ses-01_task-socialdoors_run-1_events.tsv	0d330a166d83fbf7b1b636ffd668f7d84288d355687bc777500427ee2c2acb3f	40	40	true	0	0	1			0		0				40	0	0	1	false	false	false	pass		........................................
10603	01	trust	1	bids/sub-10603/ses-01/func/sub-10603_ses-01_task-trust_run-1_events.tsv	6811f325fa190aa20f16fbfed545b728707c4bdb8e24938176d26ca021c00978	42	42	true	0	0	1			0		0				42	0	0	1	false	false	false	pass		..........................................
10603	01	trust	2	bids/sub-10603/ses-01/func/sub-10603_ses-01_task-trust_run-2_events.tsv	95c387ec9439c454e7507d4630bda88aec27fca78f361d2eba4fb6d8ab4e1230	42	42	true	0	0	1			0		0				42	0	0	1	false	false	false	pass		..........................................
10603	01	ugr	1	bids/sub-10603/ses-01/func/sub-10603_ses-01_task-ugr_run-1_events.tsv	3ef12f55658f488a8dc6a0c09f0a805400696a12df91651c12d962aa9c18a16e	48	48	true	0	0	1			0		0				48	0	0	1	false	false	false	pass		................................................
10606	01	doors	1	bids/sub-10606/ses-01/func/sub-10606_ses-01_task-doors_run-1_events.tsv	ac0d0107a9ea3aefc3dfb05d123ff512ae3b92cdbf26bb63f9cd6d8215f91677	40	40	true	0	0	1			0		0				40	0	0	1	false	false	false	pass		........................................
10606	01	sharedreward	1	bids/sub-10606/ses-01/func/sub-10606_ses-01_task-sharedreward_run-1_events.tsv	276060795ace3d47e51f21d9c9b91131530c059d794fa1fedfa2c00045d945ce	54	54	true	0	0	1			0		0				54	0	0	1	false	false	false	pass		......................................................
10606	01	sharedreward	2	bids/sub-10606/ses-01/func/sub-10606_ses-01_task-sharedreward_run-2_events.tsv	b3c7c1e40447755266bef403f343ee32675362ed9aa51f9a39a6b11e26766daa	54	54	true	0	0	1			0		0				54	0	0	1	false	false	false	pass		......................................................
10606	01	socialdoors	1	bids/sub-10606/ses-01/func/sub-10606_ses-01_task-socialdoors_run-1_events.tsv	e40d4568edd1457176ec9edbd43a37ec9159cd40a110e97855d76e156ab6829b	40	40	true	0	0	1			0		0				40	0	0	1	false	false	false	pass		........................................
10606	01	trust	1	bids/sub-10606/ses-01/func/sub-10606_ses-01_task-trust_run-1_events.tsv	546ebc47def7646cc066695986cce823a34e6b9c8a09f998375b1d48986bd5cf	42	42	true	2	0.047619	0.952381	12	34	1	12	0				42	2	0.047619	1	false	false	false	pass		...........M.....................M........
10606	01	trust	2	bids/sub-10606/ses-01/func/sub-10606_ses-01_task-trust_run-2_events.tsv	45515bdd8986e77a76ed5fb6367922d8974a2f1fd21ec7a48a19eb1aca1b2f10	42	42	true	1	0.02381	0.97619	13	13	1	13	0				42	1	0.02381	1	false	false	false	pass		............M.............................
10606	01	ugr	1	bids/sub-10606/ses-01/func/sub-10606_ses-01_task-ugr_run-1_events.tsv	4727136fa72e0264ad9759d66c93343b48f95e887399b813dd2b73f331edf372	48	48	true	0	0	1			0		0				48	0	0	1	false	false	false	pass		................................................
10606	01	ugr	2	bids/sub-10606/ses-01/func/sub-10606_ses-01_task-ugr_run-2_events.tsv	b41a776d5affeb38d2ac51e0e41606639b726045f030716e298100eb33429173	48	48	true	1	0.020833	0.979167	20	20	1	20	0				48	1	0.020833	1	false	false	false	pass		...................M............................
10608	01	doors	1	bids/sub-10608/ses-01/func/sub-10608_ses-01_task-doors_run-1_events.tsv	90330248253e96cd45f478811be95f36a960c730e941ee725fb420a7d6a46d0e	40	40	true	0	0	1			0		0				40	0	0	1	false	false	false	pass		........................................
10608	01	sharedreward	1	bids/sub-10608/ses-01/func/sub-10608_ses-01_task-sharedreward_run-1_events.tsv	67f1fc59869f858a53e86cb56c0de7708f8f95fe8be40de54da46384eca5031a	54	54	true	0	0	1			0		0				54	0	0	1	false	false	false	pass		......................................................
10608	01	sharedreward	2	bids/sub-10608/ses-01/func/sub-10608_ses-01_task-sharedreward_run-2_events.tsv	c987e130cc1255f4f6bfaa2e9051ed8b501b2d15892498ff0d320736c56a26bb	54	54	true	19	0.351852	0.648148	36	54	19	36	19	36	273.06226	129.52356	35	0	0	0.648148	true	true	true	review	overall_miss_fraction_threshold;terminal_miss_streak	...................................MMMMMMMMMMMMMMMMMMM
10608	01	socialdoors	1	bids/sub-10608/ses-01/func/sub-10608_ses-01_task-socialdoors_run-1_events.tsv	8e30df2a7b751dabef15f8418511dac3b7aaf7cf41ec045a8e1ebd3b03fe8b30	40	40	true	0	0	1			0		0				40	0	0	1	false	false	false	pass		........................................
10608	01	trust	1	bids/sub-10608/ses-01/func/sub-10608_ses-01_task-trust_run-1_events.tsv	10843eab2878e635d7090e2bfb306f9bdcfb3a565fa1958f24e63dc6eb20ff78	42	42	true	0	0	1			0		0				42	0	0	1	false	false	false	pass		..........................................
10608	01	ugr	1	bids/sub-10608/ses-01/func/sub-10608_ses-01_task-ugr_run-1_events.tsv	84cd36a1a858f2c0d86d5795afbafe0f1afbff614e74705b00551531bee2cb72	48	48	true	0	0	1			0		0				48	0	0	1	false	false	false	pass		................................................
10608	01	ugr	2	bids/sub-10608/ses-01/func/sub-10608_ses-01_task-ugr_run-2_events.tsv	83ea8e2c4467cd0eb4c8b7ce7dbb27e771f8d35f630b96d9d67f898dc0532cd3	48	48	true	0	0	1			0		0				48	0	0	1	false	false	false	pass		................................................
10617	01	doors	1	bids/sub-10617/ses-01/func/sub-10617_ses-01_task-doors_run-1_events.tsv	db7cda4a79a41537cde1c4e1b7c2e77f329603fb8bc338f1bcbda1e7212cd835	40	40	true	0	0	1			0		0				40	0	0	1	false	false	false	pass		........................................
10617	01	sharedreward	1	bids/sub-10617/ses-01/func/sub-10617_ses-01_task-sharedreward_run-1_events.tsv	4934f6a1b544ce78741ff85b34e89684aa58592a46dfbd9377e83665f5fdc883	54	54	true	0	0	1			0		0				54	0	0	1	false	false	false	pass		......................................................
10617	01	socialdoors	1	bids/sub-10617/ses-01/func/sub-10617_ses-01_task-socialdoors_run-1_events.tsv	6eaebaf9f5e8d6b2048b5c916f4b4ee5f55face750c13aff8c90c3e4134be50a	40	40	true	0	0	1			0		0				40	0	0	1	false	false	false	pass		........................................
10617	01	trust	1	bids/sub-10617/ses-01/func/sub-10617_ses-01_task-trust_run-1_events.tsv	61bbf867d839b3ce2bfb40f8c1b7f810cc908df18802df577f6638b6336523a9	42	42	true	0	0	1			0		0				42	0	0	1	false	false	false	pass		..........................................
10617	01	ugr	1	bids/sub-10617/ses-01/func/sub-10617_ses-01_task-ugr_run-1_events.tsv	4633532fc3a9711837e70d1b772358487099092fd6bedafb1f461aca4daf2084	48	48	true	0	0	1			0		0				48	0	0	1	false	false	false	pass		................................................
10617	02	doors	1	bids/sub-10617/ses-02/func/sub-10617_ses-02_task-doors_run-1_events.tsv	e77f0a93b63d70cfcc9b2b6fa1f1bb201d380d07b5f5c27a9361d9382166158b	40	40	true	0	0	1			0		0				40	0	0	1	false	false	false	pass		........................................
10617	02	socialdoors	1	bids/sub-10617/ses-02/func/sub-10617_ses-02_task-socialdoors_run-1_events.tsv	61e660ca207f0bdcb8edd7a4875fad0e9959ac268cdd533f7aaf77d0bde71802	40	40	true	0	0	1			0		0				40	0	0	1	false	false	false	pass		........................................
10617	02	ugr	1	bids/sub-10617/ses-02/func/sub-10617_ses-02_task-ugr_run-1_events.tsv	2bc42a4e055a4dedcb7b8bd298d6f4ddb694d4b80e69d7dc08263eb48b10bc01	48	48	true	0	0	1			0		0				48	0	0	1	false	false	false	pass		................................................
10617	02	ugr	2	bids/sub-10617/ses-02/func/sub-10617_ses-02_task-ugr_run-2_events.tsv	9defeec7a47bfb8e89fa3ee92b93551572c44d8677b27677b17fcbe2080a1425	48	48	true	0	0	1			0		0				48	0	0	1	false	false	false	pass		................................................
10636	01	doors	1	bids/sub-10636/ses-01/func/sub-10636_ses-01_task-doors_run-1_events.tsv	c6d0cf3c7563588324fd52c4ee187c4aa47ace1a9ab273f31b38aac0f667f585	40	40	true	1	0.025	0.975	34	34	1	34	0				40	1	0.025	1	false	false	false	pass		.................................M......
10636	01	sharedreward	1	bids/sub-10636/ses-01/func/sub-10636_ses-01_task-sharedreward_run-1_events.tsv	ee9fda9d8bc0aab0b8d016b90dbfc33ba7e2aafcaa39a9941a688ccc173a6b6f	54	54	true	1	0.018519	0.981481	22	22	1	22	0				54	1	0.018519	1	false	false	false	pass		.....................M................................
10636	01	sharedreward	2	bids/sub-10636/ses-01/func/sub-10636_ses-01_task-sharedreward_run-2_events.tsv	ee66455dc35d8bcdbef4923e42abc8930ff78fd22f901dbef5ca81510d90e754	54	54	true	7	0.12963	0.87037	10	51	2	45	0				54	7	0.12963	1	false	false	false	pass		.........M....................M.....M...M...MM....M...
10636	01	socialdoors	1	bids/sub-10636/ses-01/func/sub-10636_ses-01_task-socialdoors_run-1_events.tsv	9b4dff4756c9eb0a572ad4ffad1f4e984bc3db3c860afc8980b0ac853602a2a6	40	40	true	2	0.05	0.95	15	31	1	15	0				40	2	0.05	1	false	false	false	pass		..............M...............M.........
10636	01	trust	1	bids/sub-10636/ses-01/func/sub-10636_ses-01_task-trust_run-1_events.tsv	4d72865242302310bee0f9b6ae73f5ea474b40c3f84f1554792a4395cd8e90af	42	42	true	2	0.047619	0.952381	7	34	1	7	0				42	2	0.047619	1	false	false	false	pass		......M..........................M........
10636	01	trust	2	bids/sub-10636/ses-01/func/sub-10636_ses-01_task-trust_run-2_events.tsv	4d0d877ac6899e0f76c211cfc98032258e2346c3e2f17ec88da89384bf1ad42e	42	42	true	0	0	1			0		0				42	0	0	1	false	false	false	pass		..........................................
10636	01	ugr	1	bids/sub-10636/ses-01/func/sub-10636_ses-01_task-ugr_run-1_events.tsv	0a70540513d8602aa59d583e5bda48cfd82c859acf1192214781a220ccab21b4	48	48	true	0	0	1			0		0				48	0	0	1	false	false	false	pass		................................................
10636	01	ugr	2	bids/sub-10636/ses-01/func/sub-10636_ses-01_task-ugr_run-2_events.tsv	86ad260e82d8e7781fd22f7d16952a0cd9e272fe9ea8e321364b92c354884ab3	48	48	true	0	0	1			0		0				48	0	0	1	false	false	false	pass		................................................
10638	01	doors	1	bids/sub-10638/ses-01/func/sub-10638_ses-01_task-doors_run-1_events.tsv	01f8a98481b4bf926b28e3d02812875d00e85b27fc4478d241b41220fef3e887	40	40	true	2	0.05	0.95	30	36	1	30	0				40	2	0.05	1	false	false	false	pass		.............................M.....M....
10638	01	sharedreward	1	bids/sub-10638/ses-01/func/sub-10638_ses-01_task-sharedreward_run-1_events.tsv	ff6370fa59ce8eb23905b822bfebd1bb703e4d330e96ab7d390ebd3c5d5a8be4	54	54	true	4	0.074074	0.925926	1	4	4	1	0				54	4	0.074074	1	false	false	false	pass		MMMM..................................................
10638	01	sharedreward	2	bids/sub-10638/ses-01/func/sub-10638_ses-01_task-sharedreward_run-2_events.tsv	6722d98da599316802e981b88d15b7ac82caddeebc22063267e000f7d3291c4a	54	54	true	0	0	1			0		0				54	0	0	1	false	false	false	pass		......................................................
10638	01	socialdoors	1	bids/sub-10638/ses-01/func/sub-10638_ses-01_task-socialdoors_run-1_events.tsv	49a35f11f9873524532b0f82a58e1fbabfe726ac44936a4512700329d503d56d	40	40	true	1	0.025	0.975	7	7	1	7	0				40	1	0.025	1	false	false	false	pass		......M.................................
10638	01	trust	1	bids/sub-10638/ses-01/func/sub-10638_ses-01_task-trust_run-1_events.tsv	baa030a2634a2dca3d927c0b9c122fcaa0e2168e835d670498a6aab2b9b47ad2	42	42	true	0	0	1			0		0				42	0	0	1	false	false	false	pass		..........................................
10638	01	trust	2	bids/sub-10638/ses-01/func/sub-10638_ses-01_task-trust_run-2_events.tsv	b0cda8be2432efeeffadcdccc8b6f2efd2884162ea0c5beef2418ae9288af212	42	42	true	1	0.02381	0.97619	41	41	1	41	0				42	1	0.02381	1	false	false	false	pass		........................................M.
10638	01	ugr	1	bids/sub-10638/ses-01/func/sub-10638_ses-01_task-ugr_run-1_events.tsv	1f00d5ed6f16ff07ca96b1c90dafa23ad2635cbb5a7383d0beefebeec0214765	48	48	true	1	0.020833	0.979167	1	1	1	1	0				48	1	0.020833	1	false	false	false	pass		M...............................................
10638	01	ugr	2	bids/sub-10638/ses-01/func/sub-10638_ses-01_task-ugr_run-2_events.tsv	177c0091a4f1f993d3eecbf5ac825980478341b0176e4bb61fa8388c18bff30c	48	48	true	0	0	1			0		0				48	0	0	1	false	false	false	pass		................................................
10638	02	doors	1	bids/sub-10638/ses-02/func/sub-10638_ses-02_task-doors_run-1_events.tsv	6baf14af9897238a64bd51da3709e6be2e0f77bec4a0ba92de1c754e870b5f3f	40	40	true	1	0.025	0.975	37	37	1	37	0				40	1	0.025	1	false	false	false	pass		....................................M...
10638	02	socialdoors	1	bids/sub-10638/ses-02/func/sub-10638_ses-02_task-socialdoors_run-1_events.tsv	25139001ae1c9d5360188a4fbdafa254ce8a9d6cad489cb59ffad5abfa783858	40	40	true	3	0.075	0.925	7	35	1	7	0				40	3	0.075	1	false	false	false	pass		......M...........M...............M.....
10638	02	ugr	1	bids/sub-10638/ses-02/func/sub-10638_ses-02_task-ugr_run-1_events.tsv	1248f9451e6a3603d1e2886242eb0e41363a1785dc23d2828e5ea2ed6aefc445	48	48	true	3	0.0625	0.9375	24	41	2	24	0				48	3	0.0625	1	false	false	false	pass		.......................MM...............M.......
10638	02	ugr	2	bids/sub-10638/ses-02/func/sub-10638_ses-02_task-ugr_run-2_events.tsv	30cbaf4de9ff817cb19305fad6aeefceafebc81c8d650d17e5663b6b7b7011df	48	48	true	2	0.041667	0.958333	7	25	1	7	0				48	2	0.041667	1	false	false	false	pass		......M.................M.......................
10640	01	doors	1	bids/sub-10640/ses-01/func/sub-10640_ses-01_task-doors_run-1_events.tsv	e596128f48e72d3912dfc7f8af3a57905ae7af36b89cef9733c5e260e6fe1325	40	40	true	0	0	1			0		0				40	0	0	1	false	false	false	pass		........................................
10640	01	sharedreward	1	bids/sub-10640/ses-01/func/sub-10640_ses-01_task-sharedreward_run-1_events.tsv	0865d2e812b2a471ea49ed7db64d253a3af25a2670fac443d5f2c12afa0c9ef8	54	54	true	0	0	1			0		0				54	0	0	1	false	false	false	pass		......................................................
10640	01	sharedreward	2	bids/sub-10640/ses-01/func/sub-10640_ses-01_task-sharedreward_run-2_events.tsv	8a2539e157a8a1ec53b57be86de259f27fddd1a5129f4ed7501996e30a4bffea	54	54	true	9	0.166667	0.833333	41	49	9	41	0				54	9	0.166667	1	false	false	false	pass		........................................MMMMMMMMM.....
10640	01	socialdoors	1	bids/sub-10640/ses-01/func/sub-10640_ses-01_task-socialdoors_run-1_events.tsv	46a9905171162b37ffeb25306ee81a72b1ae379f08f4d95aa96345394a449952	40	40	true	0	0	1			0		0				40	0	0	1	false	false	false	pass		........................................
10640	01	trust	1	bids/sub-10640/ses-01/func/sub-10640_ses-01_task-trust_run-1_events.tsv	4b17887f99eaf49303b9ebcdab8941fb669ac052a335090a813f5bad60f347f4	42	42	true	0	0	1			0		0				42	0	0	1	false	false	false	pass		..........................................
10640	01	trust	2	bids/sub-10640/ses-01/func/sub-10640_ses-01_task-trust_run-2_events.tsv	b5e640965a4442f1980fa83387fdfc04e9cb6194c098416a65f013f2c65658bc	42	42	true	1	0.02381	0.97619	31	31	1	31	0				42	1	0.02381	1	false	false	false	pass		..............................M...........
10640	01	ugr	1	bids/sub-10640/ses-01/func/sub-10640_ses-01_task-ugr_run-1_events.tsv	00c156a4268436d1dcbbb8ea11d792004afaac42a27b9f2c0a059f16045a90ab	48	48	true	0	0	1			0		0				48	0	0	1	false	false	false	pass		................................................
10640	01	ugr	2	bids/sub-10640/ses-01/func/sub-10640_ses-01_task-ugr_run-2_events.tsv	a626205bed04e65d5af09570403050c20d3c6638556317785d98514f02ff3317	48	48	true	0	0	1			0		0				48	0	0	1	false	false	false	pass		................................................
10641	01	doors	1	bids/sub-10641/ses-01/func/sub-10641_ses-01_task-doors_run-1_events.tsv	99a9eb64e56aba108b970acffdc5ed745136ab3fc8cd08be2b5f5bae039466c6	40	40	true	0	0	1			0		0				40	0	0	1	false	false	false	pass		........................................
10641	01	sharedreward	1	bids/sub-10641/ses-01/func/sub-10641_ses-01_task-sharedreward_run-1_events.tsv	792d5ea0b33a1dbd7fc89ceb1ed513dbff02ebb1482743fa5d0cb5afaa7d6c43	54	54	true	0	0	1			0		0				54	0	0	1	false	false	false	pass		......................................................
10641	01	socialdoors	1	bids/sub-10641/ses-01/func/sub-10641_ses-01_task-socialdoors_run-1_events.tsv	34656ba9fe20af5433b7aebef0f9cec5dc49ad9680528b1df530bc5eebb8aad9	40	40	true	0	0	1			0		0				40	0	0	1	false	false	false	pass		........................................
10641	01	trust	1	bids/sub-10641/ses-01/func/sub-10641_ses-01_task-trust_run-1_events.tsv	06998cc80e3fb18ddc9c707386d52467cefd418becb47fe29133ffd6054e5bdd	42	42	true	0	0	1			0		0				42	0	0	1	false	false	false	pass		..........................................
10641	01	ugr	1	bids/sub-10641/ses-01/func/sub-10641_ses-01_task-ugr_run-1_events.tsv	f18edb679d1dae96adbabbcf3b6e6a5f06097e5eed2946fb5cf33e331c35185a	48	48	true	0	0	1			0		0				48	0	0	1	false	false	false	pass		................................................
10642	01	doors	1	bids/sub-10642/ses-01/func/sub-10642_ses-01_task-doors_run-1_events.tsv	15da9285b5dcc2cebdb39d5f43aea68de37dc36e9cbce60d3df2eb791df536c5	40	40	true	0	0	1			0		0				40	0	0	1	false	false	false	pass		........................................
10642	01	sharedreward	1	bids/sub-10642/ses-01/func/sub-10642_ses-01_task-sharedreward_run-1_events.tsv	4a7480d90c683302a345951c701d5541849eb1eb20032c3cfae5126f02f5fdc5	54	54	true	1	0.018519	0.981481	1	1	1	1	0				54	1	0.018519	1	false	false	false	pass		M.....................................................
10642	01	sharedreward	2	bids/sub-10642/ses-01/func/sub-10642_ses-01_task-sharedreward_run-2_events.tsv	50531c48343848e63f9cb136d7f952de3e206286eb85052b3dd793ff0aca7a7b	54	54	true	0	0	1			0		0				54	0	0	1	false	false	false	pass		......................................................
10642	01	socialdoors	1	bids/sub-10642/ses-01/func/sub-10642_ses-01_task-socialdoors_run-1_events.tsv	a49edca78c981d87b3d2b19936cd29454c0731b5e6cb59f2b7f5d9e731626198	40	40	true	0	0	1			0		0				40	0	0	1	false	false	false	pass		........................................
10642	01	trust	1	bids/sub-10642/ses-01/func/sub-10642_ses-01_task-trust_run-1_events.tsv	1139d31f82ec783a21ca2b7e30f8fa730851ddf10227a8f9dc462461913a1533	42	42	true	0	0	1			0		0				42	0	0	1	false	false	false	pass		..........................................
10642	01	trust	2	bids/sub-10642/ses-01/func/sub-10642_ses-01_task-trust_run-2_events.tsv	1fc3216bc1eb3a472da67a6cbcf7efc469723537130cd544e0e41fc16775fc68	42	42	true	0	0	1			0		0				42	0	0	1	false	false	false	pass		..........................................
10642	01	ugr	1	bids/sub-10642/ses-01/func/sub-10642_ses-01_task-ugr_run-1_events.tsv	e9d34f36290eeb733144565114b329f9400a4e290ba6000a8f8e7ae4077f4c3c	48	48	true	0	0	1			0		0				48	0	0	1	false	false	false	pass		................................................
10642	01	ugr	2	bids/sub-10642/ses-01/func/sub-10642_ses-01_task-ugr_run-2_events.tsv	57b40bfe4446fee8adb1f6b3c9a049854cb281d384d0084079ea2902b10afa5b	48	48	true	0	0	1			0		0				48	0	0	1	false	false	false	pass		................................................
10644	01	doors	1	bids/sub-10644/ses-01/func/sub-10644_ses-01_task-doors_run-1_events.tsv	b72522a76744a9b8f7823b7200f56a5f57421a9e9f85f166315ae0441d7a170b	40	40	true	3	0.075	0.925	1	24	2	23	0				40	3	0.075	1	false	false	false	pass		M.....................MM................
10644	01	sharedreward	1	bids/sub-10644/ses-01/func/sub-10644_ses-01_task-sharedreward_run-1_events.tsv	8060b880d08dd9ba8e0b9209d876d77af016297984c40f41a74dee01424af0ab	54	54	true	1	0.018519	0.981481	43	43	1	43	0				54	1	0.018519	1	false	false	false	pass		..........................................M...........
10644	01	sharedreward	2	bids/sub-10644/ses-01/func/sub-10644_ses-01_task-sharedreward_run-2_events.tsv	c6d42d26ce6d0df66f15eda35b33cf695e39f8636eaadabdcd9e36bda0a5dac8	54	54	true	2	0.037037	0.962963	1	2	2	1	0				54	2	0.037037	1	false	false	false	pass		MM....................................................
10644	01	socialdoors	1	bids/sub-10644/ses-01/func/sub-10644_ses-01_task-socialdoors_run-1_events.tsv	9e4e00f20d4cd5e6017f3034ef29c1b57e45051a3c5fcb32b24c573e99709151	40	40	true	2	0.05	0.95	1	2	2	1	0				40	2	0.05	1	false	false	false	pass		MM......................................
10644	01	trust	1	bids/sub-10644/ses-01/func/sub-10644_ses-01_task-trust_run-1_events.tsv	1e1db9ca139bed612bd4a9a6694f281521e022aa8e6e493622de8e23123e1881	42	42	true	1	0.02381	0.97619	1	1	1	1	0				42	1	0.02381	1	false	false	false	pass		M.........................................
10644	01	trust	2	bids/sub-10644/ses-01/func/sub-10644_ses-01_task-trust_run-2_events.tsv	7d962b0e122e21a937e645517405beb79f5430e8aeb6b6ed9453e9e7605cf000	42	42	true	1	0.02381	0.97619	42	42	1	42	1	42	435.37305	3.01385	41	0	0	0.97619	false	false	false	pass		.........................................M
10644	01	ugr	1	bids/sub-10644/ses-01/func/sub-10644_ses-01_task-ugr_run-1_events.tsv	23a00d3a299c588a49e2908b3a583fd4d48bf89387301a04b4d1dbbdfbc93361	48	48	true	2	0.041667	0.958333	36	44	1	36	0				48	2	0.041667	1	false	false	false	pass		...................................M.......M....
10644	01	ugr	2	bids/sub-10644/ses-01/func/sub-10644_ses-01_task-ugr_run-2_events.tsv	fe4f0d8b2f3d45a6e47bb6d60ed6030ccc55e7152ad44f77874f8b848c8328e0	48	48	true	7	0.145833	0.854167	7	48	3	46	3	46	356.06506	19.83332	45	4	0.088889	0.9375	false	false	false	pass		......M.......M...............MM.............MMM
10647	01	doors	1	bids/sub-10647/ses-01/func/sub-10647_ses-01_task-doors_run-1_events.tsv	dce8ffc5ab45b9acfe5dbb5641057783fb27187cab1d8c0fc07d0a806af6e207	40	40	true	0	0	1			0		0				40	0	0	1	false	false	false	pass		........................................
10647	01	sharedreward	1	bids/sub-10647/ses-01/func/sub-10647_ses-01_task-sharedreward_run-1_events.tsv	6960d55b1ca6e0b17a382e720b8ba31057c7d12732c250a301c5ffebd1bfa929	54	54	true	1	0.018519	0.981481	11	11	1	11	0				54	1	0.018519	1	false	false	false	pass		..........M...........................................
10647	01	sharedreward	2	bids/sub-10647/ses-01/func/sub-10647_ses-01_task-sharedreward_run-2_events.tsv	3664b6b2875f800018a5135ceca8afb3e111aaca8cab7a240872ab02ba04a231	54	54	true	0	0	1			0		0				54	0	0	1	false	false	false	pass		......................................................
10647	01	socialdoors	1	bids/sub-10647/ses-01/func/sub-10647_ses-01_task-socialdoors_run-1_events.tsv	9031636efa11ded9d6343f19b35bdb2db24e4b09b0dbeb09464209eacb63fec4	40	40	true	0	0	1			0		0				40	0	0	1	false	false	false	pass		........................................
10647	01	trust	1	bids/sub-10647/ses-01/func/sub-10647_ses-01_task-trust_run-1_events.tsv	c860d1db845c82c0705d56ef742a6a4b27f265454513665c7ac621a1919b51f9	42	42	true	1	0.02381	0.97619	25	25	1	25	0				42	1	0.02381	1	false	false	false	pass		........................M.................
10647	01	trust	2	bids/sub-10647/ses-01/func/sub-10647_ses-01_task-trust_run-2_events.tsv	ea76a420d68d80d3027241421cd4207b5e438f34c44c43ace70e4839139353b6	42	42	true	0	0	1			0		0				42	0	0	1	false	false	false	pass		..........................................
10647	01	ugr	1	bids/sub-10647/ses-01/func/sub-10647_ses-01_task-ugr_run-1_events.tsv	25dbdee672e6022da2ac48f41ab752ae22fc7f5c7af2703e52b8c28118111f24	48	48	true	0	0	1			0		0				48	0	0	1	false	false	false	pass		................................................
10647	01	ugr	2	bids/sub-10647/ses-01/func/sub-10647_ses-01_task-ugr_run-2_events.tsv	50fe06879dc15ff7edb575635465a5e47d2fce052e0b8c348bf90be2f03fc0ab	48	48	true	0	0	1			0		0				48	0	0	1	false	false	false	pass		................................................
10649	01	doors	1	bids/sub-10649/ses-01/func/sub-10649_ses-01_task-doors_run-1_events.tsv	5793c0950d11f9ea07cceff484e6330983d8593b39de1b2dc4cb24df28cf8095	40	40	true	0	0	1			0		0				40	0	0	1	false	false	false	pass		........................................
10649	01	sharedreward	1	bids/sub-10649/ses-01/func/sub-10649_ses-01_task-sharedreward_run-1_events.tsv	09c39a6fab465a76b4b9d15505605e3e40a0e0eba245b0ba9ff5bbad63833650	54	54	true	1	0.018519	0.981481	1	1	1	1	0				54	1	0.018519	1	false	false	false	pass		M.....................................................
10649	01	sharedreward	2	bids/sub-10649/ses-01/func/sub-10649_ses-01_task-sharedreward_run-2_events.tsv	58b77277fc3514b9fd083b43dfd5d738673367214b863a9238997578082adbb7	54	54	true	1	0.018519	0.981481	15	15	1	15	0				54	1	0.018519	1	false	false	false	pass		..............M.......................................
10649	01	socialdoors	1	bids/sub-10649/ses-01/func/sub-10649_ses-01_task-socialdoors_run-1_events.tsv	fe961422177173d57e388985c4e1d5fc479327337607ac7c37516062eae95c75	40	40	true	1	0.025	0.975	1	1	1	1	0				40	1	0.025	1	false	false	false	pass		M.......................................
10649	01	trust	1	bids/sub-10649/ses-01/func/sub-10649_ses-01_task-trust_run-1_events.tsv	d522fb734a3b255ac5632ee8e20cde308ee598e38b6c934e09f5fdf198e4d0e3	42	42	true	4	0.095238	0.904762	11	38	1	11	0				42	4	0.095238	1	false	false	false	pass		..........M...............M.....M....M....
10649	01	trust	2	bids/sub-10649/ses-01/func/sub-10649_ses-01_task-trust_run-2_events.tsv	34c204ee66b75c9a1049680bf9da4ef49bb09a8c5de79f06e940f6dc528a75bb	42	42	true	3	0.071429	0.928571	13	28	1	13	0				42	3	0.071429	1	false	false	false	pass		............M...M..........M..............
10649	01	ugr	1	bids/sub-10649/ses-01/func/sub-10649_ses-01_task-ugr_run-1_events.tsv	e20259e0405c91ef8f7fbcc9e8682dc59d63f8ed53b79445949be709667fa1e7	48	48	true	2	0.041667	0.958333	20	21	2	20	0				48	2	0.041667	1	false	false	false	pass		...................MM...........................
10649	01	ugr	2	bids/sub-10649/ses-01/func/sub-10649_ses-01_task-ugr_run-2_events.tsv	a883db2a130c9cc970c068e7697c90286a87cbe4e89dd715fbede0685cd1702b	48	48	true	0	0	1			0		0				48	0	0	1	false	false	false	pass		................................................
10649	02	doors	1	bids/sub-10649/ses-02/func/sub-10649_ses-02_task-doors_run-1_events.tsv	70de09a52d90f6fba5dfdc0668e90c1331ffd9df63bef607dd39f501289a4e30	40	40	true	0	0	1			0		0				40	0	0	1	false	false	false	pass		........................................
10649	02	socialdoors	1	bids/sub-10649/ses-02/func/sub-10649_ses-02_task-socialdoors_run-1_events.tsv	6a43c3ccf8fb9c92724df4f98c365f772e0d8078f646b562b386bc3f2533f715	40	40	true	2	0.05	0.95	20	31	1	20	0				40	2	0.05	1	false	false	false	pass		...................M..........M.........
10649	02	ugr	1	bids/sub-10649/ses-02/func/sub-10649_ses-02_task-ugr_run-1_events.tsv	26b8514af76112d1abc537261e8dfe7fd5ea144a0f6ceb726bde6b332024367b	48	48	true	0	0	1			0		0				48	0	0	1	false	false	false	pass		................................................
10649	02	ugr	2	bids/sub-10649/ses-02/func/sub-10649_ses-02_task-ugr_run-2_events.tsv	40fe8174d8a412eff679e5a7540aa0151fcd659dab6ff9d2b02cf0239b72b391	48	48	true	0	0	1			0		0				48	0	0	1	false	false	false	pass		................................................
10652	01	doors	1	bids/sub-10652/ses-01/func/sub-10652_ses-01_task-doors_run-1_events.tsv	8378e16c6e7c23907b7d70c70f0fa9a5d318780b816c5dbb0cf3a35f9c1d7c7d	40	40	true	0	0	1			0		0				40	0	0	1	false	false	false	pass		........................................
10652	01	sharedreward	1	bids/sub-10652/ses-01/func/sub-10652_ses-01_task-sharedreward_run-1_events.tsv	794a3b199f52807bd3ca68ce74d5ee0718499c52b0b919a6364001b7eb870e65	54	54	true	0	0	1			0		0				54	0	0	1	false	false	false	pass		......................................................
10652	01	sharedreward	2	bids/sub-10652/ses-01/func/sub-10652_ses-01_task-sharedreward_run-2_events.tsv	28d13998a2167d04579b991502cab5b76345db90a2f7c8ced7c7d7a4683d95aa	54	54	true	0	0	1			0		0				54	0	0	1	false	false	false	pass		......................................................
10652	01	socialdoors	1	bids/sub-10652/ses-01/func/sub-10652_ses-01_task-socialdoors_run-1_events.tsv	de6bb6510fedf46553b3248d40b465db14c76a66a572e15b5ffacb1b037f7ed5	40	40	true	0	0	1			0		0				40	0	0	1	false	false	false	pass		........................................
10652	01	trust	1	bids/sub-10652/ses-01/func/sub-10652_ses-01_task-trust_run-1_events.tsv	cf84147d83c9bd112f8c541036ca0100eeeb344dd780b0c1163d7d48ff065eaa	42	42	true	0	0	1			0		0				42	0	0	1	false	false	false	pass		..........................................
10652	01	trust	2	bids/sub-10652/ses-01/func/sub-10652_ses-01_task-trust_run-2_events.tsv	066057ab88169793d599c7aa75bec95538c99f579451df540cfcd9341dcd07c5	42	42	true	0	0	1			0		0				42	0	0	1	false	false	false	pass		..........................................
10652	01	ugr	1	bids/sub-10652/ses-01/func/sub-10652_ses-01_task-ugr_run-1_events.tsv	9092995ca9feacb803b43e5d832bddbd94cd048f5eaa7a9243e8e9aae61c7c96	48	48	true	0	0	1			0		0				48	0	0	1	false	false	false	pass		................................................
10652	01	ugr	2	bids/sub-10652/ses-01/func/sub-10652_ses-01_task-ugr_run-2_events.tsv	6f48cf19975fb349ec0b9380d693382648e47260137f8ee8321ae4f488ada36b	48	48	true	0	0	1			0		0				48	0	0	1	false	false	false	pass		................................................
10656	01	doors	1	bids/sub-10656/ses-01/func/sub-10656_ses-01_task-doors_run-1_events.tsv	e8b4f1abd822a31b6f695e9b3fc04465e724841d2c7c7941bb2b9d28ed924881	40	40	true	2	0.05	0.95	17	21	1	17	0				40	2	0.05	1	false	false	false	pass		................M...M...................
10656	01	sharedreward	1	bids/sub-10656/ses-01/func/sub-10656_ses-01_task-sharedreward_run-1_events.tsv	bbef772954c0031b39b105752fc23d69da4daf9f70958e9ef248f2cc17abc244	54	54	true	0	0	1			0		0				54	0	0	1	false	false	false	pass		......................................................
10656	01	sharedreward	2	bids/sub-10656/ses-01/func/sub-10656_ses-01_task-sharedreward_run-2_events.tsv	73a0876c712d7b8983817a777649a14020a794ba6c88c480a588abec45350472	54	54	true	0	0	1			0		0				54	0	0	1	false	false	false	pass		......................................................
10656	01	socialdoors	1	bids/sub-10656/ses-01/func/sub-10656_ses-01_task-socialdoors_run-1_events.tsv	8ab0ae96199166cf0f589799a1d6171019a60e3ec781841ecb6130bf1a6ef623	40	40	true	1	0.025	0.975	29	29	1	29	0				40	1	0.025	1	false	false	false	pass		............................M...........
10656	01	trust	1	bids/sub-10656/ses-01/func/sub-10656_ses-01_task-trust_run-1_events.tsv	1df93259d49973e5a9d738ebd9137ba02fcd585108af12d51d26f7ca3d71e4ed	42	42	true	0	0	1			0		0				42	0	0	1	false	false	false	pass		..........................................
10656	01	trust	2	bids/sub-10656/ses-01/func/sub-10656_ses-01_task-trust_run-2_events.tsv	a943c67fdd5f6e3abb9624ef5615fec750651d6698a7f374b867eb347bcbf601	42	42	true	0	0	1			0		0				42	0	0	1	false	false	false	pass		..........................................
10656	01	ugr	1	bids/sub-10656/ses-01/func/sub-10656_ses-01_task-ugr_run-1_events.tsv	1a6610c5eb7e971bc3d99837a2b6c1e6f5ce47eee73fc3f7a76b733f1a64080a	48	48	true	1	0.020833	0.979167	41	41	1	41	0				48	1	0.020833	1	false	false	false	pass		........................................M.......
10656	01	ugr	2	bids/sub-10656/ses-01/func/sub-10656_ses-01_task-ugr_run-2_events.tsv	e547196b619e6574cd42db871e2855df02fd20772dd9708c29644bd9099efce4	48	48	true	2	0.041667	0.958333	22	28	1	22	0				48	2	0.041667	1	false	false	false	pass		.....................M.....M....................
10657	01	doors	1	bids/sub-10657/ses-01/func/sub-10657_ses-01_task-doors_run-1_events.tsv	e955bd8ddc26d4f493927b8511f6fa39d7d6dd3578967c30496703558a3cb524	40	40	true	0	0	1			0		0				40	0	0	1	false	false	false	pass		........................................
10657	01	sharedreward	1	bids/sub-10657/ses-01/func/sub-10657_ses-01_task-sharedreward_run-1_events.tsv	620b61cbc6d270cf983db08d3299a590978af912b241bddf7e2e2242e9e08b60	54	54	true	1	0.018519	0.981481	1	1	1	1	0				54	1	0.018519	1	false	false	false	pass		M.....................................................
10657	01	sharedreward	2	bids/sub-10657/ses-01/func/sub-10657_ses-01_task-sharedreward_run-2_events.tsv	9bae270871d414a9aadf68e8a234f97a9ce24d09fb6be0c5185870a14612fe5a	54	54	true	0	0	1			0		0				54	0	0	1	false	false	false	pass		......................................................
10657	01	socialdoors	1	bids/sub-10657/ses-01/func/sub-10657_ses-01_task-socialdoors_run-1_events.tsv	4f9f628a588182d7619d996b35c5e8583bba28cbd8259c6bdb9d64859e27fa82	40	40	true	0	0	1			0		0				40	0	0	1	false	false	false	pass		........................................
10657	01	trust	1	bids/sub-10657/ses-01/func/sub-10657_ses-01_task-trust_run-1_events.tsv	7fc8e07bd7a05bf6de208f8a55e3c5e1e1e8f923ad930316f6b177ff61dd7beb	42	42	true	1	0.02381	0.97619	39	39	1	39	0				42	1	0.02381	1	false	false	false	pass		......................................M...
10657	01	trust	2	bids/sub-10657/ses-01/func/sub-10657_ses-01_task-trust_run-2_events.tsv	55beb473bc3697fc66ce6a00fa60ed785b449eda2071e3d41169ffe485f1ebb4	42	42	true	0	0	1			0		0				42	0	0	1	false	false	false	pass		..........................................
10657	01	ugr	1	bids/sub-10657/ses-01/func/sub-10657_ses-01_task-ugr_run-1_events.tsv	4b25c83d1891031110ea525681ffbb9860818003d5fa9203368bdfeaed692445	48	48	true	0	0	1			0		0				48	0	0	1	false	false	false	pass		................................................
10657	01	ugr	2	bids/sub-10657/ses-01/func/sub-10657_ses-01_task-ugr_run-2_events.tsv	a06dc8a50bd28c748f9c80e9d328daff5209ffd605ee8451aa1886b1eaa27a94	48	48	true	2	0.041667	0.958333	20	21	2	20	0				48	2	0.041667	1	false	false	false	pass		...................MM...........................
10661	01	doors	1	bids/sub-10661/ses-01/func/sub-10661_ses-01_task-doors_run-1_events.tsv	24f7932668b64c3cf52980be8e50a865f53af46b8c6933e14a6441a9e7fe1dc3	40	40	true	0	0	1			0		0				40	0	0	1	false	false	false	pass		........................................
10661	01	sharedreward	1	bids/sub-10661/ses-01/func/sub-10661_ses-01_task-sharedreward_run-1_events.tsv	73c42ecd38473ebd6ed4f68d2a5c2e367927e2264774a4b9ebe986722ba8f822	54	54	true	0	0	1			0		0				54	0	0	1	false	false	false	pass		......................................................
10661	01	sharedreward	2	bids/sub-10661/ses-01/func/sub-10661_ses-01_task-sharedreward_run-2_events.tsv	4739f2d2f9485b9e1cd550c9f145593f980eb9ac9705879dbee86da9200e5ee3	54	54	true	0	0	1			0		0				54	0	0	1	false	false	false	pass		......................................................
10661	01	socialdoors	1	bids/sub-10661/ses-01/func/sub-10661_ses-01_task-socialdoors_run-1_events.tsv	cd2fa6e3e622e82d3980f11897d743c162ffec54a8109f4fd839172fdf796264	40	40	true	0	0	1			0		0				40	0	0	1	false	false	false	pass		........................................
10661	01	trust	1	bids/sub-10661/ses-01/func/sub-10661_ses-01_task-trust_run-1_events.tsv	32603fa81d5e730526a47dd74ae404f49170a095bcfc859d685ce74719d78dae	42	42	true	0	0	1			0		0				42	0	0	1	false	false	false	pass		..........................................
10661	01	trust	2	bids/sub-10661/ses-01/func/sub-10661_ses-01_task-trust_run-2_events.tsv	f0d2f91597fca10c83ba144d00ac4882b3b7e99ecd6341153ba6609ee518ca78	42	42	true	0	0	1			0		0				42	0	0	1	false	false	false	pass		..........................................
10661	01	ugr	1	bids/sub-10661/ses-01/func/sub-10661_ses-01_task-ugr_run-1_events.tsv	5278a9ec78a10eafb8dfface35fd15598e2fe838d6927d01c4dc8b3d47abbf83	48	48	true	0	0	1			0		0				48	0	0	1	false	false	false	pass		................................................
10661	01	ugr	2	bids/sub-10661/ses-01/func/sub-10661_ses-01_task-ugr_run-2_events.tsv	ecd8df028eefadeb1bd15925cefa8104bf0678c6575e207d76c7f0652801f92f	48	48	true	0	0	1			0		0				48	0	0	1	false	false	false	pass		................................................
10663	01	doors	1	bids/sub-10663/ses-01/func/sub-10663_ses-01_task-doors_run-1_events.tsv	2968ee4b6b5f2597c64bbc47c458527cc7a7a6030088e2ea4a0b495f11f7b0fc	40	40	true	2	0.05	0.95	23	37	1	23	0				40	2	0.05	1	false	false	false	pass		......................M.............M...
10663	01	sharedreward	1	bids/sub-10663/ses-01/func/sub-10663_ses-01_task-sharedreward_run-1_events.tsv	b58b2d255aee188d76393ef651f40c00e38fc9cabaac4b030ff246578f63292a	54	54	true	0	0	1			0		0				54	0	0	1	false	false	false	pass		......................................................
10663	01	sharedreward	2	bids/sub-10663/ses-01/func/sub-10663_ses-01_task-sharedreward_run-2_events.tsv	9a319f59b61d82c6d2ec3a6c34f3d4a142121b2902cc8e2dc869ddf98b019d1a	54	54	true	0	0	1			0		0				54	0	0	1	false	false	false	pass		......................................................
10663	01	socialdoors	1	bids/sub-10663/ses-01/func/sub-10663_ses-01_task-socialdoors_run-1_events.tsv	6f8ae024ce874459ce8f75350dffcdde81db601fe7f4c494456c9c425a258b8b	40	40	true	3	0.075	0.925	13	34	1	13	0				40	3	0.075	1	false	false	false	pass		............M............M.......M......
10663	01	trust	1	bids/sub-10663/ses-01/func/sub-10663_ses-01_task-trust_run-1_events.tsv	f02085e30dbc0690af1987742d9723a4bd51866dd145f7db250038931a48b40b	42	42	true	4	0.095238	0.904762	2	34	1	2	0				42	4	0.095238	1	false	false	false	pass		.M..................M........M...M........
10663	01	trust	2	bids/sub-10663/ses-01/func/sub-10663_ses-01_task-trust_run-2_events.tsv	aad39e9354d284adbb77940f2f7c48ae2e35a3ff2ffb84f22ca9eae0477cb7d9	42	42	true	4	0.095238	0.904762	16	42	1	16	1	42	433.84665	3.01929	41	3	0.073171	0.97619	false	false	false	pass		...............M...........M.......M.....M
10663	01	ugr	1	bids/sub-10663/ses-01/func/sub-10663_ses-01_task-ugr_run-1_events.tsv	ad6a4ceeadb4f26659d19291b6e956ec0f96fabadf707dc87d9eec8dd0f77490	48	48	true	3	0.0625	0.9375	2	36	1	2	0				48	3	0.0625	1	false	false	false	pass		.M......................M..........M............
10663	01	ugr	2	bids/sub-10663/ses-01/func/sub-10663_ses-01_task-ugr_run-2_events.tsv	4902e3dec317079346399e1970321808b21561007c475b6b42afcd8e07e19024	48	48	true	3	0.0625	0.9375	11	47	1	11	0				48	3	0.0625	1	false	false	false	pass		..........M...........M.......................M.
10668	01	doors	1	bids/sub-10668/ses-01/func/sub-10668_ses-01_task-doors_run-1_events.tsv	8bd657ef475b5a54622970582b452692f69e63ccd2a7144c3a5f5cadc35b149a	40	40	true	2	0.05	0.95	27	33	1	27	0				40	2	0.05	1	false	false	false	pass		..........................M.....M.......
10668	01	sharedreward	1	bids/sub-10668/ses-01/func/sub-10668_ses-01_task-sharedreward_run-1_events.tsv	3211c87f5402743805a5fcc7750bebc04744783ff716ed2c7b556de9d8078056	54	54	true	1	0.018519	0.981481	50	50	1	50	0				54	1	0.018519	1	false	false	false	pass		.................................................M....
10668	01	sharedreward	2	bids/sub-10668/ses-01/func/sub-10668_ses-01_task-sharedreward_run-2_events.tsv	b734eb33f5d37ddc89ae192f7a9b5dde63a650d41aae8211338742a6a8f0cf90	54	54	true	4	0.074074	0.925926	3	39	1	3	0				54	4	0.074074	1	false	false	false	pass		..M.................M..........M......M...............
10668	01	socialdoors	1	bids/sub-10668/ses-01/func/sub-10668_ses-01_task-socialdoors_run-1_events.tsv	0dd250460787535c5965c1e057438439552552dbb5502ee4826f64f55db8b62e	40	40	true	3	0.075	0.925	1	39	1	1	0				40	3	0.075	1	false	false	false	pass		M.............................M.......M.
10668	01	trust	1	bids/sub-10668/ses-01/func/sub-10668_ses-01_task-trust_run-1_events.tsv	bc664a3ad38f99a9fae89824f1499238ee3dc703a61b9dfd93a0b0bfce61f6ea	42	42	true	5	0.119048	0.880952	1	36	1	1	0				42	5	0.119048	1	false	false	false	pass		M........M......M...........M......M......
10668	01	ugr	1	bids/sub-10668/ses-01/func/sub-10668_ses-01_task-ugr_run-1_events.tsv	03b12b73b4ac797b5ef9ba51f88818f50a56a3ced605b64ef6784dfcac0fa017	48	48	true	6	0.125	0.875	6	44	1	6	0				48	6	0.125	1	false	false	false	pass		.....M.......M.........M.......M....M......M....
10673	01	doors	1	bids/sub-10673/ses-01/func/sub-10673_ses-01_task-doors_run-1_events.tsv	2f13bb9cc00ce15e6a21bd51e5fe59c501f2621cbe40eb0815036b088f54c20d	40	40	true	0	0	1			0		0				40	0	0	1	false	false	false	pass		........................................
10673	01	sharedreward	1	bids/sub-10673/ses-01/func/sub-10673_ses-01_task-sharedreward_run-1_events.tsv	b74e49728809254582d27ff40db0759a7675819588d8e6180699efb78725e782	54	54	true	0	0	1			0		0				54	0	0	1	false	false	false	pass		......................................................
10673	01	sharedreward	2	bids/sub-10673/ses-01/func/sub-10673_ses-01_task-sharedreward_run-2_events.tsv	0c257cec2d30ed36fab6d875b30a14d22dbb05b95655b939fede4afec8340d75	54	54	true	1	0.018519	0.981481	33	33	1	33	0				54	1	0.018519	1	false	false	false	pass		................................M.....................
10673	01	socialdoors	1	bids/sub-10673/ses-01/func/sub-10673_ses-01_task-socialdoors_run-1_events.tsv	cb0cd391ea13582318ca8b7e7c947cb639c52b9ca4a59ef44de97f7176771230	40	40	true	0	0	1			0		0				40	0	0	1	false	false	false	pass		........................................
10673	01	trust	1	bids/sub-10673/ses-01/func/sub-10673_ses-01_task-trust_run-1_events.tsv	33eb81a100cae83200a05adbfad9add17703bec28513407495345143784b5d14	42	42	true	0	0	1			0		0				42	0	0	1	false	false	false	pass		..........................................
10673	01	trust	2	bids/sub-10673/ses-01/func/sub-10673_ses-01_task-trust_run-2_events.tsv	f22120d1348dfe8499ebde9b90736193c0d460cd8a6ea5c1ae9419e83a292c11	42	42	true	0	0	1			0		0				42	0	0	1	false	false	false	pass		..........................................
10673	01	ugr	1	bids/sub-10673/ses-01/func/sub-10673_ses-01_task-ugr_run-1_events.tsv	3a8fe61aa77bd801348f253953286af2ad3a6ec10f5711949a922cc38e737567	48	48	true	0	0	1			0		0				48	0	0	1	false	false	false	pass		................................................
10673	01	ugr	2	bids/sub-10673/ses-01/func/sub-10673_ses-01_task-ugr_run-2_events.tsv	27b3fe1aab373dbfc554816fb8201984c21b4d627f5a717f1b2a72a61ec94245	48	48	true	0	0	1			0		0				48	0	0	1	false	false	false	pass		................................................
10674	01	doors	1	bids/sub-10674/ses-01/func/sub-10674_ses-01_task-doors_run-1_events.tsv	67b9fce465eee38386c835045f5eb70292325ec7679dd3cbeacceb857eb0e38a	40	40	true	0	0	1			0		0				40	0	0	1	false	false	false	pass		........................................
10674	01	sharedreward	1	bids/sub-10674/ses-01/func/sub-10674_ses-01_task-sharedreward_run-1_events.tsv	9b9a72248ca5a233c0e7719626bea7577b446b71deccabc624ae5ef0ae1ac932	54	54	true	0	0	1			0		0				54	0	0	1	false	false	false	pass		......................................................
10674	01	sharedreward	2	bids/sub-10674/ses-01/func/sub-10674_ses-01_task-sharedreward_run-2_events.tsv	22210e3daee2af4cc9f83c406026ad3b6b9c47957ead973cb12feca6289b5d6d	54	54	true	0	0	1			0		0				54	0	0	1	false	false	false	pass		......................................................
10674	01	socialdoors	1	bids/sub-10674/ses-01/func/sub-10674_ses-01_task-socialdoors_run-1_events.tsv	ef7e609be2474ab6aa34b32b66fad0f9795ecdc3f0e2e51d955393be423fc043	40	40	true	1	0.025	0.975	13	13	1	13	0				40	1	0.025	1	false	false	false	pass		............M...........................
10674	01	trust	1	bids/sub-10674/ses-01/func/sub-10674_ses-01_task-trust_run-1_events.tsv	88e1d7fb9b78139ede94ef5583e2c3993eebe615b2feff8fcff193e69216a077	42	42	true	0	0	1			0		0				42	0	0	1	false	false	false	pass		..........................................
10674	01	trust	2	bids/sub-10674/ses-01/func/sub-10674_ses-01_task-trust_run-2_events.tsv	d1a784e9e2b7205c7a3046b94a5a30648e93754025ef5124cb7170d995835b00	42	42	true	0	0	1			0		0				42	0	0	1	false	false	false	pass		..........................................
10674	01	ugr	1	bids/sub-10674/ses-01/func/sub-10674_ses-01_task-ugr_run-1_events.tsv	3497e403a54bc59e664328ae27ca4341d396517604342d26ee55cd6e28460010	48	48	true	0	0	1			0		0				48	0	0	1	false	false	false	pass		................................................
10674	01	ugr	2	bids/sub-10674/ses-01/func/sub-10674_ses-01_task-ugr_run-2_events.tsv	99521d43b78a0a43d294821665848ba297d1f9a1a6da9f134afd4039f897584e	48	48	true	0	0	1			0		0				48	0	0	1	false	false	false	pass		................................................
10677	01	doors	1	bids/sub-10677/ses-01/func/sub-10677_ses-01_task-doors_run-1_events.tsv	d8752f631b0b98673a53660f317407b8f4a1cf280dc00383fbd946ca927f20df	40	40	true	0	0	1			0		0				40	0	0	1	false	false	false	pass		........................................
10677	01	sharedreward	1	bids/sub-10677/ses-01/func/sub-10677_ses-01_task-sharedreward_run-1_events.tsv	9affae876d366788445a5a888302d8f8b06a2d0a600227dc149d6a9d73cd9ab5	54	54	true	1	0.018519	0.981481	37	37	1	37	0				54	1	0.018519	1	false	false	false	pass		....................................M.................
10677	01	sharedreward	2	bids/sub-10677/ses-01/func/sub-10677_ses-01_task-sharedreward_run-2_events.tsv	40f7322676d4b7e24894e012f7666eceb4ee9713983e626e3fd7bb3a76cac1c5	54	54	true	1	0.018519	0.981481	31	31	1	31	0				54	1	0.018519	1	false	false	false	pass		..............................M.......................
10677	01	socialdoors	1	bids/sub-10677/ses-01/func/sub-10677_ses-01_task-socialdoors_run-1_events.tsv	cd69d9a4cd9cb1b934c3951d2b233c6ff6f9bf0ab78994b74fb4e478f63e9839	40	40	true	0	0	1			0		0				40	0	0	1	false	false	false	pass		........................................
10677	01	trust	1	bids/sub-10677/ses-01/func/sub-10677_ses-01_task-trust_run-1_events.tsv	0c0301db068fd969b6e56e68e490fe8d0a305fa9c006542cfc6d9c77730e331d	42	42	true	2	0.047619	0.952381	1	32	1	1	0				42	2	0.047619	1	false	false	false	pass		M..............................M..........
10677	01	trust	2	bids/sub-10677/ses-01/func/sub-10677_ses-01_task-trust_run-2_events.tsv	e83b60172522fc326266295b09f9b33968ad494e14248d03fcd73754ce99e3be	42	42	true	0	0	1			0		0				42	0	0	1	false	false	false	pass		..........................................
10677	01	ugr	1	bids/sub-10677/ses-01/func/sub-10677_ses-01_task-ugr_run-1_events.tsv	83a70cfad798e4af2db138eb7975265860c11311ab145e7efeb6c5f9d4248e40	48	48	true	0	0	1			0		0				48	0	0	1	false	false	false	pass		................................................
10677	01	ugr	2	bids/sub-10677/ses-01/func/sub-10677_ses-01_task-ugr_run-2_events.tsv	65817cde8066c9eee9e134ff9cd9949716f588b55de0c62e09a42076d4372543	48	48	true	0	0	1			0		0				48	0	0	1	false	false	false	pass		................................................
10685	01	doors	1	bids/sub-10685/ses-01/func/sub-10685_ses-01_task-doors_run-1_events.tsv	e1b18f9bc79a2c637657807ad119a25624613dd9eb547eec51362949969f3166	40	40	true	0	0	1			0		0				40	0	0	1	false	false	false	pass		........................................
10685	01	sharedreward	1	bids/sub-10685/ses-01/func/sub-10685_ses-01_task-sharedreward_run-1_events.tsv	7fc2d24501f4f1bb482e6992f70b954da6fb0359099e348a98aa8232e2454887	54	54	true	1	0.018519	0.981481	17	17	1	17	0				54	1	0.018519	1	false	false	false	pass		................M.....................................
10685	01	sharedreward	2	bids/sub-10685/ses-01/func/sub-10685_ses-01_task-sharedreward_run-2_events.tsv	69d99a05a1053c7a25abe585195da98a06d34e85f5a7dd4cd5f6660a65695749	54	54	true	2	0.037037	0.962963	34	53	1	34	0				54	2	0.037037	1	false	false	false	pass		.................................M..................M.
10685	01	socialdoors	1	bids/sub-10685/ses-01/func/sub-10685_ses-01_task-socialdoors_run-1_events.tsv	cb240b13c53faf296e50dd9b45de4de27b4044685c2b00f0d1fe67d69c032790	40	40	true	0	0	1			0		0				40	0	0	1	false	false	false	pass		........................................
10685	01	trust	1	bids/sub-10685/ses-01/func/sub-10685_ses-01_task-trust_run-1_events.tsv	4604273a1a9df4acc18b6d4c2d9aaae8d08bbb5723ea51e9147d0951993565a8	42	42	true	1	0.02381	0.97619	36	36	1	36	0				42	1	0.02381	1	false	false	false	pass		...................................M......
10685	01	trust	2	bids/sub-10685/ses-01/func/sub-10685_ses-01_task-trust_run-2_events.tsv	c358afdc155933f6d262a57623f0710e59a87295eeb50fb6905c88d9e978e30d	42	42	true	0	0	1			0		0				42	0	0	1	false	false	false	pass		..........................................
10685	01	ugr	1	bids/sub-10685/ses-01/func/sub-10685_ses-01_task-ugr_run-1_events.tsv	8567d0cab0d58511d695ee37f6e3f072b6e88c71e8fa79102cc62f89d38917fc	48	48	true	0	0	1			0		0				48	0	0	1	false	false	false	pass		................................................
10685	01	ugr	2	bids/sub-10685/ses-01/func/sub-10685_ses-01_task-ugr_run-2_events.tsv	3cf31400b5baaf6d740d37ef28791a1c648bbbaafe5286dc162ad442dae3c704	48	48	true	0	0	1			0		0				48	0	0	1	false	false	false	pass		................................................
10690	01	doors	1	bids/sub-10690/ses-01/func/sub-10690_ses-01_task-doors_run-1_events.tsv	506a79470b3e100932f9918e40a447519ffcbe1fed3de7fff009f1ef6b524f3d	40	40	true	1	0.025	0.975	39	39	1	39	0				40	1	0.025	1	false	false	false	pass		......................................M.
10690	01	sharedreward	1	bids/sub-10690/ses-01/func/sub-10690_ses-01_task-sharedreward_run-1_events.tsv	4edf4c32581cad4a1d381ca358bb2a32431f98158e887b9f6ae172ab84787ef4	54	54	true	1	0.018519	0.981481	20	20	1	20	0				54	1	0.018519	1	false	false	false	pass		...................M..................................
10690	01	sharedreward	2	bids/sub-10690/ses-01/func/sub-10690_ses-01_task-sharedreward_run-2_events.tsv	9f40cb812ba6096fba6ae6702e09c51b6541524aa30a7a1b79d97e87a5fdc552	54	54	true	0	0	1			0		0				54	0	0	1	false	false	false	pass		......................................................
10690	01	socialdoors	1	bids/sub-10690/ses-01/func/sub-10690_ses-01_task-socialdoors_run-1_events.tsv	f44360ab51bf7fed6b0d7bc5faf9df6fbf4a53ae0526382531c40e5ccb7afdd1	40	40	true	0	0	1			0		0				40	0	0	1	false	false	false	pass		........................................
10690	01	trust	1	bids/sub-10690/ses-01/func/sub-10690_ses-01_task-trust_run-1_events.tsv	70ac0d1365254ba27cf91a376f6207b60eb7546561c52044cf419184103bfa9c	42	42	true	1	0.02381	0.97619	1	1	1	1	0				42	1	0.02381	1	false	false	false	pass		M.........................................
10690	01	ugr	1	bids/sub-10690/ses-01/func/sub-10690_ses-01_task-ugr_run-1_events.tsv	23577fed31ffe9e83d61f4f40202ee79f6ac7a77d4fb905f42c81adf217037c5	48	48	true	0	0	1			0		0				48	0	0	1	false	false	false	pass		................................................
10690	02	doors	1	bids/sub-10690/ses-02/func/sub-10690_ses-02_task-doors_run-1_events.tsv	fe8d1f344b762d867008c3edd647317961b55d9050696901764baaabe0c5a7aa	40	40	true	4	0.1	0.9	19	39	1	19	0				40	4	0.1	1	false	false	false	pass		..................M.....M....M........M.
10690	02	socialdoors	1	bids/sub-10690/ses-02/func/sub-10690_ses-02_task-socialdoors_run-1_events.tsv	ec3f1d7f0f53b2ac407f2f466790bb831be4fbd359c8095f4bcc62934ce0c3e9	40	40	true	2	0.05	0.95	22	37	1	22	0				40	2	0.05	1	false	false	false	pass		.....................M..............M...
10690	02	ugr	1	bids/sub-10690/ses-02/func/sub-10690_ses-02_task-ugr_run-1_events.tsv	465a3b0ce35c3f72bb7679201980f2f43aca266150a63ed7f7aea2d8c90f617f	48	48	true	1	0.020833	0.979167	33	33	1	33	0				48	1	0.020833	1	false	false	false	pass		................................M...............
10690	02	ugr	2	bids/sub-10690/ses-02/func/sub-10690_ses-02_task-ugr_run-2_events.tsv	cf742d7c39a72ad8189ccb37e5ffbbbc755ab8e427d63d452c208eb7a345e138	48	48	true	3	0.0625	0.9375	16	23	2	16	0				48	3	0.0625	1	false	false	false	pass		...............MM.....M.........................
10691	01	doors	1	bids/sub-10691/ses-01/func/sub-10691_ses-01_task-doors_run-1_events.tsv	619897dc7745e4100d117d22bbcb138b4af5666603b0f6833b0738759b5441b9	40	40	true	2	0.05	0.95	25	40	1	25	1	40	325.484257	4.600229	39	1	0.025641	0.975	false	false	false	pass		........................M..............M
10691	01	sharedreward	1	bids/sub-10691/ses-01/func/sub-10691_ses-01_task-sharedreward_run-1_events.tsv	6813b8fe39c6ac2e9f968cc570722b61ea94342c8fe3c25cc81995bbc6d341cf	54	54	true	1	0.018519	0.981481	29	29	1	29	0				54	1	0.018519	1	false	false	false	pass		............................M.........................
10691	01	sharedreward	2	bids/sub-10691/ses-01/func/sub-10691_ses-01_task-sharedreward_run-2_events.tsv	ce8d2f6bf20573771beb84c8ecd7bcdf616ac1275ca2f3ce8eabc21cfca3ecf5	54	54	true	2	0.037037	0.962963	29	46	1	29	0				54	2	0.037037	1	false	false	false	pass		............................M................M........
10691	01	socialdoors	1	bids/sub-10691/ses-01/func/sub-10691_ses-01_task-socialdoors_run-1_events.tsv	5bff8b263d1ee8b692fcb09b6bef8d2e1e413e3db1b9eb0b8a1d241d721abbc4	40	40	true	1	0.025	0.975	29	29	1	29	0				40	1	0.025	1	false	false	false	pass		............................M...........
10691	01	trust	1	bids/sub-10691/ses-01/func/sub-10691_ses-01_task-trust_run-1_events.tsv	d3104ad7b2111740877d2b5f0387d5349ad882cbfdc3676285f7186bb870a401	42	42	true	0	0	1			0		0				42	0	0	1	false	false	false	pass		..........................................
10691	01	trust	2	bids/sub-10691/ses-01/func/sub-10691_ses-01_task-trust_run-2_events.tsv	d525c44400bc4b89225cd6da6714604b935677873e11dc8eb094209050b2843e	42	42	true	0	0	1			0		0				42	0	0	1	false	false	false	pass		..........................................
10691	01	ugr	1	bids/sub-10691/ses-01/func/sub-10691_ses-01_task-ugr_run-1_events.tsv	c0f037d2d85c546ef1caa74d73d5b662fb54c72454ad35dfb8acf0c3d970aa68	48	48	true	0	0	1			0		0				48	0	0	1	false	false	false	pass		................................................
10691	01	ugr	2	bids/sub-10691/ses-01/func/sub-10691_ses-01_task-ugr_run-2_events.tsv	7d7febcdbe4092a13c8fcfca1e7ce39b21a99497455f564b48ce9cccc2842350	48	48	true	0	0	1			0		0				48	0	0	1	false	false	false	pass		................................................
10691	02	doors	1	bids/sub-10691/ses-02/func/sub-10691_ses-02_task-doors_run-1_events.tsv	00aeeacb7a7ee3e635e421264f9ef0216010fe5f2ef7b43303daf18052fc00eb	40	40	true	0	0	1			0		0				40	0	0	1	false	false	false	pass		........................................
10691	02	socialdoors	1	bids/sub-10691/ses-02/func/sub-10691_ses-02_task-socialdoors_run-1_events.tsv	229e47604bb3210436a941b73dc8a5bae5ada1e006238d1a5a9db2f704c440ff	40	40	true	0	0	1			0		0				40	0	0	1	false	false	false	pass		........................................
10691	02	ugr	1	bids/sub-10691/ses-02/func/sub-10691_ses-02_task-ugr_run-1_events.tsv	5ab8a60a23195e813fdfff43a73d4595e9d44a6c9e2e386e2c9db0fa52557b2a	48	48	true	0	0	1			0		0				48	0	0	1	false	false	false	pass		................................................
10691	02	ugr	2	bids/sub-10691/ses-02/func/sub-10691_ses-02_task-ugr_run-2_events.tsv	a046fb4d0faa3ebb50b2446500cee5e916bd337c45d522e23452f1449b7de698	48	48	true	0	0	1			0		0				48	0	0	1	false	false	false	pass		................................................
10700	01	doors	1	bids/sub-10700/ses-01/func/sub-10700_ses-01_task-doors_run-1_events.tsv	ec1150385ea7dce7eaa7624867b0c5edeeb6d5413c80c8ed9eb0212425510842	40	40	true	0	0	1			0		0				40	0	0	1	false	false	false	pass		........................................
10700	01	sharedreward	1	bids/sub-10700/ses-01/func/sub-10700_ses-01_task-sharedreward_run-1_events.tsv	507e7d7e91c08779f62ed0c0de91eeffff9a7bcd0c4e5e9cb48f3ba4d8a0e65e	54	54	true	1	0.018519	0.981481	1	1	1	1	0				54	1	0.018519	1	false	false	false	pass		M.....................................................
10700	01	sharedreward	2	bids/sub-10700/ses-01/func/sub-10700_ses-01_task-sharedreward_run-2_events.tsv	bde874ada65b4a8bfb8be4a3a098b1000a5fd4480e1df742007164a547f26f88	54	54	true	0	0	1			0		0				54	0	0	1	false	false	false	pass		......................................................
10700	01	socialdoors	1	bids/sub-10700/ses-01/func/sub-10700_ses-01_task-socialdoors_run-1_events.tsv	5a5e8a27e045b6322313d6ed6ff215405f796301dc4716c7d1b93fe81c704c19	40	40	true	0	0	1			0		0				40	0	0	1	false	false	false	pass		........................................
10700	01	trust	1	bids/sub-10700/ses-01/func/sub-10700_ses-01_task-trust_run-1_events.tsv	cd8c0304b48db1cfbf8fbc3ef616e39949f1d8714efc1dffef7b350da2f5f069	42	42	true	0	0	1			0		0				42	0	0	1	false	false	false	pass		..........................................
10700	01	trust	2	bids/sub-10700/ses-01/func/sub-10700_ses-01_task-trust_run-2_events.tsv	308559f8e9d633fc14c77d82c9b1bdf46e04e630607577bacf5c76662bb4efa8	42	42	true	0	0	1			0		0				42	0	0	1	false	false	false	pass		..........................................
10700	01	ugr	1	bids/sub-10700/ses-01/func/sub-10700_ses-01_task-ugr_run-1_events.tsv	1b5af88a30179441c88f0717d9d43c89b4932df4fa70b203aa5fa489db251323	48	48	true	0	0	1			0		0				48	0	0	1	false	false	false	pass		................................................
10700	01	ugr	2	bids/sub-10700/ses-01/func/sub-10700_ses-01_task-ugr_run-2_events.tsv	e9cd41357ff77673fecad16ccb8b83d040a4e43d6e59f79e3ca6b1fb3cc0c03d	48	48	true	0	0	1			0		0				48	0	0	1	false	false	false	pass		................................................
10701	01	doors	1	bids/sub-10701/ses-01/func/sub-10701_ses-01_task-doors_run-1_events.tsv	22ecc3dff651c54450dbd865d8111b9708d46a9976d44d3d324d597f5f2fdfc1	40	40	true	0	0	1			0		0				40	0	0	1	false	false	false	pass		........................................
10701	01	sharedreward	1	bids/sub-10701/ses-01/func/sub-10701_ses-01_task-sharedreward_run-1_events.tsv	e40e75b4d679772e0907a02803b5e7496939631c6527e59fbe5430c7048052de	54	54	true	0	0	1			0		0				54	0	0	1	false	false	false	pass		......................................................
10701	01	sharedreward	2	bids/sub-10701/ses-01/func/sub-10701_ses-01_task-sharedreward_run-2_events.tsv	a99163f7722e6066a9fb527d210dac7b2475a515698395fa4a75c2dbd4d098c3	54	54	true	0	0	1			0		0				54	0	0	1	false	false	false	pass		......................................................
10701	01	socialdoors	1	bids/sub-10701/ses-01/func/sub-10701_ses-01_task-socialdoors_run-1_events.tsv	5ee2157ef5b09ee72868e8e6aaf82cc770472b9974c15b8214128f57c411965e	40	40	true	1	0.025	0.975	9	9	1	9	0				40	1	0.025	1	false	false	false	pass		........M...............................
10701	01	trust	1	bids/sub-10701/ses-01/func/sub-10701_ses-01_task-trust_run-1_events.tsv	5606daaa50250060a0ceb4695a1d8f25ccc70fe6b559aaf431eaa49bb3cec5b5	42	42	true	1	0.02381	0.97619	14	14	1	14	0				42	1	0.02381	1	false	false	false	pass		.............M............................
10701	01	trust	2	bids/sub-10701/ses-01/func/sub-10701_ses-01_task-trust_run-2_events.tsv	f508221edec059cc7b4b9f3688d5d9a2cc40045098813cbbcaba27ebe4ff5dbd	42	42	true	0	0	1			0		0				42	0	0	1	false	false	false	pass		..........................................
10701	01	ugr	1	bids/sub-10701/ses-01/func/sub-10701_ses-01_task-ugr_run-1_events.tsv	9ade698b492255eba81cd28dbc8f59062498f8e20ef09fe083733675523b5bfa	48	48	true	0	0	1			0		0				48	0	0	1	false	false	false	pass		................................................
10701	01	ugr	2	bids/sub-10701/ses-01/func/sub-10701_ses-01_task-ugr_run-2_events.tsv	17c30a9fce7baa88cee8e71e086b7fc39192672de71772893d01ce5c68eed8be	48	48	true	0	0	1			0		0				48	0	0	1	false	false	false	pass		................................................
10713	01	doors	1	bids/sub-10713/ses-01/func/sub-10713_ses-01_task-doors_run-1_events.tsv	0aa54e28c1bdf2f1b711f443fbddc6c71bf66399baad81eb50889385f0db162a	40	40	true	0	0	1			0		0				40	0	0	1	false	false	false	pass		........................................
10713	01	sharedreward	1	bids/sub-10713/ses-01/func/sub-10713_ses-01_task-sharedreward_run-1_events.tsv	e03ced578381c30cf17c6f5c8862e13fd1e0ab434bc34b1946f4d7ec6313e73a	54	54	true	0	0	1			0		0				54	0	0	1	false	false	false	pass		......................................................
10713	01	sharedreward	2	bids/sub-10713/ses-01/func/sub-10713_ses-01_task-sharedreward_run-2_events.tsv	09e9f0dd7c4009caf873c3e36fa456c4cf82fdcf8cc91abc110d9790cd1e67e2	54	54	true	0	0	1			0		0				54	0	0	1	false	false	false	pass		......................................................
10713	01	socialdoors	1	bids/sub-10713/ses-01/func/sub-10713_ses-01_task-socialdoors_run-1_events.tsv	d32c4ff127542fc8c68494d2a185373801b29a9b56705c57d3bea83cd675b87e	40	40	true	0	0	1			0		0				40	0	0	1	false	false	false	pass		........................................
10713	01	trust	1	bids/sub-10713/ses-01/func/sub-10713_ses-01_task-trust_run-1_events.tsv	3c785ace8d32b8bb952f8219eceaf028a0a4437c235aedd3d07c130a9186adc3	42	42	true	3	0.071429	0.928571	5	34	1	5	0				42	3	0.071429	1	false	false	false	pass		....M...................M........M........
10713	01	trust	2	bids/sub-10713/ses-01/func/sub-10713_ses-01_task-trust_run-2_events.tsv	d5b5016286e3dbf93e5d35f501129cc21f4c4395f011a6c5e1b7728b134a7af3	42	42	true	0	0	1			0		0				42	0	0	1	false	false	false	pass		..........................................
10713	01	ugr	1	bids/sub-10713/ses-01/func/sub-10713_ses-01_task-ugr_run-1_events.tsv	d9646028dd15f1aa638b4be2263f3e996fde97b4c7b6937c4d59a7542da4335c	48	48	true	0	0	1			0		0				48	0	0	1	false	false	false	pass		................................................
10713	02	doors	1	bids/sub-10713/ses-02/func/sub-10713_ses-02_task-doors_run-1_events.tsv	84f0ede8f763e1c591791022f7d7579652b82b6890448598c023e7666a1d38fe	40	40	true	1	0.025	0.975	24	24	1	24	0				40	1	0.025	1	false	false	false	pass		.......................M................
10713	02	socialdoors	1	bids/sub-10713/ses-02/func/sub-10713_ses-02_task-socialdoors_run-1_events.tsv	50c6685b86c522d455306587b23faa4ed22d22b6a89237d5a3676a6e4655c524	40	40	true	0	0	1			0		0				40	0	0	1	false	false	false	pass		........................................
10713	02	ugr	1	bids/sub-10713/ses-02/func/sub-10713_ses-02_task-ugr_run-1_events.tsv	e486068a2e5e9b43466cbfd8fb7957c6dd3964002e19ad90055e2a53c942d8dd	48	48	true	0	0	1			0		0				48	0	0	1	false	false	false	pass		................................................
10713	02	ugr	2	bids/sub-10713/ses-02/func/sub-10713_ses-02_task-ugr_run-2_events.tsv	75c3c51d64c38fdd2246a5ab8e3bd57de1ffd0752b0bac7806e7ea5ff640641b	48	48	true	0	0	1			0		0				48	0	0	1	false	false	false	pass		................................................
10716	01	doors	1	bids/sub-10716/ses-01/func/sub-10716_ses-01_task-doors_run-1_events.tsv	991732f6b43b2f00e861c61ed4b761ffff6d8ec7b125a4dad0c1f8c4aa7d77b7	40	40	true	0	0	1			0		0				40	0	0	1	false	false	false	pass		........................................
10716	01	sharedreward	1	bids/sub-10716/ses-01/func/sub-10716_ses-01_task-sharedreward_run-1_events.tsv	0d7c2638ae4eb3d30b1c3852998e7958957b825aa72c17311ddad10f027a70ea	54	54	true	0	0	1			0		0				54	0	0	1	false	false	false	pass		......................................................
10716	01	sharedreward	2	bids/sub-10716/ses-01/func/sub-10716_ses-01_task-sharedreward_run-2_events.tsv	555a2b4767d020faf479ceb612f9e877af307bc9dbd84eba9b332ca324646553	54	54	true	0	0	1			0		0				54	0	0	1	false	false	false	pass		......................................................
10716	01	socialdoors	1	bids/sub-10716/ses-01/func/sub-10716_ses-01_task-socialdoors_run-1_events.tsv	f0393c9345d41fce841468fb3202860b94a74875dd84164cfc719a33aedd90a6	40	40	true	1	0.025	0.975	1	1	1	1	0				40	1	0.025	1	false	false	false	pass		M.......................................
10716	01	trust	1	bids/sub-10716/ses-01/func/sub-10716_ses-01_task-trust_run-1_events.tsv	ba7a09dd1c015d9c987392d4ec41e0a95ea1e28dc072a7d130b6bcbda889da07	42	42	true	0	0	1			0		0				42	0	0	1	false	false	false	pass		..........................................
10716	01	trust	2	bids/sub-10716/ses-01/func/sub-10716_ses-01_task-trust_run-2_events.tsv	6ceb3db5d5084370cae0aa7010d340af13d502c4d3dec943511b7d847beabc30	42	42	true	0	0	1			0		0				42	0	0	1	false	false	false	pass		..........................................
10716	01	ugr	1	bids/sub-10716/ses-01/func/sub-10716_ses-01_task-ugr_run-1_events.tsv	e8d31fcd7b95ac8a0c29d7c99260f61759776e092da43fd99efae565e806fd08	48	48	true	0	0	1			0		0				48	0	0	1	false	false	false	pass		................................................
10716	01	ugr	2	bids/sub-10716/ses-01/func/sub-10716_ses-01_task-ugr_run-2_events.tsv	46f942f5858838faf15e49dfb2e187267cc2246548a443de05d4742c6099cbce	48	48	true	0	0	1			0		0				48	0	0	1	false	false	false	pass		................................................
10716	02	doors	1	bids/sub-10716/ses-02/func/sub-10716_ses-02_task-doors_run-1_events.tsv	1ff9e6b47fcfecaaaf12da97602ef1e2cb096f2c34f7c73b9b69e2cd258ef9ef	40	40	true	1	0.025	0.975	15	15	1	15	0				40	1	0.025	1	false	false	false	pass		..............M.........................
10716	02	socialdoors	1	bids/sub-10716/ses-02/func/sub-10716_ses-02_task-socialdoors_run-1_events.tsv	69b79b680f1aa3eae80f3789096ba91f35d45a0a3e36f58ed3027837ba605726	40	40	true	0	0	1			0		0				40	0	0	1	false	false	false	pass		........................................
10716	02	ugr	2	bids/sub-10716/ses-02/func/sub-10716_ses-02_task-ugr_run-2_events.tsv	8289cce91276cf5fb130ffec7c3763a181ef2f160d4ad95d0ad8425e8b7d1f1e	48	48	true	1	0.020833	0.979167	12	12	1	12	0				48	1	0.020833	1	false	false	false	pass		...........M....................................
10718	01	doors	1	bids/sub-10718/ses-01/func/sub-10718_ses-01_task-doors_run-1_events.tsv	f4241dcbd2cff6921c5f1a05df36af76f12d49e7b6442f2c95c2325ca177c932	40	40	true	0	0	1			0		0				40	0	0	1	false	false	false	pass		........................................
10718	01	sharedreward	1	bids/sub-10718/ses-01/func/sub-10718_ses-01_task-sharedreward_run-1_events.tsv	43074a34fc8f5593018b32fd24c80c438ee2d2ccd2c227dfe2a2463c8dc354e0	54	54	true	0	0	1			0		0				54	0	0	1	false	false	false	pass		......................................................
10718	01	sharedreward	2	bids/sub-10718/ses-01/func/sub-10718_ses-01_task-sharedreward_run-2_events.tsv	06a8ee2d8375899295fbd9554e58612013c838652cd313d40169bd7b18622696	54	54	true	0	0	1			0		0				54	0	0	1	false	false	false	pass		......................................................
10718	01	socialdoors	1	bids/sub-10718/ses-01/func/sub-10718_ses-01_task-socialdoors_run-1_events.tsv	2a2d417d58c821d492b0e2813a77754a798cbd346fc792e607e0b41228cc2520	40	40	true	0	0	1			0		0				40	0	0	1	false	false	false	pass		........................................
10718	01	trust	1	bids/sub-10718/ses-01/func/sub-10718_ses-01_task-trust_run-1_events.tsv	2eb9239ca0eb79a21339e2344a5db8813c5a5e5261ba020d67f1d29758227cb1	42	42	true	0	0	1			0		0				42	0	0	1	false	false	false	pass		..........................................
10718	01	trust	2	bids/sub-10718/ses-01/func/sub-10718_ses-01_task-trust_run-2_events.tsv	d2de82e462e427e7b6bf2c26e340a7a06552247660b1b4bcd5ce7516564bdc18	42	42	true	0	0	1			0		0				42	0	0	1	false	false	false	pass		..........................................
10718	01	ugr	1	bids/sub-10718/ses-01/func/sub-10718_ses-01_task-ugr_run-1_events.tsv	ab19f25ccdbfa9318f4aca872d328fd06f794c8f5dc89acb7cf36511c3d710be	48	48	true	0	0	1			0		0				48	0	0	1	false	false	false	pass		................................................
10718	01	ugr	2	bids/sub-10718/ses-01/func/sub-10718_ses-01_task-ugr_run-2_events.tsv	489abb091dcfdbae336a9f78124b2b00d68ac801ab084993591dfa504938347e	48	48	true	0	0	1			0		0				48	0	0	1	false	false	false	pass		................................................
10720	01	doors	1	bids/sub-10720/ses-01/func/sub-10720_ses-01_task-doors_run-1_events.tsv	63be96bec89fce66a91b4871b3c7a4997dc945ecaac59bd95557e68792b32790	40	40	true	0	0	1			0		0				40	0	0	1	false	false	false	pass		........................................
10720	01	sharedreward	1	bids/sub-10720/ses-01/func/sub-10720_ses-01_task-sharedreward_run-1_events.tsv	640c40ea532395f84e3b82257f6e7f0f31dbc4a5119e2c05dfca665f76caeaf1	54	54	true	0	0	1			0		0				54	0	0	1	false	false	false	pass		......................................................
10720	01	sharedreward	2	bids/sub-10720/ses-01/func/sub-10720_ses-01_task-sharedreward_run-2_events.tsv	7a24ad53a2f5ff23d075f8cda99b3d9538355ed261358361fc6414acd0c11658	54	54	true	0	0	1			0		0				54	0	0	1	false	false	false	pass		......................................................
10720	01	socialdoors	1	bids/sub-10720/ses-01/func/sub-10720_ses-01_task-socialdoors_run-1_events.tsv	024bcc5c969004d7db83c1e3e3c3c448831a720c9245deda9e847ae4f117eb96	40	40	true	0	0	1			0		0				40	0	0	1	false	false	false	pass		........................................
10720	01	trust	1	bids/sub-10720/ses-01/func/sub-10720_ses-01_task-trust_run-1_events.tsv	f66d823718b3b7ff81cc6309ff2580faf8bb2aee13adc8d5b86fd71bbfc49813	42	42	true	0	0	1			0		0				42	0	0	1	false	false	false	pass		..........................................
10720	01	trust	2	bids/sub-10720/ses-01/func/sub-10720_ses-01_task-trust_run-2_events.tsv	6200e792e8e7b0a866cca8944fb6243236f994d2a56e84d6afbc7018c3f627a6	42	42	true	0	0	1			0		0				42	0	0	1	false	false	false	pass		..........................................
10720	01	ugr	1	bids/sub-10720/ses-01/func/sub-10720_ses-01_task-ugr_run-1_events.tsv	352813b479cb0e68123d129e143b680b15619e08c97026be852e361d06376016	48	48	true	0	0	1			0		0				48	0	0	1	false	false	false	pass		................................................
10720	01	ugr	2	bids/sub-10720/ses-01/func/sub-10720_ses-01_task-ugr_run-2_events.tsv	c1ffe422fcc67a915db19f78c967bf8ee40cce97b6dcfd27ad9cd42e5638f721	48	48	true	0	0	1			0		0				48	0	0	1	false	false	false	pass		................................................
10723	01	doors	1	bids/sub-10723/ses-01/func/sub-10723_ses-01_task-doors_run-1_events.tsv	f65bc7ec17fda47356417c27e4da9615d4494a8d04619f70b59fce64a898eabf	40	40	true	0	0	1			0		0				40	0	0	1	false	false	false	pass		........................................
10723	01	sharedreward	1	bids/sub-10723/ses-01/func/sub-10723_ses-01_task-sharedreward_run-1_events.tsv	fc0d6067259f62d994f51018e0af1372ae7bc241fa9854a146d7c6bbb07d2e28	54	54	true	0	0	1			0		0				54	0	0	1	false	false	false	pass		......................................................
10723	01	sharedreward	2	bids/sub-10723/ses-01/func/sub-10723_ses-01_task-sharedreward_run-2_events.tsv	b088860e42806b88cd4bae3e714d997331b65adc709b21a640b26a25dfddb9aa	54	54	true	0	0	1			0		0				54	0	0	1	false	false	false	pass		......................................................
10723	01	socialdoors	1	bids/sub-10723/ses-01/func/sub-10723_ses-01_task-socialdoors_run-1_events.tsv	03d5f6ae38a671c972411c3d9c8feb64509ff48432a97810e706cc7f3e34138d	40	40	true	0	0	1			0		0				40	0	0	1	false	false	false	pass		........................................
10723	01	trust	1	bids/sub-10723/ses-01/func/sub-10723_ses-01_task-trust_run-1_events.tsv	8b1ce1a941d022be42386d01e7538696af4b7f8c3244ad5b784455e8fc8a268f	42	42	true	1	0.02381	0.97619	39	39	1	39	0				42	1	0.02381	1	false	false	false	pass		......................................M...
10723	01	trust	2	bids/sub-10723/ses-01/func/sub-10723_ses-01_task-trust_run-2_events.tsv	fdb9afa299dd08bf4024421033659abb3b5934c86dc9db147eb76d5076cb3dc9	42	42	true	0	0	1			0		0				42	0	0	1	false	false	false	pass		..........................................
10723	01	ugr	1	bids/sub-10723/ses-01/func/sub-10723_ses-01_task-ugr_run-1_events.tsv	ed961832dfbf05355147ef729bca1d9fe6d8a3cc8afbe78de56c8a9b23638045	48	48	true	0	0	1			0		0				48	0	0	1	false	false	false	pass		................................................
10723	01	ugr	2	bids/sub-10723/ses-01/func/sub-10723_ses-01_task-ugr_run-2_events.tsv	47b8fdf1066ef542ea90564960dae056140f7a0980ba4074e2f79cf96d096807	48	48	true	0	0	1			0		0				48	0	0	1	false	false	false	pass		................................................
10741	01	doors	1	bids/sub-10741/ses-01/func/sub-10741_ses-01_task-doors_run-1_events.tsv	6034256f971c7d8ac08e14679d9dcdbfdd8acbd383c1473506632bf2580ade64	40	40	true	0	0	1			0		0				40	0	0	1	false	false	false	pass		........................................
10741	01	sharedreward	1	bids/sub-10741/ses-01/func/sub-10741_ses-01_task-sharedreward_run-1_events.tsv	0640ac9c4ff75f7b923ee99fff9d87416c91e7589f1d2bcb180f8e2d671d00e0	54	54	true	0	0	1			0		0				54	0	0	1	false	false	false	pass		......................................................
10741	01	sharedreward	2	bids/sub-10741/ses-01/func/sub-10741_ses-01_task-sharedreward_run-2_events.tsv	595d4e91479e2c5c3fc24bb80dccd1e55bce0ade36bbee8a30c4c7443fcc88ad	54	54	true	0	0	1			0		0				54	0	0	1	false	false	false	pass		......................................................
10741	01	socialdoors	1	bids/sub-10741/ses-01/func/sub-10741_ses-01_task-socialdoors_run-1_events.tsv	0881453097e33fe03ee560ce3ab781671e215dd27c5e4360d8594164c16dd749	40	40	true	0	0	1			0		0				40	0	0	1	false	false	false	pass		........................................
10741	01	trust	1	bids/sub-10741/ses-01/func/sub-10741_ses-01_task-trust_run-1_events.tsv	afe45c1844d930979b2b6363bbb228dc34f9c20a70e64cdc92953582b1878caf	42	42	true	0	0	1			0		0				42	0	0	1	false	false	false	pass		..........................................
10741	01	trust	2	bids/sub-10741/ses-01/func/sub-10741_ses-01_task-trust_run-2_events.tsv	a8b915978c644c36a5ad40836bdf6b045d4c349e1c5734f9a76d5c37ea5cf3b5	42	42	true	1	0.02381	0.97619	35	35	1	35	0				42	1	0.02381	1	false	false	false	pass		..................................M.......
10741	01	ugr	1	bids/sub-10741/ses-01/func/sub-10741_ses-01_task-ugr_run-1_events.tsv	ef27e0c2f1eb7e1772a251a3e278c5153ba53e6b16312b1062161550b27a2217	48	48	true	0	0	1			0		0				48	0	0	1	false	false	false	pass		................................................
10741	01	ugr	2	bids/sub-10741/ses-01/func/sub-10741_ses-01_task-ugr_run-2_events.tsv	5bfa4198dc74f59714807f9553b58839604a8983a213c4a8dce2f28d1e105e55	48	48	true	0	0	1			0		0				48	0	0	1	false	false	false	pass		................................................
10748	01	doors	1	bids/sub-10748/ses-01/func/sub-10748_ses-01_task-doors_run-1_events.tsv	a1373a3615ce6777daff29902367c80bd3fc7764975965d8bbf5f745f0a5cad3	40	40	true	0	0	1			0		0				40	0	0	1	false	false	false	pass		........................................
10748	01	sharedreward	1	bids/sub-10748/ses-01/func/sub-10748_ses-01_task-sharedreward_run-1_events.tsv	dff9f7408b7ac9fd55382f5f7d7bc5707c496da306ba5c8453567f7cbeea6ae4	54	54	true	0	0	1			0		0				54	0	0	1	false	false	false	pass		......................................................
10748	01	sharedreward	2	bids/sub-10748/ses-01/func/sub-10748_ses-01_task-sharedreward_run-2_events.tsv	69ce3717deb41977e4a059cd99716c975f9351a6c67e3bc95c93518c0366e62c	54	54	true	0	0	1			0		0				54	0	0	1	false	false	false	pass		......................................................
10748	01	socialdoors	1	bids/sub-10748/ses-01/func/sub-10748_ses-01_task-socialdoors_run-1_events.tsv	ecf3e984230002ad9240245fb764a1aafb730279567b6445bcb088e9703e0803	40	40	true	0	0	1			0		0				40	0	0	1	false	false	false	pass		........................................
10748	01	trust	1	bids/sub-10748/ses-01/func/sub-10748_ses-01_task-trust_run-1_events.tsv	adaaaf7e625b7338c23589b2e0ceb9929f90474f5cd3ee7e91388658558d739b	42	42	true	0	0	1			0		0				42	0	0	1	false	false	false	pass		..........................................
10748	01	trust	2	bids/sub-10748/ses-01/func/sub-10748_ses-01_task-trust_run-2_events.tsv	d764b3bdcb3538a9b7c5fced9dc52ea0868eec3f71c594601316a7a043b2b5e2	42	42	true	0	0	1			0		0				42	0	0	1	false	false	false	pass		..........................................
10748	01	ugr	1	bids/sub-10748/ses-01/func/sub-10748_ses-01_task-ugr_run-1_events.tsv	2bd1e4925cca9d078f0f529ae0cc820064875c4040887e00886b3e40d148d671	48	48	true	0	0	1			0		0				48	0	0	1	false	false	false	pass		................................................
10748	01	ugr	2	bids/sub-10748/ses-01/func/sub-10748_ses-01_task-ugr_run-2_events.tsv	a0a4b3888d28c7a4410cbf298495b6b87855c36d0013fc2ca8069ecf825dbad5	48	48	true	0	0	1			0		0				48	0	0	1	false	false	false	pass		................................................
10767	01	doors	1	bids/sub-10767/ses-01/func/sub-10767_ses-01_task-doors_run-1_events.tsv	3722b5b3a5ad300501311fe7ed9ad3c83cadf2003213b16a5acd846fd2274d84	40	40	true	0	0	1			0		0				40	0	0	1	false	false	false	pass		........................................
10767	01	sharedreward	1	bids/sub-10767/ses-01/func/sub-10767_ses-01_task-sharedreward_run-1_events.tsv	fbef04522e64f009447a8eff520a1fa6e1284877610f6be6918af8f7dff9aa42	54	54	true	0	0	1			0		0				54	0	0	1	false	false	false	pass		......................................................
10767	01	sharedreward	2	bids/sub-10767/ses-01/func/sub-10767_ses-01_task-sharedreward_run-2_events.tsv	5ae7a094c080644111da86f513d45547036026349c5611458b12fdc7e3461516	54	54	true	1	0.018519	0.981481	42	42	1	42	0				54	1	0.018519	1	false	false	false	pass		.........................................M............
10767	01	socialdoors	1	bids/sub-10767/ses-01/func/sub-10767_ses-01_task-socialdoors_run-1_events.tsv	bfb519de649df6a232ffa205ff46c1a1b62c48bc278ebba2aea8babdd34218ee	40	40	true	0	0	1			0		0				40	0	0	1	false	false	false	pass		........................................
10767	01	trust	1	bids/sub-10767/ses-01/func/sub-10767_ses-01_task-trust_run-1_events.tsv	2e2278e63d2223052fbe7688695d9c9e169fd71b583960812a44cfff3846b45c	42	42	true	0	0	1			0		0				42	0	0	1	false	false	false	pass		..........................................
10767	01	trust	2	bids/sub-10767/ses-01/func/sub-10767_ses-01_task-trust_run-2_events.tsv	5c15b1b72a6dac5585eb1b1c4c06f39552e55b0b61cb1e9a7d386013c3c4fe83	42	42	true	0	0	1			0		0				42	0	0	1	false	false	false	pass		..........................................
10767	01	ugr	1	bids/sub-10767/ses-01/func/sub-10767_ses-01_task-ugr_run-1_events.tsv	0ea6d1a526985c5f6836c91ffa5e58108f1688e28743f0459645489fc989eb41	48	48	true	1	0.020833	0.979167	44	44	1	44	0				48	1	0.020833	1	false	false	false	pass		...........................................M....
10767	01	ugr	2	bids/sub-10767/ses-01/func/sub-10767_ses-01_task-ugr_run-2_events.tsv	a63bc40c634996c4a9e6ef13cae02c0ba6302d2503815fb3e3ec4d10fd43d80f	48	48	true	0	0	1			0		0				48	0	0	1	false	false	false	pass		................................................
10770	01	doors	1	bids/sub-10770/ses-01/func/sub-10770_ses-01_task-doors_run-1_events.tsv	36046ade2f6a3f07c11c597153d6ee09a0163206516b3fec221866e6deb317de	40	40	true	0	0	1			0		0				40	0	0	1	false	false	false	pass		........................................
10770	01	sharedreward	1	bids/sub-10770/ses-01/func/sub-10770_ses-01_task-sharedreward_run-1_events.tsv	7e75ebf6be0a6b3c39f1a92824d466c70ec0a58eb1a91a3d847b9b7290d2e2f7	54	54	true	0	0	1			0		0				54	0	0	1	false	false	false	pass		......................................................
10770	01	sharedreward	2	bids/sub-10770/ses-01/func/sub-10770_ses-01_task-sharedreward_run-2_events.tsv	14fd6dfa8417071dcc773c1667d874afd73aeab2a3d7e39ad180099d3abef67e	54	54	true	0	0	1			0		0				54	0	0	1	false	false	false	pass		......................................................
10770	01	socialdoors	1	bids/sub-10770/ses-01/func/sub-10770_ses-01_task-socialdoors_run-1_events.tsv	63235f8fa4d8ba8a79c982f76397d31f6390065ee1959ccc159335617e55f236	40	40	true	0	0	1			0		0				40	0	0	1	false	false	false	pass		........................................
10770	01	trust	1	bids/sub-10770/ses-01/func/sub-10770_ses-01_task-trust_run-1_events.tsv	5b281d3d7969f69d95cc857c3f640c5ec502e060d464a4db68f30606021ecde3	42	42	true	1	0.02381	0.97619	30	30	1	30	0				42	1	0.02381	1	false	false	false	pass		.............................M............
10770	01	trust	2	bids/sub-10770/ses-01/func/sub-10770_ses-01_task-trust_run-2_events.tsv	19bcde3859d09b169905f6cdb2894cd69755e08ecfa9876c464568218a6e9522	42	42	true	0	0	1			0		0				42	0	0	1	false	false	false	pass		..........................................
10770	01	ugr	1	bids/sub-10770/ses-01/func/sub-10770_ses-01_task-ugr_run-1_events.tsv	e6946bf677e8ae356c031626e4bdcbd7cbe9f8ace2c21f7ae207f53cd593ebd4	48	48	true	0	0	1			0		0				48	0	0	1	false	false	false	pass		................................................
10770	01	ugr	2	bids/sub-10770/ses-01/func/sub-10770_ses-01_task-ugr_run-2_events.tsv	8335953283fa12544c020c9736c596e55a57c8dff42d50d25af38615bc0cc698	48	48	true	0	0	1			0		0				48	0	0	1	false	false	false	pass		................................................
10777	01	doors	1	bids/sub-10777/ses-01/func/sub-10777_ses-01_task-doors_run-1_events.tsv	8022e5604b9d5716df2f67caad6d8c935ac05aa17748f1aad899cbec9d8822ca	40	40	true	1	0.025	0.975	28	28	1	28	0				40	1	0.025	1	false	false	false	pass		...........................M............
10777	01	sharedreward	1	bids/sub-10777/ses-01/func/sub-10777_ses-01_task-sharedreward_run-1_events.tsv	27ac6d7ccfcb1567ca0ee58b2f366b196fc45908c2ff1463f136613c4ccc6c25	54	54	true	0	0	1			0		0				54	0	0	1	false	false	false	pass		......................................................
10777	01	sharedreward	2	bids/sub-10777/ses-01/func/sub-10777_ses-01_task-sharedreward_run-2_events.tsv	143011222da36513fac412d52e68fecdd41d3d404b291c629beda563dd99dba2	54	54	true	7	0.12963	0.87037	48	54	7	48	7	48	356.80728	45.69718	47	0	0	0.87037	false	true	true	review	terminal_miss_streak	...............................................MMMMMMM
10777	01	socialdoors	1	bids/sub-10777/ses-01/func/sub-10777_ses-01_task-socialdoors_run-1_events.tsv	c8c1f803a23f3e011b9789fa7e15aac4bfd880de9b03222e3dae2d7cf7c61cf7	40	40	true	1	0.025	0.975	13	13	1	13	0				40	1	0.025	1	false	false	false	pass		............M...........................
10777	01	trust	1	bids/sub-10777/ses-01/func/sub-10777_ses-01_task-trust_run-1_events.tsv	1e1efb5ae2ea847c31d5add0d4d696e5e586a975ccee294f2ba4948503ddccf2	42	42	true	0	0	1			0		0				42	0	0	1	false	false	false	pass		..........................................
10777	01	ugr	1	bids/sub-10777/ses-01/func/sub-10777_ses-01_task-ugr_run-1_events.tsv	52c88776470c674846dac75b4050192730f523fda6424f8d90c8da5aeb1ac964	48	48	true	0	0	1			0		0				48	0	0	1	false	false	false	pass		................................................
10781	01	doors	1	bids/sub-10781/ses-01/func/sub-10781_ses-01_task-doors_run-1_events.tsv	2ca2ee2a855129d9d01eed5c3c6bc93ee5ed646a95579c74c2abf2b95f37f752	40	40	true	0	0	1			0		0				40	0	0	1	false	false	false	pass		........................................
10781	01	sharedreward	1	bids/sub-10781/ses-01/func/sub-10781_ses-01_task-sharedreward_run-1_events.tsv	d087e0351c5cf4ac93347c3be2f505451b113d9a5e3b570859616e7eb63f072e	54	54	true	0	0	1			0		0				54	0	0	1	false	false	false	pass		......................................................
10781	01	sharedreward	2	bids/sub-10781/ses-01/func/sub-10781_ses-01_task-sharedreward_run-2_events.tsv	255580fc6d835f2357f71783542078e4bb3b437a42965fb35979fc99ed6d71f1	54	54	true	0	0	1			0		0				54	0	0	1	false	false	false	pass		......................................................
10781	01	socialdoors	1	bids/sub-10781/ses-01/func/sub-10781_ses-01_task-socialdoors_run-1_events.tsv	302c2ee04ad867af9764686d77b0049d7952158c255d33c27323ee30dd54bfbe	40	40	true	0	0	1			0		0				40	0	0	1	false	false	false	pass		........................................
10781	01	trust	1	bids/sub-10781/ses-01/func/sub-10781_ses-01_task-trust_run-1_events.tsv	0bd2f3bf03a991d89378744db78fddef150315ced823377e46f94cd05f851fcc	42	42	true	1	0.02381	0.97619	16	16	1	16	0				42	1	0.02381	1	false	false	false	pass		...............M..........................
10781	01	trust	2	bids/sub-10781/ses-01/func/sub-10781_ses-01_task-trust_run-2_events.tsv	cc4eb9c2de4c6ad675c8ae322410edd57b83ff2991a7428e7f0f0d19b17d157d	42	42	true	0	0	1			0		0				42	0	0	1	false	false	false	pass		..........................................
10781	01	ugr	1	bids/sub-10781/ses-01/func/sub-10781_ses-01_task-ugr_run-1_events.tsv	e39b410ab3a771d5f293546f0a640820bdf9cc615b1d1c25e2b0254cb3d0e613	48	48	true	0	0	1			0		0				48	0	0	1	false	false	false	pass		................................................
10781	01	ugr	2	bids/sub-10781/ses-01/func/sub-10781_ses-01_task-ugr_run-2_events.tsv	f8792baa2c6ce1ffc32b789f553ed2fba8ff1a233d03dc9e9b411ab7bf93f4a1	48	48	true	0	0	1			0		0				48	0	0	1	false	false	false	pass		................................................
10783	01	doors	1	bids/sub-10783/ses-01/func/sub-10783_ses-01_task-doors_run-1_events.tsv	e41fb3c0291b536e36ccceab13aa0ed0dcc12e1d2800e8ffc831c69abe989953	40	40	true	0	0	1			0		0				40	0	0	1	false	false	false	pass		........................................
10783	01	sharedreward	1	bids/sub-10783/ses-01/func/sub-10783_ses-01_task-sharedreward_run-1_events.tsv	cfbea4a9129277c674e13bb7bf6e87a8e4f6f81331639b3305890f638a00062e	54	54	true	2	0.037037	0.962963	30	50	1	30	0				54	2	0.037037	1	false	false	false	pass		.............................M...................M....
10783	01	sharedreward	2	bids/sub-10783/ses-01/func/sub-10783_ses-01_task-sharedreward_run-2_events.tsv	ea7e5a777395af1786b4a04250081318c2d654df2e33346c61e0e7341d797399	54	54	true	3	0.055556	0.944444	31	46	1	31	0				54	3	0.055556	1	false	false	false	pass		..............................M......M.......M........
10783	01	socialdoors	1	bids/sub-10783/ses-01/func/sub-10783_ses-01_task-socialdoors_run-1_events.tsv	7101de469ddcc17ba92db17fc69f804f8d1b46b64b864f9a00b353c83cb6abd3	40	40	true	0	0	1			0		0				40	0	0	1	false	false	false	pass		........................................
10783	01	trust	1	bids/sub-10783/ses-01/func/sub-10783_ses-01_task-trust_run-1_events.tsv	965753a1bcc3d71c7820e56258c382316c9cc97b079cb55e4cdd135c42d3533f	42	42	true	3	0.071429	0.928571	5	34	1	5	0				42	3	0.071429	1	false	false	false	pass		....M.........M..................M........
10783	01	trust	2	bids/sub-10783/ses-01/func/sub-10783_ses-01_task-trust_run-2_events.tsv	fd7d347686b0b384e65b703d4dfd28714f393c684d9205afe6ede3db7b81235b	42	42	true	0	0	1			0		0				42	0	0	1	false	false	false	pass		..........................................
10783	01	ugr	1	bids/sub-10783/ses-01/func/sub-10783_ses-01_task-ugr_run-1_events.tsv	1f8a0709aed9fee4fce463679824e67adcdff2253e134ca74972889dfbcde1ce	48	48	true	0	0	1			0		0				48	0	0	1	false	false	false	pass		................................................
10783	01	ugr	2	bids/sub-10783/ses-01/func/sub-10783_ses-01_task-ugr_run-2_events.tsv	977dad00232d2d15bb18f94bffbd130f2a39b89e8d003bb8913a5dcd7297dac7	48	48	true	1	0.020833	0.979167	26	26	1	26	0				48	1	0.020833	1	false	false	false	pass		.........................M......................
10785	01	doors	1	bids/sub-10785/ses-01/func/sub-10785_ses-01_task-doors_run-1_events.tsv	d5d87ccab62a0d1662afcb545f55f690a415402519a3f8f715fedd7a4b5a3a31	40	40	true	0	0	1			0		0				40	0	0	1	false	false	false	pass		........................................
10785	01	sharedreward	1	bids/sub-10785/ses-01/func/sub-10785_ses-01_task-sharedreward_run-1_events.tsv	bcc9748c2188a66d82b21783fefc5591a796de9a10d2445da1a2997d2149107a	54	54	true	1	0.018519	0.981481	1	1	1	1	0				54	1	0.018519	1	false	false	false	pass		M.....................................................
10785	01	sharedreward	2	bids/sub-10785/ses-01/func/sub-10785_ses-01_task-sharedreward_run-2_events.tsv	f725875efb0a0e58cd2cc9e0209db270b4404581367190ae9ca8625108589d99	54	54	true	0	0	1			0		0				54	0	0	1	false	false	false	pass		......................................................
10785	01	socialdoors	1	bids/sub-10785/ses-01/func/sub-10785_ses-01_task-socialdoors_run-1_events.tsv	fe32653a2e778fe380e1f288ca04178a953ea087c543fc2002d4ed72eedae0f4	40	40	true	0	0	1			0		0				40	0	0	1	false	false	false	pass		........................................
10785	01	trust	1	bids/sub-10785/ses-01/func/sub-10785_ses-01_task-trust_run-1_events.tsv	580d12dfd3a88390974ce30739eb820dd0e5124cb1b777f3659d3022b6f7b735	42	42	true	1	0.02381	0.97619	41	41	1	41	0				42	1	0.02381	1	false	false	false	pass		........................................M.
10785	01	trust	2	bids/sub-10785/ses-01/func/sub-10785_ses-01_task-trust_run-2_events.tsv	9286ec51a28853e3930aab26afa3c50d2eae9b677ae007b948358a14f4f48d8b	42	42	true	0	0	1			0		0				42	0	0	1	false	false	false	pass		..........................................
10785	01	ugr	1	bids/sub-10785/ses-01/func/sub-10785_ses-01_task-ugr_run-1_events.tsv	65abb206dc783bd33cb6f7d8d577350bdc25ef8099cbe77ea3a18028e60ddcb9	48	48	true	0	0	1			0		0				48	0	0	1	false	false	false	pass		................................................
10785	01	ugr	2	bids/sub-10785/ses-01/func/sub-10785_ses-01_task-ugr_run-2_events.tsv	6b7bd13b10a2217bf310f7a3715aa2fc16c7ca560b5cf9cdf0cbc2326629305d	48	48	true	0	0	1			0		0				48	0	0	1	false	false	false	pass		................................................
10794	01	doors	1	bids/sub-10794/ses-01/func/sub-10794_ses-01_task-doors_run-1_events.tsv	829dbd53edb755adec8e92349ffa41ca6014caff8dfc0ba71bb5a78d7622c14f	40	40	true	0	0	1			0		0				40	0	0	1	false	false	false	pass		........................................
10794	01	sharedreward	1	bids/sub-10794/ses-01/func/sub-10794_ses-01_task-sharedreward_run-1_events.tsv	405dfb5d46608f6d5cd93fa29069accaaa65a278f55666d7bc45dade9798a1b5	54	54	true	0	0	1			0		0				54	0	0	1	false	false	false	pass		......................................................
10794	01	sharedreward	2	bids/sub-10794/ses-01/func/sub-10794_ses-01_task-sharedreward_run-2_events.tsv	2d3924acde26de3980f0bc189597ad9347c5605f4637e22f03f2f3ee88887dc2	54	54	true	0	0	1			0		0				54	0	0	1	false	false	false	pass		......................................................
10794	01	socialdoors	1	bids/sub-10794/ses-01/func/sub-10794_ses-01_task-socialdoors_run-1_events.tsv	9b540cc5678d687ac1253091328c90c3f811380f761e92115d7f58f76f73be57	40	40	true	1	0.025	0.975	40	40	1	40	1	40	327.100858	4.599759	39	0	0	0.975	false	false	false	pass		.......................................M
10794	01	trust	1	bids/sub-10794/ses-01/func/sub-10794_ses-01_task-trust_run-1_events.tsv	be01613275b6983e2578517ce449956939eebf287e78a7d65dafc9056925fe7c	42	42	true	1	0.02381	0.97619	14	14	1	14	0				42	1	0.02381	1	false	false	false	pass		.............M............................
10794	01	trust	2	bids/sub-10794/ses-01/func/sub-10794_ses-01_task-trust_run-2_events.tsv	27c9df7a056319ce6036654c2a267f5bc420b1e9d689df3d2117c086c0a87eda	42	42	true	0	0	1			0		0				42	0	0	1	false	false	false	pass		..........................................
10794	01	ugr	1	bids/sub-10794/ses-01/func/sub-10794_ses-01_task-ugr_run-1_events.tsv	e3070a512e30a7219ccffe8a899370d24a5e54cdc456fd9bd982ed16b9177098	48	48	true	0	0	1			0		0				48	0	0	1	false	false	false	pass		................................................
10794	01	ugr	2	bids/sub-10794/ses-01/func/sub-10794_ses-01_task-ugr_run-2_events.tsv	8ce04a6c1ed3bd6e8a0fbd8cc31a82d466e96ac737c3540a5b2ea7fd5ef7a00a	48	48	true	0	0	1			0		0				48	0	0	1	false	false	false	pass		................................................
10800	01	doors	1	bids/sub-10800/ses-01/func/sub-10800_ses-01_task-doors_run-1_events.tsv	940b6319bfcb253b2cfcb4861f59e83338564ef9ed38ca5b49d5a4e476912fe0	40	40	true	7	0.175	0.825	9	33	3	27	0				40	7	0.175	1	false	false	false	pass		........M............M..M.MMM...M.......
10800	01	sharedreward	1	bids/sub-10800/ses-01/func/sub-10800_ses-01_task-sharedreward_run-1_events.tsv	ce5c1eaa402df9f0f7180bc711800ff8a84ceafab900a53a54927fd6d1d14f29	54	54	true	2	0.037037	0.962963	1	48	1	1	0				54	2	0.037037	1	false	false	false	pass		M..............................................M......
10800	01	sharedreward	2	bids/sub-10800/ses-01/func/sub-10800_ses-01_task-sharedreward_run-2_events.tsv	f572f19ab29cbe9fe989241b19f280261fb76571ed561b4e26fe7ca1b2c5bd19	54	54	true	4	0.074074	0.925926	30	47	1	30	0				54	4	0.074074	1	false	false	false	pass		.............................M.....M....M.....M.......
10800	01	socialdoors	1	bids/sub-10800/ses-01/func/sub-10800_ses-01_task-socialdoors_run-1_events.tsv	59d144463e28d72d8cd9792875bca699953bf2ed9fef21d653c41266f8fad847	40	40	true	11	0.275	0.725	17	40	2	27	1	40	326.875335	4.58325	39	10	0.25641	0.975	true	false	false	review	overall_miss_fraction_threshold	................M...M...M.MM.MM...M.MM.M
10800	01	trust	1	bids/sub-10800/ses-01/func/sub-10800_ses-01_task-trust_run-1_events.tsv	90f6b4e20636b8beaacb92f40e15608a7c6983e0efee05554b2ba6bc47000f89	42	42	true	0	0	1			0		0				42	0	0	1	false	false	false	pass		..........................................
10800	01	trust	2	bids/sub-10800/ses-01/func/sub-10800_ses-01_task-trust_run-2_events.tsv	e8e900d561ac505e2f5426c3a2966c7d63cb4d7e944bc815c7f2a6e473062cb3	42	42	true	4	0.095238	0.904762	22	41	1	22	0				42	4	0.095238	1	false	false	false	pass		.....................M........M...M.....M.
10800	01	ugr	1	bids/sub-10800/ses-01/func/sub-10800_ses-01_task-ugr_run-1_events.tsv	151d136ddd960cc6684dd2c4ca14d70d958b5bac7cda3457aa12eaa63bb7d3f0	48	48	true	1	0.020833	0.979167	37	37	1	37	0				48	1	0.020833	1	false	false	false	pass		....................................M...........
10800	01	ugr	2	bids/sub-10800/ses-01/func/sub-10800_ses-01_task-ugr_run-2_events.tsv	c724edf654c2bae5295e103468f7aa94d0c0dd189bd693cf06a056b92ecd599d	48	48	true	3	0.0625	0.9375	25	44	1	25	0				48	3	0.0625	1	false	false	false	pass		........................M........M.........M....
10801	01	doors	1	bids/sub-10801/ses-01/func/sub-10801_ses-01_task-doors_run-1_events.tsv	97076aa59744afa3e13a995b8db5b132fd4517534119d2b56c7867c8159c1783	40	40	true	0	0	1			0		0				40	0	0	1	false	false	false	pass		........................................
10801	01	sharedreward	1	bids/sub-10801/ses-01/func/sub-10801_ses-01_task-sharedreward_run-1_events.tsv	a834b29a7bb626a34319bd0692b3202b1406371e81038faa1d80cb0e41c850f7	54	54	true	1	0.018519	0.981481	1	1	1	1	0				54	1	0.018519	1	false	false	false	pass		M.....................................................
10801	01	sharedreward	2	bids/sub-10801/ses-01/func/sub-10801_ses-01_task-sharedreward_run-2_events.tsv	d25f93a1e589449010c6471811d2e2452d7f312e7cf68c9abd2d265aecaed563	54	54	true	1	0.018519	0.981481	22	22	1	22	0				54	1	0.018519	1	false	false	false	pass		.....................M................................
10801	01	socialdoors	1	bids/sub-10801/ses-01/func/sub-10801_ses-01_task-socialdoors_run-1_events.tsv	d4cf70f15c5bd7f6f85db5de092a93ed009b9daf4c351b3f928deafe9a6d8624	40	40	true	2	0.05	0.95	1	26	1	1	0				40	2	0.05	1	false	false	false	pass		M........................M..............
10801	01	trust	1	bids/sub-10801/ses-01/func/sub-10801_ses-01_task-trust_run-1_events.tsv	905456c3de1f1d317d583a45579632cc178a27ee686854745a208ed7b155e9e6	42	42	true	0	0	1			0		0				42	0	0	1	false	false	false	pass		..........................................
10801	01	trust	2	bids/sub-10801/ses-01/func/sub-10801_ses-01_task-trust_run-2_events.tsv	3d3496966227e7984b6fd818fc853aa6d585e8340464f530643fb571700c745c	42	42	true	0	0	1			0		0				42	0	0	1	false	false	false	pass		..........................................
10801	01	ugr	1	bids/sub-10801/ses-01/func/sub-10801_ses-01_task-ugr_run-1_events.tsv	ca78df22155af5480640a7c01eec91cba5a4f15b8196a56451924b5d95059dce	48	48	true	0	0	1			0		0				48	0	0	1	false	false	false	pass		................................................
10801	01	ugr	2	bids/sub-10801/ses-01/func/sub-10801_ses-01_task-ugr_run-2_events.tsv	783d68d1ab1dde8264adf589c8cfd9cc8b011933044d83fa4c7d96cc098e87a6	48	48	true	0	0	1			0		0				48	0	0	1	false	false	false	pass		................................................
10802	01	doors	1	bids/sub-10802/ses-01/func/sub-10802_ses-01_task-doors_run-1_events.tsv	fe2bc2d1d3262302cf99db0668b5aab19416a8f9212db346d0bee381b5b90a9b	40	40	true	0	0	1			0		0				40	0	0	1	false	false	false	pass		........................................
10802	01	sharedreward	1	bids/sub-10802/ses-01/func/sub-10802_ses-01_task-sharedreward_run-1_events.tsv	ad91f416abb48950f34d34cec480c53798f92118f3cfbaca0b0b7cd1e5da762c	54	54	true	1	0.018519	0.981481	1	1	1	1	0				54	1	0.018519	1	false	false	false	pass		M.....................................................
10802	01	sharedreward	2	bids/sub-10802/ses-01/func/sub-10802_ses-01_task-sharedreward_run-2_events.tsv	c947058f2219c943f84ba62981da5354e679237fd5c735f9365bff4de5074519	54	54	true	0	0	1			0		0				54	0	0	1	false	false	false	pass		......................................................
10802	01	socialdoors	1	bids/sub-10802/ses-01/func/sub-10802_ses-01_task-socialdoors_run-1_events.tsv	409c22f250d96908150be547cd42ec90b7441bf1f8712526976c8c16bbeb577a	40	40	true	1	0.025	0.975	40	40	1	40	1	40	326.652009	4.59994	39	0	0	0.975	false	false	false	pass		.......................................M
10802	01	trust	1	bids/sub-10802/ses-01/func/sub-10802_ses-01_task-trust_run-1_events.tsv	45fa2c888ffc2c33a21c0a78d81b5ece9758e784a9c3a9300a6de67282ad9edb	42	42	true	0	0	1			0		0				42	0	0	1	false	false	false	pass		..........................................
10802	01	trust	2	bids/sub-10802/ses-01/func/sub-10802_ses-01_task-trust_run-2_events.tsv	9956e236ab88b1f7558ed383ce1b7d0a0dd80d4ef40f3beabe5187e4e173290f	42	42	true	0	0	1			0		0				42	0	0	1	false	false	false	pass		..........................................
10802	01	ugr	1	bids/sub-10802/ses-01/func/sub-10802_ses-01_task-ugr_run-1_events.tsv	466940633dae2ef8e18589f8f24dc62d1f8a64bbc09339ee010f92f47c2e8e3f	48	48	true	0	0	1			0		0				48	0	0	1	false	false	false	pass		................................................
10802	01	ugr	2	bids/sub-10802/ses-01/func/sub-10802_ses-01_task-ugr_run-2_events.tsv	e17daa5fb780d0cdd961809ba5c70af18472824b2e55c89c663a4e09d74a8874	48	48	true	0	0	1			0		0				48	0	0	1	false	false	false	pass		................................................
10803	01	doors	1	bids/sub-10803/ses-01/func/sub-10803_ses-01_task-doors_run-1_events.tsv	9259b300de208e0d3e48699312e3f74b54bdac0a36bfd18f79ba77234fba6c49	40	40	true	1	0.025	0.975	1	1	1	1	0				40	1	0.025	1	false	false	false	pass		M.......................................
10803	01	sharedreward	1	bids/sub-10803/ses-01/func/sub-10803_ses-01_task-sharedreward_run-1_events.tsv	8d2df6436ae3e100e2f6045a53efdb364d57b4fc51bad542a54cc255527d7247	54	54	true	0	0	1			0		0				54	0	0	1	false	false	false	pass		......................................................
10803	01	socialdoors	1	bids/sub-10803/ses-01/func/sub-10803_ses-01_task-socialdoors_run-1_events.tsv	721a6ccd90de4718c80daa97f979df181f3b8ed0dc7d8040d979172a43cb270b	40	40	true	0	0	1			0		0				40	0	0	1	false	false	false	pass		........................................
10803	01	trust	1	bids/sub-10803/ses-01/func/sub-10803_ses-01_task-trust_run-1_events.tsv	7897cefff190c4f0a7c197d1b0750a457b543adebfe6a4c01a1d018ed46cd8fe	42	42	true	0	0	1			0		0				42	0	0	1	false	false	false	pass		..........................................
10803	01	ugr	1	bids/sub-10803/ses-01/func/sub-10803_ses-01_task-ugr_run-1_events.tsv	94d498b4c263a8665689388a0aa15405deda39b82c59ae90e5aef173e541d66e	48	48	true	0	0	1			0		0				48	0	0	1	false	false	false	pass		................................................
10804	01	doors	1	bids/sub-10804/ses-01/func/sub-10804_ses-01_task-doors_run-1_events.tsv	bb72f2fbaa11946fe9dc55e93d76da5e0f7b5d8a14acb24bad8e7fcbcfd8b129	40	40	true	3	0.075	0.925	8	35	1	8	0				40	3	0.075	1	false	false	false	pass		.......M.....................M....M.....
10804	01	sharedreward	1	bids/sub-10804/ses-01/func/sub-10804_ses-01_task-sharedreward_run-1_events.tsv	0238d7094900d4b87fe41a9d7d8d5fb51031cdf760c3bfa25f24151e663276e6	54	54	true	3	0.055556	0.944444	32	53	1	32	0				54	3	0.055556	1	false	false	false	pass		...............................M.......M............M.
10804	01	sharedreward	2	bids/sub-10804/ses-01/func/sub-10804_ses-01_task-sharedreward_run-2_events.tsv	001cd291df4a2d38daa3eb365fcbaba0d4176f59716ac55a02fd48d25d710dad	54	54	true	3	0.055556	0.944444	19	38	1	19	0				54	3	0.055556	1	false	false	false	pass		..................M.........M........M................
10804	01	socialdoors	1	bids/sub-10804/ses-01/func/sub-10804_ses-01_task-socialdoors_run-1_events.tsv	22621d20150f187895313409bae3eb864d9cf3d276e05bbc5e5e95bab64f7a22	40	40	true	1	0.025	0.975	32	32	1	32	0				40	1	0.025	1	false	false	false	pass		...............................M........
10804	01	trust	1	bids/sub-10804/ses-01/func/sub-10804_ses-01_task-trust_run-1_events.tsv	58c7266ac171a543a469340f2adb6f80cd7c4438d2430d5b59cd0a253650d297	42	42	true	0	0	1			0		0				42	0	0	1	false	false	false	pass		..........................................
10804	01	trust	2	bids/sub-10804/ses-01/func/sub-10804_ses-01_task-trust_run-2_events.tsv	db62ad59602e510506f60aec06718443e286d358042d45cc8312759fbf415877	42	42	true	3	0.071429	0.928571	1	30	1	1	0				42	3	0.071429	1	false	false	false	pass		M..................M.........M............
10804	01	ugr	1	bids/sub-10804/ses-01/func/sub-10804_ses-01_task-ugr_run-1_events.tsv	1a9121b45b3bab5a75191fa43643ebddef06009d751b37025afa4f4172d718cf	48	48	true	2	0.041667	0.958333	24	41	1	24	0				48	2	0.041667	1	false	false	false	pass		.......................M................M.......
10804	01	ugr	2	bids/sub-10804/ses-01/func/sub-10804_ses-01_task-ugr_run-2_events.tsv	82f5f1428a919624c9fc1668b66d65931869c3690a60db91b85addae5c804741	48	48	true	5	0.104167	0.895833	9	43	1	9	0				48	5	0.104167	1	false	false	false	pass		........M...........M........M.M..........M.....
10806	01	doors	1	bids/sub-10806/ses-01/func/sub-10806_ses-01_task-doors_run-1_events.tsv	cd76b453b55b4d133e26ccce70c6cda1a7297079189ea4ed0c580de0a79a7aa5	40	40	true	0	0	1			0		0				40	0	0	1	false	false	false	pass		........................................
10806	01	sharedreward	1	bids/sub-10806/ses-01/func/sub-10806_ses-01_task-sharedreward_run-1_events.tsv	65112d62e85f5f39175af96290cf5c27430e07c991f97f100ff029eaa1c97908	54	54	true	1	0.018519	0.981481	2	2	1	2	0				54	1	0.018519	1	false	false	false	pass		.M....................................................
10806	01	sharedreward	2	bids/sub-10806/ses-01/func/sub-10806_ses-01_task-sharedreward_run-2_events.tsv	38455920cfe5c8553667bec1ef7fbc8b53da8c4ba1b7fe2af8f9eb0021e3cb19	54	54	true	0	0	1			0		0				54	0	0	1	false	false	false	pass		......................................................
10806	01	socialdoors	1	bids/sub-10806/ses-01/func/sub-10806_ses-01_task-socialdoors_run-1_events.tsv	16ada1f0b380c200bc83f5b3aaaf09813d284531b11209e2de795f48f949f50b	40	40	true	0	0	1			0		0				40	0	0	1	false	false	false	pass		........................................
10806	01	trust	1	bids/sub-10806/ses-01/func/sub-10806_ses-01_task-trust_run-1_events.tsv	c2931a489de0f8dd2d5aca61cee6f25afc0c973c9c864754bc2f6d39796c6030	42	42	true	1	0.02381	0.97619	35	35	1	35	0				42	1	0.02381	1	false	false	false	pass		..................................M.......
10806	01	trust	2	bids/sub-10806/ses-01/func/sub-10806_ses-01_task-trust_run-2_events.tsv	f58ceae1b3f71d20a9607a3dd76c4ac3411bd9880ede77b17b2016dd48de67b3	42	42	true	1	0.02381	0.97619	17	17	1	17	0				42	1	0.02381	1	false	false	false	pass		................M.........................
10806	01	ugr	1	bids/sub-10806/ses-01/func/sub-10806_ses-01_task-ugr_run-1_events.tsv	dbb0df984819b2fe8c2149d65c78fc35e0b79fb5a91c335bf20c061063b60ea0	48	48	true	0	0	1			0		0				48	0	0	1	false	false	false	pass		................................................
10806	01	ugr	2	bids/sub-10806/ses-01/func/sub-10806_ses-01_task-ugr_run-2_events.tsv	5200baea83af8bd80fc8d13b4a1747b9ae240dcc584999b63a8df724bb60f906	48	48	true	0	0	1			0		0				48	0	0	1	false	false	false	pass		................................................
10807	01	doors	1	bids/sub-10807/ses-01/func/sub-10807_ses-01_task-doors_run-1_events.tsv	3353fa8229f6d54aae34c3122dcad1cbc957d156cbc46c7cecd9211442572f04	40	40	true	0	0	1			0		0				40	0	0	1	false	false	false	pass		........................................
10807	01	sharedreward	1	bids/sub-10807/ses-01/func/sub-10807_ses-01_task-sharedreward_run-1_events.tsv	e310aa25398d4cd323f799d2d93dc279d725b35fb6eaca6b2b90147a3eef8d70	54	54	true	1	0.018519	0.981481	42	42	1	42	0				54	1	0.018519	1	false	false	false	pass		.........................................M............
10807	01	sharedreward	2	bids/sub-10807/ses-01/func/sub-10807_ses-01_task-sharedreward_run-2_events.tsv	ae16a33c24d612c00bf1e78e6b490c64e5eb2208132aef9faeac2be3dfce2adc	54	54	true	2	0.037037	0.962963	22	46	1	22	0				54	2	0.037037	1	false	false	false	pass		.....................M.......................M........
10807	01	socialdoors	1	bids/sub-10807/ses-01/func/sub-10807_ses-01_task-socialdoors_run-1_events.tsv	ce92a423839acd9b9aec99ecdcc08d269c8be2ad2ec077d82f04953c94f8ad26	40	40	true	2	0.05	0.95	2	14	1	2	0				40	2	0.05	1	false	false	false	pass		.M...........M..........................
10807	01	trust	1	bids/sub-10807/ses-01/func/sub-10807_ses-01_task-trust_run-1_events.tsv	22f5060aa907f70354a5b6e8382886878031dd74e1e0dd683fa1631f81245a4b	42	42	true	2	0.047619	0.952381	7	16	1	7	0				42	2	0.047619	1	false	false	false	pass		......M........M..........................
10807	01	trust	2	bids/sub-10807/ses-01/func/sub-10807_ses-01_task-trust_run-2_events.tsv	f3d054a1aafca33f22d42ca056fbe45de1e9e0927b4dad4ca08856f555674ef2	42	42	true	1	0.02381	0.97619	13	13	1	13	0				42	1	0.02381	1	false	false	false	pass		............M.............................
10807	01	ugr	1	bids/sub-10807/ses-01/func/sub-10807_ses-01_task-ugr_run-1_events.tsv	3f679c8c48ff42d991cfa75b3814877c1da3d665c668d3700e9dc7969c34aaf0	48	48	true	1	0.020833	0.979167	24	24	1	24	0				48	1	0.020833	1	false	false	false	pass		.......................M........................
10807	01	ugr	2	bids/sub-10807/ses-01/func/sub-10807_ses-01_task-ugr_run-2_events.tsv	eb3c7e3a4fc1b1560ba5b4c83a57b16edc147bcc76de7610d7189ee9671b5af5	48	48	true	1	0.020833	0.979167	32	32	1	32	0				48	1	0.020833	1	false	false	false	pass		...............................M................
10807	02	doors	1	bids/sub-10807/ses-02/func/sub-10807_ses-02_task-doors_run-1_events.tsv	f79921f8a669014125395d8c38aa055ac8a3a22014e87d29420fbce985be8983	40	40	true	0	0	1			0		0				40	0	0	1	false	false	false	pass		........................................
10807	02	socialdoors	1	bids/sub-10807/ses-02/func/sub-10807_ses-02_task-socialdoors_run-1_events.tsv	0de5ce9c85683eddab1f8785b789caf1f9cc989c5286f9a8a37cfc35ac32ad9f	40	40	true	3	0.075	0.925	7	38	1	7	0				40	3	0.075	1	false	false	false	pass		......M................M.............M..
10807	02	ugr	1	bids/sub-10807/ses-02/func/sub-10807_ses-02_task-ugr_run-1_events.tsv	6c9e1a943078da14d441c3f2cbc83ff7c1dc3fc08196b49ed43f64f4ea2da573	48	48	true	0	0	1			0		0				48	0	0	1	false	false	false	pass		................................................
10807	02	ugr	2	bids/sub-10807/ses-02/func/sub-10807_ses-02_task-ugr_run-2_events.tsv	3608e376afe1c79101496d21fc03138f6031c29bcfe1059215c9dfc49135085d	48	48	true	3	0.0625	0.9375	7	43	1	7	0				48	3	0.0625	1	false	false	false	pass		......M.................................M.M.....
10809	01	doors	1	bids/sub-10809/ses-01/func/sub-10809_ses-01_task-doors_run-1_events.tsv	bd4df0288e8d2efb211b2c56143fd416ccc4d8161e227aecbb760aac24aca759	40	40	true	1	0.025	0.975	33	33	1	33	0				40	1	0.025	1	false	false	false	pass		................................M.......
10809	01	sharedreward	1	bids/sub-10809/ses-01/func/sub-10809_ses-01_task-sharedreward_run-1_events.tsv	d46594a530e277fbc2ba7248013059c94fe66e9e24f113232c5b83685c82aaa4	54	54	true	20	0.37037	0.62963	1	41	4	21	0				54	20	0.37037	1	true	false	false	review	overall_miss_fraction_threshold	M..M.MM....MM.MM.MM.MMMM.MMMM.......M...M.............
10809	01	sharedreward	2	bids/sub-10809/ses-01/func/sub-10809_ses-01_task-sharedreward_run-2_events.tsv	b849b7a4a1d9f67cfdeb064827bc4b4777555979caa5cd07c7dfe6f81fb90f30	54	54	true	0	0	1			0		0				54	0	0	1	false	false	false	pass		......................................................
10809	01	socialdoors	1	bids/sub-10809/ses-01/func/sub-10809_ses-01_task-socialdoors_run-1_events.tsv	546054ec23e8ee3c5a0992a34019879b153da211c1e53af4de32be8f54245df2	40	40	true	1	0.025	0.975	32	32	1	32	0				40	1	0.025	1	false	false	false	pass		...............................M........
10809	01	trust	1	bids/sub-10809/ses-01/func/sub-10809_ses-01_task-trust_run-1_events.tsv	b70948a0c313f7bb4a784db97987bda7d8312cc0bcda526f6ef58fda6f740a42	42	42	true	1	0.02381	0.97619	9	9	1	9	0				42	1	0.02381	1	false	false	false	pass		........M.................................
10809	01	trust	2	bids/sub-10809/ses-01/func/sub-10809_ses-01_task-trust_run-2_events.tsv	9088373160dedf7740a32347743753b62448ea617e2c9383dc92b4c46bf161f0	42	42	true	0	0	1			0		0				42	0	0	1	false	false	false	pass		..........................................
10809	01	ugr	1	bids/sub-10809/ses-01/func/sub-10809_ses-01_task-ugr_run-1_events.tsv	5f322a37266747fc99dde23bc635f68d3d845d02d866ed25f4899972bff543ba	48	48	true	0	0	1			0		0				48	0	0	1	false	false	false	pass		................................................
10809	01	ugr	2	bids/sub-10809/ses-01/func/sub-10809_ses-01_task-ugr_run-2_events.tsv	7b5c5ce63088fd12f88a2662eeda7eeb983450a44f4985365c294fa42fa609dd	48	48	true	0	0	1			0		0				48	0	0	1	false	false	false	pass		................................................
10809	02	doors	1	bids/sub-10809/ses-02/func/sub-10809_ses-02_task-doors_run-1_events.tsv	e169e575f0189e0eaffd470e086995526d0d6d97a5925e43895298653da9a4f5	40	40	true	0	0	1			0		0				40	0	0	1	false	false	false	pass		........................................
10809	02	socialdoors	1	bids/sub-10809/ses-02/func/sub-10809_ses-02_task-socialdoors_run-1_events.tsv	3d75bda5d2f7995472aa04e25c888d1d8ffb43de1ed6602cca0358b44de3e473	40	40	true	1	0.025	0.975	39	39	1	39	0				40	1	0.025	1	false	false	false	pass		......................................M.
10809	02	ugr	1	bids/sub-10809/ses-02/func/sub-10809_ses-02_task-ugr_run-1_events.tsv	b2734e2442f107c5319b9ce7e45194b0b84f709e317eb3ef0ad874e75e0c9e2f	48	48	true	0	0	1			0		0				48	0	0	1	false	false	false	pass		................................................
10809	02	ugr	2	bids/sub-10809/ses-02/func/sub-10809_ses-02_task-ugr_run-2_events.tsv	424030b375972d894ac9061ed7d41ae6e10154f4072f11f1ba2ac7040cf332b1	48	48	true	0	0	1			0		0				48	0	0	1	false	false	false	pass		................................................
10810	01	doors	1	bids/sub-10810/ses-01/func/sub-10810_ses-01_task-doors_run-1_events.tsv	51ab1bad63aaa333a932226b231bf627266e7ab3f34ad013df90234f63c42597	40	40	true	1	0.025	0.975	1	1	1	1	0				40	1	0.025	1	false	false	false	pass		M.......................................
10810	01	sharedreward	1	bids/sub-10810/ses-01/func/sub-10810_ses-01_task-sharedreward_run-1_events.tsv	cec1a6792898a08ec5ac92d76e874572db62275c9e0e0e060653cb5f2c78b2b4	54	54	true	1	0.018519	0.981481	1	1	1	1	0				54	1	0.018519	1	false	false	false	pass		M.....................................................
10810	01	sharedreward	2	bids/sub-10810/ses-01/func/sub-10810_ses-01_task-sharedreward_run-2_events.tsv	f3b3a95a7a026fe547f3354363952d95d7c0cc61a05e0d14c6e5e9710804161a	54	54	true	0	0	1			0		0				54	0	0	1	false	false	false	pass		......................................................
10810	01	socialdoors	1	bids/sub-10810/ses-01/func/sub-10810_ses-01_task-socialdoors_run-1_events.tsv	14b8e920c9195210ddfb6135e56f884916ad5611e7fddfbe42950f37132a5baa	40	40	true	1	0.025	0.975	16	16	1	16	0				40	1	0.025	1	false	false	false	pass		...............M........................
10810	01	trust	1	bids/sub-10810/ses-01/func/sub-10810_ses-01_task-trust_run-1_events.tsv	de874c243612e87750afa8d9a7fd8f4628f7ed0d207580d04b8373a65bfb6813	42	42	true	0	0	1			0		0				42	0	0	1	false	false	false	pass		..........................................
10810	01	trust	2	bids/sub-10810/ses-01/func/sub-10810_ses-01_task-trust_run-2_events.tsv	c51216fec326a3e59403c91f65d0bf5b03408c60eeab034d3e05e85875f46ef6	42	42	true	0	0	1			0		0				42	0	0	1	false	false	false	pass		..........................................
10810	01	ugr	1	bids/sub-10810/ses-01/func/sub-10810_ses-01_task-ugr_run-1_events.tsv	545bb4727d283202ff0a27b7b4fbf92278210c78e97eebfad259937bc0083fdf	48	48	true	0	0	1			0		0				48	0	0	1	false	false	false	pass		................................................
10810	01	ugr	2	bids/sub-10810/ses-01/func/sub-10810_ses-01_task-ugr_run-2_events.tsv	9fcc3acb6b8dddb20356ed23a857723dfad942ca757efae29a848f50aba28d02	48	48	true	1	0.020833	0.979167	48	48	1	48	1	48	373.05856	3.76532	47	0	0	0.979167	false	false	false	pass		...............................................M
10810	02	doors	1	bids/sub-10810/ses-02/func/sub-10810_ses-02_task-doors_run-1_events.tsv	83eb080f1b04615e90a427eeafbd0e00bcd8a632226db0d385c1224c6f33c300	40	40	true	0	0	1			0		0				40	0	0	1	false	false	false	pass		........................................
10810	02	socialdoors	1	bids/sub-10810/ses-02/func/sub-10810_ses-02_task-socialdoors_run-1_events.tsv	09be59091d8c859ec1705ad273ded5f06aa11b56cd5c18589b7d938092084e79	40	40	true	0	0	1			0		0				40	0	0	1	false	false	false	pass		........................................
10810	02	ugr	1	bids/sub-10810/ses-02/func/sub-10810_ses-02_task-ugr_run-1_events.tsv	a9550cda5c315ce6d1be6af60996aa75cd22e32690e2b207d422223c4f61115a	48	48	true	0	0	1			0		0				48	0	0	1	false	false	false	pass		................................................
10810	02	ugr	2	bids/sub-10810/ses-02/func/sub-10810_ses-02_task-ugr_run-2_events.tsv	f5bcb0751bf6c8b8d140095c1b06867ca2f63e50eaf438f465f4c94f6d512e06	48	48	true	0	0	1			0		0				48	0	0	1	false	false	false	pass		................................................
10812	01	doors	1	bids/sub-10812/ses-01/func/sub-10812_ses-01_task-doors_run-1_events.tsv	7ec73625c7db63dcffe535ad0101dae50a8766fb0341504e6e64b1a0553a24e7	40	40	true	0	0	1			0		0				40	0	0	1	false	false	false	pass		........................................
10812	01	sharedreward	1	bids/sub-10812/ses-01/func/sub-10812_ses-01_task-sharedreward_run-1_events.tsv	d1171b9cfa4e30608d86a90500ebddc1b6ee32dedba27dcd0b0cc6ec9b6a87b4	54	54	true	0	0	1			0		0				54	0	0	1	false	false	false	pass		......................................................
10812	01	sharedreward	2	bids/sub-10812/ses-01/func/sub-10812_ses-01_task-sharedreward_run-2_events.tsv	a0d81f09217d16e5b9c32a3aea2f8e984a69e7fa9771f6d813facd7185014eb5	54	54	true	0	0	1			0		0				54	0	0	1	false	false	false	pass		......................................................
10812	01	trust	1	bids/sub-10812/ses-01/func/sub-10812_ses-01_task-trust_run-1_events.tsv	235415f28d475a511e452197002efa11d302be3b4342d878a23da3a6c54805f5	42	42	true	0	0	1			0		0				42	0	0	1	false	false	false	pass		..........................................
10812	01	trust	2	bids/sub-10812/ses-01/func/sub-10812_ses-01_task-trust_run-2_events.tsv	6d6b94e1889cfff208a7d31ebe2e7ed23d7d318ba260dd502b8857f1c2b85894	42	42	true	0	0	1			0		0				42	0	0	1	false	false	false	pass		..........................................
10812	01	ugr	1	bids/sub-10812/ses-01/func/sub-10812_ses-01_task-ugr_run-1_events.tsv	42dc073ee6462094777d6556b2449df220f4599141039c1cf82d0dae69030874	48	48	true	0	0	1			0		0				48	0	0	1	false	false	false	pass		................................................
10812	01	ugr	2	bids/sub-10812/ses-01/func/sub-10812_ses-01_task-ugr_run-2_events.tsv	514788adadcceb9c0e2c09028252ee9d4e278b020985b2cf36957e25b90a7509	48	48	true	0	0	1			0		0				48	0	0	1	false	false	false	pass		................................................
10817	01	doors	1	bids/sub-10817/ses-01/func/sub-10817_ses-01_task-doors_run-1_events.tsv	e1d6fdb8b32429f247d28cd43a00f8bfccf0026fca7a4fbb0275abe029474e94	40	40	true	0	0	1			0		0				40	0	0	1	false	false	false	pass		........................................
10817	01	sharedreward	1	bids/sub-10817/ses-01/func/sub-10817_ses-01_task-sharedreward_run-1_events.tsv	b3f9d0d49383b5142500feb5e9ccaae58dd4cb7f299750a7176d29b33d90be79	54	54	true	1	0.018519	0.981481	27	27	1	27	0				54	1	0.018519	1	false	false	false	pass		..........................M...........................
10817	01	sharedreward	2	bids/sub-10817/ses-01/func/sub-10817_ses-01_task-sharedreward_run-2_events.tsv	a1070e1c55c62fc98b9b7010cb2ec5b050a5046cc28e40a8ee56e2fcb70b01f2	54	54	true	1	0.018519	0.981481	50	50	1	50	0				54	1	0.018519	1	false	false	false	pass		.................................................M....
10817	01	socialdoors	1	bids/sub-10817/ses-01/func/sub-10817_ses-01_task-socialdoors_run-1_events.tsv	e9d0d65a57500819d4e37389c6b47976a8d25153e23a2379a6d1e68689152022	40	40	true	0	0	1			0		0				40	0	0	1	false	false	false	pass		........................................
10817	01	trust	1	bids/sub-10817/ses-01/func/sub-10817_ses-01_task-trust_run-1_events.tsv	c7f836d6f59f9c83b080d1d311a8f5094c971aeddcd0011e4abd355c2687abb0	42	42	true	0	0	1			0		0				42	0	0	1	false	false	false	pass		..........................................
10817	01	trust	2	bids/sub-10817/ses-01/func/sub-10817_ses-01_task-trust_run-2_events.tsv	111197797fdf72da7204d75d9d3384c7be054e1bb4d9558e783d7f6b4c485211	42	42	true	0	0	1			0		0				42	0	0	1	false	false	false	pass		..........................................
10817	01	ugr	1	bids/sub-10817/ses-01/func/sub-10817_ses-01_task-ugr_run-1_events.tsv	81b59e9440d2e3acfa5604b658cfe26999e9fdb705b73382c125e0180f1d41b8	48	48	true	0	0	1			0		0				48	0	0	1	false	false	false	pass		................................................
10827	01	doors	1	bids/sub-10827/ses-01/func/sub-10827_ses-01_task-doors_run-1_events.tsv	711c9378e3ddbb971320dac139dd77f58b7539ce564220812568e7fa2b4538f3	40	40	true	3	0.075	0.925	25	37	1	25	0				40	3	0.075	1	false	false	false	pass		........................M.......M...M...
10827	01	sharedreward	1	bids/sub-10827/ses-01/func/sub-10827_ses-01_task-sharedreward_run-1_events.tsv	0d3f4b015cf1b1f7f594f5939b0998fd89cb5d1c1ddaf05f1db2e3f3a901a7a0	54	54	true	8	0.148148	0.851852	6	54	1	6	1	54	391.04156	5.02036	53	7	0.132075	0.981481	false	false	false	pass		.....M..............M.......M..M......M..M.........M.M
10827	01	sharedreward	2	bids/sub-10827/ses-01/func/sub-10827_ses-01_task-sharedreward_run-2_events.tsv	a117aa4c851c9ea6fa6ef38f8518c6a75e55493cf55ca1dbd621b9c50b5995a4	54	54	true	13	0.240741	0.759259	8	51	2	13	0				54	13	0.240741	1	false	false	false	pass		.......M....MM..M......M...M....M..M..M.....MM...MM...
10827	01	socialdoors	1	bids/sub-10827/ses-01/func/sub-10827_ses-01_task-socialdoors_run-1_events.tsv	cd24ebc1d9cb47a04be8a06d41b28d9a9ea6e5a4abc67583d0ab5f3056376a45	40	40	true	1	0.025	0.975	39	39	1	39	0				40	1	0.025	1	false	false	false	pass		......................................M.
10827	01	trust	1	bids/sub-10827/ses-01/func/sub-10827_ses-01_task-trust_run-1_events.tsv	4578c3246159e761e86355016586039d601170c1bab6ae0a5f36428898727d71	42	42	true	13	0.309524	0.690476	7	42	2	34	2	41	422.50122	14.3154	40	11	0.275	0.952381	true	false	false	review	overall_miss_fraction_threshold	......M.....M...M..M..M..M...M...MM.MM..MM
10827	01	trust	2	bids/sub-10827/ses-01/func/sub-10827_ses-01_task-trust_run-2_events.tsv	46789cb225610ab7b381f735aa2f7e5399550f8e72bba1e3983448e74a7c1177	42	42	true	15	0.357143	0.642857	2	39	2	11	0				42	15	0.357143	1	true	false	false	review	overall_miss_fraction_threshold	.M..M.....MM...M..MM..MM.M..M..M...MM.M...
10827	01	ugr	1	bids/sub-10827/ses-01/func/sub-10827_ses-01_task-ugr_run-1_events.tsv	0fbeca3198b68fd30ec781188248cc45ad7cc12e822140c192e0585635908f35	48	48	true	0	0	1			0		0				48	0	0	1	false	false	false	pass		................................................
10827	01	ugr	2	bids/sub-10827/ses-01/func/sub-10827_ses-01_task-ugr_run-2_events.tsv	ae6c0deabcbac05b5affe192ff5d69e8690f40cd93f351068e9656d4f2d78e72	48	48	true	1	0.020833	0.979167	39	39	1	39	0				48	1	0.020833	1	false	false	false	pass		......................................M.........
10831	01	doors	1	bids/sub-10831/ses-01/func/sub-10831_ses-01_task-doors_run-1_events.tsv	4cc60d37b98ab19f5e2c3b534e4b0ef56378ba6fb93b3dafbdb6be2bb7a8b668	40	40	true	0	0	1			0		0				40	0	0	1	false	false	false	pass		........................................
10831	01	sharedreward	1	bids/sub-10831/ses-01/func/sub-10831_ses-01_task-sharedreward_run-1_events.tsv	9e00e9e22541994acca969dc54aac33ec6b5444b13fccd758c8d8fc9fb866547	54	54	true	0	0	1			0		0				54	0	0	1	false	false	false	pass		......................................................
10831	01	sharedreward	2	bids/sub-10831/ses-01/func/sub-10831_ses-01_task-sharedreward_run-2_events.tsv	5593d36e89281d3baa751daea03e6e0d3c60eff9e9b2345c65f49fb0c47f074f	54	54	true	0	0	1			0		0				54	0	0	1	false	false	false	pass		......................................................
10831	01	socialdoors	1	bids/sub-10831/ses-01/func/sub-10831_ses-01_task-socialdoors_run-1_events.tsv	e909efe01acbc37fa943a3f520099da93b59b2b22ab134743293636335b4a33e	40	40	true	0	0	1			0		0				40	0	0	1	false	false	false	pass		........................................
10831	01	trust	1	bids/sub-10831/ses-01/func/sub-10831_ses-01_task-trust_run-1_events.tsv	8467a10675796b3fc1d3e85921358ee6888f49892e0466a87e37ffd85aa09512	42	42	true	0	0	1			0		0				42	0	0	1	false	false	false	pass		..........................................
10831	01	trust	2	bids/sub-10831/ses-01/func/sub-10831_ses-01_task-trust_run-2_events.tsv	7228a8a356bc60cd546f11f6c5873a1d611c035be3f35604010a3b3706c0b196	42	42	true	0	0	1			0		0				42	0	0	1	false	false	false	pass		..........................................
10831	01	ugr	1	bids/sub-10831/ses-01/func/sub-10831_ses-01_task-ugr_run-1_events.tsv	60b99e496edd134a080a5c781775475943f83597889d8fa04c6359b467c0a8a5	48	48	true	0	0	1			0		0				48	0	0	1	false	false	false	pass		................................................
10831	01	ugr	2	bids/sub-10831/ses-01/func/sub-10831_ses-01_task-ugr_run-2_events.tsv	3cf2decc260095d35eed43e8e8ec3141bec8ed16cf35ee85f3c3e1ef5b586699	48	48	true	1	0.020833	0.979167	34	34	1	34	0				48	1	0.020833	1	false	false	false	pass		.................................M..............
10834	01	doors	1	bids/sub-10834/ses-01/func/sub-10834_ses-01_task-doors_run-1_events.tsv	745655a221c0a5c8902ee71954976937b1408a9da571991905518bb8f1cdb83d	40	40	true	0	0	1			0		0				40	0	0	1	false	false	false	pass		........................................
10834	01	sharedreward	1	bids/sub-10834/ses-01/func/sub-10834_ses-01_task-sharedreward_run-1_events.tsv	838bee0181b5b635677c6e8660dbc93401b6c713a3a4b7f413c857c060949fea	54	54	true	0	0	1			0		0				54	0	0	1	false	false	false	pass		......................................................
10834	01	sharedreward	2	bids/sub-10834/ses-01/func/sub-10834_ses-01_task-sharedreward_run-2_events.tsv	e9f00c84bc10474bfc52f316f235ff42024c85cd1bd6d3a8c60ab967018506d2	54	54	true	0	0	1			0		0				54	0	0	1	false	false	false	pass		......................................................
10834	01	socialdoors	1	bids/sub-10834/ses-01/func/sub-10834_ses-01_task-socialdoors_run-1_events.tsv	34694b8fc2546e5fa8f6ab6d6ca430e1017b72de9c55554722cf3f3ca2711885	40	40	true	0	0	1			0		0				40	0	0	1	false	false	false	pass		........................................
10834	01	trust	1	bids/sub-10834/ses-01/func/sub-10834_ses-01_task-trust_run-1_events.tsv	54290f7828269b9d75360d7f22efc274e112eb629d94dfa93ac91a53f9c7b9f4	42	42	true	0	0	1			0		0				42	0	0	1	false	false	false	pass		..........................................
10834	01	trust	2	bids/sub-10834/ses-01/func/sub-10834_ses-01_task-trust_run-2_events.tsv	6253139c48caee8c0ed9963c028b010efd0fa0c57f9f692d30265a470c313038	42	42	true	0	0	1			0		0				42	0	0	1	false	false	false	pass		..........................................
10834	01	ugr	1	bids/sub-10834/ses-01/func/sub-10834_ses-01_task-ugr_run-1_events.tsv	83ec46b1e86632cee5366ab0b571026dfbd241ed45cc9447ab1032ebbfb5684e	48	48	true	0	0	1			0		0				48	0	0	1	false	false	false	pass		................................................
10834	01	ugr	2	bids/sub-10834/ses-01/func/sub-10834_ses-01_task-ugr_run-2_events.tsv	94e12d2d6077e5fa38f4dcab12dd7e05a8f1da227256a5ba08654173a086c331	48	48	true	0	0	1			0		0				48	0	0	1	false	false	false	pass		................................................
10836	01	socialdoors	1	bids/sub-10836/ses-01/func/sub-10836_ses-01_task-socialdoors_run-1_events.tsv	ce1f1479f904fd888c6d8ecbcfc85196dbeddd948010ddbcdf1bbade5e65e778	40	40	true	1	0.025	0.975	40	40	1	40	1	40	327.013834	4.599982	39	0	0	0.975	false	false	false	pass		.......................................M
10836	01	trust	1	bids/sub-10836/ses-01/func/sub-10836_ses-01_task-trust_run-1_events.tsv	5a22fa4e4c6531eaa09fdfb9f96eb3e9d8b80b8a3a75d80cffa2bf2b42779a8d	42	42	true	1	0.02381	0.97619	6	6	1	6	0				42	1	0.02381	1	false	false	false	pass		.....M....................................
10836	01	ugr	1	bids/sub-10836/ses-01/func/sub-10836_ses-01_task-ugr_run-1_events.tsv	cbb6b38e1a00159d37b192be23329f7afa4017d2ddd25b20385bb76fa9209007	48	34	false	6	0.176471	0.823529	24	34	4	28	1	34	257.16586	3.75064	33	5	0.151515	0.970588	false	false	false	review	unexpected_trial_count	.......................M...MMMM..M
10838	01	doors	1	bids/sub-10838/ses-01/func/sub-10838_ses-01_task-doors_run-1_events.tsv	dcf44548ff7662108289b4e51fb2e3bfc25b718ab5d142a4a65985e06d8d064b	40	40	true	1	0.025	0.975	16	16	1	16	0				40	1	0.025	1	false	false	false	pass		...............M........................
10838	01	sharedreward	1	bids/sub-10838/ses-01/func/sub-10838_ses-01_task-sharedreward_run-1_events.tsv	ce5162f2c1ac9826d3b0242dbe807751e972b76bee972b7c5a295e56841f4371	54	54	true	0	0	1			0		0				54	0	0	1	false	false	false	pass		......................................................
10838	01	sharedreward	2	bids/sub-10838/ses-01/func/sub-10838_ses-01_task-sharedreward_run-2_events.tsv	b6e3a262916dadb732137e9eddd89b4d5d1b3dc0c5114a000a78a1467f1b4b9f	54	54	true	5	0.092593	0.907407	10	44	1	10	0				54	5	0.092593	1	false	false	false	pass		.........M..................M..M.......M...M..........
10838	01	socialdoors	1	bids/sub-10838/ses-01/func/sub-10838_ses-01_task-socialdoors_run-1_events.tsv	bb85fad152087e34efe41e95111d82629b94c44a1b6e0ddf47d5911e5d890eef	40	40	true	2	0.05	0.95	2	36	1	2	0				40	2	0.05	1	false	false	false	pass		.M.................................M....
10838	01	trust	1	bids/sub-10838/ses-01/func/sub-10838_ses-01_task-trust_run-1_events.tsv	277e5712836ec37c3b3bb8428836a77c5112f643927c19cf99553db0a3b7b76a	42	42	true	4	0.095238	0.904762	1	41	1	1	0				42	4	0.095238	1	false	false	false	pass		M............................M......M...M.
10838	01	trust	2	bids/sub-10838/ses-01/func/sub-10838_ses-01_task-trust_run-2_events.tsv	8a0612b2802e6af4072ea30b4714e123da10e163d0165bef907181ff225569f2	42	42	true	5	0.119048	0.880952	20	42	1	20	1	42	435.24973	3.00625	41	4	0.097561	0.97619	false	false	false	pass		...................M..M....M...M.........M
10838	01	ugr	1	bids/sub-10838/ses-01/func/sub-10838_ses-01_task-ugr_run-1_events.tsv	27ded2edb97587091fedf57984be3eb656fc2fc502533c9f6f4453c2430d103c	48	48	true	0	0	1			0		0				48	0	0	1	false	false	false	pass		................................................
10838	01	ugr	2	bids/sub-10838/ses-01/func/sub-10838_ses-01_task-ugr_run-2_events.tsv	01b9462b4ef0b99e6212108e8266de2bd39582c091338813e41dc09239ba4321	48	48	true	2	0.041667	0.958333	5	35	1	5	0				48	2	0.041667	1	false	false	false	pass		....M.............................M.............
10843	01	doors	1	bids/sub-10843/ses-01/func/sub-10843_ses-01_task-doors_run-1_events.tsv	5ae16b6f74a1dfa4e2b9590880124ec81871df3f7cf8c604e21fd620a43413c9	40	40	true	0	0	1			0		0				40	0	0	1	false	false	false	pass		........................................
10843	01	sharedreward	1	bids/sub-10843/ses-01/func/sub-10843_ses-01_task-sharedreward_run-1_events.tsv	b0a17fa966e9fb9bd017c8a7ef0bef627d491188da1683eec47586e90da3928d	54	54	true	0	0	1			0		0				54	0	0	1	false	false	false	pass		......................................................
10843	01	sharedreward	2	bids/sub-10843/ses-01/func/sub-10843_ses-01_task-sharedreward_run-2_events.tsv	2580b7228f36f9c5441e4deb6a764c4d9a5d543bdf46d48b7364ab75ea4e15a0	54	54	true	2	0.037037	0.962963	10	19	1	10	0				54	2	0.037037	1	false	false	false	pass		.........M........M...................................
10843	01	socialdoors	1	bids/sub-10843/ses-01/func/sub-10843_ses-01_task-socialdoors_run-1_events.tsv	c90f6c715fb6ec0523b66b9ae15e60d522a23c9353bfaca77ed9854fcae466f1	40	40	true	0	0	1			0		0				40	0	0	1	false	false	false	pass		........................................
10843	01	trust	1	bids/sub-10843/ses-01/func/sub-10843_ses-01_task-trust_run-1_events.tsv	fe74f059de11021d299f5fbe3c4d3b74098584b0976f7cbc5e9ca821594659b5	42	42	true	0	0	1			0		0				42	0	0	1	false	false	false	pass		..........................................
10843	01	trust	2	bids/sub-10843/ses-01/func/sub-10843_ses-01_task-trust_run-2_events.tsv	b458788dd66bf936721255facdcfed4b7c2e6583ee6184729d092ec780d25717	42	42	true	0	0	1			0		0				42	0	0	1	false	false	false	pass		..........................................
10843	01	ugr	1	bids/sub-10843/ses-01/func/sub-10843_ses-01_task-ugr_run-1_events.tsv	27042bb3fde1b53388992ab663bed9b21e5e7f05cdd5a4ef4fabc7898bce9063	48	48	true	0	0	1			0		0				48	0	0	1	false	false	false	pass		................................................
10843	01	ugr	2	bids/sub-10843/ses-01/func/sub-10843_ses-01_task-ugr_run-2_events.tsv	0fc9eec70b231f13790472134ec52d44af617fe98c6ca89bdc51680a04dae8fe	48	48	true	0	0	1			0		0				48	0	0	1	false	false	false	pass		................................................
10850	01	doors	1	bids/sub-10850/ses-01/func/sub-10850_ses-01_task-doors_run-1_events.tsv	abf6d7955602769dd50973a16e5c13f2a1927fe4d5e5e98271fba6d8b6d2507c	40	40	true	1	0.025	0.975	31	31	1	31	0				40	1	0.025	1	false	false	false	pass		..............................M.........
10850	01	sharedreward	1	bids/sub-10850/ses-01/func/sub-10850_ses-01_task-sharedreward_run-1_events.tsv	fdc53af017846a1b742c96ba63186d9aa9456ec0646fbe20406b4bf776a365c7	54	54	true	0	0	1			0		0				54	0	0	1	false	false	false	pass		......................................................
10850	01	sharedreward	2	bids/sub-10850/ses-01/func/sub-10850_ses-01_task-sharedreward_run-2_events.tsv	a984ba635dc400cc591315ff91d27e5330c12b706dfd3ea06144e7947ef76b99	54	54	true	2	0.037037	0.962963	31	51	1	31	0				54	2	0.037037	1	false	false	false	pass		..............................M...................M...
10850	01	socialdoors	1	bids/sub-10850/ses-01/func/sub-10850_ses-01_task-socialdoors_run-1_events.tsv	43c0dfaa8293c073d8ff3c82edec5213a480f3dc4e56f831523242624b48a32d	40	40	true	0	0	1			0		0				40	0	0	1	false	false	false	pass		........................................
10850	01	trust	1	bids/sub-10850/ses-01/func/sub-10850_ses-01_task-trust_run-1_events.tsv	1f30659fa440b71cfa4ad58b6f5da18a600921515ac1668b302487ae649bfccc	42	42	true	0	0	1			0		0				42	0	0	1	false	false	false	pass		..........................................
10850	01	trust	2	bids/sub-10850/ses-01/func/sub-10850_ses-01_task-trust_run-2_events.tsv	dac07d4b5624a52b9555373cb04e92b12456c68c78fd8f62d98dc5f0b48a5e79	42	42	true	0	0	1			0		0				42	0	0	1	false	false	false	pass		..........................................
10850	01	ugr	1	bids/sub-10850/ses-01/func/sub-10850_ses-01_task-ugr_run-1_events.tsv	35b383af9462323736b559e5ad885c2c957e9b272dc616772f746749b17ef7bc	48	48	true	0	0	1			0		0				48	0	0	1	false	false	false	pass		................................................
10850	01	ugr	2	bids/sub-10850/ses-01/func/sub-10850_ses-01_task-ugr_run-2_events.tsv	4145400646bc94b7c7e8252e4c0fb4731704fbf2da028574511183997aa74c58	48	48	true	1	0.020833	0.979167	48	48	1	48	1	48	373.02493	3.74997	47	0	0	0.979167	false	false	false	pass		...............................................M
10854	01	doors	1	bids/sub-10854/ses-01/func/sub-10854_ses-01_task-doors_run-1_events.tsv	c0eeb92a7b3b8d3f131aa09ef5f46d2539a7fb2bbe9c7d5974c688881316f5d2	40	40	true	0	0	1			0		0				40	0	0	1	false	false	false	pass		........................................
10854	01	sharedreward	1	bids/sub-10854/ses-01/func/sub-10854_ses-01_task-sharedreward_run-1_events.tsv	87b88f5e66b6c5278662479e0b010d9fbf0f66c10c80325deac88ad046c6f699	54	54	true	1	0.018519	0.981481	54	54	1	54	1	54	397.67252	5.02218	53	0	0	0.981481	false	false	false	pass		.....................................................M
10854	01	sharedreward	2	bids/sub-10854/ses-01/func/sub-10854_ses-01_task-sharedreward_run-2_events.tsv	75d4cd80e9474bc65487202edc0cfbba00aa1598c3e5509c81d7fa42e637ed89	54	54	true	0	0	1			0		0				54	0	0	1	false	false	false	pass		......................................................
10854	01	socialdoors	1	bids/sub-10854/ses-01/func/sub-10854_ses-01_task-socialdoors_run-1_events.tsv	cee91ca7cb25b631bf34d5bdda4258267c9f2d3bb071056171438832a99c0bcb	40	40	true	0	0	1			0		0				40	0	0	1	false	false	false	pass		........................................
10854	01	trust	1	bids/sub-10854/ses-01/func/sub-10854_ses-01_task-trust_run-1_events.tsv	cd3778d941ddf1b97dcfac04a548ab03ea9745b6c9a4c3ddc871e1711b91817c	42	42	true	0	0	1			0		0				42	0	0	1	false	false	false	pass		..........................................
10854	01	trust	2	bids/sub-10854/ses-01/func/sub-10854_ses-01_task-trust_run-2_events.tsv	e951d1010987b91f99d2873b2c727b20e843c0083ba9294e3d2ebac6b5261d66	42	42	true	0	0	1			0		0				42	0	0	1	false	false	false	pass		..........................................
10854	01	ugr	1	bids/sub-10854/ses-01/func/sub-10854_ses-01_task-ugr_run-1_events.tsv	791b9df788b6b8185376b8081f7153a916d34289914e3969c5faf516afd11dbf	48	48	true	0	0	1			0		0				48	0	0	1	false	false	false	pass		................................................
10854	01	ugr	2	bids/sub-10854/ses-01/func/sub-10854_ses-01_task-ugr_run-2_events.tsv	a23df1594b4dce48cf1c90ae1fd5bf72170a37bc34b8f8c44a406fbba8cc0c2b	48	48	true	0	0	1			0		0				48	0	0	1	false	false	false	pass		................................................
10857	01	doors	1	bids/sub-10857/ses-01/func/sub-10857_ses-01_task-doors_run-1_events.tsv	6a7bb2130dfb7f3f21542cb17aa42880f9da01e662d2c37c6cef7bc7fd924823	40	40	true	0	0	1			0		0				40	0	0	1	false	false	false	pass		........................................
10857	01	sharedreward	1	bids/sub-10857/ses-01/func/sub-10857_ses-01_task-sharedreward_run-1_events.tsv	c9d728bcadc1ec99b781e48ef8c7c44aa583125ec3bb90b34499f6dd79ec06b8	54	54	true	0	0	1			0		0				54	0	0	1	false	false	false	pass		......................................................
10857	01	sharedreward	2	bids/sub-10857/ses-01/func/sub-10857_ses-01_task-sharedreward_run-2_events.tsv	19bdc46f15ca72bace51f10f67d3255f9208e3d805ab0e70b5a7c6290b451f28	54	54	true	0	0	1			0		0				54	0	0	1	false	false	false	pass		......................................................
10857	01	socialdoors	1	bids/sub-10857/ses-01/func/sub-10857_ses-01_task-socialdoors_run-1_events.tsv	3bb2383344ce25c4988ba996699c355110fbe9d579e8708d9a2edba5d76db3c3	40	40	true	0	0	1			0		0				40	0	0	1	false	false	false	pass		........................................
10857	01	trust	1	bids/sub-10857/ses-01/func/sub-10857_ses-01_task-trust_run-1_events.tsv	41138b32605c934a8b3652c1a336684ce34599ab9161563c2d9af35c92dfd4eb	42	42	true	0	0	1			0		0				42	0	0	1	false	false	false	pass		..........................................
10857	01	trust	2	bids/sub-10857/ses-01/func/sub-10857_ses-01_task-trust_run-2_events.tsv	49f7262ef9a110f973d59d0da36cf6062938ce46e2af336eb87291b14b6fa581	42	42	true	0	0	1			0		0				42	0	0	1	false	false	false	pass		..........................................
10857	01	ugr	1	bids/sub-10857/ses-01/func/sub-10857_ses-01_task-ugr_run-1_events.tsv	a76994d1f5d9edf328155a05eadde27742bce8886759828dd6163bf3f28b427e	48	48	true	0	0	1			0		0				48	0	0	1	false	false	false	pass		................................................
10857	01	ugr	2	bids/sub-10857/ses-01/func/sub-10857_ses-01_task-ugr_run-2_events.tsv	538db49a9e2cce3bd1f216dfec4cb60024c93f10b17b475ef53fe65e9f8b941c	48	48	true	0	0	1			0		0				48	0	0	1	false	false	false	pass		................................................
10858	01	doors	1	bids/sub-10858/ses-01/func/sub-10858_ses-01_task-doors_run-1_events.tsv	cc15cd6deec793869c0083770b1e2998209470698fc6d8f5d59e89886f00f4fd	40	40	true	1	0.025	0.975	17	17	1	17	0				40	1	0.025	1	false	false	false	pass		................M.......................
10858	01	sharedreward	1	bids/sub-10858/ses-01/func/sub-10858_ses-01_task-sharedreward_run-1_events.tsv	4648285eb2b7ade691203606c4760c65ac4c084bbc102b8f2fe30b0801100a24	54	54	true	0	0	1			0		0				54	0	0	1	false	false	false	pass		......................................................
10858	01	sharedreward	2	bids/sub-10858/ses-01/func/sub-10858_ses-01_task-sharedreward_run-2_events.tsv	8a797128527fbaab6b2e6f6c406a09a46a514887624d76870ce972b0ae806812	54	54	true	0	0	1			0		0				54	0	0	1	false	false	false	pass		......................................................
10858	01	socialdoors	1	bids/sub-10858/ses-01/func/sub-10858_ses-01_task-socialdoors_run-1_events.tsv	d870df799f126d3e3b914c6e795db843b3b34c19a02a7a1e9e84a3e0aabab558	40	40	true	0	0	1			0		0				40	0	0	1	false	false	false	pass		........................................
10858	01	trust	1	bids/sub-10858/ses-01/func/sub-10858_ses-01_task-trust_run-1_events.tsv	9f680a5f94f8539c38d42a4affb97fbd4b3c06a218adf5fc54934d197032dd99	42	42	true	1	0.02381	0.97619	1	1	1	1	0				42	1	0.02381	1	false	false	false	pass		M.........................................
10858	01	trust	2	bids/sub-10858/ses-01/func/sub-10858_ses-01_task-trust_run-2_events.tsv	cc2fe8a67751c97713b4edad14352ad161a819ddea3ae27a96877ce6b151277a	42	42	true	0	0	1			0		0				42	0	0	1	false	false	false	pass		..........................................
10858	01	ugr	1	bids/sub-10858/ses-01/func/sub-10858_ses-01_task-ugr_run-1_events.tsv	76c51877c3bc5d10f83bde109d64a88591f0f77a9e358d6c9019077b4d5d9a88	48	48	true	1	0.020833	0.979167	1	1	1	1	0				48	1	0.020833	1	false	false	false	pass		M...............................................
10858	01	ugr	2	bids/sub-10858/ses-01/func/sub-10858_ses-01_task-ugr_run-2_events.tsv	752b6e8392c9705c5d16a419026068e63a3395be5574ee7d9f056c79b7c910ea	48	48	true	0	0	1			0		0				48	0	0	1	false	false	false	pass		................................................
10860	01	doors	1	bids/sub-10860/ses-01/func/sub-10860_ses-01_task-doors_run-1_events.tsv	61fe6543c2cbfa275362cb34dea08a1135295ee59403a7777ed02176f5c94269	40	40	true	4	0.1	0.9	4	26	1	4	0				40	4	0.1	1	false	false	false	pass		...M.M..........M........M..............
10860	01	sharedreward	1	bids/sub-10860/ses-01/func/sub-10860_ses-01_task-sharedreward_run-1_events.tsv	a8b47f786dc43f1a6556d90cc927f0669bd2eab6147c524c6b3721702e0d0ef9	54	54	true	1	0.018519	0.981481	5	5	1	5	0				54	1	0.018519	1	false	false	false	pass		....M.................................................
10860	01	sharedreward	2	bids/sub-10860/ses-01/func/sub-10860_ses-01_task-sharedreward_run-2_events.tsv	70856ea9c32ee1ddbfe27b35663fdec416b30c29a2e0ea09bf9d6826671e4dd2	54	54	true	0	0	1			0		0				54	0	0	1	false	false	false	pass		......................................................
10860	01	socialdoors	1	bids/sub-10860/ses-01/func/sub-10860_ses-01_task-socialdoors_run-1_events.tsv	c11047b882252dbdf60e79a9b143b186d5f2db23e3996f7704993f91edd3b6b0	40	40	true	1	0.025	0.975	5	5	1	5	0				40	1	0.025	1	false	false	false	pass		....M...................................
10860	01	trust	1	bids/sub-10860/ses-01/func/sub-10860_ses-01_task-trust_run-1_events.tsv	4016040e122ca039ab0917ff38d3292b417945893d03a7e6495789cf3db01600	42	42	true	1	0.02381	0.97619	35	35	1	35	0				42	1	0.02381	1	false	false	false	pass		..................................M.......
10860	01	trust	2	bids/sub-10860/ses-01/func/sub-10860_ses-01_task-trust_run-2_events.tsv	2b290bf1c5538beea330a595dfd2a005b208cb32a337b590ecdca18dfdec8ebc	42	42	true	1	0.02381	0.97619	5	5	1	5	0				42	1	0.02381	1	false	false	false	pass		....M.....................................
10860	01	ugr	1	bids/sub-10860/ses-01/func/sub-10860_ses-01_task-ugr_run-1_events.tsv	985f94c97b6db7b5a2cbc9c4ebdf39ed7c4c96fe26a87363a0fbe637cd72ede1	48	48	true	0	0	1			0		0				48	0	0	1	false	false	false	pass		................................................
10860	01	ugr	2	bids/sub-10860/ses-01/func/sub-10860_ses-01_task-ugr_run-2_events.tsv	3230a17ea059a492cbd32f0dea0036a10a2a605fa7647a62d487407f776f6b88	48	48	true	0	0	1			0		0				48	0	0	1	false	false	false	pass		................................................
10862	01	doors	1	bids/sub-10862/ses-01/func/sub-10862_ses-01_task-doors_run-1_events.tsv	8dbb2ddb5c4e77a0963237c2e2712ef6455db7247412235822cb92a5c11acccb	40	40	true	0	0	1			0		0				40	0	0	1	false	false	false	pass		........................................
10862	01	sharedreward	1	bids/sub-10862/ses-01/func/sub-10862_ses-01_task-sharedreward_run-1_events.tsv	9f8889f2304f438181c90c0022c2b457b6c51e560fe5cd3021d966b8776ffc81	54	54	true	1	0.018519	0.981481	1	1	1	1	0				54	1	0.018519	1	false	false	false	pass		M.....................................................
10862	01	sharedreward	2	bids/sub-10862/ses-01/func/sub-10862_ses-01_task-sharedreward_run-2_events.tsv	677719801d3b72fd508f3a349fbfc30a16bbc04c9313f9b73fcf549300876b58	54	54	true	1	0.018519	0.981481	41	41	1	41	0				54	1	0.018519	1	false	false	false	pass		........................................M.............
10862	01	socialdoors	1	bids/sub-10862/ses-01/func/sub-10862_ses-01_task-socialdoors_run-1_events.tsv	8d75a28aa5dbe40d29fc324d90525a7ce34abcd32ec7cbba2634bf28af290ab5	40	40	true	0	0	1			0		0				40	0	0	1	false	false	false	pass		........................................
10862	01	trust	1	bids/sub-10862/ses-01/func/sub-10862_ses-01_task-trust_run-1_events.tsv	e80f9bcfce377439c1cf2237bc32e606b93923bf5d7a6b06550b700ebb7767e3	42	42	true	1	0.02381	0.97619	13	13	1	13	0				42	1	0.02381	1	false	false	false	pass		............M.............................
10862	01	trust	2	bids/sub-10862/ses-01/func/sub-10862_ses-01_task-trust_run-2_events.tsv	09ac2ee84158cf0447fab91b07b95ce81f2c794c26682a3333d76190ced5b18e	42	42	true	1	0.02381	0.97619	24	24	1	24	0				42	1	0.02381	1	false	false	false	pass		.......................M..................
10862	01	ugr	1	bids/sub-10862/ses-01/func/sub-10862_ses-01_task-ugr_run-1_events.tsv	06ca9806370e9b20891c9d565652780758c0398e4236b60e1315e6119b8affc9	48	48	true	0	0	1			0		0				48	0	0	1	false	false	false	pass		................................................
10862	01	ugr	2	bids/sub-10862/ses-01/func/sub-10862_ses-01_task-ugr_run-2_events.tsv	f6d2fca3a6d4e759c179181c1b83a69da459a379f6cc17f330e240119ca2fab2	48	48	true	1	0.020833	0.979167	36	36	1	36	0				48	1	0.020833	1	false	false	false	pass		...................................M............
10862	02	doors	1	bids/sub-10862/ses-02/func/sub-10862_ses-02_task-doors_run-1_events.tsv	3ccb585aa24ab0012f848268bda4aafda628ea15137ecda15cf13b69c882b348	40	40	true	1	0.025	0.975	38	38	1	38	0				40	1	0.025	1	false	false	false	pass		.....................................M..
10862	02	socialdoors	1	bids/sub-10862/ses-02/func/sub-10862_ses-02_task-socialdoors_run-1_events.tsv	6d1c2c16e035e9deb92cf5755a6cab65ed48a3628686bd373988c4de6ea9fa20	40	40	true	0	0	1			0		0				40	0	0	1	false	false	false	pass		........................................
10862	02	ugr	1	bids/sub-10862/ses-02/func/sub-10862_ses-02_task-ugr_run-1_events.tsv	0c2a3ee076691e45aa79e1550947a42bb67bb19651d12acc3bc94e058a853e6c	48	48	true	0	0	1			0		0				48	0	0	1	false	false	false	pass		................................................
10862	02	ugr	2	bids/sub-10862/ses-02/func/sub-10862_ses-02_task-ugr_run-2_events.tsv	08187ead145cc350a6cd7b3a428e552c80ef1a42404bb6461a9ce31b24ef5000	48	48	true	0	0	1			0		0				48	0	0	1	false	false	false	pass		................................................
10863	01	doors	1	bids/sub-10863/ses-01/func/sub-10863_ses-01_task-doors_run-1_events.tsv	e57780bb8e26ede09f13ab739c9f30a056f42f668c94cf0ff2cca9148efd50fb	40	40	true	0	0	1			0		0				40	0	0	1	false	false	false	pass		........................................
10863	01	sharedreward	1	bids/sub-10863/ses-01/func/sub-10863_ses-01_task-sharedreward_run-1_events.tsv	88be36a50f948d49725c363540fd5db03c7ef4ce827f204c0edfb32f35c78b83	54	54	true	0	0	1			0		0				54	0	0	1	false	false	false	pass		......................................................
10863	01	sharedreward	2	bids/sub-10863/ses-01/func/sub-10863_ses-01_task-sharedreward_run-2_events.tsv	5b79cb33e06443b4f2285fdf9e2744bb8c0665e1c42a57280f3a113fed0ad59c	54	54	true	0	0	1			0		0				54	0	0	1	false	false	false	pass		......................................................
10863	01	socialdoors	1	bids/sub-10863/ses-01/func/sub-10863_ses-01_task-socialdoors_run-1_events.tsv	81e9efad6c3c243531007b525793f22a1ff4fda38510dec65ed117602c725749	40	40	true	0	0	1			0		0				40	0	0	1	false	false	false	pass		........................................
10863	01	trust	1	bids/sub-10863/ses-01/func/sub-10863_ses-01_task-trust_run-1_events.tsv	fb165c0c29569b2e805a5eee29e65d2cb39bfed12977ae4f4989b2ae70fcec96	42	42	true	1	0.02381	0.97619	10	10	1	10	0				42	1	0.02381	1	false	false	false	pass		.........M................................
10863	01	trust	2	bids/sub-10863/ses-01/func/sub-10863_ses-01_task-trust_run-2_events.tsv	333b45f7cabe823f6c643a06db84f32e9a3a09000985f8710a02e96d72b66cd5	42	42	true	0	0	1			0		0				42	0	0	1	false	false	false	pass		..........................................
10863	01	ugr	1	bids/sub-10863/ses-01/func/sub-10863_ses-01_task-ugr_run-1_events.tsv	7458312d8a65b9b12ba2b2bd5033cc061cb8a00d4e8d1e933e71ae887f99169d	48	48	true	0	0	1			0		0				48	0	0	1	false	false	false	pass		................................................
10863	01	ugr	2	bids/sub-10863/ses-01/func/sub-10863_ses-01_task-ugr_run-2_events.tsv	13fdf719b90b5211620c82ba2f4ed049f30fb3adf59a7d5303785a6181d80fc5	48	48	true	0	0	1			0		0				48	0	0	1	false	false	false	pass		................................................
10866	01	doors	1	bids/sub-10866/ses-01/func/sub-10866_ses-01_task-doors_run-1_events.tsv	a4b8d4b8871f0a1d11701c6c41c4b62ac6575011fb9e6233feefd276e5e190b2	40	40	true	0	0	1			0		0				40	0	0	1	false	false	false	pass		........................................
10866	01	sharedreward	1	bids/sub-10866/ses-01/func/sub-10866_ses-01_task-sharedreward_run-1_events.tsv	01e23b7ff031c70867e852106f2f2e243c20368ad795b5c339a6d31d4807380a	54	54	true	1	0.018519	0.981481	1	1	1	1	0				54	1	0.018519	1	false	false	false	pass		M.....................................................
10866	01	sharedreward	2	bids/sub-10866/ses-01/func/sub-10866_ses-01_task-sharedreward_run-2_events.tsv	849c925c0a3455e1ab9fe46a2266db84d6c84eab3a17e11fab0de55aecdc28a3	54	54	true	0	0	1			0		0				54	0	0	1	false	false	false	pass		......................................................
10866	01	socialdoors	1	bids/sub-10866/ses-01/func/sub-10866_ses-01_task-socialdoors_run-1_events.tsv	fd2ddc735c51114d61889f6a707a981ff85f8240404fb88b47ffe3a8fc9f0bed	40	40	true	0	0	1			0		0				40	0	0	1	false	false	false	pass		........................................
10866	01	trust	1	bids/sub-10866/ses-01/func/sub-10866_ses-01_task-trust_run-1_events.tsv	a82e78385ba36e54d3518965d4d2c1572eadef07812a4bc7539b9e7df5ea2e78	42	42	true	0	0	1			0		0				42	0	0	1	false	false	false	pass		..........................................
10866	01	trust	2	bids/sub-10866/ses-01/func/sub-10866_ses-01_task-trust_run-2_events.tsv	821687af4f181a64f32ffce62a2856141334f2891909bd11e0e4f77fc344de17	42	42	true	0	0	1			0		0				42	0	0	1	false	false	false	pass		..........................................
10866	01	ugr	1	bids/sub-10866/ses-01/func/sub-10866_ses-01_task-ugr_run-1_events.tsv	2d13eed2db90b62c9fcbbb3dc3291bb1b7d78a7269850aa1a5210287d0f73980	48	48	true	0	0	1			0		0				48	0	0	1	false	false	false	pass		................................................
10866	01	ugr	2	bids/sub-10866/ses-01/func/sub-10866_ses-01_task-ugr_run-2_events.tsv	5898fe02e2a15f202650c1cb91b5118a154cf66087a56767115b318411da0b84	48	48	true	0	0	1			0		0				48	0	0	1	false	false	false	pass		................................................
10866	02	doors	1	bids/sub-10866/ses-02/func/sub-10866_ses-02_task-doors_run-1_events.tsv	94b69824bf6873e1ad131871ff9c7f2c822919ffd9d9a8a95ae1e609bdb5573c	40	40	true	0	0	1			0		0				40	0	0	1	false	false	false	pass		........................................
10866	02	socialdoors	1	bids/sub-10866/ses-02/func/sub-10866_ses-02_task-socialdoors_run-1_events.tsv	7acc50299688148579c044c35c6d045d0aaa2836cea9fa0cda8d7096bf551c30	40	40	true	0	0	1			0		0				40	0	0	1	false	false	false	pass		........................................
10866	02	ugr	1	bids/sub-10866/ses-02/func/sub-10866_ses-02_task-ugr_run-1_events.tsv	fa8780998d8b71dbf545ab1c7fded3244317ed9090c2f6f757293bd6c3c1883f	48	48	true	0	0	1			0		0				48	0	0	1	false	false	false	pass		................................................
10866	02	ugr	2	bids/sub-10866/ses-02/func/sub-10866_ses-02_task-ugr_run-2_events.tsv	48420622483c96860a37b81a9a84e9e4354d2601d7e35fabe5a84d24088441cc	48	48	true	0	0	1			0		0				48	0	0	1	false	false	false	pass		................................................
10875	01	doors	1	bids/sub-10875/ses-01/func/sub-10875_ses-01_task-doors_run-1_events.tsv	6f56e7de4f5f48cb964f751ca5138f0f182e8c576f090925e978b3b67913ee3a	40	40	true	0	0	1			0		0				40	0	0	1	false	false	false	pass		........................................
10875	01	sharedreward	1	bids/sub-10875/ses-01/func/sub-10875_ses-01_task-sharedreward_run-1_events.tsv	50fc2145f38b276329b07fc1ef9b95ddde8c19832f095b840a55b614f42c9378	54	54	true	0	0	1			0		0				54	0	0	1	false	false	false	pass		......................................................
10875	01	sharedreward	2	bids/sub-10875/ses-01/func/sub-10875_ses-01_task-sharedreward_run-2_events.tsv	fd696966294c2248b85f63cd4ff27ed235db79a3278c0ef353a5997478ec6f66	54	54	true	0	0	1			0		0				54	0	0	1	false	false	false	pass		......................................................
10875	01	socialdoors	1	bids/sub-10875/ses-01/func/sub-10875_ses-01_task-socialdoors_run-1_events.tsv	f2bc26161fb0cc7ba63024676a9e4e303098e7ddbf03bd85787375aca087f285	40	40	true	0	0	1			0		0				40	0	0	1	false	false	false	pass		........................................
10875	01	trust	1	bids/sub-10875/ses-01/func/sub-10875_ses-01_task-trust_run-1_events.tsv	b1138e6cf99d7d9f8b11f86ee7cf07f03a56950b4437998247bd3093a867c605	42	42	true	0	0	1			0		0				42	0	0	1	false	false	false	pass		..........................................
10875	01	trust	2	bids/sub-10875/ses-01/func/sub-10875_ses-01_task-trust_run-2_events.tsv	229aeaf72d060788303633f792f59ba5d06337c8f6a6551de98cb50adccc0eb2	42	42	true	0	0	1			0		0				42	0	0	1	false	false	false	pass		..........................................
10875	01	ugr	1	bids/sub-10875/ses-01/func/sub-10875_ses-01_task-ugr_run-1_events.tsv	679fadb593aa02a0df9a3ced451f75bfa15f2aa64357604bf62af283073f462d	48	48	true	0	0	1			0		0				48	0	0	1	false	false	false	pass		................................................
10875	01	ugr	2	bids/sub-10875/ses-01/func/sub-10875_ses-01_task-ugr_run-2_events.tsv	f0f7777c6f6179fbbe440736de9e28fa052c44a3bfead238451369d3e6f78972	48	48	true	0	0	1			0		0				48	0	0	1	false	false	false	pass		................................................
10881	01	doors	1	bids/sub-10881/ses-01/func/sub-10881_ses-01_task-doors_run-1_events.tsv	9479f230990dba6a52e755a02a86345eaa4465bd213be1e9e142618cea0def76	40	40	true	1	0.025	0.975	19	19	1	19	0				40	1	0.025	1	false	false	false	pass		..................M.....................
10881	01	sharedreward	1	bids/sub-10881/ses-01/func/sub-10881_ses-01_task-sharedreward_run-1_events.tsv	6873082e53b2bb0c7b9c812fe4a91b73b645ffab6b02e2f1af94e19ff4873b22	54	54	true	1	0.018519	0.981481	37	37	1	37	0				54	1	0.018519	1	false	false	false	pass		....................................M.................
10881	01	socialdoors	1	bids/sub-10881/ses-01/func/sub-10881_ses-01_task-socialdoors_run-1_events.tsv	a49267dbd2641e415233adabee53f3aa68117819673b524fff53ec2346de2086	40	40	true	2	0.05	0.95	7	14	1	7	0				40	2	0.05	1	false	false	false	pass		......M......M..........................
10881	01	trust	1	bids/sub-10881/ses-01/func/sub-10881_ses-01_task-trust_run-1_events.tsv	3ab75fefede447140b53fe42774f9e63c4ca64119d8caba52c5472d7e7a6549f	42	42	true	4	0.095238	0.904762	2	25	2	4	0				42	4	0.095238	1	false	false	false	pass		.M.MM...................M.................
10881	01	ugr	1	bids/sub-10881/ses-01/func/sub-10881_ses-01_task-ugr_run-1_events.tsv	6538dbff6a55e0249075c37d3544c844b3d20313c1a4463380a89a6c866d2478	48	48	true	2	0.041667	0.958333	16	28	1	16	0				48	2	0.041667	1	false	false	false	pass		...............M...........M....................
10881	02	doors	1	bids/sub-10881/ses-02/func/sub-10881_ses-02_task-doors_run-1_events.tsv	95a8836ea20423d9f2f83471da10cb7bcc5b3b06434fe1055816693086ba2552	40	40	true	2	0.05	0.95	3	21	1	3	0				40	2	0.05	1	false	false	false	pass		..M.................M...................
10881	02	socialdoors	1	bids/sub-10881/ses-02/func/sub-10881_ses-02_task-socialdoors_run-1_events.tsv	47279db7d153b87cab4f146401c2e5fbf39b8ef105829c043e24fc6677846b93	40	40	true	2	0.05	0.95	26	34	1	26	0				40	2	0.05	1	false	false	false	pass		.........................M.......M......
10881	02	ugr	1	bids/sub-10881/ses-02/func/sub-10881_ses-02_task-ugr_run-1_events.tsv	550c908b8e5ee54b2262269addac4d6d0dde8bbf0ab4ec39deec59b2d60b2b6b	48	48	true	0	0	1			0		0				48	0	0	1	false	false	false	pass		................................................
10886	01	doors	1	bids/sub-10886/ses-01/func/sub-10886_ses-01_task-doors_run-1_events.tsv	cc67229063677f775eb8fc4ec191ef62a7f5f531ad21f2d6a6ef18b8e9b0566a	40	40	true	0	0	1			0		0				40	0	0	1	false	false	false	pass		........................................
10886	01	sharedreward	1	bids/sub-10886/ses-01/func/sub-10886_ses-01_task-sharedreward_run-1_events.tsv	44c1c00805141fed8dba80d17b3b5c35b9ed68685b73443d2a2d1225d093dfc9	54	54	true	0	0	1			0		0				54	0	0	1	false	false	false	pass		......................................................
10886	01	socialdoors	1	bids/sub-10886/ses-01/func/sub-10886_ses-01_task-socialdoors_run-1_events.tsv	8729a47890a1ecc64b73c4a9b0b9ef42309db5b0492f83b547376267410cc8ab	40	40	true	1	0.025	0.975	2	2	1	2	0				40	1	0.025	1	false	false	false	pass		.M......................................
10886	01	trust	1	bids/sub-10886/ses-01/func/sub-10886_ses-01_task-trust_run-1_events.tsv	197de1249089a34257a8e528e8e75ade3ba501a0a32194259a89972c38a6ff9a	42	42	true	2	0.047619	0.952381	5	27	1	5	0				42	2	0.047619	1	false	false	false	pass		....M.....................M...............
10886	01	ugr	1	bids/sub-10886/ses-01/func/sub-10886_ses-01_task-ugr_run-1_events.tsv	15ba49215401bbfff21a6c8e2c9fa62fea1f6f45d45fb6c9e10387d723343370	48	48	true	0	0	1			0		0				48	0	0	1	false	false	false	pass		................................................
10886	01	ugr	2	bids/sub-10886/ses-01/func/sub-10886_ses-01_task-ugr_run-2_events.tsv	def1b85c7a999db29112e8d552bb5cb4d06b8577d6eaadc156ad21d34c4685fe	48	48	true	1	0.020833	0.979167	8	8	1	8	0				48	1	0.020833	1	false	false	false	pass		.......M........................................
10886	02	doors	1	bids/sub-10886/ses-02/func/sub-10886_ses-02_task-doors_run-1_events.tsv	5735dae9516378073f59ae56821aeb5e83b99f55a2d1d5d9a265252d547710a6	40	40	true	1	0.025	0.975	23	23	1	23	0				40	1	0.025	1	false	false	false	pass		......................M.................
10886	02	socialdoors	1	bids/sub-10886/ses-02/func/sub-10886_ses-02_task-socialdoors_run-1_events.tsv	ce147e368c449d73609f5088fba3cd87266c644c98535bee833f252e63532001	40	40	true	2	0.05	0.95	23	32	1	23	0				40	2	0.05	1	false	false	false	pass		......................M........M........
10886	02	ugr	1	bids/sub-10886/ses-02/func/sub-10886_ses-02_task-ugr_run-1_events.tsv	7ac69f32e521455f4cd17a38ac0c5b4de85fb966bb3fbde0761aef1f66334cf1	48	48	true	0	0	1			0		0				48	0	0	1	false	false	false	pass		................................................
10886	02	ugr	2	bids/sub-10886/ses-02/func/sub-10886_ses-02_task-ugr_run-2_events.tsv	f4eaa7e32b86a89d45af9313b7dfc3ba929a012c0c7da34d243a51c93198466f	48	48	true	0	0	1			0		0				48	0	0	1	false	false	false	pass		................................................
10887	01	doors	1	bids/sub-10887/ses-01/func/sub-10887_ses-01_task-doors_run-1_events.tsv	8596e60d7bcf13b413200fd01e289f16f11c24533047b0c6f2f1c6982d19d2ec	40	40	true	0	0	1			0		0				40	0	0	1	false	false	false	pass		........................................
10887	01	sharedreward	1	bids/sub-10887/ses-01/func/sub-10887_ses-01_task-sharedreward_run-1_events.tsv	9901cfc879f206c4ddde806186977044736fcbda0b649968fb07221dfeb412f6	54	54	true	0	0	1			0		0				54	0	0	1	false	false	false	pass		......................................................
10887	01	sharedreward	2	bids/sub-10887/ses-01/func/sub-10887_ses-01_task-sharedreward_run-2_events.tsv	d1262641b8dd28284976707989a3e066004d67ce2c35c3f85174c5fed61251b6	54	54	true	0	0	1			0		0				54	0	0	1	false	false	false	pass		......................................................
10887	01	socialdoors	1	bids/sub-10887/ses-01/func/sub-10887_ses-01_task-socialdoors_run-1_events.tsv	1642b34bcc0d5e2d2762f910498cbbdcbd28bd46ce99e02aa48c1427ea6933cb	40	40	true	0	0	1			0		0				40	0	0	1	false	false	false	pass		........................................
10887	01	trust	1	bids/sub-10887/ses-01/func/sub-10887_ses-01_task-trust_run-1_events.tsv	5024868d5eee90db0638126532ea08954b7e26886e90e833c0b0c8a60e58ec53	42	42	true	0	0	1			0		0				42	0	0	1	false	false	false	pass		..........................................
10887	01	trust	2	bids/sub-10887/ses-01/func/sub-10887_ses-01_task-trust_run-2_events.tsv	26ae27a4a36117166f08f05ecb6b94d0daa19d0678f253452209c5d1496155c4	42	42	true	0	0	1			0		0				42	0	0	1	false	false	false	pass		..........................................
10887	01	ugr	1	bids/sub-10887/ses-01/func/sub-10887_ses-01_task-ugr_run-1_events.tsv	1c45ddebff89c4eb2b91fddbe7306a8ff76cf78b6c6d04302ff931f3e8a3cb1e	48	48	true	0	0	1			0		0				48	0	0	1	false	false	false	pass		................................................
10887	01	ugr	2	bids/sub-10887/ses-01/func/sub-10887_ses-01_task-ugr_run-2_events.tsv	86651d6a3fe2fa10e1f9e5d408e0ddf88777866722a9e2cc059837338adbe8d4	48	48	true	0	0	1			0		0				48	0	0	1	false	false	false	pass		................................................
10896	01	doors	1	bids/sub-10896/ses-01/func/sub-10896_ses-01_task-doors_run-1_events.tsv	15c7ff88899a67483981dffd47b0785708d764e6e8666e573c35f41d8187b41e	40	40	true	0	0	1			0		0				40	0	0	1	false	false	false	pass		........................................
10896	01	sharedreward	1	bids/sub-10896/ses-01/func/sub-10896_ses-01_task-sharedreward_run-1_events.tsv	2559f406c9166d5f2562ba915dd5c9263ad7e426022fbb6011488e9c87f4d595	54	54	true	0	0	1			0		0				54	0	0	1	false	false	false	pass		......................................................
10896	01	sharedreward	2	bids/sub-10896/ses-01/func/sub-10896_ses-01_task-sharedreward_run-2_events.tsv	726bfbf650a2e0f76d2d460113535289ab1b7cbf28213d270688c2954dbf0ee2	54	54	true	2	0.037037	0.962963	30	54	1	30	1	54	398.5939	4.21244	53	1	0.018868	0.981481	false	false	false	pass		.............................M.......................M
10896	01	socialdoors	1	bids/sub-10896/ses-01/func/sub-10896_ses-01_task-socialdoors_run-1_events.tsv	ab753084783b055691e11925442d7820e2908388a82fcce4756c81e04c4dfd38	40	40	true	0	0	1			0		0				40	0	0	1	false	false	false	pass		........................................
10896	01	trust	1	bids/sub-10896/ses-01/func/sub-10896_ses-01_task-trust_run-1_events.tsv	bf964d1bb0717df6ebc567c027a65de2904c5b469b06a6ff2845403fec084f23	42	42	true	1	0.02381	0.97619	36	36	1	36	0				42	1	0.02381	1	false	false	false	pass		...................................M......
10896	01	trust	2	bids/sub-10896/ses-01/func/sub-10896_ses-01_task-trust_run-2_events.tsv	7538c47d26af5799cf932abd0e3507ca051878755bc977e07e8fe8c1157327a7	42	42	true	2	0.047619	0.952381	21	32	1	21	0				42	2	0.047619	1	false	false	false	pass		....................M..........M..........
10896	01	ugr	1	bids/sub-10896/ses-01/func/sub-10896_ses-01_task-ugr_run-1_events.tsv	35ad4975495554c5fba3776803205625caeb2db6f249742eb3341e83be3a81f5	48	48	true	0	0	1			0		0				48	0	0	1	false	false	false	pass		................................................
10896	01	ugr	2	bids/sub-10896/ses-01/func/sub-10896_ses-01_task-ugr_run-2_events.tsv	7d8bc97f12ed22bdf25f1188d59fe92edad85f74046fc4c26f4b587e78838256	48	48	true	0	0	1			0		0				48	0	0	1	false	false	false	pass		................................................
10897	01	doors	1	bids/sub-10897/ses-01/func/sub-10897_ses-01_task-doors_run-1_events.tsv	6e469a0b19915c2af99144c1f302c3886f33dd2ae097a5581e9bf672508ecbf7	40	40	true	0	0	1			0		0				40	0	0	1	false	false	false	pass		........................................
10897	01	sharedreward	1	bids/sub-10897/ses-01/func/sub-10897_ses-01_task-sharedreward_run-1_events.tsv	3e3bb65d7270404e5bf0bb82069a178908d2d2462160184b23673faae410d369	54	54	true	0	0	1			0		0				54	0	0	1	false	false	false	pass		......................................................
10897	01	socialdoors	1	bids/sub-10897/ses-01/func/sub-10897_ses-01_task-socialdoors_run-1_events.tsv	533ddaa40c5d8b7327e45bd7abfd01ad7060f8bec03f0f2968568d0219201da7	40	40	true	1	0.025	0.975	22	22	1	22	0				40	1	0.025	1	false	false	false	pass		.....................M..................
10897	01	trust	1	bids/sub-10897/ses-01/func/sub-10897_ses-01_task-trust_run-1_events.tsv	b673d23ca152dc6ce5dbe657635a3ac8c4eba1fee2fada18549bcb7e9a007a74	42	42	true	1	0.02381	0.97619	35	35	1	35	0				42	1	0.02381	1	false	false	false	pass		..................................M.......
10897	01	ugr	1	bids/sub-10897/ses-01/func/sub-10897_ses-01_task-ugr_run-1_events.tsv	33d389afeb9647af9ba116bd4816456196f896f8a4d7c5eedb0cfa2b35470510	48	48	true	0	0	1			0		0				48	0	0	1	false	false	false	pass		................................................
10897	01	ugr	2	bids/sub-10897/ses-01/func/sub-10897_ses-01_task-ugr_run-2_events.tsv	fe2589cb6219d47ce73990935ee379d2731da9cb96a285b41ea65780a6fab646	48	48	true	0	0	1			0		0				48	0	0	1	false	false	false	pass		................................................
10898	01	doors	1	bids/sub-10898/ses-01/func/sub-10898_ses-01_task-doors_run-1_events.tsv	a9067b6cdbf459dfcc694c556e698558dd981de75af30ede5331a505e3e24e91	40	40	true	1	0.025	0.975	25	25	1	25	0				40	1	0.025	1	false	false	false	pass		........................M...............
10898	01	sharedreward	1	bids/sub-10898/ses-01/func/sub-10898_ses-01_task-sharedreward_run-1_events.tsv	0e64931d38dca6cd3d5adf4dcb9acfdc1551deb3ed8778bb9ea0cc1ab466bfe2	54	54	true	1	0.018519	0.981481	20	20	1	20	0				54	1	0.018519	1	false	false	false	pass		...................M..................................
10898	01	sharedreward	2	bids/sub-10898/ses-01/func/sub-10898_ses-01_task-sharedreward_run-2_events.tsv	5f650fc392897f90f04cccfe13c1b2e884fca46541313f77401a3694f62cccc3	54	54	true	0	0	1			0		0				54	0	0	1	false	false	false	pass		......................................................
10898	01	socialdoors	1	bids/sub-10898/ses-01/func/sub-10898_ses-01_task-socialdoors_run-1_events.tsv	061fec5fdeee164d6d2d698bd8f91bd80281c32716c7e3303e868d18be74d318	40	40	true	0	0	1			0		0				40	0	0	1	false	false	false	pass		........................................
10898	01	trust	1	bids/sub-10898/ses-01/func/sub-10898_ses-01_task-trust_run-1_events.tsv	5c61e224d725e3ac11a9dd14598feaae56592a521e57c8100d49c3dd3741ecdb	42	42	true	2	0.047619	0.952381	3	18	1	3	0				42	2	0.047619	1	false	false	false	pass		..M..............M........................
10898	01	trust	2	bids/sub-10898/ses-01/func/sub-10898_ses-01_task-trust_run-2_events.tsv	895baff852a655195a0f6cfa6d145de2e0925caadd44cc29638e81d68f351298	42	42	true	3	0.071429	0.928571	8	42	1	8	1	42	432.04028	3.01502	41	2	0.04878	0.97619	false	false	false	pass		.......M..............................M..M
10898	01	ugr	1	bids/sub-10898/ses-01/func/sub-10898_ses-01_task-ugr_run-1_events.tsv	f02b95a8b9f709b85cd8733bf04f6a7355149d377fedce12173de3d801a47c44	48	48	true	0	0	1			0		0				48	0	0	1	false	false	false	pass		................................................
10898	01	ugr	2	bids/sub-10898/ses-01/func/sub-10898_ses-01_task-ugr_run-2_events.tsv	8182f11183e7431663ff82b3aeebb673abb9c4129f0f7c306605b4efb1847953	48	48	true	0	0	1			0		0				48	0	0	1	false	false	false	pass		................................................
10898	02	doors	1	bids/sub-10898/ses-02/func/sub-10898_ses-02_task-doors_run-1_events.tsv	6030d81747e558037b37c75b6720815d7035ff48abed83aa210915880c3ea062	40	40	true	0	0	1			0		0				40	0	0	1	false	false	false	pass		........................................
10898	02	socialdoors	1	bids/sub-10898/ses-02/func/sub-10898_ses-02_task-socialdoors_run-1_events.tsv	837566849c06dcf96d3b8cccd03f8ae58c3d7003e821459be376ae3dfeb6e8ea	40	40	true	1	0.025	0.975	6	6	1	6	0				40	1	0.025	1	false	false	false	pass		.....M..................................
10898	02	ugr	1	bids/sub-10898/ses-02/func/sub-10898_ses-02_task-ugr_run-1_events.tsv	cc5b8be6708805aeda072bc4a65e1a5a6e8ed6e1205a73f3505a67c56663bf20	48	48	true	0	0	1			0		0				48	0	0	1	false	false	false	pass		................................................
10898	02	ugr	2	bids/sub-10898/ses-02/func/sub-10898_ses-02_task-ugr_run-2_events.tsv	586d6b3d6c9e6c5fe54861368ee5dd610cc96276a8eafabf78e6b4889702f431	48	48	true	0	0	1			0		0				48	0	0	1	false	false	false	pass		................................................
10908	01	doors	1	bids/sub-10908/ses-01/func/sub-10908_ses-01_task-doors_run-1_events.tsv	c7e2681f6c3586a395fe5bb9b03d243837e520b7fd56604d00b8643afc49f0cc	40	40	true	0	0	1			0		0				40	0	0	1	false	false	false	pass		........................................
10908	01	sharedreward	1	bids/sub-10908/ses-01/func/sub-10908_ses-01_task-sharedreward_run-1_events.tsv	e9f486b167bfd6a4a90863f9453521f6274336af93c5d9ab3e25f28269679d1f	54	54	true	1	0.018519	0.981481	1	1	1	1	0				54	1	0.018519	1	false	false	false	pass		M.....................................................
10908	01	sharedreward	2	bids/sub-10908/ses-01/func/sub-10908_ses-01_task-sharedreward_run-2_events.tsv	1aca8a737bb25656cbc4d5d78a4b24f65a41aaf81359d2ae78366e736b721597	54	54	true	0	0	1			0		0				54	0	0	1	false	false	false	pass		......................................................
10908	01	socialdoors	1	bids/sub-10908/ses-01/func/sub-10908_ses-01_task-socialdoors_run-1_events.tsv	d3c397d4f71f1a4b4f7dfe6d5a5a0f1233221934252f3be238995bbc274155bf	40	40	true	8	0.2	0.8	33	40	8	33	8	33	267.616747	63.666205	32	0	0	0.8	false	true	true	review	terminal_miss_streak	................................MMMMMMMM
10908	01	trust	1	bids/sub-10908/ses-01/func/sub-10908_ses-01_task-trust_run-1_events.tsv	80744ecb0c93d5e39a145aa69d1ea37ead3845ea3a282d4b54d7a175f648a39f	42	42	true	1	0.02381	0.97619	14	14	1	14	0				42	1	0.02381	1	false	false	false	pass		.............M............................
10908	01	trust	2	bids/sub-10908/ses-01/func/sub-10908_ses-01_task-trust_run-2_events.tsv	0fa42099b1c184f4a822ac1bb79baacfc60aec9448a4b905fc3b21ed73c081f5	42	42	true	0	0	1			0		0				42	0	0	1	false	false	false	pass		..........................................
10908	01	ugr	1	bids/sub-10908/ses-01/func/sub-10908_ses-01_task-ugr_run-1_events.tsv	98e4f811eb07f9dcdc1a76e1bdf5db9e880adc1dddc6215b1a4cfbfefe9899d4	48	48	true	0	0	1			0		0				48	0	0	1	false	false	false	pass		................................................
10908	01	ugr	2	bids/sub-10908/ses-01/func/sub-10908_ses-01_task-ugr_run-2_events.tsv	265f90740a0cb61f6aa95b788a34d09cb09c294a69532e5ce45a10ec7ce40144	48	48	true	0	0	1			0		0				48	0	0	1	false	false	false	pass		................................................
10913	01	sharedreward	1	bids/sub-10913/ses-01/func/sub-10913_ses-01_task-sharedreward_run-1_events.tsv	50d70eedece43fa57936f90f63d48f404c62068bbfa8c1ee6c868359ba6d153f	54	54	true	0	0	1			0		0				54	0	0	1	false	false	false	pass		......................................................
10913	01	sharedreward	2	bids/sub-10913/ses-01/func/sub-10913_ses-01_task-sharedreward_run-2_events.tsv	f8e8ea09c287280a636a07779c48fbca216eff6c3ac847410fe9c6d32fd0c960	54	54	true	0	0	1			0		0				54	0	0	1	false	false	false	pass		......................................................
10913	01	ugr	1	bids/sub-10913/ses-01/func/sub-10913_ses-01_task-ugr_run-1_events.tsv	6b6cd992840f3012b3ba8e2ceb9a4f93ebc70091d51c05eefd71249676a11bb0	48	48	true	0	0	1			0		0				48	0	0	1	false	false	false	pass		................................................
10913	01	ugr	2	bids/sub-10913/ses-01/func/sub-10913_ses-01_task-ugr_run-2_events.tsv	b824ea1c5534ad4aae0b0c8882368ee48cc22759a00830af595f309f2ace4728	48	48	true	0	0	1			0		0				48	0	0	1	false	false	false	pass		................................................
10913	02	doors	1	bids/sub-10913/ses-02/func/sub-10913_ses-02_task-doors_run-1_events.tsv	2c979a5dc9fc490c8759ff14e2438b0faf5df31a372c3fef77d488ba8e33cd4e	40	40	true	0	0	1			0		0				40	0	0	1	false	false	false	pass		........................................
10913	02	socialdoors	1	bids/sub-10913/ses-02/func/sub-10913_ses-02_task-socialdoors_run-1_events.tsv	93cd0251302c582c48d2dc1af131fa87eb5c78544b4db9ed7c0878f6b1b8d56c	40	40	true	0	0	1			0		0				40	0	0	1	false	false	false	pass		........................................
10913	02	ugr	1	bids/sub-10913/ses-02/func/sub-10913_ses-02_task-ugr_run-1_events.tsv	bc59e24b32104c0529f0c52b1e8c6ed7e1d10ddb5bc8256f71257d6d0b8c73ba	48	48	true	0	0	1			0		0				48	0	0	1	false	false	false	pass		................................................
10913	02	ugr	2	bids/sub-10913/ses-02/func/sub-10913_ses-02_task-ugr_run-2_events.tsv	51e9fa860558fc5405fa68188a024e62acc3d8939f68b489741a81ca50b8fa31	48	48	true	0	0	1			0		0				48	0	0	1	false	false	false	pass		................................................
10918	01	doors	1	bids/sub-10918/ses-01/func/sub-10918_ses-01_task-doors_run-1_events.tsv	2caea3f6383b0f46fa1c40c5f5d5be15438d6f55d40d83b52064d4562253d2b6	40	40	true	0	0	1			0		0				40	0	0	1	false	false	false	pass		........................................
10918	01	sharedreward	1	bids/sub-10918/ses-01/func/sub-10918_ses-01_task-sharedreward_run-1_events.tsv	cebf3e9d1752560948645fe3f9e289cbae30dca500b4b7c38acbbda5e8321513	54	54	true	0	0	1			0		0				54	0	0	1	false	false	false	pass		......................................................
10918	01	sharedreward	2	bids/sub-10918/ses-01/func/sub-10918_ses-01_task-sharedreward_run-2_events.tsv	e9e7404100ef87778871f4e7c5b3202f0c31ce2e3d46dc049a2df6a43538524b	54	54	true	0	0	1			0		0				54	0	0	1	false	false	false	pass		......................................................
10918	01	socialdoors	1	bids/sub-10918/ses-01/func/sub-10918_ses-01_task-socialdoors_run-1_events.tsv	24f4b249e66e05501dc7134b0ff9af480d87507f4ec567b63ba66b05a0d12961	40	40	true	0	0	1			0		0				40	0	0	1	false	false	false	pass		........................................
10918	01	trust	1	bids/sub-10918/ses-01/func/sub-10918_ses-01_task-trust_run-1_events.tsv	a6996e7ced79c2297d684cc0dba716b5a75799406566d8fb7a40d51262c0f8ec	42	42	true	0	0	1			0		0				42	0	0	1	false	false	false	pass		..........................................
10918	01	trust	2	bids/sub-10918/ses-01/func/sub-10918_ses-01_task-trust_run-2_events.tsv	4188e7f0de853714eee5b0ded3a8556bd6459d45aef1eb0d5447fccfe8615874	42	42	true	0	0	1			0		0				42	0	0	1	false	false	false	pass		..........................................
10918	01	ugr	1	bids/sub-10918/ses-01/func/sub-10918_ses-01_task-ugr_run-1_events.tsv	f3405822d705ceea20ab2da5407bf2f64a18b5009f1e0f65cd3615a28a6a1706	48	48	true	0	0	1			0		0				48	0	0	1	false	false	false	pass		................................................
10918	01	ugr	2	bids/sub-10918/ses-01/func/sub-10918_ses-01_task-ugr_run-2_events.tsv	07217fa533809186752cfc947804099a1754b41ec472684f37d6db1ea2e10931	48	48	true	0	0	1			0		0				48	0	0	1	false	false	false	pass		................................................
10919	01	doors	1	bids/sub-10919/ses-01/func/sub-10919_ses-01_task-doors_run-1_events.tsv	901255ec0d0747fe1dffa4410a1f83afcb21137874c86c18c1d194e866b692e5	40	40	true	0	0	1			0		0				40	0	0	1	false	false	false	pass		........................................
10919	01	sharedreward	1	bids/sub-10919/ses-01/func/sub-10919_ses-01_task-sharedreward_run-1_events.tsv	ee698c83645c852283d88327194266a6e57d7e087a4319a9dbc43102b9764411	54	54	true	0	0	1			0		0				54	0	0	1	false	false	false	pass		......................................................
10919	01	sharedreward	2	bids/sub-10919/ses-01/func/sub-10919_ses-01_task-sharedreward_run-2_events.tsv	842bf19462838d41f1772e80d6952b92d70c63ca10a96d9c5d8ae48cf90197fa	54	54	true	2	0.037037	0.962963	47	48	2	47	0				54	2	0.037037	1	false	false	false	pass		..............................................MM......
10919	01	socialdoors	1	bids/sub-10919/ses-01/func/sub-10919_ses-01_task-socialdoors_run-1_events.tsv	3b25c2afc56217ee1bda3cb87621cf66d0b6d39c4a83358261cde2a29ca3357d	40	40	true	0	0	1			0		0				40	0	0	1	false	false	false	pass		........................................
10919	01	trust	1	bids/sub-10919/ses-01/func/sub-10919_ses-01_task-trust_run-1_events.tsv	57f1f1406bee174eff9baff5aa99de21695a1bcec59bdd25e6ce8f4e96765a26	42	42	true	0	0	1			0		0				42	0	0	1	false	false	false	pass		..........................................
10919	01	trust	2	bids/sub-10919/ses-01/func/sub-10919_ses-01_task-trust_run-2_events.tsv	08ce59953917b916fba1da9b9dae2bfe90eda996d7f799a7764e5a00248367c1	42	42	true	0	0	1			0		0				42	0	0	1	false	false	false	pass		..........................................
10919	01	ugr	1	bids/sub-10919/ses-01/func/sub-10919_ses-01_task-ugr_run-1_events.tsv	7d38d6f2a38a8284fd21a29539570f6bbb591641d0277357d3bdc90d451b6456	48	48	true	0	0	1			0		0				48	0	0	1	false	false	false	pass		................................................
10919	01	ugr	2	bids/sub-10919/ses-01/func/sub-10919_ses-01_task-ugr_run-2_events.tsv	3abca376338d9fcfce54a35430a0847da6dcbed8a2b2f7a30a482e3ae5fb3e11	48	48	true	0	0	1			0		0				48	0	0	1	false	false	false	pass		................................................
10924	01	doors	1	bids/sub-10924/ses-01/func/sub-10924_ses-01_task-doors_run-1_events.tsv	573c79109f70165b48661363de23e8edcfa306d858679819f05553ceb58ae0de	40	40	true	1	0.025	0.975	11	11	1	11	0				40	1	0.025	1	false	false	false	pass		..........M.............................
10924	01	sharedreward	1	bids/sub-10924/ses-01/func/sub-10924_ses-01_task-sharedreward_run-1_events.tsv	ae76227955da6298a39edd6127d0f180240cd85f7e60cc86db50f8e1dc510f73	54	54	true	1	0.018519	0.981481	26	26	1	26	0				54	1	0.018519	1	false	false	false	pass		.........................M............................
10924	01	sharedreward	2	bids/sub-10924/ses-01/func/sub-10924_ses-01_task-sharedreward_run-2_events.tsv	7f0175f8ef36ff5959389457decae0c43119b1c719c3b229981a410edb7c4867	54	54	true	1	0.018519	0.981481	22	22	1	22	0				54	1	0.018519	1	false	false	false	pass		.....................M................................
10924	01	socialdoors	1	bids/sub-10924/ses-01/func/sub-10924_ses-01_task-socialdoors_run-1_events.tsv	db58d4da1e0030c226960d6b127548c0d2b8a1a89c892d18aba7b3f5611af339	40	40	true	0	0	1			0		0				40	0	0	1	false	false	false	pass		........................................
10924	01	trust	1	bids/sub-10924/ses-01/func/sub-10924_ses-01_task-trust_run-1_events.tsv	4aa62cb266836cc240016851b6e16808192a7a169595664f033bf50ff7a8c816	42	42	true	0	0	1			0		0				42	0	0	1	false	false	false	pass		..........................................
10924	01	trust	2	bids/sub-10924/ses-01/func/sub-10924_ses-01_task-trust_run-2_events.tsv	9f87e01a1a5e5920b8a97fdafd3ed43629b2a6985e4408fd7d6828076585ff94	42	42	true	0	0	1			0		0				42	0	0	1	false	false	false	pass		..........................................
10924	01	ugr	1	bids/sub-10924/ses-01/func/sub-10924_ses-01_task-ugr_run-1_events.tsv	2864d7161da52a0906fb789230bffb69fd1d6cc0a47f103159e1cbadcf0e5bbb	48	48	true	0	0	1			0		0				48	0	0	1	false	false	false	pass		................................................
10924	01	ugr	2	bids/sub-10924/ses-01/func/sub-10924_ses-01_task-ugr_run-2_events.tsv	f5a6040a8c5c9260eac25988afd81497841dcf4ed105af74080e603b76f415a6	48	48	true	0	0	1			0		0				48	0	0	1	false	false	false	pass		................................................
10926	01	doors	1	bids/sub-10926/ses-01/func/sub-10926_ses-01_task-doors_run-1_events.tsv	fe26b99510878486ce228e48f165b45f96f0c7647882579510769866c1f64fb1	40	40	true	0	0	1			0		0				40	0	0	1	false	false	false	pass		........................................
10926	01	sharedreward	1	bids/sub-10926/ses-01/func/sub-10926_ses-01_task-sharedreward_run-1_events.tsv	5251524cf7ab756bd0e3609dcdfdca882ab23029d16dc5b5c4f995d54037c3a5	54	54	true	0	0	1			0		0				54	0	0	1	false	false	false	pass		......................................................
10926	01	sharedreward	2	bids/sub-10926/ses-01/func/sub-10926_ses-01_task-sharedreward_run-2_events.tsv	129ef2bf6963e1deecbcbfba9860d9e31ea1ba61ea3bf047cdaaf1922394e298	54	54	true	1	0.018519	0.981481	10	10	1	10	0				54	1	0.018519	1	false	false	false	pass		.........M............................................
10926	01	socialdoors	1	bids/sub-10926/ses-01/func/sub-10926_ses-01_task-socialdoors_run-1_events.tsv	82adfece444371968eda54c5fe3251f6121f23441f0f33e4353ae64a86cf2cf7	40	40	true	1	0.025	0.975	24	24	1	24	0				40	1	0.025	1	false	false	false	pass		.......................M................
10926	01	trust	1	bids/sub-10926/ses-01/func/sub-10926_ses-01_task-trust_run-1_events.tsv	c120f5b22b51c781394a6c68b68db688b53401bfbcf3e28471c10dd1313e3509	42	42	true	0	0	1			0		0				42	0	0	1	false	false	false	pass		..........................................
10926	01	ugr	1	bids/sub-10926/ses-01/func/sub-10926_ses-01_task-ugr_run-1_events.tsv	fe7eccae8c4301aa8ed295ec5042a9f2b730937f2f1e416bdb94fdaa7684f942	48	48	true	0	0	1			0		0				48	0	0	1	false	false	false	pass		................................................
10926	01	ugr	2	bids/sub-10926/ses-01/func/sub-10926_ses-01_task-ugr_run-2_events.tsv	add830063751cb4e8eeb2127d1e7f2e842349a8100996fe8acc01c44757ed748	48	48	true	2	0.041667	0.958333	17	41	1	17	0				48	2	0.041667	1	false	false	false	pass		................M.......................M.......
10928	01	doors	1	bids/sub-10928/ses-01/func/sub-10928_ses-01_task-doors_run-1_events.tsv	67775c20e7f49ac67b268e6902928aedacc59d14db45a03152759f65a94ec97c	40	40	true	3	0.075	0.925	8	38	1	8	0				40	3	0.075	1	false	false	false	pass		.......M................M............M..
10928	01	sharedreward	1	bids/sub-10928/ses-01/func/sub-10928_ses-01_task-sharedreward_run-1_events.tsv	ad9038cd8e1401187da1c058f610c82f6c4b960da99ca96c937602c295d2672c	54	54	true	3	0.055556	0.944444	1	46	1	1	0				54	3	0.055556	1	false	false	false	pass		M...M........................................M........
10928	01	sharedreward	2	bids/sub-10928/ses-01/func/sub-10928_ses-01_task-sharedreward_run-2_events.tsv	d9e72208225f680e24bd0f6fca83a4dbcb468b143dab9310ed31b8d8c0307a5d	54	54	true	0	0	1			0		0				54	0	0	1	false	false	false	pass		......................................................
10928	01	socialdoors	1	bids/sub-10928/ses-01/func/sub-10928_ses-01_task-socialdoors_run-1_events.tsv	a6f20f95c92cc49ed7693eaefaa12e3db2b691804e499f19cf7eeef06e702ed9	40	40	true	0	0	1			0		0				40	0	0	1	false	false	false	pass		........................................
10928	01	trust	1	bids/sub-10928/ses-01/func/sub-10928_ses-01_task-trust_run-1_events.tsv	029298b45719f8965dc285a5ad573c95e1c44ba5892984141a32aa6db012206c	42	42	true	1	0.02381	0.97619	21	21	1	21	0				42	1	0.02381	1	false	false	false	pass		....................M.....................
10928	01	ugr	1	bids/sub-10928/ses-01/func/sub-10928_ses-01_task-ugr_run-1_events.tsv	f6fda40cd9577c00d954d6db1d9e34bc0abac328647c9d2adb514428d5f486cc	48	48	true	0	0	1			0		0				48	0	0	1	false	false	false	pass		................................................
10928	01	ugr	2	bids/sub-10928/ses-01/func/sub-10928_ses-01_task-ugr_run-2_events.tsv	2eadc8128592ed4fa7f593cc845d5f72df2ff81e3cc8aeda04f7dcc8687e5e6f	48	48	true	0	0	1			0		0				48	0	0	1	false	false	false	pass		................................................
10929	01	doors	1	bids/sub-10929/ses-01/func/sub-10929_ses-01_task-doors_run-1_events.tsv	3f5645a5e0798b398b7ef2d4d1fe89b6ef84b7684dfe389dbd8018380fcbe5a4	40	40	true	0	0	1			0		0				40	0	0	1	false	false	false	pass		........................................
10929	01	sharedreward	1	bids/sub-10929/ses-01/func/sub-10929_ses-01_task-sharedreward_run-1_events.tsv	b0d16e969929a585e188b26370024018bf2b4a42173a4075676698b436b8a0e2	54	54	true	0	0	1			0		0				54	0	0	1	false	false	false	pass		......................................................
10929	01	sharedreward	2	bids/sub-10929/ses-01/func/sub-10929_ses-01_task-sharedreward_run-2_events.tsv	aef2aaf80446e7778037b5a2672803cd2ec9beea8710f82d658f91cf9797c238	54	54	true	0	0	1			0		0				54	0	0	1	false	false	false	pass		......................................................
10929	01	socialdoors	1	bids/sub-10929/ses-01/func/sub-10929_ses-01_task-socialdoors_run-1_events.tsv	39be410552afd8887b2aaa2f1793515378f9030168cba30ec61101ff7251db28	40	40	true	1	0.025	0.975	18	18	1	18	0				40	1	0.025	1	false	false	false	pass		.................M......................
10929	01	trust	1	bids/sub-10929/ses-01/func/sub-10929_ses-01_task-trust_run-1_events.tsv	d25214da7276176697838a5224f39639c863305eb8f4fdb71f2b3a70d7a5e8ab	42	42	true	0	0	1			0		0				42	0	0	1	false	false	false	pass		..........................................
10929	01	ugr	1	bids/sub-10929/ses-01/func/sub-10929_ses-01_task-ugr_run-1_events.tsv	9ce95bb4ce72367bd6ebadf656a8680ee03390497886840192a5fc9d17f5b6ca	48	48	true	0	0	1			0		0				48	0	0	1	false	false	false	pass		................................................
10929	01	ugr	2	bids/sub-10929/ses-01/func/sub-10929_ses-01_task-ugr_run-2_events.tsv	4a468a5be06f5213be9c881409a03b2545f45c73eb139a059681d729212f81ed	48	48	true	0	0	1			0		0				48	0	0	1	false	false	false	pass		................................................
10930	01	doors	1	bids/sub-10930/ses-01/func/sub-10930_ses-01_task-doors_run-1_events.tsv	6065f718648a5dde548924592f4ab21935bd5e3e9a48b3c5739e492d14882daf	40	40	true	0	0	1			0		0				40	0	0	1	false	false	false	pass		........................................
10930	01	sharedreward	1	bids/sub-10930/ses-01/func/sub-10930_ses-01_task-sharedreward_run-1_events.tsv	73a7a229be2013a4c11b85435a2803fadd037448832f54f7edae8eaa3902fa5b	54	54	true	1	0.018519	0.981481	1	1	1	1	0				54	1	0.018519	1	false	false	false	pass		M.....................................................
10930	01	sharedreward	2	bids/sub-10930/ses-01/func/sub-10930_ses-01_task-sharedreward_run-2_events.tsv	ec15b3efd9c41224b72989063e0c31f1affe018d5dce355ae3d79bf3fb610681	54	54	true	0	0	1			0		0				54	0	0	1	false	false	false	pass		......................................................
10930	01	socialdoors	1	bids/sub-10930/ses-01/func/sub-10930_ses-01_task-socialdoors_run-1_events.tsv	d43209965b09819dbc04e486837c0cf358111a7c715b1dc1354a763c6fb9c4a9	40	40	true	0	0	1			0		0				40	0	0	1	false	false	false	pass		........................................
10930	01	trust	1	bids/sub-10930/ses-01/func/sub-10930_ses-01_task-trust_run-1_events.tsv	4e058eb44a548c2850348e2073513f124bed853ad28b918928048281802deaec	42	42	true	1	0.02381	0.97619	12	12	1	12	0				42	1	0.02381	1	false	false	false	pass		...........M..............................
10930	01	trust	2	bids/sub-10930/ses-01/func/sub-10930_ses-01_task-trust_run-2_events.tsv	beef3412a5be107caa0140a70c839eb77fa7b01ebb2f94395ddcf2b33609fcff	42	42	true	0	0	1			0		0				42	0	0	1	false	false	false	pass		..........................................
10930	01	ugr	1	bids/sub-10930/ses-01/func/sub-10930_ses-01_task-ugr_run-1_events.tsv	4bed5769bdf1ae4f9162a0f9ca71633b5ac0793eac5683da3967f873522bfd54	48	48	true	0	0	1			0		0				48	0	0	1	false	false	false	pass		................................................
10930	01	ugr	2	bids/sub-10930/ses-01/func/sub-10930_ses-01_task-ugr_run-2_events.tsv	055b788999980b632215c0b95eb661ce84f8aa31cf936842b1d06325d060d0e0	48	48	true	0	0	1			0		0				48	0	0	1	false	false	false	pass		................................................
10938	01	doors	1	bids/sub-10938/ses-01/func/sub-10938_ses-01_task-doors_run-1_events.tsv	74653510b670a192dce88591e536d59611d55c940c94f601bfd33f8ad5375d97	40	40	true	0	0	1			0		0				40	0	0	1	false	false	false	pass		........................................
10938	01	sharedreward	1	bids/sub-10938/ses-01/func/sub-10938_ses-01_task-sharedreward_run-1_events.tsv	e256183a13f9773ceb76dc3437bc144fb32adb7a73d29ee95a6f41479ed67f03	54	54	true	0	0	1			0		0				54	0	0	1	false	false	false	pass		......................................................
10938	01	sharedreward	2	bids/sub-10938/ses-01/func/sub-10938_ses-01_task-sharedreward_run-2_events.tsv	60d6c0b23e2cb60234adbb293cf9a07cdcfe23d8e143c2328dc2413f4ab43ff2	54	54	true	1	0.018519	0.981481	17	17	1	17	0				54	1	0.018519	1	false	false	false	pass		................M.....................................
10938	01	socialdoors	1	bids/sub-10938/ses-01/func/sub-10938_ses-01_task-socialdoors_run-1_events.tsv	28b29c7d7201b069a3d70e7c2c20107dacde114a51e2e20a7179dd403450a28e	40	40	true	0	0	1			0		0				40	0	0	1	false	false	false	pass		........................................
10938	01	trust	1	bids/sub-10938/ses-01/func/sub-10938_ses-01_task-trust_run-1_events.tsv	aaf6b966c41f6a813f7ecf11cf02955e5a5cd8a3777174eb2538a77c7a6cf3fb	42	42	true	1	0.02381	0.97619	28	28	1	28	0				42	1	0.02381	1	false	false	false	pass		...........................M..............
10938	01	trust	2	bids/sub-10938/ses-01/func/sub-10938_ses-01_task-trust_run-2_events.tsv	a8e302462618de78645f777975bcd9d6312a2edf9db6de72a0e149b2f43237e1	42	42	true	0	0	1			0		0				42	0	0	1	false	false	false	pass		..........................................
10938	01	ugr	1	bids/sub-10938/ses-01/func/sub-10938_ses-01_task-ugr_run-1_events.tsv	6fe7a4bac03f2d1029e7ba76a61517310ba63c1eeed5382fe75dee41e7580157	48	48	true	0	0	1			0		0				48	0	0	1	false	false	false	pass		................................................
10938	01	ugr	2	bids/sub-10938/ses-01/func/sub-10938_ses-01_task-ugr_run-2_events.tsv	3db402333773eb03f1ab49751d8ba9fc89e3de2b0c7711bf21448eda7b9d44c9	48	48	true	0	0	1			0		0				48	0	0	1	false	false	false	pass		................................................
10940	01	doors	1	bids/sub-10940/ses-01/func/sub-10940_ses-01_task-doors_run-1_events.tsv	ade83dba892d01e1a9fb550d6139d3068ef44384ff1ef8496dd151af20a6a6ab	40	40	true	0	0	1			0		0				40	0	0	1	false	false	false	pass		........................................
10940	01	sharedreward	1	bids/sub-10940/ses-01/func/sub-10940_ses-01_task-sharedreward_run-1_events.tsv	d13eaaf9f1fd9a237ff51458868925c29ffa8f72976258d639d6c17947c0751b	54	54	true	0	0	1			0		0				54	0	0	1	false	false	false	pass		......................................................
10940	01	sharedreward	2	bids/sub-10940/ses-01/func/sub-10940_ses-01_task-sharedreward_run-2_events.tsv	8b64b2790012b74acb5465197defd931157e9684d18671dedf451c31074a5d71	54	54	true	0	0	1			0		0				54	0	0	1	false	false	false	pass		......................................................
10940	01	socialdoors	1	bids/sub-10940/ses-01/func/sub-10940_ses-01_task-socialdoors_run-1_events.tsv	344df5d407238ee4da8f091f17d8ce64354e4d6be665c7cf8b705e786b10a543	40	40	true	0	0	1			0		0				40	0	0	1	false	false	false	pass		........................................
10940	01	trust	1	bids/sub-10940/ses-01/func/sub-10940_ses-01_task-trust_run-1_events.tsv	b29b7ab6b8cbc1ef07c639e2626f701a4e08e4e34dd50d4bbe5584d3cb35f9be	42	42	true	0	0	1			0		0				42	0	0	1	false	false	false	pass		..........................................
10940	01	trust	2	bids/sub-10940/ses-01/func/sub-10940_ses-01_task-trust_run-2_events.tsv	f1c9f7c6d5db27e8ba14b9ad91363672697c1d88a79409124666b403042a7205	42	42	true	0	0	1			0		0				42	0	0	1	false	false	false	pass		..........................................
10940	01	ugr	1	bids/sub-10940/ses-01/func/sub-10940_ses-01_task-ugr_run-1_events.tsv	ee056c7c8fea54e2acfcf5c8a3e258279d0e9dce1e3a0c1a3cddc8a9d9d2653b	48	48	true	0	0	1			0		0				48	0	0	1	false	false	false	pass		................................................
10940	01	ugr	2	bids/sub-10940/ses-01/func/sub-10940_ses-01_task-ugr_run-2_events.tsv	4efdd87140e04667c9d161f9922558bbe88d2a6953a21e60eaed080306bbfdd7	48	48	true	0	0	1			0		0				48	0	0	1	false	false	false	pass		................................................
10950	01	doors	1	bids/sub-10950/ses-01/func/sub-10950_ses-01_task-doors_run-1_events.tsv	dd7b60162522b240e21fc5b1de2147956130027bd2b61fadac343f22c70bc239	40	40	true	0	0	1			0		0				40	0	0	1	false	false	false	pass		........................................
10950	01	sharedreward	1	bids/sub-10950/ses-01/func/sub-10950_ses-01_task-sharedreward_run-1_events.tsv	340475f700e04949d1a81a3885a4b91da32ba700c50089530252551b8b150f16	54	54	true	2	0.037037	0.962963	1	44	1	1	0				54	2	0.037037	1	false	false	false	pass		M..........................................M..........
10950	01	sharedreward	2	bids/sub-10950/ses-01/func/sub-10950_ses-01_task-sharedreward_run-2_events.tsv	47018fa0d7a2171b00023600fdd1e6120ac59c0ad8c677392849a25a0eca831b	54	54	true	0	0	1			0		0				54	0	0	1	false	false	false	pass		......................................................
10950	01	socialdoors	1	bids/sub-10950/ses-01/func/sub-10950_ses-01_task-socialdoors_run-1_events.tsv	110603f48709275f7fb15464b33d8726ec40ec9de7bf80724baac8917e3dc172	40	40	true	0	0	1			0		0				40	0	0	1	false	false	false	pass		........................................
10950	01	trust	1	bids/sub-10950/ses-01/func/sub-10950_ses-01_task-trust_run-1_events.tsv	41fa7bc0393b7aaa5b23443031dc08f185d6fd7bf17b33cc4c6498ed65922056	42	42	true	0	0	1			0		0				42	0	0	1	false	false	false	pass		..........................................
10950	01	trust	2	bids/sub-10950/ses-01/func/sub-10950_ses-01_task-trust_run-2_events.tsv	effd23589bc52423da3103f8f900db3474db6d4197fa0a7f194ac35428cd02a9	42	42	true	0	0	1			0		0				42	0	0	1	false	false	false	pass		..........................................
10950	01	ugr	1	bids/sub-10950/ses-01/func/sub-10950_ses-01_task-ugr_run-1_events.tsv	03e0e9cbb0d9955e2d615283272c94dc5c23280268609241072f0732341e515b	48	48	true	0	0	1			0		0				48	0	0	1	false	false	false	pass		................................................
10950	01	ugr	2	bids/sub-10950/ses-01/func/sub-10950_ses-01_task-ugr_run-2_events.tsv	521faef612c22d8a6b11116b396bd73da24c6ad89ff9419b11c4ff162a920d7f	48	48	true	0	0	1			0		0				48	0	0	1	false	false	false	pass		................................................
10951	01	doors	1	bids/sub-10951/ses-01/func/sub-10951_ses-01_task-doors_run-1_events.tsv	864fd219f138363538f629af7397f0ff49262dc1e756bb262bd2b57692674722	40	40	true	0	0	1			0		0				40	0	0	1	false	false	false	pass		........................................
10951	01	sharedreward	1	bids/sub-10951/ses-01/func/sub-10951_ses-01_task-sharedreward_run-1_events.tsv	cea760a525429e267b7e13c6d6524a0fff3c72da9cc089c46699c21d8593fd67	54	54	true	1	0.018519	0.981481	1	1	1	1	0				54	1	0.018519	1	false	false	false	pass		M.....................................................
10951	01	sharedreward	2	bids/sub-10951/ses-01/func/sub-10951_ses-01_task-sharedreward_run-2_events.tsv	adeb9d04febcf9eae25da92865ccde83621eccb42e096c5c89baf35fb67c0ece	54	54	true	0	0	1			0		0				54	0	0	1	false	false	false	pass		......................................................
10951	01	socialdoors	1	bids/sub-10951/ses-01/func/sub-10951_ses-01_task-socialdoors_run-1_events.tsv	03ae4c5a521e6e2e1b40c01b5b9f094644a6014f682aaca457424893a375bdc6	40	40	true	1	0.025	0.975	30	30	1	30	0				40	1	0.025	1	false	false	false	pass		.............................M..........
10951	01	ugr	1	bids/sub-10951/ses-01/func/sub-10951_ses-01_task-ugr_run-1_events.tsv	d486b98ef811144531a177e38615a8d5f1e9ab72bf7ea3aff5f35e07b4ab0579	48	48	true	0	0	1			0		0				48	0	0	1	false	false	false	pass		................................................
10951	01	ugr	2	bids/sub-10951/ses-01/func/sub-10951_ses-01_task-ugr_run-2_events.tsv	00d66283adf1bdb4dd496acd09ea1e32bf3a4ad8e5f16cf6662198bb838b1214	48	48	true	0	0	1			0		0				48	0	0	1	false	false	false	pass		................................................
10952	01	doors	1	bids/sub-10952/ses-01/func/sub-10952_ses-01_task-doors_run-1_events.tsv	82990b99feac9c0e55153a459f33c5ad5925d75c33ea659a2654be92fba5a85e	40	40	true	0	0	1			0		0				40	0	0	1	false	false	false	pass		........................................
10952	01	sharedreward	1	bids/sub-10952/ses-01/func/sub-10952_ses-01_task-sharedreward_run-1_events.tsv	7caee302ff091ae86a42db36d472779e731e3a05fa7600ebfee9fa0ab517c1bb	54	54	true	0	0	1			0		0				54	0	0	1	false	false	false	pass		......................................................
10952	01	sharedreward	2	bids/sub-10952/ses-01/func/sub-10952_ses-01_task-sharedreward_run-2_events.tsv	40598e39af0f1b3a91d6c297a964c409cee928e27452ad893c9487a41f0fc5b2	54	54	true	1	0.018519	0.981481	23	23	1	23	0				54	1	0.018519	1	false	false	false	pass		......................M...............................
10952	01	socialdoors	1	bids/sub-10952/ses-01/func/sub-10952_ses-01_task-socialdoors_run-1_events.tsv	ddb9878ff2fb0e7bfa16f5f8930bc2876ee463cc12c1c7a7210212b3e501e999	40	40	true	1	0.025	0.975	8	8	1	8	0				40	1	0.025	1	false	false	false	pass		.......M................................
10952	01	trust	1	bids/sub-10952/ses-01/func/sub-10952_ses-01_task-trust_run-1_events.tsv	8dc16edcacab132c6bbb9410ff5071728f89c5b9d4696d5155f81ad07b557eb2	42	42	true	0	0	1			0		0				42	0	0	1	false	false	false	pass		..........................................
10952	01	ugr	1	bids/sub-10952/ses-01/func/sub-10952_ses-01_task-ugr_run-1_events.tsv	60bf648b1a9490d7025a0aa07e25fc829920de1c1e58d086fbdce24544a03487	48	48	true	0	0	1			0		0				48	0	0	1	false	false	false	pass		................................................
10952	01	ugr	2	bids/sub-10952/ses-01/func/sub-10952_ses-01_task-ugr_run-2_events.tsv	30f69f66e33c72ae738430b821e0a28448b55e125b100e09ce9b2f01eb03b39d	48	48	true	0	0	1			0		0				48	0	0	1	false	false	false	pass		................................................
10953	01	doors	1	bids/sub-10953/ses-01/func/sub-10953_ses-01_task-doors_run-1_events.tsv	9feb4599fa48efea44395354ea80599883f8bd964b3303d2d0070813c8e51405	40	40	true	0	0	1			0		0				40	0	0	1	false	false	false	pass		........................................
10953	01	sharedreward	1	bids/sub-10953/ses-01/func/sub-10953_ses-01_task-sharedreward_run-1_events.tsv	900fc1734e82a524a357909b1716413c0cee5d9b52bbf9d3ad1668889fdfc7c9	54	54	true	0	0	1			0		0				54	0	0	1	false	false	false	pass		......................................................
10953	01	sharedreward	2	bids/sub-10953/ses-01/func/sub-10953_ses-01_task-sharedreward_run-2_events.tsv	3796daa2289ecea005cf998b2b52fcdab6e4ba4598189ced7362438b72e5147f	54	54	true	2	0.037037	0.962963	14	24	1	14	0				54	2	0.037037	1	false	false	false	pass		.............M.........M..............................
10953	01	socialdoors	1	bids/sub-10953/ses-01/func/sub-10953_ses-01_task-socialdoors_run-1_events.tsv	11c6213fdce04ad3d9e5f9366ef9f2c8ce22c804b39946a3670a5f9437ff53d8	40	40	true	1	0.025	0.975	39	39	1	39	0				40	1	0.025	1	false	false	false	pass		......................................M.
10953	01	trust	1	bids/sub-10953/ses-01/func/sub-10953_ses-01_task-trust_run-1_events.tsv	434e89daef36169b646a512e6077a40a55b3540bbd073fade3821900f85ff28d	42	42	true	0	0	1			0		0				42	0	0	1	false	false	false	pass		..........................................
10953	01	trust	2	bids/sub-10953/ses-01/func/sub-10953_ses-01_task-trust_run-2_events.tsv	b13ff3162212eeac251e58bc6cb8ae9542df448b590c64f4d5e8d1f531e78c0f	42	42	true	0	0	1			0		0				42	0	0	1	false	false	false	pass		..........................................
10953	01	ugr	1	bids/sub-10953/ses-01/func/sub-10953_ses-01_task-ugr_run-1_events.tsv	da6c2683545ee399174089c858c1b7e192bb34380e91901c406f3577a80c8384	48	48	true	0	0	1			0		0				48	0	0	1	false	false	false	pass		................................................
10953	01	ugr	2	bids/sub-10953/ses-01/func/sub-10953_ses-01_task-ugr_run-2_events.tsv	a31e75ec4cfec1889b1c3655928a789e5ca2c38e04627405d8ec819f1da9bd56	48	48	true	0	0	1			0		0				48	0	0	1	false	false	false	pass		................................................
10953	02	doors	1	bids/sub-10953/ses-02/func/sub-10953_ses-02_task-doors_run-1_events.tsv	d07a9e0c17e71ffeb118b89c79450c33508858c06919a689977265264d5d0c56	40	40	true	1	0.025	0.975	18	18	1	18	0				40	1	0.025	1	false	false	false	pass		.................M......................
10953	02	socialdoors	1	bids/sub-10953/ses-02/func/sub-10953_ses-02_task-socialdoors_run-1_events.tsv	67d41bd70bc823fda77082f3ca7e8dc813b5c6f3f7a5d8c7dc1930d99843256c	40	40	true	0	0	1			0		0				40	0	0	1	false	false	false	pass		........................................
10953	02	ugr	1	bids/sub-10953/ses-02/func/sub-10953_ses-02_task-ugr_run-1_events.tsv	cb79e6294c1967f691f12115b7fcc76d6522904b1cd532ec18698a9cbec8ea9c	48	48	true	0	0	1			0		0				48	0	0	1	false	false	false	pass		................................................
10953	02	ugr	2	bids/sub-10953/ses-02/func/sub-10953_ses-02_task-ugr_run-2_events.tsv	0f5678480064b5a8bdaf4a2a31e35e544041e69360bc38f691fd932266e99650	48	48	true	0	0	1			0		0				48	0	0	1	false	false	false	pass		................................................
10954	01	doors	1	bids/sub-10954/ses-01/func/sub-10954_ses-01_task-doors_run-1_events.tsv	a0d2225eca61a2953e30cde0e95880fc8353271288143cfed2dc832cc9e5e906	40	40	true	10	0.25	0.75	6	40	3	36	1	40	325.821609	4.583291	39	9	0.230769	0.975	true	false	false	review	overall_miss_fraction_threshold	.....M......M.............M.M.M..M.MMM.M
10954	01	sharedreward	1	bids/sub-10954/ses-01/func/sub-10954_ses-01_task-sharedreward_run-1_events.tsv	3c8859ab00caf4ae9995b9a0a943173b09ac7ab645f443dc1ca65d36fbd7b0b5	54	54	true	11	0.203704	0.796296	1	54	5	17	2	53	384.49783	13.28017	52	9	0.173077	0.962963	false	false	false	pass		M...............MMMMM..............M............MM..MM
10954	01	sharedreward	2	bids/sub-10954/ses-01/func/sub-10954_ses-01_task-sharedreward_run-2_events.tsv	f8384d4c520bb0a4ea2d5a7c35545d326a3de452ed4e5991fdf353060c92d130	54	54	true	15	0.277778	0.722222	8	53	2	14	0				54	15	0.277778	1	true	false	false	review	overall_miss_fraction_threshold	.......M.....MM.M......M...MM.....M....M.MM.M.M....MM.
10954	01	socialdoors	1	bids/sub-10954/ses-01/func/sub-10954_ses-01_task-socialdoors_run-1_events.tsv	170baad3189afed00cb8de23a392956e2ef020fba2825df8360eb3856996b5db	40	40	true	12	0.3	0.7	3	39	4	36	0				40	12	0.3	1	true	false	false	review	overall_miss_fraction_threshold	..M.........M..M..M....M....M.MM...MMMM.
10954	01	trust	1	bids/sub-10954/ses-01/func/sub-10954_ses-01_task-trust_run-1_events.tsv	5566a1983ef121a623dc10aaa65638dd8c2420d776ae0d8b2a1f1538ad8bb2ef	42	42	true	13	0.309524	0.690476	6	41	4	34	0				42	13	0.309524	1	true	false	false	review	overall_miss_fraction_threshold	.....M....M..........M.M....MM.M.MMMM..MM.
10954	01	trust	2	bids/sub-10954/ses-01/func/sub-10954_ses-01_task-trust_run-2_events.tsv	3b3c14bf4650ad755e63b8070a30b4a27fc40cf9a405847546572206a608a4db	42	42	true	12	0.285714	0.714286	1	41	4	38	0				42	12	0.285714	1	true	false	false	review	overall_miss_fraction_threshold	M........M........M..M.MMM.......M...MMMM.
10954	01	ugr	1	bids/sub-10954/ses-01/func/sub-10954_ses-01_task-ugr_run-1_events.tsv	b9827a7f48a2317a30bae7b440b23de9804ad046b21372990fe9682ed4afe2c0	48	48	true	15	0.3125	0.6875	9	46	4	30	0				48	15	0.3125	1	true	false	false	review	overall_miss_fraction_threshold	........M.M.....M....M...M.M.MMMM.......M.MMMM..
10954	01	ugr	2	bids/sub-10954/ses-01/func/sub-10954_ses-01_task-ugr_run-2_events.tsv	472888d1019090eb7fef6583d126c801e803d37a972ced71d22cbc9044866240	48	48	true	6	0.125	0.875	11	44	1	11	0				48	6	0.125	1	false	false	false	pass		..........M....M...M.....M..............M..M....
10956	01	doors	1	bids/sub-10956/ses-01/func/sub-10956_ses-01_task-doors_run-1_events.tsv	b1b0e87abeb0b7d60d3c996e1498b51ae5a4e1fd66616a59c491f379648f427e	40	40	true	0	0	1			0		0				40	0	0	1	false	false	false	pass		........................................
10956	01	sharedreward	1	bids/sub-10956/ses-01/func/sub-10956_ses-01_task-sharedreward_run-1_events.tsv	9a49a36ea81aa7a4476319ee45102e9ea770aea87650ae140dcdedad89867c94	54	54	true	0	0	1			0		0				54	0	0	1	false	false	false	pass		......................................................
10956	01	sharedreward	2	bids/sub-10956/ses-01/func/sub-10956_ses-01_task-sharedreward_run-2_events.tsv	6897366bb339ff423c8a314f25f7cda03b5975e0b958a2927fd1d972c775f102	54	54	true	0	0	1			0		0				54	0	0	1	false	false	false	pass		......................................................
10956	01	socialdoors	1	bids/sub-10956/ses-01/func/sub-10956_ses-01_task-socialdoors_run-1_events.tsv	8a2d402fe51e46a1474365c97c7f2f81c2d752ea98380fe5c21ab5e19afb1e20	40	40	true	0	0	1			0		0				40	0	0	1	false	false	false	pass		........................................
10956	01	trust	1	bids/sub-10956/ses-01/func/sub-10956_ses-01_task-trust_run-1_events.tsv	853c29629a3ee4ebe0eaf00b6cb8e2767ace2438524d1b58b87dda99c7ecf7f2	42	42	true	0	0	1			0		0				42	0	0	1	false	false	false	pass		..........................................
10956	01	trust	2	bids/sub-10956/ses-01/func/sub-10956_ses-01_task-trust_run-2_events.tsv	fc5b2e8a65b929d274e5cd0fbe798515f5091ed947fd2f974f4986ea9e73f61a	42	42	true	0	0	1			0		0				42	0	0	1	false	false	false	pass		..........................................
10956	01	ugr	1	bids/sub-10956/ses-01/func/sub-10956_ses-01_task-ugr_run-1_events.tsv	e8ec62bfdafbf4cd92bf98c7ce27d843ab8c0b4e4767bc5eff1865870d552771	48	48	true	0	0	1			0		0				48	0	0	1	false	false	false	pass		................................................
10956	01	ugr	2	bids/sub-10956/ses-01/func/sub-10956_ses-01_task-ugr_run-2_events.tsv	2aab9780c0d8155166e81358de41527a02852b10e55e5c0ec1cb38525babf8c1	48	48	true	0	0	1			0		0				48	0	0	1	false	false	false	pass		................................................
10958	01	doors	1	bids/sub-10958/ses-01/func/sub-10958_ses-01_task-doors_run-1_events.tsv	2129871b715456c4b52d81f5373e719a06e561f9121bb15b6883a41b5b8193f5	40	40	true	0	0	1			0		0				40	0	0	1	false	false	false	pass		........................................
10958	01	sharedreward	1	bids/sub-10958/ses-01/func/sub-10958_ses-01_task-sharedreward_run-1_events.tsv	0cbd5d904389e563d68a804387a5d7b4c7e783ddbb34e46970d3668e3ad8ae10	54	54	true	0	0	1			0		0				54	0	0	1	false	false	false	pass		......................................................
10958	01	sharedreward	2	bids/sub-10958/ses-01/func/sub-10958_ses-01_task-sharedreward_run-2_events.tsv	b614e728f005570bfe3a873516401ea09b1933381d3f63a78875ec6b438ba4c6	54	54	true	0	0	1			0		0				54	0	0	1	false	false	false	pass		......................................................
10958	01	socialdoors	1	bids/sub-10958/ses-01/func/sub-10958_ses-01_task-socialdoors_run-1_events.tsv	54b0b269a29c91c09178d11f105d3e6acf3c78fa7722bb6bca016445ba4a3fa3	40	40	true	0	0	1			0		0				40	0	0	1	false	false	false	pass		........................................
10958	01	trust	1	bids/sub-10958/ses-01/func/sub-10958_ses-01_task-trust_run-1_events.tsv	db7c5824a9683b1fe47b06807ee90d1681b61f2ffe5652c5660b714a037816dc	42	42	true	2	0.047619	0.952381	13	21	1	13	0				42	2	0.047619	1	false	false	false	pass		............M.......M.....................
10958	01	trust	2	bids/sub-10958/ses-01/func/sub-10958_ses-01_task-trust_run-2_events.tsv	59745cf5821b12a3cf6428d00ffdd8c58fc513f08684e3eafc567ce026de9a02	42	42	true	0	0	1			0		0				42	0	0	1	false	false	false	pass		..........................................
10958	01	ugr	1	bids/sub-10958/ses-01/func/sub-10958_ses-01_task-ugr_run-1_events.tsv	14ad8e526d16b21255ddd9e429f3aabc59b7f57b10504ac175cfe287db770e61	48	48	true	0	0	1			0		0				48	0	0	1	false	false	false	pass		................................................
10958	01	ugr	2	bids/sub-10958/ses-01/func/sub-10958_ses-01_task-ugr_run-2_events.tsv	b2434aedde5591e6004a8970de03a68e88385a509575b8114a15d3c54dd08df4	48	48	true	0	0	1			0		0				48	0	0	1	false	false	false	pass		................................................
10961	01	doors	1	bids/sub-10961/ses-01/func/sub-10961_ses-01_task-doors_run-1_events.tsv	5bd6afef854e460aedd7db6944370f615bcc2d69ab2d3299f80f8f7ff625f8c8	40	40	true	0	0	1			0		0				40	0	0	1	false	false	false	pass		........................................
10961	01	sharedreward	1	bids/sub-10961/ses-01/func/sub-10961_ses-01_task-sharedreward_run-1_events.tsv	1a76061bb87b12716728f554f2c8e5ac9cf7c21998bdc9d3ef5d203a2c22ff8b	54	54	true	0	0	1			0		0				54	0	0	1	false	false	false	pass		......................................................
10961	01	sharedreward	2	bids/sub-10961/ses-01/func/sub-10961_ses-01_task-sharedreward_run-2_events.tsv	25f3e27f60a8acfd60ca80775c5be105f4c3f9904b29180090bd3036dad7db98	54	54	true	0	0	1			0		0				54	0	0	1	false	false	false	pass		......................................................
10961	01	socialdoors	1	bids/sub-10961/ses-01/func/sub-10961_ses-01_task-socialdoors_run-1_events.tsv	2839a6708892c2ca6b67b08069f1f96ab529b5a67f21244d3c4b58b10d251273	40	40	true	0	0	1			0		0				40	0	0	1	false	false	false	pass		........................................
10961	01	trust	1	bids/sub-10961/ses-01/func/sub-10961_ses-01_task-trust_run-1_events.tsv	5b025a82de3b340a0522d14ed0731a7913ba27a7377fbd240068eaac645fd0ef	42	42	true	1	0.02381	0.97619	39	39	1	39	0				42	1	0.02381	1	false	false	false	pass		......................................M...
10961	01	trust	2	bids/sub-10961/ses-01/func/sub-10961_ses-01_task-trust_run-2_events.tsv	44c6827eca6962fb1d22e50f235a7be3619e884182bd342466a53f990e8d3a77	42	42	true	2	0.047619	0.952381	21	23	1	21	0				42	2	0.047619	1	false	false	false	pass		....................M.M...................
10961	01	ugr	1	bids/sub-10961/ses-01/func/sub-10961_ses-01_task-ugr_run-1_events.tsv	0b7a5df0eb83a8d24185f2f82c43ec1407dbfe4fa4fe87148cefefd5de023e3b	48	48	true	0	0	1			0		0				48	0	0	1	false	false	false	pass		................................................
10961	01	ugr	2	bids/sub-10961/ses-01/func/sub-10961_ses-01_task-ugr_run-2_events.tsv	63db431c01aeeed935aecb5256d9db882d4222ddec3ac5539ba3e73c58ee13f7	48	48	true	0	0	1			0		0				48	0	0	1	false	false	false	pass		................................................
10964	01	doors	1	bids/sub-10964/ses-01/func/sub-10964_ses-01_task-doors_run-1_events.tsv	3a0cd7246199e9d706917df8bffdb3accb55160a3b646ff5bff0b9fc96dcf095	40	40	true	0	0	1			0		0				40	0	0	1	false	false	false	pass		........................................
10964	01	sharedreward	1	bids/sub-10964/ses-01/func/sub-10964_ses-01_task-sharedreward_run-1_events.tsv	393e9c1aa4871d4d8753d225a494b0794688ed54b79ea9ac867d4de6971752e0	54	54	true	1	0.018519	0.981481	1	1	1	1	0				54	1	0.018519	1	false	false	false	pass		M.....................................................
10964	01	sharedreward	2	bids/sub-10964/ses-01/func/sub-10964_ses-01_task-sharedreward_run-2_events.tsv	7d7f59c01f8660b1873837f67ead372d0fbfba21efef4540bca89a1ab6eab626	54	54	true	0	0	1			0		0				54	0	0	1	false	false	false	pass		......................................................
10964	01	socialdoors	1	bids/sub-10964/ses-01/func/sub-10964_ses-01_task-socialdoors_run-1_events.tsv	8df248f04ddcbe452fbd3cb6fb30e290c3d0631206242d635ddd35b1a596cb74	40	40	true	1	0.025	0.975	24	24	1	24	0				40	1	0.025	1	false	false	false	pass		.......................M................
10964	01	trust	1	bids/sub-10964/ses-01/func/sub-10964_ses-01_task-trust_run-1_events.tsv	cb3e833eb5a50a95a7192b6951da3418e65afda380c72776cc1dbfcccdd817cc	42	42	true	1	0.02381	0.97619	4	4	1	4	0				42	1	0.02381	1	false	false	false	pass		...M......................................
10964	01	trust	2	bids/sub-10964/ses-01/func/sub-10964_ses-01_task-trust_run-2_events.tsv	038de7ce33f22c2cf45e9fbf7dfc7b8cb8cae555d010fb93da2cf6cfa2f2d6fd	42	42	true	1	0.02381	0.97619	42	42	1	42	1	42	435.4255	3.00336	41	0	0	0.97619	false	false	false	pass		.........................................M
10964	01	ugr	1	bids/sub-10964/ses-01/func/sub-10964_ses-01_task-ugr_run-1_events.tsv	ec51de4835d390ced31a4eec28034b16ebcf04832380ac8ea0c806f3e2857f80	48	48	true	0	0	1			0		0				48	0	0	1	false	false	false	pass		................................................
10964	01	ugr	2	bids/sub-10964/ses-01/func/sub-10964_ses-01_task-ugr_run-2_events.tsv	8f3ffb619912d7d653a5a3d689318143b7a2732ba6a06bd4a0bede3934aaf402	48	48	true	0	0	1			0		0				48	0	0	1	false	false	false	pass		................................................
10966	01	doors	1	bids/sub-10966/ses-01/func/sub-10966_ses-01_task-doors_run-1_events.tsv	52ae64a3bd654daae5b61ee659a148b3aaed2795dc27a142b218f64440e5f7af	40	40	true	0	0	1			0		0				40	0	0	1	false	false	false	pass		........................................
10966	01	sharedreward	1	bids/sub-10966/ses-01/func/sub-10966_ses-01_task-sharedreward_run-1_events.tsv	a7d73012b4117ae8f725be7da7222ad1a5d4a5710d460ba6d34337f537293460	54	54	true	1	0.018519	0.981481	37	37	1	37	0				54	1	0.018519	1	false	false	false	pass		....................................M.................
10966	01	sharedreward	2	bids/sub-10966/ses-01/func/sub-10966_ses-01_task-sharedreward_run-2_events.tsv	cb685b57c938af3d98d09d85628651b02fafe9f77a2ae17e1a4ba333f89c6118	54	54	true	1	0.018519	0.981481	9	9	1	9	0				54	1	0.018519	1	false	false	false	pass		........M.............................................
10966	01	socialdoors	1	bids/sub-10966/ses-01/func/sub-10966_ses-01_task-socialdoors_run-1_events.tsv	a98f7b32a307a5171e6568f209d7b9dc858d28fd7111b7fe117ac5bfb0e852ac	40	40	true	1	0.025	0.975	16	16	1	16	0				40	1	0.025	1	false	false	false	pass		...............M........................
10966	01	trust	1	bids/sub-10966/ses-01/func/sub-10966_ses-01_task-trust_run-1_events.tsv	6f8bd68fc6778feee44ab2bf0125e6aedd184b8e48bd358d3ed6441d22d03d19	42	42	true	1	0.02381	0.97619	35	35	1	35	0				42	1	0.02381	1	false	false	false	pass		..................................M.......
10966	01	trust	2	bids/sub-10966/ses-01/func/sub-10966_ses-01_task-trust_run-2_events.tsv	281c78b21592ae31bdb66f87232e915dae0309fece9c210da5dae43b5dc020aa	42	42	true	0	0	1			0		0				42	0	0	1	false	false	false	pass		..........................................
10966	01	ugr	1	bids/sub-10966/ses-01/func/sub-10966_ses-01_task-ugr_run-1_events.tsv	1f185a6138c1ff7cc7538d13584dae260318c6de04b85445b5dcd01680a31d74	48	48	true	1	0.020833	0.979167	1	1	1	1	0				48	1	0.020833	1	false	false	false	pass		M...............................................
10966	01	ugr	2	bids/sub-10966/ses-01/func/sub-10966_ses-01_task-ugr_run-2_events.tsv	e66da9cc3fd6ee86703de9b722ca141f1812e1d1317969c8a1d8e17ba06ea445	48	48	true	0	0	1			0		0				48	0	0	1	false	false	false	pass		................................................
10969	01	doors	1	bids/sub-10969/ses-01/func/sub-10969_ses-01_task-doors_run-1_events.tsv	d3a1b308ed5046e3d69319eec1f5f923d3ab05e758ea2cdef4ea98c01f14649a	40	40	true	0	0	1			0		0				40	0	0	1	false	false	false	pass		........................................
10969	01	sharedreward	1	bids/sub-10969/ses-01/func/sub-10969_ses-01_task-sharedreward_run-1_events.tsv	39b5fb8c5e3af7a9ae7cb10ce8935b7e2105fe7ecfa638fd05244f7140206475	54	54	true	1	0.018519	0.981481	1	1	1	1	0				54	1	0.018519	1	false	false	false	pass		M.....................................................
10969	01	sharedreward	2	bids/sub-10969/ses-01/func/sub-10969_ses-01_task-sharedreward_run-2_events.tsv	acbf20b47e9157e09797ff62096e641567be20a085f4c30514e412f2de1fc7fe	54	54	true	0	0	1			0		0				54	0	0	1	false	false	false	pass		......................................................
10969	01	socialdoors	1	bids/sub-10969/ses-01/func/sub-10969_ses-01_task-socialdoors_run-1_events.tsv	cc14997baebbf2fcf4196bac14c84a67bd86d69d516a374df2aef66c929cd787	40	40	true	0	0	1			0		0				40	0	0	1	false	false	false	pass		........................................
10969	01	trust	1	bids/sub-10969/ses-01/func/sub-10969_ses-01_task-trust_run-1_events.tsv	a68c7c82c6214ac4a3144635bb432fc541a34ba6473c024aafae58e89be4f464	42	42	true	0	0	1			0		0				42	0	0	1	false	false	false	pass		..........................................
10969	01	trust	2	bids/sub-10969/ses-01/func/sub-10969_ses-01_task-trust_run-2_events.tsv	943c517b9a1312371584af3aa54577119441adb8de6721666404321eb21e064b	42	42	true	0	0	1			0		0				42	0	0	1	false	false	false	pass		..........................................
10969	01	ugr	1	bids/sub-10969/ses-01/func/sub-10969_ses-01_task-ugr_run-1_events.tsv	beae13b1c627dd6db6ceb1f7fc9407b000337cf4a1db61e2d7033d9472898e4d	48	48	true	0	0	1			0		0				48	0	0	1	false	false	false	pass		................................................
10969	01	ugr	2	bids/sub-10969/ses-01/func/sub-10969_ses-01_task-ugr_run-2_events.tsv	6ddf1f678f55b414c4f5b06a41ca0f549ab07d02f6d316e4cbcde811f0767cb9	48	48	true	0	0	1			0		0				48	0	0	1	false	false	false	pass		................................................
10974	01	doors	1	bids/sub-10974/ses-01/func/sub-10974_ses-01_task-doors_run-1_events.tsv	bb47934294c7546db86c56d9861178765920d44df1411a2275a00c7c51ff5f23	40	40	true	2	0.05	0.95	3	35	1	3	0				40	2	0.05	1	false	false	false	pass		..M...............................M.....
10974	01	sharedreward	1	bids/sub-10974/ses-01/func/sub-10974_ses-01_task-sharedreward_run-1_events.tsv	4c5dcfc2cd82191e9c0f8b2cb15cf3c9b3366d841809fbf1ebe1faae3c81b26c	54	54	true	2	0.037037	0.962963	1	9	1	1	0				54	2	0.037037	1	false	false	false	pass		M.......M.............................................
10974	01	sharedreward	2	bids/sub-10974/ses-01/func/sub-10974_ses-01_task-sharedreward_run-2_events.tsv	2fd2dc24b4d83c4f04e689d1c1e7b03a8da50e2301cef02eced688cf93aa15a4	54	54	true	0	0	1			0		0				54	0	0	1	false	false	false	pass		......................................................
10974	01	socialdoors	1	bids/sub-10974/ses-01/func/sub-10974_ses-01_task-socialdoors_run-1_events.tsv	2853852fbd608761f9612ed0e6e9f38080e3e4ff762292d9ae7e992650135dd9	40	40	true	3	0.075	0.925	11	40	2	39	2	39	319.674476	13.033193	38	1	0.026316	0.95	false	false	false	pass		..........M...........................MM
10974	01	trust	1	bids/sub-10974/ses-01/func/sub-10974_ses-01_task-trust_run-1_events.tsv	42d5b36261a086c6e17b7420b792cc04258db6e5c3249493e0bfde096fb748bd	42	42	true	4	0.095238	0.904762	2	28	1	2	0				42	4	0.095238	1	false	false	false	pass		.M.....M.............M.....M..............
10974	01	ugr	1	bids/sub-10974/ses-01/func/sub-10974_ses-01_task-ugr_run-1_events.tsv	a932458e4ac338ba61649bd6d6434522000d9ce85f38bac7886d5dc78eb4b16b	48	48	true	0	0	1			0		0				48	0	0	1	false	false	false	pass		................................................
10974	01	ugr	2	bids/sub-10974/ses-01/func/sub-10974_ses-01_task-ugr_run-2_events.tsv	d30af6996a4c7f523127635e0e026b0b65daffa734ab251b91d1fde7a6442b83	48	48	true	1	0.020833	0.979167	25	25	1	25	0				48	1	0.020833	1	false	false	false	pass		........................M.......................
10974	02	doors	1	bids/sub-10974/ses-02/func/sub-10974_ses-02_task-doors_run-1_events.tsv	4b06f6b85cf000a32243a2b08aaed09f28fb65b09a1539aa830c064d3351ada6	40	40	true	3	0.075	0.925	13	39	1	13	0				40	3	0.075	1	false	false	false	pass		............M...............M.........M.
10974	02	socialdoors	1	bids/sub-10974/ses-02/func/sub-10974_ses-02_task-socialdoors_run-1_events.tsv	ef9bb906d3d6cf5a0787e483e05e8607c0c9e626bb61c4770fc9bf7810a78bff	40	40	true	3	0.075	0.925	1	39	1	1	0				40	3	0.075	1	false	false	false	pass		M..............M......................M.
10974	02	ugr	1	bids/sub-10974/ses-02/func/sub-10974_ses-02_task-ugr_run-1_events.tsv	37582267621bffaa4ec2271373ec403f0af9816309bfaae5f6ee64ef1bb778b3	48	48	true	1	0.020833	0.979167	43	43	1	43	0				48	1	0.020833	1	false	false	false	pass		..........................................M.....
10974	02	ugr	2	bids/sub-10974/ses-02/func/sub-10974_ses-02_task-ugr_run-2_events.tsv	65982dcd84d947ca7eb98e81ecd1eae76b1c91674bbe9dc70c1bdd51b3b329f6	48	48	true	0	0	1			0		0				48	0	0	1	false	false	false	pass		................................................
10977	01	doors	1	bids/sub-10977/ses-01/func/sub-10977_ses-01_task-doors_run-1_events.tsv	2b3f57d938ab23efac0a9054988ec068444fbc48756627513c78b78b71db2519	40	40	true	0	0	1			0		0				40	0	0	1	false	false	false	pass		........................................
10977	01	sharedreward	1	bids/sub-10977/ses-01/func/sub-10977_ses-01_task-sharedreward_run-1_events.tsv	8f6e21174ff4a3a96b5702374f808b05ca9e930d4bba076d80fc6d13161bbd6b	54	54	true	0	0	1			0		0				54	0	0	1	false	false	false	pass		......................................................
10977	01	sharedreward	2	bids/sub-10977/ses-01/func/sub-10977_ses-01_task-sharedreward_run-2_events.tsv	20ebbb39f0763a63a6c0df1f5b26230c72789c267b1f0f073c9a02c0435a69a5	54	54	true	0	0	1			0		0				54	0	0	1	false	false	false	pass		......................................................
10977	01	socialdoors	1	bids/sub-10977/ses-01/func/sub-10977_ses-01_task-socialdoors_run-1_events.tsv	fd5f4b57f79187c16d8b54aeb899cf92d3a29b3406d1633dfd5790a6285a89a9	40	40	true	0	0	1			0		0				40	0	0	1	false	false	false	pass		........................................
10977	01	trust	1	bids/sub-10977/ses-01/func/sub-10977_ses-01_task-trust_run-1_events.tsv	07ddfd6f2b7c00fd1140f9b4060678375c4c6f77cf002102927baae5778fe738	42	42	true	0	0	1			0		0				42	0	0	1	false	false	false	pass		..........................................
10977	01	ugr	1	bids/sub-10977/ses-01/func/sub-10977_ses-01_task-ugr_run-1_events.tsv	bbb896bbea951c6c4fa374240d9713d0d7a7d002e345e3c3393063f59aa3c957	48	48	true	1	0.020833	0.979167	15	15	1	15	0				48	1	0.020833	1	false	false	false	pass		..............M.................................
10977	01	ugr	2	bids/sub-10977/ses-01/func/sub-10977_ses-01_task-ugr_run-2_events.tsv	ced2c7e77513abfaa3450dcf303d7c9ea7ec3fea7bf9ed7e56344e6ab937bea8	48	48	true	0	0	1			0		0				48	0	0	1	false	false	false	pass		................................................
10979	01	doors	1	bids/sub-10979/ses-01/func/sub-10979_ses-01_task-doors_run-1_events.tsv	5044dbb57826823a6e600a449740876f1e354e678028bffbe4de6c1adf079680	40	40	true	0	0	1			0		0				40	0	0	1	false	false	false	pass		........................................
10979	01	sharedreward	1	bids/sub-10979/ses-01/func/sub-10979_ses-01_task-sharedreward_run-1_events.tsv	740fab1ae1f069c613bfd2ffc075449064b46ac4d460451bde56453e7087725c	54	54	true	0	0	1			0		0				54	0	0	1	false	false	false	pass		......................................................
10979	01	sharedreward	2	bids/sub-10979/ses-01/func/sub-10979_ses-01_task-sharedreward_run-2_events.tsv	3e9fc3ea3121a1f5eed28d6906fac42e053649fc8d2fedbce3c2b277d00b5f80	54	54	true	0	0	1			0		0				54	0	0	1	false	false	false	pass		......................................................
10979	01	socialdoors	1	bids/sub-10979/ses-01/func/sub-10979_ses-01_task-socialdoors_run-1_events.tsv	4bdc3c1cc3f7b6c575bcfd7099d5f36dbcb3fee7d04ccd5f3157da0a4e79b35c	40	40	true	0	0	1			0		0				40	0	0	1	false	false	false	pass		........................................
10979	01	trust	1	bids/sub-10979/ses-01/func/sub-10979_ses-01_task-trust_run-1_events.tsv	aa83fdcbc04bf2747684faab39645a0a440829883f6a42a459f4b829f9436c81	42	42	true	0	0	1			0		0				42	0	0	1	false	false	false	pass		..........................................
10979	01	trust	2	bids/sub-10979/ses-01/func/sub-10979_ses-01_task-trust_run-2_events.tsv	c7eca75c4d8a3b6adae3c6829c74b0bc693f190a08acbf46019a396a91d2e665	42	42	true	0	0	1			0		0				42	0	0	1	false	false	false	pass		..........................................
10983	01	doors	1	bids/sub-10983/ses-01/func/sub-10983_ses-01_task-doors_run-1_events.tsv	64685d6d7f38dfc14724a2ccfe47b435784303bef4a5d252480761c5c65697d1	40	40	true	0	0	1			0		0				40	0	0	1	false	false	false	pass		........................................
10983	01	sharedreward	1	bids/sub-10983/ses-01/func/sub-10983_ses-01_task-sharedreward_run-1_events.tsv	4668933171cb4253045ad9c576810f6c31ac4cea0878faec6c17c26e95d66c69	54	54	true	0	0	1			0		0				54	0	0	1	false	false	false	pass		......................................................
10983	01	sharedreward	2	bids/sub-10983/ses-01/func/sub-10983_ses-01_task-sharedreward_run-2_events.tsv	a96b2ece4381a32864be9c4c4648e89c96f7fa6abef395012d4e3d962cfac463	54	54	true	0	0	1			0		0				54	0	0	1	false	false	false	pass		......................................................
10983	01	socialdoors	1	bids/sub-10983/ses-01/func/sub-10983_ses-01_task-socialdoors_run-1_events.tsv	8090ba0c8a907f95b393470db50a599c6f8583e765a659f92da64ebb1b5127e8	40	40	true	0	0	1			0		0				40	0	0	1	false	false	false	pass		........................................
10983	01	trust	1	bids/sub-10983/ses-01/func/sub-10983_ses-01_task-trust_run-1_events.tsv	a38da3f6a6e76b95ea36dd7566151047877654b7178e407814033ab9bb1e5cbc	42	42	true	2	0.047619	0.952381	2	35	1	2	0				42	2	0.047619	1	false	false	false	pass		.M................................M.......
10983	01	trust	2	bids/sub-10983/ses-01/func/sub-10983_ses-01_task-trust_run-2_events.tsv	4cf111b282a79aca11b5f624473c397e926df5d56ab2439195f430a9bd251f48	42	42	true	2	0.047619	0.952381	9	11	1	9	0				42	2	0.047619	1	false	false	false	pass		........M.M...............................
10983	01	ugr	1	bids/sub-10983/ses-01/func/sub-10983_ses-01_task-ugr_run-1_events.tsv	28b0abc86836b0bd0a3b30c294c50d73c370af64801dbf7e5a390fc5ac6b1bc2	48	48	true	1	0.020833	0.979167	40	40	1	40	0				48	1	0.020833	1	false	false	false	pass		.......................................M........
10983	01	ugr	2	bids/sub-10983/ses-01/func/sub-10983_ses-01_task-ugr_run-2_events.tsv	427ec0c861c879eff3ff63c47457b4014bc1ec07fa6f8bf7b382c608e8c76f06	48	48	true	2	0.041667	0.958333	42	46	1	42	0				48	2	0.041667	1	false	false	false	pass		.........................................M...M..
10984	01	doors	1	bids/sub-10984/ses-01/func/sub-10984_ses-01_task-doors_run-1_events.tsv	922007f10d7236e397684078edf7a5f289190d32187dc528cb3d515db5eb192b	40	40	true	1	0.025	0.975	35	35	1	35	0				40	1	0.025	1	false	false	false	pass		..................................M.....
10984	01	sharedreward	1	bids/sub-10984/ses-01/func/sub-10984_ses-01_task-sharedreward_run-1_events.tsv	1917f714c444f705cb6020ac5d109df98f36d58b6c11d658b78a4d0ed9462a56	54	54	true	0	0	1			0		0				54	0	0	1	false	false	false	pass		......................................................
10984	01	sharedreward	2	bids/sub-10984/ses-01/func/sub-10984_ses-01_task-sharedreward_run-2_events.tsv	ac5271051ab02f8a76e5c36fd111237f439e6c46403d22f461096f2643d3f5a3	54	54	true	0	0	1			0		0				54	0	0	1	false	false	false	pass		......................................................
10984	01	socialdoors	1	bids/sub-10984/ses-01/func/sub-10984_ses-01_task-socialdoors_run-1_events.tsv	ee28fcbcdea9befc06a6bd9399babab6edcc79b45252dc774b73529e888a0b4c	40	40	true	0	0	1			0		0				40	0	0	1	false	false	false	pass		........................................
10984	01	trust	1	bids/sub-10984/ses-01/func/sub-10984_ses-01_task-trust_run-1_events.tsv	b0940f0cb08852ed967a340e0368ad34a3b79fc953d9c86680138c1bad7fce77	42	42	true	1	0.02381	0.97619	31	31	1	31	0				42	1	0.02381	1	false	false	false	pass		..............................M...........
10984	01	trust	2	bids/sub-10984/ses-01/func/sub-10984_ses-01_task-trust_run-2_events.tsv	be97571f5af0be2b32a130a9633c610d2b49ec8659f3f570b342a2151ae4ff0d	42	42	true	2	0.047619	0.952381	27	40	1	27	0				42	2	0.047619	1	false	false	false	pass		..........................M............M..
10984	01	ugr	1	bids/sub-10984/ses-01/func/sub-10984_ses-01_task-ugr_run-1_events.tsv	0088a5df85762bc8e9cfbde4dc26f1b0cc7692c5055bba83f64f65a916285196	48	48	true	0	0	1			0		0				48	0	0	1	false	false	false	pass		................................................
10984	01	ugr	2	bids/sub-10984/ses-01/func/sub-10984_ses-01_task-ugr_run-2_events.tsv	d17a4c7af90ab33cca3026003c1af2d4ba279855720b5f15723aa9a068ded398	48	48	true	0	0	1			0		0				48	0	0	1	false	false	false	pass		................................................
10998	01	doors	1	bids/sub-10998/ses-01/func/sub-10998_ses-01_task-doors_run-1_events.tsv	9361fdf0226221f70cf78e0526566f297f9721e44085240853eada90c549a222	40	40	true	0	0	1			0		0				40	0	0	1	false	false	false	pass		........................................
10998	01	sharedreward	1	bids/sub-10998/ses-01/func/sub-10998_ses-01_task-sharedreward_run-1_events.tsv	90f19d3e706132426fe31364547faf24ff6b7c131ee22a406c75e0c9df68dcc1	54	54	true	0	0	1			0		0				54	0	0	1	false	false	false	pass		......................................................
10998	01	sharedreward	2	bids/sub-10998/ses-01/func/sub-10998_ses-01_task-sharedreward_run-2_events.tsv	3abb5c6005d6f2be3ebc3793d73d0403f00d4fc527fa216b1ce5c3fda0a4ca33	54	54	true	1	0.018519	0.981481	1	1	1	1	0				54	1	0.018519	1	false	false	false	pass		M.....................................................
10998	01	socialdoors	1	bids/sub-10998/ses-01/func/sub-10998_ses-01_task-socialdoors_run-1_events.tsv	bf2dfe8b6a255fc439db340d96f9d8cdef9efc5243df191b571678304e86c50c	40	40	true	0	0	1			0		0				40	0	0	1	false	false	false	pass		........................................
10998	01	trust	1	bids/sub-10998/ses-01/func/sub-10998_ses-01_task-trust_run-1_events.tsv	34c3babaec93965890841c02dfdb62a90ccc20bbe10685366ed85fdbc09cd80f	42	42	true	1	0.02381	0.97619	9	9	1	9	0				42	1	0.02381	1	false	false	false	pass		........M.................................
10998	01	trust	2	bids/sub-10998/ses-01/func/sub-10998_ses-01_task-trust_run-2_events.tsv	b3804cc6012945e6063cbfec9a8de362e94b9df3878d875c2e920f9a2c90a4ed	42	42	true	0	0	1			0		0				42	0	0	1	false	false	false	pass		..........................................
10998	01	ugr	1	bids/sub-10998/ses-01/func/sub-10998_ses-01_task-ugr_run-1_events.tsv	c67dd4c8a7bd249fe2a2100a7116c8b246a148eb95b0f7d8a35a37e1b7f37756	48	48	true	0	0	1			0		0				48	0	0	1	false	false	false	pass		................................................
10998	01	ugr	2	bids/sub-10998/ses-01/func/sub-10998_ses-01_task-ugr_run-2_events.tsv	008e1279801d8a0a3008564487fbf30f7d07e4534fa56b099dd628bdf758d7b0	48	48	true	0	0	1			0		0				48	0	0	1	false	false	false	pass		................................................
11005	01	doors	1	bids/sub-11005/ses-01/func/sub-11005_ses-01_task-doors_run-1_events.tsv	7e456280e56f795f7369f16a2b7b18f9d87445ad00f4626ff8c569d7c28bf4b7	40	40	true	0	0	1			0		0				40	0	0	1	false	false	false	pass		........................................
11005	01	sharedreward	1	bids/sub-11005/ses-01/func/sub-11005_ses-01_task-sharedreward_run-1_events.tsv	0036a6b8dcacb4e4ca2945ae566b8e646194d61fc7cc2b7457f5c137463bc60b	54	54	true	0	0	1			0		0				54	0	0	1	false	false	false	pass		......................................................
11005	01	sharedreward	2	bids/sub-11005/ses-01/func/sub-11005_ses-01_task-sharedreward_run-2_events.tsv	824f5f5cd82d0955052b03ba5a7c6fd6aef717e02cb43068cefa58f3d9468508	54	54	true	0	0	1			0		0				54	0	0	1	false	false	false	pass		......................................................
11005	01	socialdoors	1	bids/sub-11005/ses-01/func/sub-11005_ses-01_task-socialdoors_run-1_events.tsv	f086f92dbf9678c7acda0d9d1a18323b6c99d5248d8cb40f57963c28526d8aea	40	40	true	0	0	1			0		0				40	0	0	1	false	false	false	pass		........................................
11005	01	trust	1	bids/sub-11005/ses-01/func/sub-11005_ses-01_task-trust_run-1_events.tsv	04e80a239d3ef7eba015827bca671d1e5de60861023b24132a6e77e379620d44	42	42	true	3	0.071429	0.928571	1	11	1	1	0				42	3	0.071429	1	false	false	false	pass		M...M.....M...............................
11005	01	trust	2	bids/sub-11005/ses-01/func/sub-11005_ses-01_task-trust_run-2_events.tsv	c037a90dcbb77ebbbf9fd27e0d6b39436130b4bed77ed2ea21db2fecb758110f	42	42	true	0	0	1			0		0				42	0	0	1	false	false	false	pass		..........................................
11005	01	ugr	1	bids/sub-11005/ses-01/func/sub-11005_ses-01_task-ugr_run-1_events.tsv	37414bb86ec7a408d89a7fde254b467f1d046c9f5ffb7a5b97906af229a6387d	48	48	true	0	0	1			0		0				48	0	0	1	false	false	false	pass		................................................
11005	01	ugr	2	bids/sub-11005/ses-01/func/sub-11005_ses-01_task-ugr_run-2_events.tsv	5426ace15b1c1fd44ae960cf500f550c3c1addc5f6bd64e4c05f1caa1748c699	48	48	true	1	0.020833	0.979167	13	13	1	13	0				48	1	0.020833	1	false	false	false	pass		............M...................................
11007	01	doors	1	bids/sub-11007/ses-01/func/sub-11007_ses-01_task-doors_run-1_events.tsv	cdb529e5ec985e6719e0d3448816223154682ad3be56c75a3abea7ea5da35eab	40	40	true	0	0	1			0		0				40	0	0	1	false	false	false	pass		........................................
11007	01	sharedreward	1	bids/sub-11007/ses-01/func/sub-11007_ses-01_task-sharedreward_run-1_events.tsv	d0c1245f541affd874b5955a3948b554fc9bce5f506aeb8189e4de6228e56d4a	54	54	true	0	0	1			0		0				54	0	0	1	false	false	false	pass		......................................................
11007	01	sharedreward	2	bids/sub-11007/ses-01/func/sub-11007_ses-01_task-sharedreward_run-2_events.tsv	5fd32153b0c91da449d926565d91472d502f9707f04640bccb9e7b3277dc2575	54	54	true	0	0	1			0		0				54	0	0	1	false	false	false	pass		......................................................
11007	01	socialdoors	1	bids/sub-11007/ses-01/func/sub-11007_ses-01_task-socialdoors_run-1_events.tsv	d670bbc14a01c3bf010271028fc51496b4e3b547e8e0811749ec466db54b511c	40	40	true	1	0.025	0.975	24	24	1	24	0				40	1	0.025	1	false	false	false	pass		.......................M................
11007	01	trust	1	bids/sub-11007/ses-01/func/sub-11007_ses-01_task-trust_run-1_events.tsv	2c54e2cdd09aced981fc73e0268770824c848171fcdeec73f4dd34fca19ecbf5	42	42	true	0	0	1			0		0				42	0	0	1	false	false	false	pass		..........................................
11007	01	trust	2	bids/sub-11007/ses-01/func/sub-11007_ses-01_task-trust_run-2_events.tsv	4c28e7a1f7420ca644aff70a27007cef4f7e2f60e8b3bfee0662dfde27fa23c1	42	42	true	0	0	1			0		0				42	0	0	1	false	false	false	pass		..........................................
11007	01	ugr	1	bids/sub-11007/ses-01/func/sub-11007_ses-01_task-ugr_run-1_events.tsv	f498276bf4cdffbab15436b129bfe2bfe3d50fc29cd3389724b28b35dbadb22d	48	48	true	0	0	1			0		0				48	0	0	1	false	false	false	pass		................................................
11007	01	ugr	2	bids/sub-11007/ses-01/func/sub-11007_ses-01_task-ugr_run-2_events.tsv	7180b3e1e8f016b07938068d8d7399c78914f60c7ff774fc0ea0325fe4f68151	48	48	true	0	0	1			0		0				48	0	0	1	false	false	false	pass		................................................
11012	01	doors	1	bids/sub-11012/ses-01/func/sub-11012_ses-01_task-doors_run-1_events.tsv	48dcbe6956c5382821fb2eebdcd4cfb909a782bfd4ac405d360ce1c54b1e5822	40	40	true	0	0	1			0		0				40	0	0	1	false	false	false	pass		........................................
11012	01	sharedreward	1	bids/sub-11012/ses-01/func/sub-11012_ses-01_task-sharedreward_run-1_events.tsv	2090b1bca53d94233a23a72863cf061c83f33676a3eb51aba5ed5c58569c0444	54	54	true	1	0.018519	0.981481	1	1	1	1	0				54	1	0.018519	1	false	false	false	pass		M.....................................................
11012	01	sharedreward	2	bids/sub-11012/ses-01/func/sub-11012_ses-01_task-sharedreward_run-2_events.tsv	cfbc034cbfd63eb768f333d5ad0a7d78e2687c357f9bcde567b58793ea7a6e63	54	54	true	0	0	1			0		0				54	0	0	1	false	false	false	pass		......................................................
11012	01	socialdoors	1	bids/sub-11012/ses-01/func/sub-11012_ses-01_task-socialdoors_run-1_events.tsv	58aab52e2e8b4d3bdc3a5c09298e96f03a6bb07f03e556158a4168bad5916d4c	40	40	true	0	0	1			0		0				40	0	0	1	false	false	false	pass		........................................
11012	01	trust	1	bids/sub-11012/ses-01/func/sub-11012_ses-01_task-trust_run-1_events.tsv	39f9f9bffc45086386429485b391b074452261078454f230fa45d8ba27d3f927	42	42	true	1	0.02381	0.97619	35	35	1	35	0				42	1	0.02381	1	false	false	false	pass		..................................M.......
11012	01	trust	2	bids/sub-11012/ses-01/func/sub-11012_ses-01_task-trust_run-2_events.tsv	79e727697256f8a5ccc6862ce1a24ab9e7421062bf75900a60c40880c8b35d89	42	42	true	0	0	1			0		0				42	0	0	1	false	false	false	pass		..........................................
11012	01	ugr	1	bids/sub-11012/ses-01/func/sub-11012_ses-01_task-ugr_run-1_events.tsv	b903037765ecae587b2341615a017d5a690eb32af7085a6661cbac9703ba2225	48	48	true	0	0	1			0		0				48	0	0	1	false	false	false	pass		................................................
11012	01	ugr	2	bids/sub-11012/ses-01/func/sub-11012_ses-01_task-ugr_run-2_events.tsv	5a6fbff1fafb078aba2a70a9871898d34906f4af4f6d2d003459bfc0a007bd3e	48	48	true	0	0	1			0		0				48	0	0	1	false	false	false	pass		................................................
11012	02	doors	1	bids/sub-11012/ses-02/func/sub-11012_ses-02_task-doors_run-1_events.tsv	8b635bbb595013dc58a85b2ea2b6fd1cee26f7e4bf5bb266d2bd246b60d2a6c4	40	40	true	0	0	1			0		0				40	0	0	1	false	false	false	pass		........................................
11012	02	socialdoors	1	bids/sub-11012/ses-02/func/sub-11012_ses-02_task-socialdoors_run-1_events.tsv	17d2b137c807e3af997a2bd68254bff37ff5c1cd13e080b9e9864f9b567f92b6	40	40	true	0	0	1			0		0				40	0	0	1	false	false	false	pass		........................................
11012	02	ugr	1	bids/sub-11012/ses-02/func/sub-11012_ses-02_task-ugr_run-1_events.tsv	23f869d76df98353f322036c8d2951c9d256a0d834c7a9c41eeb45d1bf8b995b	48	48	true	0	0	1			0		0				48	0	0	1	false	false	false	pass		................................................
11012	02	ugr	2	bids/sub-11012/ses-02/func/sub-11012_ses-02_task-ugr_run-2_events.tsv	ea389690277b1d9025dfb7d37a1732d271120b1ff4469a9e283239a64983f575	48	48	true	0	0	1			0		0				48	0	0	1	false	false	false	pass		................................................
11016	01	doors	1	bids/sub-11016/ses-01/func/sub-11016_ses-01_task-doors_run-1_events.tsv	7ef93b388db6204aac2dbe799efba7ae910adc11a42201f54e432a75ceef4f45	40	40	true	0	0	1			0		0				40	0	0	1	false	false	false	pass		........................................
11016	01	sharedreward	1	bids/sub-11016/ses-01/func/sub-11016_ses-01_task-sharedreward_run-1_events.tsv	def8d3dd2ea0405dd614afd8d4a21bdf2bb587b849f15869bbce74340f9ef1dd	54	54	true	1	0.018519	0.981481	32	32	1	32	0				54	1	0.018519	1	false	false	false	pass		...............................M......................
11016	01	sharedreward	2	bids/sub-11016/ses-01/func/sub-11016_ses-01_task-sharedreward_run-2_events.tsv	8a0d57b9b5f8ef24c7aa5d4f0f73d4e7332ea81e863a0cd90a2e4d215fcdb0f8	54	54	true	0	0	1			0		0				54	0	0	1	false	false	false	pass		......................................................
11016	01	socialdoors	1	bids/sub-11016/ses-01/func/sub-11016_ses-01_task-socialdoors_run-1_events.tsv	f038eb21f8935cbb326652fa80510a62533a68076ca290caaa866f5c8e8a4fa2	40	40	true	1	0.025	0.975	30	30	1	30	0				40	1	0.025	1	false	false	false	pass		.............................M..........
11016	01	trust	1	bids/sub-11016/ses-01/func/sub-11016_ses-01_task-trust_run-1_events.tsv	5adba6b9c1f8cfb25dfb0f7f6e5c88d5e8afc07441196925b0f7027b0b81500c	42	42	true	0	0	1			0		0				42	0	0	1	false	false	false	pass		..........................................
11016	01	trust	2	bids/sub-11016/ses-01/func/sub-11016_ses-01_task-trust_run-2_events.tsv	52b931c905254a8134bb1912f106e1d328405deda08b1182f2706179b3a49155	42	42	true	0	0	1			0		0				42	0	0	1	false	false	false	pass		..........................................
11016	01	ugr	1	bids/sub-11016/ses-01/func/sub-11016_ses-01_task-ugr_run-1_events.tsv	60bcb0f17d91fc10211720d19eee5ee329207a8bddb396adf191162465b73b3c	48	48	true	0	0	1			0		0				48	0	0	1	false	false	false	pass		................................................
11016	01	ugr	2	bids/sub-11016/ses-01/func/sub-11016_ses-01_task-ugr_run-2_events.tsv	9f21e1bdac18a8da6172066b6d93fe83795ff33706a766920cd1be27da3b429b	48	48	true	0	0	1			0		0				48	0	0	1	false	false	false	pass		................................................
11021	01	doors	1	bids/sub-11021/ses-01/func/sub-11021_ses-01_task-doors_run-1_events.tsv	bf61fc3a1d4b60d18cddabd023168c7a6ff645fc4515c6a32d7b905950c78ee5	40	40	true	0	0	1			0		0				40	0	0	1	false	false	false	pass		........................................
11021	01	sharedreward	1	bids/sub-11021/ses-01/func/sub-11021_ses-01_task-sharedreward_run-1_events.tsv	9f0d84bfbf2842c6d8115eeb86589ea36ac2ae447934f4aaa6e1d97c4f0822ad	54	54	true	0	0	1			0		0				54	0	0	1	false	false	false	pass		......................................................
11021	01	sharedreward	2	bids/sub-11021/ses-01/func/sub-11021_ses-01_task-sharedreward_run-2_events.tsv	1ca61b586c8de30aa448c74bbe87f0acd2ee11b4e12776fcf9039ed08e54b25a	54	54	true	0	0	1			0		0				54	0	0	1	false	false	false	pass		......................................................
11021	01	socialdoors	1	bids/sub-11021/ses-01/func/sub-11021_ses-01_task-socialdoors_run-1_events.tsv	cc1484181123a40a3be1a2881c0a82323f5bd8082c3560414f260379ef8461d7	40	40	true	0	0	1			0		0				40	0	0	1	false	false	false	pass		........................................
11021	01	trust	1	bids/sub-11021/ses-01/func/sub-11021_ses-01_task-trust_run-1_events.tsv	fbc69b2b797bdf7adc32a3b8b15dab6516694597b8133485057389e552c201ab	42	42	true	0	0	1			0		0				42	0	0	1	false	false	false	pass		..........................................
11021	01	trust	2	bids/sub-11021/ses-01/func/sub-11021_ses-01_task-trust_run-2_events.tsv	9aa1895c9516963e6ef509cd0c0d3b1d6b38efca4e2556ffbdd4c62e6c0ca4b2	42	42	true	0	0	1			0		0				42	0	0	1	false	false	false	pass		..........................................
11021	01	ugr	1	bids/sub-11021/ses-01/func/sub-11021_ses-01_task-ugr_run-1_events.tsv	6a6f7b89b7c0e6003fdaa6446cc439afceb1cdcfd7e4221015e88ebf471f3003	48	48	true	0	0	1			0		0				48	0	0	1	false	false	false	pass		................................................
11021	01	ugr	2	bids/sub-11021/ses-01/func/sub-11021_ses-01_task-ugr_run-2_events.tsv	29545f343f235a8f0abee0e0ca8b2e3d3f6fe8cc3e21d27ec4400407d0a7339e	48	48	true	0	0	1			0		0				48	0	0	1	false	false	false	pass		................................................
11030	01	doors	1	bids/sub-11030/ses-01/func/sub-11030_ses-01_task-doors_run-1_events.tsv	b053a8e07a262af7229db2792eaf64553669277a066ad9cc01bdebad2bd43b10	40	40	true	0	0	1			0		0				40	0	0	1	false	false	false	pass		........................................
11030	01	sharedreward	1	bids/sub-11030/ses-01/func/sub-11030_ses-01_task-sharedreward_run-1_events.tsv	54253c678342963477580d801a5eac000a53df00bda39e9cb16c1446519d7d3e	54	54	true	1	0.018519	0.981481	48	48	1	48	0				54	1	0.018519	1	false	false	false	pass		...............................................M......
11030	01	sharedreward	2	bids/sub-11030/ses-01/func/sub-11030_ses-01_task-sharedreward_run-2_events.tsv	0fbf6f6a574840fa22fd482756d1abf0405cae6004c032f746568e57045b50f2	54	54	true	1	0.018519	0.981481	25	25	1	25	0				54	1	0.018519	1	false	false	false	pass		........................M.............................
11030	01	socialdoors	1	bids/sub-11030/ses-01/func/sub-11030_ses-01_task-socialdoors_run-1_events.tsv	561ea36fcb14dfd8eba06eb5bd890413d05e63a28dabcc5f3850ff255299139f	40	40	true	0	0	1			0		0				40	0	0	1	false	false	false	pass		........................................
11030	01	trust	1	bids/sub-11030/ses-01/func/sub-11030_ses-01_task-trust_run-1_events.tsv	147a870000a6eb82efd1a592f96532082e02bb8ba8667293f665122a35a144a8	42	42	true	1	0.02381	0.97619	13	13	1	13	0				42	1	0.02381	1	false	false	false	pass		............M.............................
11030	01	trust	2	bids/sub-11030/ses-01/func/sub-11030_ses-01_task-trust_run-2_events.tsv	dd91f05fe4d174af5671a00cb8244ad338704410154d4fa86b6f938c1a4a82af	42	42	true	0	0	1			0		0				42	0	0	1	false	false	false	pass		..........................................
11030	01	ugr	1	bids/sub-11030/ses-01/func/sub-11030_ses-01_task-ugr_run-1_events.tsv	cc4cf41cdcd266120e54f0ae2f278dde9b92e296e7fa09a3cacb5267f531e7ea	48	48	true	0	0	1			0		0				48	0	0	1	false	false	false	pass		................................................
11030	01	ugr	2	bids/sub-11030/ses-01/func/sub-11030_ses-01_task-ugr_run-2_events.tsv	4e7d269204ef743e45a242518063b2ec4855af00115b9f9dd59356de2391000d	48	48	true	0	0	1			0		0				48	0	0	1	false	false	false	pass		................................................
11031	01	doors	1	bids/sub-11031/ses-01/func/sub-11031_ses-01_task-doors_run-1_events.tsv	6c501c6c8b4bdf255eaf8c77bcf7e95658f49afb1bc4445542164a36ca8ffdea	40	40	true	0	0	1			0		0				40	0	0	1	false	false	false	pass		........................................
11031	01	sharedreward	1	bids/sub-11031/ses-01/func/sub-11031_ses-01_task-sharedreward_run-1_events.tsv	cfab90c0d7c8d50cccb8138787b7f742f99d8aa45a461bffb7b78a89cdfad9f2	54	54	true	0	0	1			0		0				54	0	0	1	false	false	false	pass		......................................................
11031	01	sharedreward	2	bids/sub-11031/ses-01/func/sub-11031_ses-01_task-sharedreward_run-2_events.tsv	1f5c75386633e7ae66474e22e43e735d0c27c7f795098780586d7f00063f1b6e	54	54	true	0	0	1			0		0				54	0	0	1	false	false	false	pass		......................................................
11031	01	socialdoors	1	bids/sub-11031/ses-01/func/sub-11031_ses-01_task-socialdoors_run-1_events.tsv	c499ce3fa326aa3dba0e79a3e0fbf61d05c0c1c1158a257c9c6ad173a4117ffb	40	40	true	0	0	1			0		0				40	0	0	1	false	false	false	pass		........................................
11031	01	trust	1	bids/sub-11031/ses-01/func/sub-11031_ses-01_task-trust_run-1_events.tsv	7d6620c90322e9fc396fc569098022395cacba9a4ffc0c354cec624c6f00c101	42	42	true	1	0.02381	0.97619	25	25	1	25	0				42	1	0.02381	1	false	false	false	pass		........................M.................
11031	01	trust	2	bids/sub-11031/ses-01/func/sub-11031_ses-01_task-trust_run-2_events.tsv	a6ad8093d2499a8ce2c15201f85c6c159f13bbed6e52c8003a07b6d7d30a82f0	42	42	true	0	0	1			0		0				42	0	0	1	false	false	false	pass		..........................................
11031	01	ugr	1	bids/sub-11031/ses-01/func/sub-11031_ses-01_task-ugr_run-1_events.tsv	1ebe5c25f4908c7a20967b225acab4d2193b97ea4ded9292576bacc111ff87e3	48	48	true	0	0	1			0		0				48	0	0	1	false	false	false	pass		................................................
11031	01	ugr	2	bids/sub-11031/ses-01/func/sub-11031_ses-01_task-ugr_run-2_events.tsv	13e3c7fbd90456fecb43a4e5f765a111b3fefdb094dd3ba6f6994ee12a5757f3	48	48	true	0	0	1			0		0				48	0	0	1	false	false	false	pass		................................................
11036	01	doors	1	bids/sub-11036/ses-01/func/sub-11036_ses-01_task-doors_run-1_events.tsv	ad6bf781f71a243e32c1241f33df8d278278e76aba37d04dc2031812160abc9a	40	40	true	0	0	1			0		0				40	0	0	1	false	false	false	pass		........................................
11036	01	sharedreward	1	bids/sub-11036/ses-01/func/sub-11036_ses-01_task-sharedreward_run-1_events.tsv	9faad9facccdeae0720a2f6e2545e98eb139c83c2aa56e54793dfae3dfb8fc02	54	54	true	0	0	1			0		0				54	0	0	1	false	false	false	pass		......................................................
11036	01	sharedreward	2	bids/sub-11036/ses-01/func/sub-11036_ses-01_task-sharedreward_run-2_events.tsv	e33d458188b7398a42a6e5816b17cee43949c8fb87c236fbc06f8590b3ffdd2e	54	54	true	0	0	1			0		0				54	0	0	1	false	false	false	pass		......................................................
11036	01	socialdoors	1	bids/sub-11036/ses-01/func/sub-11036_ses-01_task-socialdoors_run-1_events.tsv	7ad205a49adbdb1de28dd79df3911f0fd2088e79abcd2ecd321ff53570a5c3b2	40	40	true	0	0	1			0		0				40	0	0	1	false	false	false	pass		........................................
11036	01	trust	1	bids/sub-11036/ses-01/func/sub-11036_ses-01_task-trust_run-1_events.tsv	bebd37812fe86dfdaa0cae41a55396e939b9b987fa185367e8ba9afdb6a18640	42	42	true	0	0	1			0		0				42	0	0	1	false	false	false	pass		..........................................
11036	01	trust	2	bids/sub-11036/ses-01/func/sub-11036_ses-01_task-trust_run-2_events.tsv	417a2cebf9c4174c36e133514844aee3a3e56bf12f4dbf72345b111fd709b59d	42	42	true	0	0	1			0		0				42	0	0	1	false	false	false	pass		..........................................
11036	01	ugr	1	bids/sub-11036/ses-01/func/sub-11036_ses-01_task-ugr_run-1_events.tsv	d7772b15b79b10dac8a808cd38da13f388294aeaf29db521067312dcb384154d	48	48	true	0	0	1			0		0				48	0	0	1	false	false	false	pass		................................................
11036	01	ugr	2	bids/sub-11036/ses-01/func/sub-11036_ses-01_task-ugr_run-2_events.tsv	0ddf0562326bfa0e3762e31fec5089d78d42f4e19657a2328e0d8ad14483b7a3	48	48	true	0	0	1			0		0				48	0	0	1	false	false	false	pass		................................................
11039	01	doors	1	bids/sub-11039/ses-01/func/sub-11039_ses-01_task-doors_run-1_events.tsv	640946fff2989b68db382e1345646b4b33a7705884fd35fdda31040a88eeb5d9	40	40	true	0	0	1			0		0				40	0	0	1	false	false	false	pass		........................................
11039	01	sharedreward	1	bids/sub-11039/ses-01/func/sub-11039_ses-01_task-sharedreward_run-1_events.tsv	2d5ce22fd7809e6e30a932598658d68b2a5de2ffc12f1ca35b9e8a2b0d30b816	54	54	true	0	0	1			0		0				54	0	0	1	false	false	false	pass		......................................................
11039	01	sharedreward	2	bids/sub-11039/ses-01/func/sub-11039_ses-01_task-sharedreward_run-2_events.tsv	1f0d8330b6821884b36f6e3a423ddff98904c98beffd47a1900732ad2befda12	54	54	true	0	0	1			0		0				54	0	0	1	false	false	false	pass		......................................................
11039	01	socialdoors	1	bids/sub-11039/ses-01/func/sub-11039_ses-01_task-socialdoors_run-1_events.tsv	3353cf78a4391bcfea1a97531a794cd9531574dbf2348fd14d9ceef9ff1da282	40	40	true	0	0	1			0		0				40	0	0	1	false	false	false	pass		........................................
11039	01	trust	1	bids/sub-11039/ses-01/func/sub-11039_ses-01_task-trust_run-1_events.tsv	538fa4327a1ead960d7231ef3c9474cdfa6573865fe7e5f714384e8c0a8a2e3d	42	42	true	0	0	1			0		0				42	0	0	1	false	false	false	pass		..........................................
11039	01	trust	2	bids/sub-11039/ses-01/func/sub-11039_ses-01_task-trust_run-2_events.tsv	c27b5d8181f14bc6c382a5e3a54957df6b4d034a898e1ce00fc844c899e2bec9	42	42	true	0	0	1			0		0				42	0	0	1	false	false	false	pass		..........................................
11039	01	ugr	1	bids/sub-11039/ses-01/func/sub-11039_ses-01_task-ugr_run-1_events.tsv	2ee05d2e0c4a3a1be824af421e4612ca02267d3f757623b4fd9542c9abcc1b09	48	48	true	2	0.041667	0.958333	40	41	2	40	0				48	2	0.041667	1	false	false	false	pass		.......................................MM.......
11039	01	ugr	2	bids/sub-11039/ses-01/func/sub-11039_ses-01_task-ugr_run-2_events.tsv	ab095a740063c984048c521978592adcd5fe1dd3221aa296e9081670d0ec835b	48	48	true	0	0	1			0		0				48	0	0	1	false	false	false	pass		................................................
11042	01	doors	1	bids/sub-11042/ses-01/func/sub-11042_ses-01_task-doors_run-1_events.tsv	33e5a03bc60db1720051e171b33e29565536c88e8518bf0914c6399087f084b2	40	40	true	0	0	1			0		0				40	0	0	1	false	false	false	pass		........................................
11042	01	sharedreward	1	bids/sub-11042/ses-01/func/sub-11042_ses-01_task-sharedreward_run-1_events.tsv	6bebbf1490d05dc66f7178187e6cca3e181440fe0663672fe744c00211242fa0	54	54	true	0	0	1			0		0				54	0	0	1	false	false	false	pass		......................................................
11042	01	sharedreward	2	bids/sub-11042/ses-01/func/sub-11042_ses-01_task-sharedreward_run-2_events.tsv	fc4bee46f7e59388721165355dea0050f2a7504ce347b626eec76cf0bbf6c7e3	54	54	true	0	0	1			0		0				54	0	0	1	false	false	false	pass		......................................................
11042	01	socialdoors	1	bids/sub-11042/ses-01/func/sub-11042_ses-01_task-socialdoors_run-1_events.tsv	15983d7ed79fc0f01a8e13fce18ae3c2019fb70cf0b2dc7a7aef29e88b28de65	40	40	true	0	0	1			0		0				40	0	0	1	false	false	false	pass		........................................
11042	01	trust	1	bids/sub-11042/ses-01/func/sub-11042_ses-01_task-trust_run-1_events.tsv	d9dca8a466e65904f8c714eab59b7f17f805a419f3688d8a74df94594668e17e	42	42	true	0	0	1			0		0				42	0	0	1	false	false	false	pass		..........................................
11042	01	trust	2	bids/sub-11042/ses-01/func/sub-11042_ses-01_task-trust_run-2_events.tsv	0932a4daa6af71e769daee7bc506c2ce47a7ddc4e8242541dfd7338dd2db9dcc	42	42	true	0	0	1			0		0				42	0	0	1	false	false	false	pass		..........................................
11042	01	ugr	1	bids/sub-11042/ses-01/func/sub-11042_ses-01_task-ugr_run-1_events.tsv	10ebc8428df606e110a283eac29f12e9609150c64ec3f4c70f9f59aee7850740	48	48	true	0	0	1			0		0				48	0	0	1	false	false	false	pass		................................................
11042	01	ugr	2	bids/sub-11042/ses-01/func/sub-11042_ses-01_task-ugr_run-2_events.tsv	0e25a1c82c1882c4ca9069d74f1ab25b9cc61f6c10204d80ce6a033d9047c74e	48	48	true	0	0	1			0		0				48	0	0	1	false	false	false	pass		................................................
11053	01	doors	1	bids/sub-11053/ses-01/func/sub-11053_ses-01_task-doors_run-1_events.tsv	2cb0d3cce198389a2bf041943308e1f790f65ad65e6613af50fb0db1b45e6dc0	40	40	true	0	0	1			0		0				40	0	0	1	false	false	false	pass		........................................
11053	01	sharedreward	1	bids/sub-11053/ses-01/func/sub-11053_ses-01_task-sharedreward_run-1_events.tsv	01f929a2645e117f97c484ca6eac959cb59a6a493b7603926852dc18e1bb9f70	54	54	true	0	0	1			0		0				54	0	0	1	false	false	false	pass		......................................................
11053	01	sharedreward	2	bids/sub-11053/ses-01/func/sub-11053_ses-01_task-sharedreward_run-2_events.tsv	54d81a178a6fe61ef5f9cc3a18073f0323fa1aa7b3a51690a0c10afe0e9e679b	54	54	true	0	0	1			0		0				54	0	0	1	false	false	false	pass		......................................................
11053	01	socialdoors	1	bids/sub-11053/ses-01/func/sub-11053_ses-01_task-socialdoors_run-1_events.tsv	cb87e3c3bf63ff715d850106c44bd5bc25f42e8a2e84ddb5ba7f2c6af60d9860	40	40	true	2	0.05	0.95	16	27	1	16	0				40	2	0.05	1	false	false	false	pass		...............M..........M.............
11053	01	trust	1	bids/sub-11053/ses-01/func/sub-11053_ses-01_task-trust_run-1_events.tsv	90c657f3bfe423012da038d0c850dd8f1c4718013b0551bf2b53b75a6e7e1650	42	42	true	1	0.02381	0.97619	35	35	1	35	0				42	1	0.02381	1	false	false	false	pass		..................................M.......
11053	01	trust	2	bids/sub-11053/ses-01/func/sub-11053_ses-01_task-trust_run-2_events.tsv	0ebac42f0d2fe8c5e823b5e2db60626a2d10bde9a3bfbac39657ec7291de9efd	42	42	true	1	0.02381	0.97619	9	9	1	9	0				42	1	0.02381	1	false	false	false	pass		........M.................................
11053	01	ugr	1	bids/sub-11053/ses-01/func/sub-11053_ses-01_task-ugr_run-1_events.tsv	61dfa0c7bf13f9ecbd1524325f57a48330d5c12af60a563a41202465bf7b368f	48	48	true	0	0	1			0		0				48	0	0	1	false	false	false	pass		................................................
11053	01	ugr	2	bids/sub-11053/ses-01/func/sub-11053_ses-01_task-ugr_run-2_events.tsv	3a4fe037ec7f6c523d47e7ed1074215ece23aa30748cde1647bac0c2c4ceee49	48	48	true	0	0	1			0		0				48	0	0	1	false	false	false	pass		................................................
11058	01	doors	1	bids/sub-11058/ses-01/func/sub-11058_ses-01_task-doors_run-1_events.tsv	77c99f51152953bb5bb51deb42c436ad595e37ae43f81cc7c8657cfe82b2aa52	40	40	true	1	0.025	0.975	14	14	1	14	0				40	1	0.025	1	false	false	false	pass		.............M..........................
11058	01	sharedreward	1	bids/sub-11058/ses-01/func/sub-11058_ses-01_task-sharedreward_run-1_events.tsv	73e2be2b6695ad573a8d61059392e3a1218d3b0bc964a25914d74bd089e74691	54	54	true	1	0.018519	0.981481	24	24	1	24	0				54	1	0.018519	1	false	false	false	pass		.......................M..............................
11058	01	sharedreward	2	bids/sub-11058/ses-01/func/sub-11058_ses-01_task-sharedreward_run-2_events.tsv	d21e3f08d4b034e10307ba869d6725d93b0803e75727d8eca73bd729644e35d9	54	54	true	2	0.037037	0.962963	28	52	1	28	0				54	2	0.037037	1	false	false	false	pass		...........................M.......................M..
11058	01	socialdoors	1	bids/sub-11058/ses-01/func/sub-11058_ses-01_task-socialdoors_run-1_events.tsv	7fe1d35cae6f89b3f6c6781914604b34a3b74b5ea3174b867f0acad682fd0a6c	40	40	true	2	0.05	0.95	25	40	1	25	1	40	327.15443	4.583537	39	1	0.025641	0.975	false	false	false	pass		........................M..............M
11058	01	trust	1	bids/sub-11058/ses-01/func/sub-11058_ses-01_task-trust_run-1_events.tsv	2d3f8ea19ad54b86d69621f9b7a187e03b41480c4fe938c78677b45220b11840	42	42	true	1	0.02381	0.97619	22	22	1	22	0				42	1	0.02381	1	false	false	false	pass		.....................M....................
11058	01	trust	2	bids/sub-11058/ses-01/func/sub-11058_ses-01_task-trust_run-2_events.tsv	538780ab9216b7e118841e0fd0c393cfb24883dd2a9f217a625f5a2f342167f6	42	42	true	0	0	1			0		0				42	0	0	1	false	false	false	pass		..........................................
11058	01	ugr	1	bids/sub-11058/ses-01/func/sub-11058_ses-01_task-ugr_run-1_events.tsv	40715d6fb70f5b49d52231a8b9542ee0896ef0131fb9fde001f60f9cbf8f4e7f	48	48	true	2	0.041667	0.958333	34	41	1	34	0				48	2	0.041667	1	false	false	false	pass		.................................M......M.......
11058	01	ugr	2	bids/sub-11058/ses-01/func/sub-11058_ses-01_task-ugr_run-2_events.tsv	491b51e6f962da9185342ff64c49813b3076ae7e9b321b7b9941bc8ab863f362	48	48	true	1	0.020833	0.979167	5	5	1	5	0				48	1	0.020833	1	false	false	false	pass		....M...........................................
11060	01	doors	1	bids/sub-11060/ses-01/func/sub-11060_ses-01_task-doors_run-1_events.tsv	3714f696b11b8755bba17ecd7c0f38f57e3eee6e45ed45382944d20fe85ebc6a	40	40	true	0	0	1			0		0				40	0	0	1	false	false	false	pass		........................................
11060	01	sharedreward	1	bids/sub-11060/ses-01/func/sub-11060_ses-01_task-sharedreward_run-1_events.tsv	84150d1739d297e382a13c1635058283eee2180ef9c295beb962927d9bed71ed	54	54	true	0	0	1			0		0				54	0	0	1	false	false	false	pass		......................................................
11060	01	sharedreward	2	bids/sub-11060/ses-01/func/sub-11060_ses-01_task-sharedreward_run-2_events.tsv	ba37b0f718199b299061d56d48beb15c6ce191bbcb050f858bc6c9165653ac86	54	54	true	0	0	1			0		0				54	0	0	1	false	false	false	pass		......................................................
11060	01	socialdoors	1	bids/sub-11060/ses-01/func/sub-11060_ses-01_task-socialdoors_run-1_events.tsv	177bfebe1de70370078ef23069d7fb37def15a8a3cd54c79153d0369a1d5f8b2	40	40	true	0	0	1			0		0				40	0	0	1	false	false	false	pass		........................................
11060	01	trust	1	bids/sub-11060/ses-01/func/sub-11060_ses-01_task-trust_run-1_events.tsv	b68517a0cdc2b2689af00d89a98f8b8d6daad93793ab3bc136186c7c57d945e4	42	42	true	1	0.02381	0.97619	23	23	1	23	0				42	1	0.02381	1	false	false	false	pass		......................M...................
11060	01	trust	2	bids/sub-11060/ses-01/func/sub-11060_ses-01_task-trust_run-2_events.tsv	f7ae146823411d4320c80b6216f7c14d740fd91471677dde76ebf6becd03d7c3	42	42	true	0	0	1			0		0				42	0	0	1	false	false	false	pass		..........................................
11060	01	ugr	1	bids/sub-11060/ses-01/func/sub-11060_ses-01_task-ugr_run-1_events.tsv	dfbe99d78e1bb724a37683678f18ea52fc9f519b526d9e847015849a35158c20	48	48	true	0	0	1			0		0				48	0	0	1	false	false	false	pass		................................................
11060	01	ugr	2	bids/sub-11060/ses-01/func/sub-11060_ses-01_task-ugr_run-2_events.tsv	c45d897406461c2d1f484b06ce4cdf07b1f46b7d7834203e16d22ec8316e9df5	48	48	true	0	0	1			0		0				48	0	0	1	false	false	false	pass		................................................
11063	01	doors	1	bids/sub-11063/ses-01/func/sub-11063_ses-01_task-doors_run-1_events.tsv	b24afcc17fd53c1f6c3248bae4cfdd2264e91e3e47d982313daaa53f54d5640b	40	40	true	0	0	1			0		0				40	0	0	1	false	false	false	pass		........................................
11063	01	sharedreward	1	bids/sub-11063/ses-01/func/sub-11063_ses-01_task-sharedreward_run-1_events.tsv	22413b6b27ae7aaaf37648e897476627924737fba39a9e97aa71817341ec6440	54	54	true	1	0.018519	0.981481	1	1	1	1	0				54	1	0.018519	1	false	false	false	pass		M.....................................................
11063	01	sharedreward	2	bids/sub-11063/ses-01/func/sub-11063_ses-01_task-sharedreward_run-2_events.tsv	dfc9ffe1f0531a0654eb9737a71f5fa0175f161b0495504243798b72efa58173	54	54	true	0	0	1			0		0				54	0	0	1	false	false	false	pass		......................................................
11063	01	socialdoors	1	bids/sub-11063/ses-01/func/sub-11063_ses-01_task-socialdoors_run-1_events.tsv	410024b123ae5ef9fa5e896fa545c67aed713e11a92e0060b4ad489ee81af835	40	40	true	0	0	1			0		0				40	0	0	1	false	false	false	pass		........................................
11063	01	trust	1	bids/sub-11063/ses-01/func/sub-11063_ses-01_task-trust_run-1_events.tsv	bb3fbc7d319a8fe5f1b56d58c52615dade213cf1b33042f150e1b58a949d8ff8	42	42	true	2	0.047619	0.952381	4	32	1	4	0				42	2	0.047619	1	false	false	false	pass		...M...........................M..........
11063	01	trust	2	bids/sub-11063/ses-01/func/sub-11063_ses-01_task-trust_run-2_events.tsv	51c3c5c43ce2c88546a426a0e37f6813d37567fea7dc5b023329a7d246d4c1cc	42	42	true	2	0.047619	0.952381	10	40	1	10	0				42	2	0.047619	1	false	false	false	pass		.........M.............................M..
11063	01	ugr	1	bids/sub-11063/ses-01/func/sub-11063_ses-01_task-ugr_run-1_events.tsv	7ba819b6e9b342c16ec9fe70da3a214de8ab67d374673c8fe747003817528b10	48	48	true	0	0	1			0		0				48	0	0	1	false	false	false	pass		................................................
11063	01	ugr	2	bids/sub-11063/ses-01/func/sub-11063_ses-01_task-ugr_run-2_events.tsv	4c745ac0421ea4936dbd7168602d36f5f1f3c913cf1757cf7593b0364cc8f1fd	48	48	true	0	0	1			0		0				48	0	0	1	false	false	false	pass		................................................
11064	01	doors	1	bids/sub-11064/ses-01/func/sub-11064_ses-01_task-doors_run-1_events.tsv	1c4a66f2240b724c7378fd657c5a625e575647d24d43202edc91c435291b6e4e	40	40	true	2	0.05	0.95	5	17	1	5	0				40	2	0.05	1	false	false	false	pass		....M...........M.......................
11064	01	sharedreward	1	bids/sub-11064/ses-01/func/sub-11064_ses-01_task-sharedreward_run-1_events.tsv	9bf5fc2b027c266a4cc74bd88c351f0e65ddeaddb70dfaf9d2e1afa87f65c02a	54	54	true	1	0.018519	0.981481	24	24	1	24	0				54	1	0.018519	1	false	false	false	pass		.......................M..............................
11064	01	sharedreward	2	bids/sub-11064/ses-01/func/sub-11064_ses-01_task-sharedreward_run-2_events.tsv	d43399cb73d3d3306baf1c0b7b6e31931ed718aceecdc6f49c863db2acdf655d	54	54	true	5	0.092593	0.907407	23	54	1	23	1	54	390.2522	4.21405	53	4	0.075472	0.981481	false	false	false	pass		......................M.........M..M.............M...M
11064	01	socialdoors	1	bids/sub-11064/ses-01/func/sub-11064_ses-01_task-socialdoors_run-1_events.tsv	6705336d42e89b6ee073dcecdebd6e318c30f71d0e86008dd5873f09cf945d27	40	40	true	3	0.075	0.925	1	34	1	1	0				40	3	0.075	1	false	false	false	pass		M.........................M......M......
11064	01	trust	1	bids/sub-11064/ses-01/func/sub-11064_ses-01_task-trust_run-1_events.tsv	76f3b7051d3d33dbac29db7a4d49ed478fe1632beb84520a0e9e4801cb06565c	42	42	true	2	0.047619	0.952381	7	23	1	7	0				42	2	0.047619	1	false	false	false	pass		......M...............M...................
11064	01	trust	2	bids/sub-11064/ses-01/func/sub-11064_ses-01_task-trust_run-2_events.tsv	249d7bd403c3b1e507f401a73e471ec279746fef93948cd03601517d4d3e73a8	42	42	true	3	0.071429	0.928571	2	39	1	2	0				42	3	0.071429	1	false	false	false	pass		.M..................................M.M...
11064	01	ugr	1	bids/sub-11064/ses-01/func/sub-11064_ses-01_task-ugr_run-1_events.tsv	d67526ea28ee69611135c030d246e1363e87e76ad2d4c5f5703008a71d19d280	48	48	true	0	0	1			0		0				48	0	0	1	false	false	false	pass		................................................
11064	01	ugr	2	bids/sub-11064/ses-01/func/sub-11064_ses-01_task-ugr_run-2_events.tsv	cd5958acdeb4aae005c82b5d9f85bc99696e245c3a7ab2bc6e3e5e45eaaea73b	48	48	true	0	0	1			0		0				48	0	0	1	false	false	false	pass		................................................
11065	01	doors	1	bids/sub-11065/ses-01/func/sub-11065_ses-01_task-doors_run-1_events.tsv	660b646b781288a6654f8281144aceca58ec68e9e179780f1f1e76db4e98ac50	40	40	true	0	0	1			0		0				40	0	0	1	false	false	false	pass		........................................
11065	01	sharedreward	1	bids/sub-11065/ses-01/func/sub-11065_ses-01_task-sharedreward_run-1_events.tsv	67599c8e98423499505a1e001b1023d06dc66c496eb6d8dc991c4b3e31d6a410	54	54	true	1	0.018519	0.981481	46	46	1	46	0				54	1	0.018519	1	false	false	false	pass		.............................................M........
11065	01	sharedreward	2	bids/sub-11065/ses-01/func/sub-11065_ses-01_task-sharedreward_run-2_events.tsv	9dadaa83c57ed4905142c94176327b8d1b7cb0e2aa3ab8535d3af2966f7940b0	54	54	true	0	0	1			0		0				54	0	0	1	false	false	false	pass		......................................................
11065	01	socialdoors	1	bids/sub-11065/ses-01/func/sub-11065_ses-01_task-socialdoors_run-1_events.tsv	3167e125770f84ab607c0abece833f6ea1102cfcca81d3dbd4482910ea6edeaa	40	40	true	0	0	1			0		0				40	0	0	1	false	false	false	pass		........................................
11065	01	trust	1	bids/sub-11065/ses-01/func/sub-11065_ses-01_task-trust_run-1_events.tsv	f665dd3803c07e82350ded741b611a8c1b836348c601e80b3d8d95c6cb1e22db	42	42	true	1	0.02381	0.97619	1	1	1	1	0				42	1	0.02381	1	false	false	false	pass		M.........................................
11065	01	trust	2	bids/sub-11065/ses-01/func/sub-11065_ses-01_task-trust_run-2_events.tsv	90ceb73868fb13366784776ad1e8a200db299b7d4dbccb41d96dbe354be635fb	42	42	true	0	0	1			0		0				42	0	0	1	false	false	false	pass		..........................................
11065	01	ugr	1	bids/sub-11065/ses-01/func/sub-11065_ses-01_task-ugr_run-1_events.tsv	e66068767621156e0282fb9e0fde81995bcf47c1e6783ccf3fc6d88cf4cabca3	48	48	true	0	0	1			0		0				48	0	0	1	false	false	false	pass		................................................
11065	01	ugr	2	bids/sub-11065/ses-01/func/sub-11065_ses-01_task-ugr_run-2_events.tsv	e5b5e7f4ad415b9e97b4585713a0333f3e4a0408ac0257530abaf1d2417aa326	48	48	true	0	0	1			0		0				48	0	0	1	false	false	false	pass		................................................
11066	01	doors	1	bids/sub-11066/ses-01/func/sub-11066_ses-01_task-doors_run-1_events.tsv	4d18c3ff454fe7b437b6f672a1c5d904e325a1b0cbe4cddea70d5b71845c4ea6	40	40	true	3	0.075	0.925	12	24	1	12	0				40	3	0.075	1	false	false	false	pass		...........M.....M.....M................
11066	01	sharedreward	1	bids/sub-11066/ses-01/func/sub-11066_ses-01_task-sharedreward_run-1_events.tsv	630c3f51cf7d54288b4204bd31c4eebb9b3d2489cb76d4db3cce57f804ae4233	54	54	true	4	0.074074	0.925926	4	50	1	4	0				54	4	0.074074	1	false	false	false	pass		...M.......M................................M....M....
11066	01	sharedreward	2	bids/sub-11066/ses-01/func/sub-11066_ses-01_task-sharedreward_run-2_events.tsv	a2accf34b5292385dd0dc1a85c1ef23495c7234c65ba86e21e8ceae2d0331563	54	54	true	4	0.074074	0.925926	24	47	1	24	0				54	4	0.074074	1	false	false	false	pass		.......................M....M...........M.....M.......
11066	01	socialdoors	1	bids/sub-11066/ses-01/func/sub-11066_ses-01_task-socialdoors_run-1_events.tsv	4a45717e4544fa326bed7610127afc3115e2831b5868828ed87557bb5781ce82	40	40	true	0	0	1			0		0				40	0	0	1	false	false	false	pass		........................................
11066	01	trust	1	bids/sub-11066/ses-01/func/sub-11066_ses-01_task-trust_run-1_events.tsv	e936c37b78b1402f46a8ac19465f376a5b10763029d8271c70a9b1f4e5d5c773	42	42	true	2	0.047619	0.952381	11	40	1	11	0				42	2	0.047619	1	false	false	false	pass		..........M............................M..
11066	01	trust	2	bids/sub-11066/ses-01/func/sub-11066_ses-01_task-trust_run-2_events.tsv	62beb2642edaf013fc1865b0ae9b4e76c69a87b463e19a74123f1e01112e4421	42	42	true	4	0.095238	0.904762	4	41	1	4	0				42	4	0.095238	1	false	false	false	pass		...M.....M...........M..................M.
11066	01	ugr	1	bids/sub-11066/ses-01/func/sub-11066_ses-01_task-ugr_run-1_events.tsv	25397b5cec04c494f38fff23dd8a7dae88f2afd12fe8c47ee881a2a4b039aaa8	48	48	true	0	0	1			0		0				48	0	0	1	false	false	false	pass		................................................
11066	01	ugr	2	bids/sub-11066/ses-01/func/sub-11066_ses-01_task-ugr_run-2_events.tsv	1b2e19daf121eedee36248253bb8406d1727adcd19d0a7e4668b614c50f00c34	48	48	true	5	0.104167	0.895833	14	47	1	14	0				48	5	0.104167	1	false	false	false	pass		.............M.........M.....M..M.............M.
11068	01	doors	1	bids/sub-11068/ses-01/func/sub-11068_ses-01_task-doors_run-1_events.tsv	de3d80f495d16b42dbb04422049285153ef3bf61edd27c33da312af59863e3de	40	40	true	0	0	1			0		0				40	0	0	1	false	false	false	pass		........................................
11068	01	sharedreward	1	bids/sub-11068/ses-01/func/sub-11068_ses-01_task-sharedreward_run-1_events.tsv	c9e1b7b230458af0bae550db4e26efbb27270a98080f09c61f9a586af4839774	54	54	true	0	0	1			0		0				54	0	0	1	false	false	false	pass		......................................................
11068	01	sharedreward	2	bids/sub-11068/ses-01/func/sub-11068_ses-01_task-sharedreward_run-2_events.tsv	bef5ad04ba3f5a2abad843313a15cfea9321b1bb7e888f279051f27318cd7574	54	54	true	2	0.037037	0.962963	19	53	1	19	0				54	2	0.037037	1	false	false	false	pass		..................M.................................M.
11068	01	socialdoors	1	bids/sub-11068/ses-01/func/sub-11068_ses-01_task-socialdoors_run-1_events.tsv	83bd4d70c56368d10e576589b504ed7d7737dd3d6adcb6bedcbfc7ae01675bd4	40	40	true	0	0	1			0		0				40	0	0	1	false	false	false	pass		........................................
11068	01	trust	1	bids/sub-11068/ses-01/func/sub-11068_ses-01_task-trust_run-1_events.tsv	6c9f9434c34ee3c8ef0957beeeb922f46f3af422fc8839816c9cc245bd32249a	42	42	true	3	0.071429	0.928571	1	12	1	1	0				42	3	0.071429	1	false	false	false	pass		M........M.M..............................
11068	01	trust	2	bids/sub-11068/ses-01/func/sub-11068_ses-01_task-trust_run-2_events.tsv	31c0504f792553274de1661ffa9d4a9d03231f392641d1c4738c5d649fad58cf	42	42	true	1	0.02381	0.97619	5	5	1	5	0				42	1	0.02381	1	false	false	false	pass		....M.....................................
11068	01	ugr	1	bids/sub-11068/ses-01/func/sub-11068_ses-01_task-ugr_run-1_events.tsv	04cfa3b7aa2b677f819434fa43855da47e3755e1b9c55c993e47bfda7f2b17ce	48	48	true	1	0.020833	0.979167	5	5	1	5	0				48	1	0.020833	1	false	false	false	pass		....M...........................................
11068	01	ugr	2	bids/sub-11068/ses-01/func/sub-11068_ses-01_task-ugr_run-2_events.tsv	df54cad32d65c1000ceff7a24bdf412042770bb65d1f88ffcb86001d93585901	48	48	true	0	0	1			0		0				48	0	0	1	false	false	false	pass		................................................
11071	01	doors	1	bids/sub-11071/ses-01/func/sub-11071_ses-01_task-doors_run-1_events.tsv	f3724f5997b3ae8ae0a1db82954b5d80c00132ad2477f548049ada8b6518b989	40	40	true	0	0	1			0		0				40	0	0	1	false	false	false	pass		........................................
11071	01	sharedreward	1	bids/sub-11071/ses-01/func/sub-11071_ses-01_task-sharedreward_run-1_events.tsv	698b44fb1754c4881bfb3603fd7eae884741521b1b368fe6db82a33b6d4c0b9f	54	54	true	0	0	1			0		0				54	0	0	1	false	false	false	pass		......................................................
11071	01	sharedreward	2	bids/sub-11071/ses-01/func/sub-11071_ses-01_task-sharedreward_run-2_events.tsv	21e3228bbaf9760d530f36d1c8f5f510d93362ad5f18ef8dd79fc31234ab2f04	54	54	true	0	0	1			0		0				54	0	0	1	false	false	false	pass		......................................................
11071	01	socialdoors	1	bids/sub-11071/ses-01/func/sub-11071_ses-01_task-socialdoors_run-1_events.tsv	827d3e135adf7f9c1478150d9b3574d639edcad088ecf172ad8a6942efc80522	40	40	true	0	0	1			0		0				40	0	0	1	false	false	false	pass		........................................
11071	01	trust	1	bids/sub-11071/ses-01/func/sub-11071_ses-01_task-trust_run-1_events.tsv	c9fbdf643c2ea728e19a09567b5556784d8d2f01624fdf6398538845e5fc5d4d	42	42	true	1	0.02381	0.97619	6	6	1	6	0				42	1	0.02381	1	false	false	false	pass		.....M....................................
11071	01	trust	2	bids/sub-11071/ses-01/func/sub-11071_ses-01_task-trust_run-2_events.tsv	8a3c70655672437ebd9ff6630d04a726e498542a6f043b0498377d98e9c67323	42	42	true	0	0	1			0		0				42	0	0	1	false	false	false	pass		..........................................
11071	01	ugr	1	bids/sub-11071/ses-01/func/sub-11071_ses-01_task-ugr_run-1_events.tsv	d6222e39b8018d697daff8e2a331180d0f0c084364462e8ecf7f633020abadcd	48	48	true	0	0	1			0		0				48	0	0	1	false	false	false	pass		................................................
11071	01	ugr	2	bids/sub-11071/ses-01/func/sub-11071_ses-01_task-ugr_run-2_events.tsv	793e2cf0abb67e4000f3a2e712ea19bd02a58b63704dc360b79023412cb8cf60	48	48	true	0	0	1			0		0				48	0	0	1	false	false	false	pass		................................................
11072	01	doors	1	bids/sub-11072/ses-01/func/sub-11072_ses-01_task-doors_run-1_events.tsv	43ec0629c3127bb3bc1fe6c9d2a4813b4c054b3bd0afc5c4c7439f443f2e3ed4	40	40	true	0	0	1			0		0				40	0	0	1	false	false	false	pass		........................................
11072	01	sharedreward	1	bids/sub-11072/ses-01/func/sub-11072_ses-01_task-sharedreward_run-1_events.tsv	cefa76241ca74cf184f98b2ff971789a384ac483219cc73f59c334f74ebe86db	54	54	true	1	0.018519	0.981481	17	17	1	17	0				54	1	0.018519	1	false	false	false	pass		................M.....................................
11072	01	sharedreward	2	bids/sub-11072/ses-01/func/sub-11072_ses-01_task-sharedreward_run-2_events.tsv	18f84ae63a648c331498c73fd27d1d61ef4ec7a7338677d3323c839cfaac0190	54	54	true	0	0	1			0		0				54	0	0	1	false	false	false	pass		......................................................
11072	01	socialdoors	1	bids/sub-11072/ses-01/func/sub-11072_ses-01_task-socialdoors_run-1_events.tsv	7d48f948af9745e1f7c84d1e0a84d2662a21b6364ab9270279a13f66f3b955ce	40	40	true	0	0	1			0		0				40	0	0	1	false	false	false	pass		........................................
11072	01	trust	1	bids/sub-11072/ses-01/func/sub-11072_ses-01_task-trust_run-1_events.tsv	c00b86a13b0c80cb5b4c5e8be5019c59a18599d0192cc9fd5fa1e440b87e9940	42	42	true	0	0	1			0		0				42	0	0	1	false	false	false	pass		..........................................
11072	01	trust	2	bids/sub-11072/ses-01/func/sub-11072_ses-01_task-trust_run-2_events.tsv	27e33ea12b3b6d9e7a7435f0c3fe63354f5828079cf2aeef75dc71b424e4eb60	42	42	true	0	0	1			0		0				42	0	0	1	false	false	false	pass		..........................................
11072	01	ugr	1	bids/sub-11072/ses-01/func/sub-11072_ses-01_task-ugr_run-1_events.tsv	885bad688c9ee00d8f82868e9c01d1310916e106a140d9ffcf92132ffee78095	48	48	true	0	0	1			0		0				48	0	0	1	false	false	false	pass		................................................
11072	01	ugr	2	bids/sub-11072/ses-01/func/sub-11072_ses-01_task-ugr_run-2_events.tsv	2f862ba0a327b32771034e1544dcee34481ef77359110543f8e1d1ce5037d785	48	48	true	0	0	1			0		0				48	0	0	1	false	false	false	pass		................................................
11074	01	doors	1	bids/sub-11074/ses-01/func/sub-11074_ses-01_task-doors_run-1_events.tsv	933231aac5b66dca808208428e80fb5234dd3409623e629db6910e50c94fab27	40	40	true	0	0	1			0		0				40	0	0	1	false	false	false	pass		........................................
11074	01	sharedreward	1	bids/sub-11074/ses-01/func/sub-11074_ses-01_task-sharedreward_run-1_events.tsv	a6caf6d74ca0fdf3021721bd5082cc8df096e708b16f56a64faf7404c903c0c6	54	54	true	0	0	1			0		0				54	0	0	1	false	false	false	pass		......................................................
11074	01	sharedreward	2	bids/sub-11074/ses-01/func/sub-11074_ses-01_task-sharedreward_run-2_events.tsv	e4500d43c2a0513aa18ea09a0bc0fb2450a4784781799332daa47e402ff1e663	54	54	true	0	0	1			0		0				54	0	0	1	false	false	false	pass		......................................................
11074	01	socialdoors	1	bids/sub-11074/ses-01/func/sub-11074_ses-01_task-socialdoors_run-1_events.tsv	ddc6589a496f8a8964432a56906ca8b60bb5d2a432f099f2829cce20035c3a94	40	40	true	0	0	1			0		0				40	0	0	1	false	false	false	pass		........................................
11074	01	trust	1	bids/sub-11074/ses-01/func/sub-11074_ses-01_task-trust_run-1_events.tsv	4aa8f6a1d152d5949e0a2ca555be9925634599d066c1edfc700203f66d8dd1f9	42	42	true	0	0	1			0		0				42	0	0	1	false	false	false	pass		..........................................
11074	01	trust	2	bids/sub-11074/ses-01/func/sub-11074_ses-01_task-trust_run-2_events.tsv	4ec87da92e0ff6304613950556a43c9c97a734071fa22feaa36abbea1d3ad991	42	42	true	0	0	1			0		0				42	0	0	1	false	false	false	pass		..........................................
11074	01	ugr	1	bids/sub-11074/ses-01/func/sub-11074_ses-01_task-ugr_run-1_events.tsv	a561b88399fa323ecd0ddb4c1bfd1c63aab0891855311d4360bf3b8b3bdbf1bb	48	48	true	0	0	1			0		0				48	0	0	1	false	false	false	pass		................................................
11074	01	ugr	2	bids/sub-11074/ses-01/func/sub-11074_ses-01_task-ugr_run-2_events.tsv	6bcec7e3d2b0771e2af5f6f10e53d4664c07f7536a05a72d111399e6bb1022c3	48	48	true	0	0	1			0		0				48	0	0	1	false	false	false	pass		................................................
11075	01	sharedreward	1	bids/sub-11075/ses-01/func/sub-11075_ses-01_task-sharedreward_run-1_events.tsv	4b7e7e53baffb39bf7a9dcaac009e9a24298184d5be478174b98a66f2ac3e872	54	54	true	0	0	1			0		0				54	0	0	1	false	false	false	pass		......................................................
11075	01	sharedreward	2	bids/sub-11075/ses-01/func/sub-11075_ses-01_task-sharedreward_run-2_events.tsv	c1bc4fda4af570cb6016645c462685e00a00da4c11bdc3cb398f2b9701263dcf	54	54	true	0	0	1			0		0				54	0	0	1	false	false	false	pass		......................................................
11075	01	trust	1	bids/sub-11075/ses-01/func/sub-11075_ses-01_task-trust_run-1_events.tsv	ceb3b819ab2fff43dadb087f4a1b2652bc4730518a2265ff0e79d2e48e08558c	42	42	true	0	0	1			0		0				42	0	0	1	false	false	false	pass		..........................................
11075	01	trust	2	bids/sub-11075/ses-01/func/sub-11075_ses-01_task-trust_run-2_events.tsv	3618487953db00f5a97755aa7da10212f2d5ab6134e1931c4f1a820855d73a22	42	42	true	0	0	1			0		0				42	0	0	1	false	false	false	pass		..........................................
11075	01	ugr	1	bids/sub-11075/ses-01/func/sub-11075_ses-01_task-ugr_run-1_events.tsv	e0dc05714495c13b4fe27b95707db61f24a2c63861734d66c903421edeaf6403	48	48	true	0	0	1			0		0				48	0	0	1	false	false	false	pass		................................................
11075	01	ugr	2	bids/sub-11075/ses-01/func/sub-11075_ses-01_task-ugr_run-2_events.tsv	24d100ad714e23eb36c850ea19ae6d1ebeeae6d25c4131a6ff236b5aee854238	48	48	true	0	0	1			0		0				48	0	0	1	false	false	false	pass		................................................
11075	02	doors	1	bids/sub-11075/ses-02/func/sub-11075_ses-02_task-doors_run-1_events.tsv	e216ecb4ce5164e894e87175d68d6fcb75732a37034859d3dc527531d728bd9c	40	40	true	0	0	1			0		0				40	0	0	1	false	false	false	pass		........................................
11075	02	socialdoors	1	bids/sub-11075/ses-02/func/sub-11075_ses-02_task-socialdoors_run-1_events.tsv	37839b604975a07ff0290a32e38c4eacdd83645719e8cb52cca5b226e46d7bbb	40	40	true	0	0	1			0		0				40	0	0	1	false	false	false	pass		........................................
11075	02	ugr	1	bids/sub-11075/ses-02/func/sub-11075_ses-02_task-ugr_run-1_events.tsv	0deefea18233637f2cf93c21d7b45584038c1d44a22b2c45d5cc7caecc8493f6	48	48	true	0	0	1			0		0				48	0	0	1	false	false	false	pass		................................................
11075	02	ugr	2	bids/sub-11075/ses-02/func/sub-11075_ses-02_task-ugr_run-2_events.tsv	80a52de4aec2ba792a79a41b11a17a6276659f98fdaa525cc66b23753c8d0b53	48	48	true	0	0	1			0		0				48	0	0	1	false	false	false	pass		................................................
11076	01	doors	1	bids/sub-11076/ses-01/func/sub-11076_ses-01_task-doors_run-1_events.tsv	17605664ff87c9e0303f0b16e7c165d2dcdfa52071c86f7849c8a9919191dacf	40	40	true	0	0	1			0		0				40	0	0	1	false	false	false	pass		........................................
11076	01	sharedreward	1	bids/sub-11076/ses-01/func/sub-11076_ses-01_task-sharedreward_run-1_events.tsv	0848bd88b15a9a0919d44de1daeae9578e33dae17573a87e2e81c8b4ced3dafa	54	54	true	0	0	1			0		0				54	0	0	1	false	false	false	pass		......................................................
11076	01	socialdoors	1	bids/sub-11076/ses-01/func/sub-11076_ses-01_task-socialdoors_run-1_events.tsv	6b4d97b2d3dc416b76e1fd0036db3527bcb28baae22930f1548f9c5dc9f9fb58	40	40	true	0	0	1			0		0				40	0	0	1	false	false	false	pass		........................................
11076	01	trust	1	bids/sub-11076/ses-01/func/sub-11076_ses-01_task-trust_run-1_events.tsv	7af4e9361c68182ec30a161dafc0c198e35513a96fd9869baae980f5ba591b00	42	42	true	1	0.02381	0.97619	1	1	1	1	0				42	1	0.02381	1	false	false	false	pass		M.........................................
11076	01	ugr	1	bids/sub-11076/ses-01/func/sub-11076_ses-01_task-ugr_run-1_events.tsv	dbd12df742daf6d21ea6877e09bc9499d9397a18e7f88b64537398b01c675858	48	48	true	0	0	1			0		0				48	0	0	1	false	false	false	pass		................................................
11076	01	ugr	2	bids/sub-11076/ses-01/func/sub-11076_ses-01_task-ugr_run-2_events.tsv	eaeadc692df3de4982600edc3b25d333904d6504dbd4db4bd8f1b59877b3c95f	48	48	true	0	0	1			0		0				48	0	0	1	false	false	false	pass		................................................
11076	02	doors	1	bids/sub-11076/ses-02/func/sub-11076_ses-02_task-doors_run-1_events.tsv	68220d321e454a90ab4fb913222e1e3e91e6d2488275a201635f79aed300c52f	40	40	true	0	0	1			0		0				40	0	0	1	false	false	false	pass		........................................
11076	02	socialdoors	1	bids/sub-11076/ses-02/func/sub-11076_ses-02_task-socialdoors_run-1_events.tsv	405481c74e3c1e0950b74a50ed8810ef6736f6e4defa49ee3d0f709da9ae0eb6	40	40	true	0	0	1			0		0				40	0	0	1	false	false	false	pass		........................................
11076	02	ugr	1	bids/sub-11076/ses-02/func/sub-11076_ses-02_task-ugr_run-1_events.tsv	bd4fb6206e9affdc82ecec5d9233b2cc87a25d22ac8d21c0234e4791fb1ffdbe	48	48	true	0	0	1			0		0				48	0	0	1	false	false	false	pass		................................................
11076	02	ugr	2	bids/sub-11076/ses-02/func/sub-11076_ses-02_task-ugr_run-2_events.tsv	838db39c0e57486af9c30b527549f89c9e24fc1e964f5d4824e7acd9b0808226	48	48	true	0	0	1			0		0				48	0	0	1	false	false	false	pass		................................................
11078	01	doors	1	bids/sub-11078/ses-01/func/sub-11078_ses-01_task-doors_run-1_events.tsv	9c5852982efa40e8b03d1e7d97f8a9ea4f17906b5af2dbada67911da710d0d02	40	40	true	0	0	1			0		0				40	0	0	1	false	false	false	pass		........................................
11078	01	sharedreward	1	bids/sub-11078/ses-01/func/sub-11078_ses-01_task-sharedreward_run-1_events.tsv	a1b035e9d40ae190235f34462d427c0ac7995d118f14f5cc914ade9832400b0f	54	54	true	0	0	1			0		0				54	0	0	1	false	false	false	pass		......................................................
11078	01	sharedreward	2	bids/sub-11078/ses-01/func/sub-11078_ses-01_task-sharedreward_run-2_events.tsv	46fe0c02e0bc18c2d6046e1fab01b5f77223d2ca0550d7f94fb0781bce951fb5	54	54	true	0	0	1			0		0				54	0	0	1	false	false	false	pass		......................................................
11078	01	socialdoors	1	bids/sub-11078/ses-01/func/sub-11078_ses-01_task-socialdoors_run-1_events.tsv	f7d3564c7de026a87e2ea115ef8b58324fa8f2280d29cfd29f2dc22dd4bf07d8	40	40	true	0	0	1			0		0				40	0	0	1	false	false	false	pass		........................................
11078	01	trust	1	bids/sub-11078/ses-01/func/sub-11078_ses-01_task-trust_run-1_events.tsv	b4c512dc9477cb3120064b556201f70b8b0b272b86d66c204ff04d518c48bfc2	42	42	true	0	0	1			0		0				42	0	0	1	false	false	false	pass		..........................................
11078	01	trust	2	bids/sub-11078/ses-01/func/sub-11078_ses-01_task-trust_run-2_events.tsv	39c5929ada4a4f8448320b755ebac86d7fd770e40af667d5a638b20be6fd4697	42	42	true	0	0	1			0		0				42	0	0	1	false	false	false	pass		..........................................
11078	01	ugr	1	bids/sub-11078/ses-01/func/sub-11078_ses-01_task-ugr_run-1_events.tsv	c2ee718870076df2b91405b6f224a19aca7f4ec5ef095c27a725eeff26e1064b	48	48	true	0	0	1			0		0				48	0	0	1	false	false	false	pass		................................................
11078	01	ugr	2	bids/sub-11078/ses-01/func/sub-11078_ses-01_task-ugr_run-2_events.tsv	3d3608e279105f3dfa35f1937ed13ae557e460e0911dd03b44dc9daf544235e0	48	48	true	0	0	1			0		0				48	0	0	1	false	false	false	pass		................................................
11078	02	doors	1	bids/sub-11078/ses-02/func/sub-11078_ses-02_task-doors_run-1_events.tsv	d6d7924405916a7af9a387e27c02e420ef4122d8ef3d4b8bcacac5c1f1bff3ba	40	40	true	0	0	1			0		0				40	0	0	1	false	false	false	pass		........................................
11078	02	socialdoors	1	bids/sub-11078/ses-02/func/sub-11078_ses-02_task-socialdoors_run-1_events.tsv	23ade3925f34621331e56598b33b41b9cc2d76050bea5602002dfa7f67400f44	40	40	true	0	0	1			0		0				40	0	0	1	false	false	false	pass		........................................
11078	02	ugr	1	bids/sub-11078/ses-02/func/sub-11078_ses-02_task-ugr_run-1_events.tsv	4b3c781c35db5ec22d9bda7ce68781497bad8737c02034cf38b481c6d3a8e331	48	48	true	0	0	1			0		0				48	0	0	1	false	false	false	pass		................................................
11078	02	ugr	2	bids/sub-11078/ses-02/func/sub-11078_ses-02_task-ugr_run-2_events.tsv	f4149fd348bd6f8d8b3cc8d83d602e0615bf1546236e0d235a3d12dd6e3f28f7	48	48	true	0	0	1			0		0				48	0	0	1	false	false	false	pass		................................................
11083	01	sharedreward	1	bids/sub-11083/ses-01/func/sub-11083_ses-01_task-sharedreward_run-1_events.tsv	824a6198ea9c0d00f799665cfddd4dc640766e98633ae36438d00e8568a2e78b	54	54	true	1	0.018519	0.981481	1	1	1	1	0				54	1	0.018519	1	false	false	false	pass		M.....................................................
11083	01	sharedreward	2	bids/sub-11083/ses-01/func/sub-11083_ses-01_task-sharedreward_run-2_events.tsv	697af2468cb13adac1091d7f7592d4caf80dbb08186f7a86246b39b3bcb4815a	54	54	true	3	0.055556	0.944444	1	5	2	1	0				54	3	0.055556	1	false	false	false	pass		MM..M.................................................
11083	01	trust	1	bids/sub-11083/ses-01/func/sub-11083_ses-01_task-trust_run-1_events.tsv	efbb014357c4b82a5c795434cb0e4c5875790e8fc3df1ff46dbf8b5f8163915c	42	42	true	5	0.119048	0.880952	1	38	1	1	0				42	5	0.119048	1	false	false	false	pass		M..............M.........M..M........M....
11083	01	trust	2	bids/sub-11083/ses-01/func/sub-11083_ses-01_task-trust_run-2_events.tsv	1b0c7d79b1e175576ff1a0cc7f216ef524f625721a31727df0787d831ccbc79b	42	42	true	3	0.071429	0.928571	1	21	2	1	0				42	3	0.071429	1	false	false	false	pass		MM..................M.....................
11083	01	ugr	1	bids/sub-11083/ses-01/func/sub-11083_ses-01_task-ugr_run-1_events.tsv	faf4c042271b60d1c330027305e91e5f8ba80ca50c7e1005063a149136d9679b	48	48	true	0	0	1			0		0				48	0	0	1	false	false	false	pass		................................................
11083	01	ugr	2	bids/sub-11083/ses-01/func/sub-11083_ses-01_task-ugr_run-2_events.tsv	cd8a2af9101ec2161a1e0c8fe647c1d0cda3bb67c1b22563bdfc8783f0adb485	48	48	true	0	0	1			0		0				48	0	0	1	false	false	false	pass		................................................
11084	01	doors	1	bids/sub-11084/ses-01/func/sub-11084_ses-01_task-doors_run-1_events.tsv	a17dadfb9c175bcf41dd8e47f80632bd0dbd7e01ac3b8a37463c2e505581ad1a	40	40	true	0	0	1			0		0				40	0	0	1	false	false	false	pass		........................................
11084	01	sharedreward	1	bids/sub-11084/ses-01/func/sub-11084_ses-01_task-sharedreward_run-1_events.tsv	94e93933459f7ebe14c2fc0cfd1637060a3e41f2994a9621a02b7df5271223b4	54	54	true	0	0	1			0		0				54	0	0	1	false	false	false	pass		......................................................
11084	01	sharedreward	2	bids/sub-11084/ses-01/func/sub-11084_ses-01_task-sharedreward_run-2_events.tsv	57c38bc0c1fc8bc29bd669d94e9d5145c241f1a60cbcc3b51d1db5a53830be2d	54	54	true	0	0	1			0		0				54	0	0	1	false	false	false	pass		......................................................
11084	01	socialdoors	1	bids/sub-11084/ses-01/func/sub-11084_ses-01_task-socialdoors_run-1_events.tsv	e710c5f40a2d35dc41377a3937f88c7d8595c7bfebc1fd7449f5bce670755ae8	40	40	true	1	0.025	0.975	15	15	1	15	0				40	1	0.025	1	false	false	false	pass		..............M.........................
11084	01	trust	1	bids/sub-11084/ses-01/func/sub-11084_ses-01_task-trust_run-1_events.tsv	c41a4362c9f46e75aa733f7d0680d1b0cc51b10b56e473bed54db4ff02ce56ce	42	42	true	2	0.047619	0.952381	16	21	1	16	0				42	2	0.047619	1	false	false	false	pass		...............M....M.....................
11084	01	trust	2	bids/sub-11084/ses-01/func/sub-11084_ses-01_task-trust_run-2_events.tsv	44267aafff82a55ec20e75bdff0683fb24c195becd665b21b1b7abe7812105bc	42	42	true	0	0	1			0		0				42	0	0	1	false	false	false	pass		..........................................
11084	01	ugr	1	bids/sub-11084/ses-01/func/sub-11084_ses-01_task-ugr_run-1_events.tsv	58ec06dc4251517062c65769bacbd742d41eafa4674cf3556c3fffa309dc469c	48	48	true	0	0	1			0		0				48	0	0	1	false	false	false	pass		................................................
11084	01	ugr	2	bids/sub-11084/ses-01/func/sub-11084_ses-01_task-ugr_run-2_events.tsv	00da0e8b31daf3174009c6333268a6dc12ea92b9e48fc59a1ea8a620ccdf2c4d	48	48	true	0	0	1			0		0				48	0	0	1	false	false	false	pass		................................................
11085	01	sharedreward	1	bids/sub-11085/ses-01/func/sub-11085_ses-01_task-sharedreward_run-1_events.tsv	6d02db70b5ecf3f18aa414135ab2ae50b78533430869cff246c73b02179209e3	54	54	true	1	0.018519	0.981481	1	1	1	1	0				54	1	0.018519	1	false	false	false	pass		M.....................................................
11085	01	sharedreward	2	bids/sub-11085/ses-01/func/sub-11085_ses-01_task-sharedreward_run-2_events.tsv	7db48f899451fe1d2bdae0490392ebb8e9a940923d79d19332cfa42a17011f69	54	54	true	0	0	1			0		0				54	0	0	1	false	false	false	pass		......................................................
11085	01	trust	1	bids/sub-11085/ses-01/func/sub-11085_ses-01_task-trust_run-1_events.tsv	2d1e9e72e4f6da6494f47f2db097e7b3da7f89e5bf5538722e04a1c3632c82db	42	42	true	1	0.02381	0.97619	1	1	1	1	0				42	1	0.02381	1	false	false	false	pass		M.........................................
11085	01	trust	2	bids/sub-11085/ses-01/func/sub-11085_ses-01_task-trust_run-2_events.tsv	a6cfc296a25cde43395ba575a5222cb1508a313501ca1cca7792e43da72d9e66	42	42	true	0	0	1			0		0				42	0	0	1	false	false	false	pass		..........................................
11090	01	doors	1	bids/sub-11090/ses-01/func/sub-11090_ses-01_task-doors_run-1_events.tsv	9c57cf2ef001fc59e6f06d3a95a56845f874e99510e672137c85a7a35e693978	40	40	true	0	0	1			0		0				40	0	0	1	false	false	false	pass		........................................
11090	01	sharedreward	1	bids/sub-11090/ses-01/func/sub-11090_ses-01_task-sharedreward_run-1_events.tsv	820e4d5997be79b23ebc4e2ce4c03c718a911ba1ec02ced6bfe376c02f4a74bf	54	54	true	1	0.018519	0.981481	1	1	1	1	0				54	1	0.018519	1	false	false	false	pass		M.....................................................
11090	01	sharedreward	2	bids/sub-11090/ses-01/func/sub-11090_ses-01_task-sharedreward_run-2_events.tsv	5f8656328b6edce44a808edf6a90f26e2a1e7db3d7d43b2d452a032d016e2178	54	54	true	0	0	1			0		0				54	0	0	1	false	false	false	pass		......................................................
11090	01	socialdoors	1	bids/sub-11090/ses-01/func/sub-11090_ses-01_task-socialdoors_run-1_events.tsv	8ddc8751caecab84b0843a0fc9f8ffbba6107b2d733ca8eb3458e96156f79875	40	40	true	1	0.025	0.975	29	29	1	29	0				40	1	0.025	1	false	false	false	pass		............................M...........
11090	01	trust	1	bids/sub-11090/ses-01/func/sub-11090_ses-01_task-trust_run-1_events.tsv	a8dce004b7d50a1d8eacc2cfa2cf736d7e9a4f3d0df0aaa63d8960374d52196a	42	42	true	0	0	1			0		0				42	0	0	1	false	false	false	pass		..........................................
11090	01	trust	2	bids/sub-11090/ses-01/func/sub-11090_ses-01_task-trust_run-2_events.tsv	8f16730f2f267d6bf12a1f83656bb372e693f70143616e9f92e065ffefd15478	42	42	true	2	0.047619	0.952381	1	32	1	1	0				42	2	0.047619	1	false	false	false	pass		M..............................M..........
11090	01	ugr	1	bids/sub-11090/ses-01/func/sub-11090_ses-01_task-ugr_run-1_events.tsv	92cfdbaa013a433c5261e71f1f5c18591945ad80cf387f16e82b17a3968fdf63	48	48	true	0	0	1			0		0				48	0	0	1	false	false	false	pass		................................................
11090	01	ugr	2	bids/sub-11090/ses-01/func/sub-11090_ses-01_task-ugr_run-2_events.tsv	6578a864fa3558c0172a12806afe8dec41ec5bbb578624c04a16f681631b71cd	48	48	true	1	0.020833	0.979167	1	1	1	1	0				48	1	0.020833	1	false	false	false	pass		M...............................................
11110	01	sharedreward	1	bids/sub-11110/ses-01/func/sub-11110_ses-01_task-sharedreward_run-1_events.tsv	a49632225d34bcdd4d2686be36cc0190f919a4bb3cdd103d164a2f866754f321	54	54	true	2	0.037037	0.962963	41	42	2	41	0				54	2	0.037037	1	false	false	false	pass		........................................MM............
11110	01	sharedreward	2	bids/sub-11110/ses-01/func/sub-11110_ses-01_task-sharedreward_run-2_events.tsv	5000ab6723d568671b22077f4cc725bb0d84e06a40df2fcf7fa0ae65b8cc6658	54	54	true	4	0.074074	0.925926	1	15	2	1	0				54	4	0.074074	1	false	false	false	pass		MM.........M..M.......................................
11110	01	ugr	1	bids/sub-11110/ses-01/func/sub-11110_ses-01_task-ugr_run-1_events.tsv	ab293f409418bd21c2b85c5d87bc9acb98fc7f2f8d9684613bbc796ec1ffad7e	48	48	true	1	0.020833	0.979167	1	1	1	1	0				48	1	0.020833	1	false	false	false	pass		M...............................................
11110	01	ugr	2	bids/sub-11110/ses-01/func/sub-11110_ses-01_task-ugr_run-2_events.tsv	4e27c7034b2a8dfba2dbbc1a64ee0aee97ee483cf47f8ce18b2ae1ffd65963fe	48	48	true	4	0.083333	0.916667	33	40	2	33	0				48	4	0.083333	1	false	false	false	pass		................................MM....MM........
11113	01	doors	1	bids/sub-11113/ses-01/func/sub-11113_ses-01_task-doors_run-1_events.tsv	bdf7e174e2b143544e29b7d1b1abedd03487dcdc13ce7098c0fcefd4a657cf55	40	40	true	0	0	1			0		0				40	0	0	1	false	false	false	pass		........................................
11113	01	sharedreward	1	bids/sub-11113/ses-01/func/sub-11113_ses-01_task-sharedreward_run-1_events.tsv	961b177504f66fa363aeb700c5b2450ce94b7afac288bef8f7a0b1b7a003b4c1	54	54	true	2	0.037037	0.962963	14	28	1	14	0				54	2	0.037037	1	false	false	false	pass		.............M.............M..........................
11113	01	sharedreward	2	bids/sub-11113/ses-01/func/sub-11113_ses-01_task-sharedreward_run-2_events.tsv	af27f71222fbae20d83623cbb7f0f070f35f419a71d0f5e01546defb2649d4ef	54	54	true	1	0.018519	0.981481	30	30	1	30	0				54	1	0.018519	1	false	false	false	pass		.............................M........................
11113	01	socialdoors	1	bids/sub-11113/ses-01/func/sub-11113_ses-01_task-socialdoors_run-1_events.tsv	9034bec7ce3514d8f8c8b37633bdf681830ae94820eaa9edfe68511d76c04d4c	40	40	true	4	0.1	0.9	7	22	2	21	0				40	4	0.1	1	false	false	false	pass		......M......M......MM..................
11113	01	trust	1	bids/sub-11113/ses-01/func/sub-11113_ses-01_task-trust_run-1_events.tsv	4a15f1b413af1d854b42d14895921c04530958ac6afa4daccc8810f149b82b1e	42	42	true	1	0.02381	0.97619	3	3	1	3	0				42	1	0.02381	1	false	false	false	pass		..M.......................................
11113	01	trust	2	bids/sub-11113/ses-01/func/sub-11113_ses-01_task-trust_run-2_events.tsv	22ebb621d57ef016e0dbdac230687f5674add195e6038d72a51a360daa35ae1c	42	42	true	1	0.02381	0.97619	3	3	1	3	0				42	1	0.02381	1	false	false	false	pass		..M.......................................
11113	01	ugr	1	bids/sub-11113/ses-01/func/sub-11113_ses-01_task-ugr_run-1_events.tsv	4b08ebd7aa4cac1248f25add28f04ace88f8777b1c748bf6f3162f43f1fbaa41	48	48	true	0	0	1			0		0				48	0	0	1	false	false	false	pass		................................................
11113	01	ugr	2	bids/sub-11113/ses-01/func/sub-11113_ses-01_task-ugr_run-2_events.tsv	23850b2a8c14cc7c492cac9f6bebb39096c67de49cb4204eafa1f0dc9a151487	48	48	true	0	0	1			0		0				48	0	0	1	false	false	false	pass		................................................
11116	01	doors	1	bids/sub-11116/ses-01/func/sub-11116_ses-01_task-doors_run-1_events.tsv	a0526e4bdb9cf8864f7b5ddd6b816b83ce9744dff4f9e08aa97e118fbfca6972	40	40	true	0	0	1			0		0				40	0	0	1	false	false	false	pass		........................................
11116	01	sharedreward	1	bids/sub-11116/ses-01/func/sub-11116_ses-01_task-sharedreward_run-1_events.tsv	4bfa91f3d61f5f58cdb623d243e1bdd68bf17a62f318eb61b425dfce0e6fb7d4	54	54	true	0	0	1			0		0				54	0	0	1	false	false	false	pass		......................................................
11116	01	sharedreward	2	bids/sub-11116/ses-01/func/sub-11116_ses-01_task-sharedreward_run-2_events.tsv	7c6922f2ad6cad52f80bd9901982d71ca1a860cfa1d227acaae5abda27bd608b	54	54	true	2	0.037037	0.962963	38	46	1	38	0				54	2	0.037037	1	false	false	false	pass		.....................................M.......M........
11116	01	socialdoors	1	bids/sub-11116/ses-01/func/sub-11116_ses-01_task-socialdoors_run-1_events.tsv	1493299634575330cac828eb4d3603afd1701e2057db8148ef3be674458298dd	40	40	true	0	0	1			0		0				40	0	0	1	false	false	false	pass		........................................
11116	01	trust	1	bids/sub-11116/ses-01/func/sub-11116_ses-01_task-trust_run-1_events.tsv	f87b5534c19f455806b5cf1eaffdb4c586331ef4d81a03f46489bb5d976fe021	42	42	true	1	0.02381	0.97619	1	1	1	1	0				42	1	0.02381	1	false	false	false	pass		M.........................................
11116	01	trust	2	bids/sub-11116/ses-01/func/sub-11116_ses-01_task-trust_run-2_events.tsv	2ddf789bd81ce72ed47d302135c8240fbbc4d052a2e616c739a7f25c8dc8629e	42	42	true	0	0	1			0		0				42	0	0	1	false	false	false	pass		..........................................
11116	01	ugr	1	bids/sub-11116/ses-01/func/sub-11116_ses-01_task-ugr_run-1_events.tsv	1da4bbdf7eb357e05ca1e70465486aaaf79a6b2ce3ea01c04e0d4d6583f9be88	48	48	true	0	0	1			0		0				48	0	0	1	false	false	false	pass		................................................
11116	01	ugr	2	bids/sub-11116/ses-01/func/sub-11116_ses-01_task-ugr_run-2_events.tsv	2a3d8fa307f85ab8736e11d1d462a9871ffc320efc59d65594639ffab2849cc4	48	48	true	0	0	1			0		0				48	0	0	1	false	false	false	pass		................................................
11116	02	doors	1	bids/sub-11116/ses-02/func/sub-11116_ses-02_task-doors_run-1_events.tsv	6010307abb95b3bf5358de6d7dfbb08f170cd4c78af0ee47b37931541a583b57	40	40	true	0	0	1			0		0				40	0	0	1	false	false	false	pass		........................................
11116	02	socialdoors	1	bids/sub-11116/ses-02/func/sub-11116_ses-02_task-socialdoors_run-1_events.tsv	63de4a9ee1eddce8be2dc015974ea062675386301e074c66cded37667d98a4b8	40	40	true	0	0	1			0		0				40	0	0	1	false	false	false	pass		........................................
11116	02	ugr	1	bids/sub-11116/ses-02/func/sub-11116_ses-02_task-ugr_run-1_events.tsv	82b92366e61273e2c2ee4c89c6e7b584b6dc657a00b8fb592171b4397d9b8f74	48	48	true	0	0	1			0		0				48	0	0	1	false	false	false	pass		................................................
11116	02	ugr	2	bids/sub-11116/ses-02/func/sub-11116_ses-02_task-ugr_run-2_events.tsv	8c692754dca33eb7c79d49e2f05a3837c361fb9706c736d7faef45ba058e5a19	48	48	true	0	0	1			0		0				48	0	0	1	false	false	false	pass		................................................
11120	01	doors	1	bids/sub-11120/ses-01/func/sub-11120_ses-01_task-doors_run-1_events.tsv	6bce3e742a527445fba1ca8e7e20fff38c682190dcad4da424e78e67627e1924	40	40	true	0	0	1			0		0				40	0	0	1	false	false	false	pass		........................................
11120	01	sharedreward	1	bids/sub-11120/ses-01/func/sub-11120_ses-01_task-sharedreward_run-1_events.tsv	9c84b3f46e0456b90bcbc30fdb9ca03fb49641b2f41009d09b3591ea9d97e61b	54	54	true	1	0.018519	0.981481	1	1	1	1	0				54	1	0.018519	1	false	false	false	pass		M.....................................................
11120	01	sharedreward	2	bids/sub-11120/ses-01/func/sub-11120_ses-01_task-sharedreward_run-2_events.tsv	106c7faee916cc503d279c69c56e07b936a50043ff455ca15cee05c0c2a8b7a3	54	54	true	3	0.055556	0.944444	13	46	2	45	0				54	3	0.055556	1	false	false	false	pass		............M...............................MM........
11120	01	socialdoors	1	bids/sub-11120/ses-01/func/sub-11120_ses-01_task-socialdoors_run-1_events.tsv	50b35dc969779eda7af518339a9952f821e39129a317b4240e530eb09afe9c69	40	40	true	0	0	1			0		0				40	0	0	1	false	false	false	pass		........................................
11120	01	trust	1	bids/sub-11120/ses-01/func/sub-11120_ses-01_task-trust_run-1_events.tsv	546ffe2be8e87b3c1dcfe77d7e2767c5e73d98e9af43b54bfca2485c0da01214	42	42	true	0	0	1			0		0				42	0	0	1	false	false	false	pass		..........................................
11120	01	trust	2	bids/sub-11120/ses-01/func/sub-11120_ses-01_task-trust_run-2_events.tsv	1d9deb9e3baf6dcb24582edc418ca1556a2c34c5006d5d38b7ccc22507192e2a	42	42	true	1	0.02381	0.97619	40	40	1	40	0				42	1	0.02381	1	false	false	false	pass		.......................................M..
11120	01	ugr	1	bids/sub-11120/ses-01/func/sub-11120_ses-01_task-ugr_run-1_events.tsv	55d4f0ab389de28c1990151425a3bb3224743364d9160df72678cb86fd2f2fd6	48	48	true	0	0	1			0		0				48	0	0	1	false	false	false	pass		................................................
11120	01	ugr	2	bids/sub-11120/ses-01/func/sub-11120_ses-01_task-ugr_run-2_events.tsv	3029e06b6b263e600aa0978b2a27acb1579709f897169d132a3b7a339f661ab9	48	48	true	1	0.020833	0.979167	17	17	1	17	0				48	1	0.020833	1	false	false	false	pass		................M...............................
11125	01	doors	1	bids/sub-11125/ses-01/func/sub-11125_ses-01_task-doors_run-1_events.tsv	60172901fb0b89dd47fdba3213aea26af9bb6c6f7bc7f33590bed91bd4748d6d	40	40	true	40	1	0	1	40	40	1	40	1	0.601871	331.015232	0	0	1	0	true	true	false	review	overall_miss_fraction_threshold;terminal_miss_streak	MMMMMMMMMMMMMMMMMMMMMMMMMMMMMMMMMMMMMMMM
11125	01	sharedreward	1	bids/sub-11125/ses-01/func/sub-11125_ses-01_task-sharedreward_run-1_events.tsv	49eb76d3461a4a09c38ffd2eeed8fbea591bb5d2adc4c92daca9422a5fd41673	54	54	true	10	0.185185	0.814815	13	46	3	33	0				54	10	0.185185	1	false	false	false	pass		............M.......M......M....MMM....MM...MM........
11125	01	sharedreward	2	bids/sub-11125/ses-01/func/sub-11125_ses-01_task-sharedreward_run-2_events.tsv	29239b9338e18e3dc8d8502d0c6bbaba674ca56af7d075bbf392140cb7e86454	54	54	true	23	0.425926	0.574074	8	54	8	47	8	47	348.4971	53.9723	46	15	0.326087	0.851852	true	true	false	review	overall_miss_fraction_threshold;terminal_miss_streak	.......M...M..M.......MM.M.MMM....M..MMMMM....MMMMMMMM
11125	01	socialdoors	1	bids/sub-11125/ses-01/func/sub-11125_ses-01_task-socialdoors_run-1_events.tsv	4954cfc1cc78dfc18a9dcbfd10de543cfbb2eb03bd6d0f79e5c98c96ef057ea1	40	40	true	40	1	0	1	40	40	1	40	1	0.642679	332.248492	0	0	1	0	true	true	false	review	overall_miss_fraction_threshold;terminal_miss_streak	MMMMMMMMMMMMMMMMMMMMMMMMMMMMMMMMMMMMMMMM
11125	01	trust	1	bids/sub-11125/ses-01/func/sub-11125_ses-01_task-trust_run-1_events.tsv	38b4d868eae9d17a5e3ad8cbfa251e9214d072f7cafa6b5a1cc2aa7fa86337f6	42	42	true	4	0.095238	0.904762	5	37	1	5	0				42	4	0.095238	1	false	false	false	pass		....M...............M......M........M.....
11125	01	trust	2	bids/sub-11125/ses-01/func/sub-11125_ses-01_task-trust_run-2_events.tsv	ea3ef7ed4bee46d90340925ce428a03e6d1fa24435d70abda20a47a17e746b4d	42	42	true	14	0.333333	0.666667	3	41	4	16	0				42	14	0.333333	1	true	false	false	review	overall_miss_fraction_threshold	..MM.....M...M.MMMM....M..M....M....MM..M.
11126	01	doors	1	bids/sub-11126/ses-01/func/sub-11126_ses-01_task-doors_run-1_events.tsv	aff4c4e1ed9e4655343d1dd495f26549fe239dad3b92415013dfe547ff9583c9	40	40	true	8	0.2	0.8	9	38	2	17	0				40	8	0.2	1	false	false	false	pass		........M.......MM........M..MM...M..M..
11126	01	sharedreward	1	bids/sub-11126/ses-01/func/sub-11126_ses-01_task-sharedreward_run-1_events.tsv	1e6247914798d540ea6af0a63b1dfc25854b880638fa03fee5bd01ee7c083829	54	54	true	12	0.222222	0.777778	7	54	2	13	1	54	391.9003	5.83047	53	11	0.207547	0.981481	false	false	false	pass		......M.....MM...M...M.M.M...M................M..MM..M
11126	01	socialdoors	1	bids/sub-11126/ses-01/func/sub-11126_ses-01_task-socialdoors_run-1_events.tsv	ae9e4c36ba96c8942fa0743875fdb9f56415d69baa3d421290d225fc9ad7af70	40	40	true	9	0.225	0.775	1	40	2	14	1	40	326.887634	4.599793	39	8	0.205128	0.975	false	false	false	pass		M............MM.........M..M.M...M.M...M
11126	01	trust	1	bids/sub-11126/ses-01/func/sub-11126_ses-01_task-trust_run-1_events.tsv	77b03f55604c5ac5ae5dc50fb190880f5a2cc1f324c90da5d32892922b6c9960	42	42	true	4	0.095238	0.904762	14	29	1	14	0				42	4	0.095238	1	false	false	false	pass		.............M.....M....M...M.............
11126	01	trust	2	bids/sub-11126/ses-01/func/sub-11126_ses-01_task-trust_run-2_events.tsv	36554eee1d540cc2697a22bcf0f9259082f82fdac42aee7578f3d0695e02736f	42	42	true	11	0.261905	0.738095	1	42	1	1	1	42	435.40393	3.00807	41	10	0.243902	0.97619	true	false	false	review	overall_miss_fraction_threshold	M...M......M...M.M.M..M......M.....M...M.M
11126	01	ugr	1	bids/sub-11126/ses-01/func/sub-11126_ses-01_task-ugr_run-1_events.tsv	f279ededd3df9f6bab8c56579dfb87a690f41165aa193eaeaed8765aa2044efa	48	48	true	9	0.1875	0.8125	12	43	2	24	0				48	9	0.1875	1	false	false	false	pass		...........M.M....M....MM...M...M....M....M.....
11126	01	ugr	2	bids/sub-11126/ses-01/func/sub-11126_ses-01_task-ugr_run-2_events.tsv	215b838040a8931218044122466cd0d6bfbe415b151889d32d94bd491755bb28	48	48	true	14	0.291667	0.708333	2	48	2	47	2	47	362.20172	10.59903	46	12	0.26087	0.958333	true	false	false	review	overall_miss_fraction_threshold	.M..M..M...M.M......M.M..M......M..M...M.M....MM
11128	01	sharedreward	1	bids/sub-11128/ses-01/func/sub-11128_ses-01_task-sharedreward_run-1_events.tsv	9fe2d4f3021aeffe4e903e66c75744867a604e44c95d72bbb56ce0de2998dd86	54	54	true	1	0.018519	0.981481	1	1	1	1	0				54	1	0.018519	1	false	false	false	pass		M.....................................................
11128	01	sharedreward	2	bids/sub-11128/ses-01/func/sub-11128_ses-01_task-sharedreward_run-2_events.tsv	17dc98be9db61e474e64fa0b77b3dea1a92815ac844f5679c7404e122ef7f395	54	54	true	0	0	1			0		0				54	0	0	1	false	false	false	pass		......................................................
11128	01	trust	1	bids/sub-11128/ses-01/func/sub-11128_ses-01_task-trust_run-1_events.tsv	99d10137672cff45ad276fc9d6d9bb524d71df8e0d2ac65a6feca37f22c5defb	42	42	true	2	0.047619	0.952381	3	37	1	3	0				42	2	0.047619	1	false	false	false	pass		..M.................................M.....
11128	01	trust	2	bids/sub-11128/ses-01/func/sub-11128_ses-01_task-trust_run-2_events.tsv	2aa52fff7406b844df042e7e4826f8ff9aa3828526f61a89b1d0682fc57ae876	42	42	true	2	0.047619	0.952381	11	40	1	11	0				42	2	0.047619	1	false	false	false	pass		..........M............................M..
11128	01	ugr	1	bids/sub-11128/ses-01/func/sub-11128_ses-01_task-ugr_run-1_events.tsv	ae0c3141f86357ff5d2ae89e5191d471595b1ceaec02c39b632745428cc69ac3	48	48	true	1	0.020833	0.979167	12	12	1	12	0				48	1	0.020833	1	false	false	false	pass		...........M....................................
11128	01	ugr	2	bids/sub-11128/ses-01/func/sub-11128_ses-01_task-ugr_run-2_events.tsv	9563c404cbf312859e2829bc552ca6cbd4e3abcd6b5551144e7b50e8029b9d7e	48	48	true	0	0	1			0		0				48	0	0	1	false	false	false	pass		................................................
11134	01	doors	1	bids/sub-11134/ses-01/func/sub-11134_ses-01_task-doors_run-1_events.tsv	bb4126c7fdcb05e4c2fb21dd4b3a23672aa477353e120383f7617ae94ac397dd	40	40	true	0	0	1			0		0				40	0	0	1	false	false	false	pass		........................................
11134	01	sharedreward	1	bids/sub-11134/ses-01/func/sub-11134_ses-01_task-sharedreward_run-1_events.tsv	9cd75ffb0584364b6e29077c74dcad04a70f354c4471cc953583627babdd125b	54	54	true	0	0	1			0		0				54	0	0	1	false	false	false	pass		......................................................
11134	01	sharedreward	2	bids/sub-11134/ses-01/func/sub-11134_ses-01_task-sharedreward_run-2_events.tsv	416071e258daf321cb9f9fbe6aece3ed89fa8a3d3f2b920b52b08b39789ceb4d	54	54	true	0	0	1			0		0				54	0	0	1	false	false	false	pass		......................................................
11134	01	socialdoors	1	bids/sub-11134/ses-01/func/sub-11134_ses-01_task-socialdoors_run-1_events.tsv	8fdb25606db44df9d89ed8c5c70893744f06f7e30e220a8b2c318b84b22d9c17	40	40	true	0	0	1			0		0				40	0	0	1	false	false	false	pass		........................................
11134	01	trust	1	bids/sub-11134/ses-01/func/sub-11134_ses-01_task-trust_run-1_events.tsv	c5ef0eac2e5d70a5e84d003217ff54cd5f01190990bdcc814735dd276780a4f1	42	42	true	1	0.02381	0.97619	3	3	1	3	0				42	1	0.02381	1	false	false	false	pass		..M.......................................
11134	01	trust	2	bids/sub-11134/ses-01/func/sub-11134_ses-01_task-trust_run-2_events.tsv	588c5e6fab23d132233a9d201b50065da4d310e6afc3157710c617f75c89190b	42	42	true	0	0	1			0		0				42	0	0	1	false	false	false	pass		..........................................
11134	01	ugr	1	bids/sub-11134/ses-01/func/sub-11134_ses-01_task-ugr_run-1_events.tsv	04bb1fe4a55b0bfff2e966ca3dcd84335c5a4a3e434847c64a0172eacc2c16a2	48	48	true	0	0	1			0		0				48	0	0	1	false	false	false	pass		................................................
11134	01	ugr	2	bids/sub-11134/ses-01/func/sub-11134_ses-01_task-ugr_run-2_events.tsv	39016f75109f4a2b979d66dd01817551cf4b32b9563bb716b5214f9cde1e6f8e	48	48	true	0	0	1			0		0				48	0	0	1	false	false	false	pass		................................................
11139	01	doors	1	bids/sub-11139/ses-01/func/sub-11139_ses-01_task-doors_run-1_events.tsv	4b76aba0602e9611221c1f3fe4e7c052f48c7f481282a00e29942595ca4d6fc0	40	40	true	1	0.025	0.975	32	32	1	32	0				40	1	0.025	1	false	false	false	pass		...............................M........
11139	01	sharedreward	1	bids/sub-11139/ses-01/func/sub-11139_ses-01_task-sharedreward_run-1_events.tsv	4e4d767fe76806bd67cfadc44c4cbd7dd88e990a5b99da9bc1e9b42181774c0f	54	54	true	2	0.037037	0.962963	46	54	1	46	1	54	396.76938	5.82965	53	1	0.018868	0.981481	false	false	false	pass		.............................................M.......M
11139	01	sharedreward	2	bids/sub-11139/ses-01/func/sub-11139_ses-01_task-sharedreward_run-2_events.tsv	eec9cd535db762ae560e10114b6e8967305aa0a0a81f861438297a569ae2cd38	54	54	true	5	0.092593	0.907407	22	47	1	22	0				54	5	0.092593	1	false	false	false	pass		.....................M........M.........M.M...M.......
11139	01	socialdoors	1	bids/sub-11139/ses-01/func/sub-11139_ses-01_task-socialdoors_run-1_events.tsv	aa1e083df13c42b0594c8be66581d1b4212ae1b218c63684ebcd0ba0976576e4	40	40	true	1	0.025	0.975	1	1	1	1	0				40	1	0.025	1	false	false	false	pass		M.......................................
11139	01	trust	1	bids/sub-11139/ses-01/func/sub-11139_ses-01_task-trust_run-1_events.tsv	59b1f9ed83d7478a7d4713978a94cfb7792a6d9b3e01eddb14915510082e412f	42	42	true	0	0	1			0		0				42	0	0	1	false	false	false	pass		..........................................
11139	01	trust	2	bids/sub-11139/ses-01/func/sub-11139_ses-01_task-trust_run-2_events.tsv	362610c9ab6bce43f7a564b9d0935cd4c07637240a4a600c3da357fff3b060a5	42	42	true	4	0.095238	0.904762	2	42	1	2	1	42	432.28406	3.00814	41	3	0.073171	0.97619	false	false	false	pass		.M...............M................M......M
11139	01	ugr	1	bids/sub-11139/ses-01/func/sub-11139_ses-01_task-ugr_run-1_events.tsv	b23844b9dfa6400e465279aa85b7893b2be10cba5eee026acae9ea661f4120c3	48	48	true	0	0	1			0		0				48	0	0	1	false	false	false	pass		................................................
11139	01	ugr	2	bids/sub-11139/ses-01/func/sub-11139_ses-01_task-ugr_run-2_events.tsv	20548649a0daa516d58f41aa2d6f97868e1a54108873278ac4fa5fb031aabbda	48	48	true	3	0.0625	0.9375	15	27	1	15	0				48	3	0.0625	1	false	false	false	pass		..............M.....M.....M.....................
11145	01	sharedreward	1	bids/sub-11145/ses-01/func/sub-11145_ses-01_task-sharedreward_run-1_events.tsv	0c2fb0fddd2d40e3d04fb5009cef1b57476104083555f9086b2317ea9534d26b	54	54	true	0	0	1			0		0				54	0	0	1	false	false	false	pass		......................................................
11145	01	sharedreward	2	bids/sub-11145/ses-01/func/sub-11145_ses-01_task-sharedreward_run-2_events.tsv	6d5e2299e64c653228992593b32a80aaa9f8dcf4b2e875fef82dad5e9dd9532b	54	54	true	1	0.018519	0.981481	54	54	1	54	1	54	391.81854	4.215	53	0	0	0.981481	false	false	false	pass		.....................................................M
11145	01	ugr	1	bids/sub-11145/ses-01/func/sub-11145_ses-01_task-ugr_run-1_events.tsv	480c0b6797befc5719efb76b04fe09918fd67d39c436ee599aa2f2b18e8f70e0	48	48	true	0	0	1			0		0				48	0	0	1	false	false	false	pass		................................................
11145	01	ugr	2	bids/sub-11145/ses-01/func/sub-11145_ses-01_task-ugr_run-2_events.tsv	7a472894e1fb5a227757ef0f7218a418f1558477764de726de8ee347faa5fc1d	48	48	true	1	0.020833	0.979167	23	23	1	23	0				48	1	0.020833	1	false	false	false	pass		......................M.........................
11164	01	doors	1	bids/sub-11164/ses-01/func/sub-11164_ses-01_task-doors_run-1_events.tsv	2f9e40c54dd54bf3d4ababcca52f14c16ac86f098cd0cd7e8347e18f259017b3	40	40	true	1	0.025	0.975	22	22	1	22	0				40	1	0.025	1	false	false	false	pass		.....................M..................
11164	01	sharedreward	1	bids/sub-11164/ses-01/func/sub-11164_ses-01_task-sharedreward_run-1_events.tsv	8a10b05466f88dcecb15407873ccea6b85c76a23a690661588df64da5f175ae5	54	54	true	1	0.018519	0.981481	40	40	1	40	0				54	1	0.018519	1	false	false	false	pass		.......................................M..............
11164	01	socialdoors	1	bids/sub-11164/ses-01/func/sub-11164_ses-01_task-socialdoors_run-1_events.tsv	09363e9ef5f5ab33e969ae27a833e5892c65b42f7bfabb5b782774bec7570765	40	40	true	0	0	1			0		0				40	0	0	1	false	false	false	pass		........................................
11164	01	trust	1	bids/sub-11164/ses-01/func/sub-11164_ses-01_task-trust_run-1_events.tsv	a655464d67990c648d89d434e1638bf441d4a5e21f24933e4e60c1840566c9c3	42	42	true	4	0.095238	0.904762	1	36	1	1	0				42	4	0.095238	1	false	false	false	pass		M...M...M..........................M......
11164	01	ugr	1	bids/sub-11164/ses-01/func/sub-11164_ses-01_task-ugr_run-1_events.tsv	b22d4e42e7033de6ef58624fc27885f438383c1db923015b2dd0e2f504646b0b	48	48	true	2	0.041667	0.958333	3	14	1	3	0				48	2	0.041667	1	false	false	false	pass		..M..........M..................................
11164	01	ugr	2	bids/sub-11164/ses-01/func/sub-11164_ses-01_task-ugr_run-2_events.tsv	35a7aa31e0e5a820360339731c217bb921d29ab5128695ebfafadaa9c463b0df	48	48	true	1	0.020833	0.979167	33	33	1	33	0				48	1	0.020833	1	false	false	false	pass		................................M...............
11167	01	doors	1	bids/sub-11167/ses-01/func/sub-11167_ses-01_task-doors_run-1_events.tsv	e27828f15007d28f31a0b7856a992a2eaeae5f0f82659f26b9f90320ed91bab3	40	40	true	0	0	1			0		0				40	0	0	1	false	false	false	pass		........................................
11167	01	sharedreward	1	bids/sub-11167/ses-01/func/sub-11167_ses-01_task-sharedreward_run-1_events.tsv	a06873ae281e0ff91debd12f394bd59b45f1b87f66e27d76c9b5a4912f909ae1	54	54	true	0	0	1			0		0				54	0	0	1	false	false	false	pass		......................................................
11167	01	sharedreward	2	bids/sub-11167/ses-01/func/sub-11167_ses-01_task-sharedreward_run-2_events.tsv	83c3db86c57a14e76747e636bb34ccb5ca6c4ef839c7ad650b64387d8938373b	54	54	true	1	0.018519	0.981481	3	3	1	3	0				54	1	0.018519	1	false	false	false	pass		..M...................................................
11167	01	socialdoors	1	bids/sub-11167/ses-01/func/sub-11167_ses-01_task-socialdoors_run-1_events.tsv	94e86b2d4474f43e4cb8589fb1363e5e1b93a23aa0b51a604a035031ee80a62d	40	40	true	0	0	1			0		0				40	0	0	1	false	false	false	pass		........................................
11167	01	trust	1	bids/sub-11167/ses-01/func/sub-11167_ses-01_task-trust_run-1_events.tsv	267311b8a01b00c2faf8ac14b978d0e489d87fec5bf89cdc486b87a03cc02ba4	42	42	true	0	0	1			0		0				42	0	0	1	false	false	false	pass		..........................................
11167	01	trust	2	bids/sub-11167/ses-01/func/sub-11167_ses-01_task-trust_run-2_events.tsv	eac1bbcc09c9b6d5c19d74cd3916eb1fda83a4cfd4d943f1542447f3f1e08f13	42	42	true	1	0.02381	0.97619	33	33	1	33	0				42	1	0.02381	1	false	false	false	pass		................................M.........
11167	01	ugr	1	bids/sub-11167/ses-01/func/sub-11167_ses-01_task-ugr_run-1_events.tsv	f89d80e080918f92ff28d351eaac3b2d3c521137dc30d2409c8940ea6ef566b9	48	48	true	0	0	1			0		0				48	0	0	1	false	false	false	pass		................................................
11167	01	ugr	2	bids/sub-11167/ses-01/func/sub-11167_ses-01_task-ugr_run-2_events.tsv	c34734df4c98aa7c477de41dcc3fd2003c9e8763ad3fdddd6304a2a872a165d6	48	48	true	1	0.020833	0.979167	5	5	1	5	0				48	1	0.020833	1	false	false	false	pass		....M...........................................
11168	01	doors	1	bids/sub-11168/ses-01/func/sub-11168_ses-01_task-doors_run-1_events.tsv	9a6b590d5738824562469e432711e97e8b9f0f438ecd6a55a0a2e6ae87714f85	40	40	true	0	0	1			0		0				40	0	0	1	false	false	false	pass		........................................
11168	01	sharedreward	1	bids/sub-11168/ses-01/func/sub-11168_ses-01_task-sharedreward_run-1_events.tsv	c4948658f4befc5b8cbb70fa4cf7e0209c5042b19aaa68ce14a791c96a720bba	54	54	true	0	0	1			0		0				54	0	0	1	false	false	false	pass		......................................................
11168	01	sharedreward	2	bids/sub-11168/ses-01/func/sub-11168_ses-01_task-sharedreward_run-2_events.tsv	9e9101f3660dfb9fa3b98d342062f2eac5ce39ae36abe335d0b7ec2e092b4580	54	54	true	0	0	1			0		0				54	0	0	1	false	false	false	pass		......................................................
11168	01	socialdoors	1	bids/sub-11168/ses-01/func/sub-11168_ses-01_task-socialdoors_run-1_events.tsv	0f3be6b46396cdc6017f59a7aa8e358b4e7cd7b0b2ddf9c7e8712538f554da80	40	40	true	0	0	1			0		0				40	0	0	1	false	false	false	pass		........................................
11168	01	trust	1	bids/sub-11168/ses-01/func/sub-11168_ses-01_task-trust_run-1_events.tsv	848f2e087fa3c12462be2e010e1d22dfac16dc5e51d3d2181c6529448b785684	42	42	true	0	0	1			0		0				42	0	0	1	false	false	false	pass		..........................................
11168	01	trust	2	bids/sub-11168/ses-01/func/sub-11168_ses-01_task-trust_run-2_events.tsv	2ff7833997e911ef9a9b5b5b52961843dec1fb5b500fb1a3953223a06f227a0f	42	42	true	1	0.02381	0.97619	22	22	1	22	0				42	1	0.02381	1	false	false	false	pass		.....................M....................
11168	01	ugr	1	bids/sub-11168/ses-01/func/sub-11168_ses-01_task-ugr_run-1_events.tsv	46bfcc1eccaac7f7416262fdc20288d6ee1df7a26e24de69eacba4c597a7b671	48	48	true	0	0	1			0		0				48	0	0	1	false	false	false	pass		................................................
11168	01	ugr	2	bids/sub-11168/ses-01/func/sub-11168_ses-01_task-ugr_run-2_events.tsv	ca392048397ad51efe297de4e7083eed9e70433be321cb9e343cafc7fbe8c446	48	48	true	0	0	1			0		0				48	0	0	1	false	false	false	pass		................................................
11171	01	sharedreward	1	bids/sub-11171/ses-01/func/sub-11171_ses-01_task-sharedreward_run-1_events.tsv	52ea157d413075dac5679c0762b8ed7796e552ffb79905438c780c8143488701	54	54	true	2	0.037037	0.962963	5	23	1	5	0				54	2	0.037037	1	false	false	false	pass		....M.................M...............................
11171	01	sharedreward	2	bids/sub-11171/ses-01/func/sub-11171_ses-01_task-sharedreward_run-2_events.tsv	2a54b50bf84addc825b4d6b68304254cf9b9dc885d05ab350f0b9e5b108ce788	54	54	true	1	0.018519	0.981481	36	36	1	36	0				54	1	0.018519	1	false	false	false	pass		...................................M..................
11171	01	trust	1	bids/sub-11171/ses-01/func/sub-11171_ses-01_task-trust_run-1_events.tsv	1f8bf701d90ebc08adbc84f8fadedc37233f461b7337e914c5ca89e48ee5976a	42	42	true	0	0	1			0		0				42	0	0	1	false	false	false	pass		..........................................
11171	01	trust	2	bids/sub-11171/ses-01/func/sub-11171_ses-01_task-trust_run-2_events.tsv	5eaee190ad5f0553bcf64bd054e8a80249a27363dfee41fea76657f507657116	42	42	true	0	0	1			0		0				42	0	0	1	false	false	false	pass		..........................................
11177	01	doors	1	bids/sub-11177/ses-01/func/sub-11177_ses-01_task-doors_run-1_events.tsv	18d5d5ca606b7943f613635a39b8b83c4150f99d1a779353608920da6fe87556	40	40	true	2	0.05	0.95	23	28	1	23	0				40	2	0.05	1	false	false	false	pass		......................M....M............
11177	01	sharedreward	1	bids/sub-11177/ses-01/func/sub-11177_ses-01_task-sharedreward_run-1_events.tsv	cfa4357bf7b6864df17b6e5ec57fa472429ffc77ed444b24b7699079fc660f8a	54	54	true	2	0.037037	0.962963	1	12	1	1	0				54	2	0.037037	1	false	false	false	pass		M..........M..........................................
11177	01	sharedreward	2	bids/sub-11177/ses-01/func/sub-11177_ses-01_task-sharedreward_run-2_events.tsv	fb7e36d62bcffe31f2afe282f4357dee532519ae7ffb4a43de9e24b26d241180	54	54	true	1	0.018519	0.981481	32	32	1	32	0				54	1	0.018519	1	false	false	false	pass		...............................M......................
11177	01	socialdoors	1	bids/sub-11177/ses-01/func/sub-11177_ses-01_task-socialdoors_run-1_events.tsv	a592a0954d943fca2ef69b7253524c1761a15443502fcf47564a2df936adfe59	40	40	true	2	0.05	0.95	10	24	1	10	0				40	2	0.05	1	false	false	false	pass		.........M.............M................
11177	01	trust	1	bids/sub-11177/ses-01/func/sub-11177_ses-01_task-trust_run-1_events.tsv	d5d5ec0d8a23c4a0e5a41a413f6db36ce62a1a0514a702f5b3d7e21bc9e05b5f	42	42	true	0	0	1			0		0				42	0	0	1	false	false	false	pass		..........................................
11177	01	trust	2	bids/sub-11177/ses-01/func/sub-11177_ses-01_task-trust_run-2_events.tsv	7f60561d2575ed6274aff3b979aa57e06b64c8e33d5e64e4f6246adcede96392	42	42	true	2	0.047619	0.952381	12	13	2	12	0				42	2	0.047619	1	false	false	false	pass		...........MM.............................
11177	01	ugr	1	bids/sub-11177/ses-01/func/sub-11177_ses-01_task-ugr_run-1_events.tsv	d061a0c02f491db1b008f1f555851be9e1e8c681996af00a88451b7194f98af7	48	48	true	0	0	1			0		0				48	0	0	1	false	false	false	pass		................................................
11177	01	ugr	2	bids/sub-11177/ses-01/func/sub-11177_ses-01_task-ugr_run-2_events.tsv	55b60307ab968734e095da2037f715a2ee697f4387a3c2dea93638f9faa42ffa	48	48	true	0	0	1			0		0				48	0	0	1	false	false	false	pass		................................................
11192	01	doors	1	bids/sub-11192/ses-01/func/sub-11192_ses-01_task-doors_run-1_events.tsv	667e34512e8997c5b35415df97b11c3904f4b641963a189d5eeb21959ce63436	40	40	true	1	0.025	0.975	32	32	1	32	0				40	1	0.025	1	false	false	false	pass		...............................M........
11192	01	sharedreward	1	bids/sub-11192/ses-01/func/sub-11192_ses-01_task-sharedreward_run-1_events.tsv	0a06b360c228d562cdfc42b71b520bfdf9090a21b1eae4d0cc299a0fe840b2d0	54	54	true	0	0	1			0		0				54	0	0	1	false	false	false	pass		......................................................
11192	01	sharedreward	2	bids/sub-11192/ses-01/func/sub-11192_ses-01_task-sharedreward_run-2_events.tsv	2d6bfa84cbeac4836156f3a075d6ac5ed706f99a00bba038b33d3d48c1fef967	54	54	true	2	0.037037	0.962963	38	48	1	38	0				54	2	0.037037	1	false	false	false	pass		.....................................M.........M......
11192	01	socialdoors	1	bids/sub-11192/ses-01/func/sub-11192_ses-01_task-socialdoors_run-1_events.tsv	d1ee06ec7aec2fd52126a20bcb8c0ef6f917941fd96b54cbbdcf71310f47911d	40	40	true	0	0	1			0		0				40	0	0	1	false	false	false	pass		........................................
11192	01	trust	1	bids/sub-11192/ses-01/func/sub-11192_ses-01_task-trust_run-1_events.tsv	6cf95b658c19178eab58e079d8fbfff4b75c96a9943a46a9d1e87456574e661f	42	42	true	0	0	1			0		0				42	0	0	1	false	false	false	pass		..........................................
11192	01	trust	2	bids/sub-11192/ses-01/func/sub-11192_ses-01_task-trust_run-2_events.tsv	e4f3f723130989c2a865a5f8eff44894a88903aa2320e78dee56071ec6697a9e	42	42	true	1	0.02381	0.97619	1	1	1	1	0				42	1	0.02381	1	false	false	false	pass		M.........................................
11192	01	ugr	1	bids/sub-11192/ses-01/func/sub-11192_ses-01_task-ugr_run-1_events.tsv	c901f513b369b72f26209a27a21010d82ca6346b297dde51e72eca281bc2bdd3	48	48	true	0	0	1			0		0				48	0	0	1	false	false	false	pass		................................................
11192	01	ugr	2	bids/sub-11192/ses-01/func/sub-11192_ses-01_task-ugr_run-2_events.tsv	18a791e7388b3eda5220b1d56c02748d9db0de549caee0de6f8ad07cf7c34684	48	48	true	0	0	1			0		0				48	0	0	1	false	false	false	pass		................................................
11193	01	doors	1	bids/sub-11193/ses-01/func/sub-11193_ses-01_task-doors_run-1_events.tsv	a8d382f1eb4518ad10951364dfa9b01338a1a9d20d8a2a66700f8f8d4f8ee14f	40	40	true	0	0	1			0		0				40	0	0	1	false	false	false	pass		........................................
11193	01	sharedreward	1	bids/sub-11193/ses-01/func/sub-11193_ses-01_task-sharedreward_run-1_events.tsv	3132479b3bd3a7fa865b2bee02a932d523bfbe6680fd82fc640922427302f061	54	54	true	0	0	1			0		0				54	0	0	1	false	false	false	pass		......................................................
11193	01	sharedreward	2	bids/sub-11193/ses-01/func/sub-11193_ses-01_task-sharedreward_run-2_events.tsv	da59ebc6b83304ca26455e66589a22bf83f1cf179e9f190d6e776605c1699df2	54	54	true	1	0.018519	0.981481	1	1	1	1	0				54	1	0.018519	1	false	false	false	pass		M.....................................................
11193	01	socialdoors	1	bids/sub-11193/ses-01/func/sub-11193_ses-01_task-socialdoors_run-1_events.tsv	d375f88c78fe127f688528b52205328c2c9643383ddb4bb88ab42e369712745e	40	40	true	0	0	1			0		0				40	0	0	1	false	false	false	pass		........................................
11193	01	trust	1	bids/sub-11193/ses-01/func/sub-11193_ses-01_task-trust_run-1_events.tsv	77f0c52124cab2bf326cce24dbe08dcabe33bb8210583bdbb943a0d62d93790d	42	42	true	1	0.02381	0.97619	15	15	1	15	0				42	1	0.02381	1	false	false	false	pass		..............M...........................
11193	01	trust	2	bids/sub-11193/ses-01/func/sub-11193_ses-01_task-trust_run-2_events.tsv	9a5fea8d63504ad48740fc5b92bdfa95209487a88bdc56ff0a351360f0bade79	42	42	true	1	0.02381	0.97619	6	6	1	6	0				42	1	0.02381	1	false	false	false	pass		.....M....................................
11193	01	ugr	1	bids/sub-11193/ses-01/func/sub-11193_ses-01_task-ugr_run-1_events.tsv	1318044b1a5387ee6d2f50bb07999cf553614a59b69c54e00e708dbaa678dc6c	48	48	true	4	0.083333	0.916667	1	7	3	1	0				48	4	0.083333	1	false	false	false	pass		MMM...M.........................................
11193	01	ugr	2	bids/sub-11193/ses-01/func/sub-11193_ses-01_task-ugr_run-2_events.tsv	8928baeed14b3590ae81570d94ba0fec573c2e2bfbf316e690b8da24de6afd99	48	48	true	0	0	1			0		0				48	0	0	1	false	false	false	pass		................................................
11201	01	doors	1	bids/sub-11201/ses-01/func/sub-11201_ses-01_task-doors_run-1_events.tsv	02530ecaabe7e9c010ea64bee6dc897a25f7f6b31aae4cbca52d5722f3c4d0f0	40	40	true	4	0.1	0.9	30	33	4	30	0				40	4	0.1	1	false	false	false	pass		.............................MMMM.......
11201	01	sharedreward	1	bids/sub-11201/ses-01/func/sub-11201_ses-01_task-sharedreward_run-1_events.tsv	734a358601ac4d1bfd3c6562d291895b801730b1cc42d67368691651a91c4f35	54	25	false	5	0.2	0.8	1	25	3	23	3	23	130.17926	20.31313	22	2	0.090909	0.88	false	false	false	review	unexpected_trial_count	MM....................MMM
11201	01	socialdoors	1	bids/sub-11201/ses-01/func/sub-11201_ses-01_task-socialdoors_run-1_events.tsv	7eb1265af980ba980bc6ed40d1c79cc2ce1ad8e77f1e16403ed6a962f4bad92a	40	40	true	0	0	1			0		0				40	0	0	1	false	false	false	pass		........................................
11201	01	trust	1	bids/sub-11201/ses-01/func/sub-11201_ses-01_task-trust_run-1_events.tsv	dd13f37f2ca2661b310cc470e0467585051bec0352cbd96f4bfe7066114968d1	42	11	false	2	0.181818	0.818182	2	11	1	2	1	11	101.95581	3.012475	10	1	0.1	0.909091	false	false	false	review	unexpected_trial_count	.M........M
11201	01	ugr	1	bids/sub-11201/ses-01/func/sub-11201_ses-01_task-ugr_run-1_events.tsv	8f91d12f92ab160d55b8b43322ff79d5b8e48eb79d170847bffd153f5b5a843c	48	12	false	0	0	1			0		0				12	0	0	1	false	false	false	review	unexpected_trial_count	............
11201	01	ugr	2	bids/sub-11201/ses-01/func/sub-11201_ses-01_task-ugr_run-2_events.tsv	d67c3ef720af0aef3bbf660609888a8b489607ff6469c44ba6e01f323fd0f1c7	48	48	true	1	0.020833	0.979167	26	26	1	26	0				48	1	0.020833	1	false	false	false	pass		.........................M......................
11203	01	sharedreward	1	bids/sub-11203/ses-01/func/sub-11203_ses-01_task-sharedreward_run-1_events.tsv	49dbcc0d9d6852070e0b581f035a8bce8935db35089a113aca5264e167da7200	54	54	true	0	0	1			0		0				54	0	0	1	false	false	false	pass		......................................................
11203	01	sharedreward	2	bids/sub-11203/ses-01/func/sub-11203_ses-01_task-sharedreward_run-2_events.tsv	b05ca68a533eddad541598278264e6cc712f57fbd89aacc2e5d03b07c8d4f936	54	54	true	1	0.018519	0.981481	9	9	1	9	0				54	1	0.018519	1	false	false	false	pass		........M.............................................
11203	01	trust	1	bids/sub-11203/ses-01/func/sub-11203_ses-01_task-trust_run-1_events.tsv	c3eb50105a04f730c6c48ae60d9f997f13a4793c2bd1d37658fddbc8d0c06b1b	42	42	true	3	0.071429	0.928571	1	13	1	1	0				42	3	0.071429	1	false	false	false	pass		M..M........M.............................
11203	01	trust	2	bids/sub-11203/ses-01/func/sub-11203_ses-01_task-trust_run-2_events.tsv	0f38593869f00ec028c72ed531955bcfbcf2ff5f2d659b47b78ed78a3b4674c7	42	42	true	0	0	1			0		0				42	0	0	1	false	false	false	pass		..........................................
11209	01	doors	1	bids/sub-11209/ses-01/func/sub-11209_ses-01_task-doors_run-1_events.tsv	a150151038e09e5e069980a7a8f7fff8d77ca1b0568ce3cac607c9b3c69892c7	40	40	true	0	0	1			0		0				40	0	0	1	false	false	false	pass		........................................
11209	01	sharedreward	1	bids/sub-11209/ses-01/func/sub-11209_ses-01_task-sharedreward_run-1_events.tsv	9285186cb814a0e2de17e4f0291347e08bcc0d44710cd8e9e183b9ab64688a53	54	54	true	0	0	1			0		0				54	0	0	1	false	false	false	pass		......................................................
11209	01	sharedreward	2	bids/sub-11209/ses-01/func/sub-11209_ses-01_task-sharedreward_run-2_events.tsv	807d6d8efa0d5965c17a7f06ac893cac9358fe0a4a0eae57c75a8090173ee4d3	54	54	true	1	0.018519	0.981481	46	46	1	46	0				54	1	0.018519	1	false	false	false	pass		.............................................M........
11209	01	socialdoors	1	bids/sub-11209/ses-01/func/sub-11209_ses-01_task-socialdoors_run-1_events.tsv	9e481d95829a47ba7e017c116ed4bca672d49e79163cc45cb09526d3e099f424	40	40	true	1	0.025	0.975	36	36	1	36	0				40	1	0.025	1	false	false	false	pass		...................................M....
11209	01	trust	1	bids/sub-11209/ses-01/func/sub-11209_ses-01_task-trust_run-1_events.tsv	a0ae69d2239aaede52e7410920cc4f220216015c2fb66b7d6baee9ee36231484	42	42	true	5	0.119048	0.880952	3	34	1	3	0				42	5	0.119048	1	false	false	false	pass		..M...............M.M.........M..M........
11209	01	trust	2	bids/sub-11209/ses-01/func/sub-11209_ses-01_task-trust_run-2_events.tsv	5bc6e9304ed2c6822951aff56cf25985b5e3d8a03790748466be1707123bf08f	42	42	true	2	0.047619	0.952381	15	24	1	15	0				42	2	0.047619	1	false	false	false	pass		..............M........M..................
11209	01	ugr	1	bids/sub-11209/ses-01/func/sub-11209_ses-01_task-ugr_run-1_events.tsv	ae352bb704ebbcd2b7e47d08b5299ba82524333f5f801a8f45309a5a0bfb5b96	48	48	true	1	0.020833	0.979167	27	27	1	27	0				48	1	0.020833	1	false	false	false	pass		..........................M.....................
11209	01	ugr	2	bids/sub-11209/ses-01/func/sub-11209_ses-01_task-ugr_run-2_events.tsv	db6f7638ff1aad37e93fd0b069a7493d0335a55a59f0c924d6488a34bcecd4e4	48	48	true	0	0	1			0		0				48	0	0	1	false	false	false	pass		................................................
11227	01	doors	1	bids/sub-11227/ses-01/func/sub-11227_ses-01_task-doors_run-1_events.tsv	16e433cc75e27d39b9f4e467fe33bcd4f1040dd5474224a6e5f7034c2452ba4b	40	40	true	0	0	1			0		0				40	0	0	1	false	false	false	pass		........................................
11227	01	sharedreward	1	bids/sub-11227/ses-01/func/sub-11227_ses-01_task-sharedreward_run-1_events.tsv	597b3ac118b0387a5d301f04a8722a5146f31e04b32806dd0baf5889c5c649d0	54	54	true	0	0	1			0		0				54	0	0	1	false	false	false	pass		......................................................
11227	01	sharedreward	2	bids/sub-11227/ses-01/func/sub-11227_ses-01_task-sharedreward_run-2_events.tsv	9c9fdfe0dbcf1e8a84b0fb06d3fa5f145ed84ef813d9beaef09b795236b0ddfa	54	54	true	0	0	1			0		0				54	0	0	1	false	false	false	pass		......................................................
11227	01	socialdoors	1	bids/sub-11227/ses-01/func/sub-11227_ses-01_task-socialdoors_run-1_events.tsv	e0b7be396f985cd201ffb0e9f29d3bed3e3f8d1feaad9f15e6b50f383ef9a75f	40	40	true	0	0	1			0		0				40	0	0	1	false	false	false	pass		........................................
11227	01	trust	1	bids/sub-11227/ses-01/func/sub-11227_ses-01_task-trust_run-1_events.tsv	f6e4ba69fe681b3f8dd43b56dafebb370f4e2f152f17dd5438d5ecdfb9c0e985	42	42	true	0	0	1			0		0				42	0	0	1	false	false	false	pass		..........................................
11227	01	trust	2	bids/sub-11227/ses-01/func/sub-11227_ses-01_task-trust_run-2_events.tsv	9fbdd7722d5f5a09e0af993e8152d8394b5b6607837a69ca20bf6207bde8478e	42	42	true	0	0	1			0		0				42	0	0	1	false	false	false	pass		..........................................
11227	01	ugr	1	bids/sub-11227/ses-01/func/sub-11227_ses-01_task-ugr_run-1_events.tsv	d3c6d4a473554de770aeb26a258cc3b180ff0bff89b3fcbee3627236d1586dec	48	48	true	0	0	1			0		0				48	0	0	1	false	false	false	pass		................................................
11227	01	ugr	2	bids/sub-11227/ses-01/func/sub-11227_ses-01_task-ugr_run-2_events.tsv	b7740295c37f8da012f22827b21b234e137f93b942485e5bf47e35be4782ef4a	48	48	true	0	0	1			0		0				48	0	0	1	false	false	false	pass		................................................
11238	01	doors	1	bids/sub-11238/ses-01/func/sub-11238_ses-01_task-doors_run-1_events.tsv	acffac3bfd224130aa25582915b93ceee9bfb21c800b37e41ff1aa4c94105410	40	40	true	0	0	1			0		0				40	0	0	1	false	false	false	pass		........................................
11238	01	sharedreward	1	bids/sub-11238/ses-01/func/sub-11238_ses-01_task-sharedreward_run-1_events.tsv	8be6c31778c1f625f7307b867fd6a13ada14a002db1d37b22d38bd10b4ef63c0	54	54	true	0	0	1			0		0				54	0	0	1	false	false	false	pass		......................................................
11238	01	sharedreward	2	bids/sub-11238/ses-01/func/sub-11238_ses-01_task-sharedreward_run-2_events.tsv	1d3eeea6269d1b52d6cd4c6c0fdbbfe9274c9dc32543040f3d0e6bdcedc7885b	54	54	true	0	0	1			0		0				54	0	0	1	false	false	false	pass		......................................................
11238	01	socialdoors	1	bids/sub-11238/ses-01/func/sub-11238_ses-01_task-socialdoors_run-1_events.tsv	661c046d90ff66722bab47994fcbcb9aba8048d1c76e35373101eb0729a137da	40	40	true	0	0	1			0		0				40	0	0	1	false	false	false	pass		........................................
11238	01	trust	1	bids/sub-11238/ses-01/func/sub-11238_ses-01_task-trust_run-1_events.tsv	bd18f390ebbce3df6e198e5ca377d3853a6dbff2e9647fe92cdefb996fa92001	42	42	true	0	0	1			0		0				42	0	0	1	false	false	false	pass		..........................................
11238	01	trust	2	bids/sub-11238/ses-01/func/sub-11238_ses-01_task-trust_run-2_events.tsv	6abb08037ceea7d42ec31e299f3202a00502b69cb20902777c26a3ee929bccd3	42	42	true	2	0.047619	0.952381	7	32	1	7	0				42	2	0.047619	1	false	false	false	pass		......M........................M..........
11238	01	ugr	1	bids/sub-11238/ses-01/func/sub-11238_ses-01_task-ugr_run-1_events.tsv	0f4cf44566702274de1eefab06379cabac6cb50227bcc698eee269375f016f6c	48	48	true	0	0	1			0		0				48	0	0	1	false	false	false	pass		................................................
11238	01	ugr	2	bids/sub-11238/ses-01/func/sub-11238_ses-01_task-ugr_run-2_events.tsv	6390fec70f36ab896f53725a3cd449bf08d102cb11221795f579e9a74066cd4a	48	48	true	0	0	1			0		0				48	0	0	1	false	false	false	pass		................................................
11241	01	doors	1	bids/sub-11241/ses-01/func/sub-11241_ses-01_task-doors_run-1_events.tsv	85185b57ba4149a6ecef78361e13acbb003791f64a7af354ef2b2d081f028527	40	40	true	0	0	1			0		0				40	0	0	1	false	false	false	pass		........................................
11241	01	sharedreward	1	bids/sub-11241/ses-01/func/sub-11241_ses-01_task-sharedreward_run-1_events.tsv	7f52b85934d0288ca3089eeb944b8ac7a4c68150d86f22854a55e1479d8126d3	54	54	true	1	0.018519	0.981481	24	24	1	24	0				54	1	0.018519	1	false	false	false	pass		.......................M..............................
11241	01	sharedreward	2	bids/sub-11241/ses-01/func/sub-11241_ses-01_task-sharedreward_run-2_events.tsv	cd4736aa4eb8cfcbc4ef33e0f192d9d59dd09d2b8915a8515ac0d7f989d406b9	54	54	true	0	0	1			0		0				54	0	0	1	false	false	false	pass		......................................................
11241	01	socialdoors	1	bids/sub-11241/ses-01/func/sub-11241_ses-01_task-socialdoors_run-1_events.tsv	042bfa3388a3edc2d7e5c99271b4da2fd4a9b7c08999d508bf6bd40965b1a326	40	40	true	0	0	1			0		0				40	0	0	1	false	false	false	pass		........................................
11241	01	ugr	1	bids/sub-11241/ses-01/func/sub-11241_ses-01_task-ugr_run-1_events.tsv	7f638aeb2a66e35380d227493bb45a3dec3eb70893e1c1e810dbe922aef44a3a	48	48	true	0	0	1			0		0				48	0	0	1	false	false	false	pass		................................................
11241	01	ugr	2	bids/sub-11241/ses-01/func/sub-11241_ses-01_task-ugr_run-2_events.tsv	d8c99292840c09fc22d6103e47fb4264e78ef84d4b879e898cabef10690d7437	48	48	true	0	0	1			0		0				48	0	0	1	false	false	false	pass		................................................
11246	01	doors	1	bids/sub-11246/ses-01/func/sub-11246_ses-01_task-doors_run-1_events.tsv	e5e46defb86cfc0ebb11f53779b9b43f634c13d4d0066a96f811ebe3198e1e5d	40	40	true	0	0	1			0		0				40	0	0	1	false	false	false	pass		........................................
11246	01	sharedreward	1	bids/sub-11246/ses-01/func/sub-11246_ses-01_task-sharedreward_run-1_events.tsv	19013521a87707e849e0a026db137860a399fb2185e657f9e12a64585e188d5b	54	54	true	0	0	1			0		0				54	0	0	1	false	false	false	pass		......................................................
11246	01	sharedreward	2	bids/sub-11246/ses-01/func/sub-11246_ses-01_task-sharedreward_run-2_events.tsv	26d850548e42ed95f3b0dc2740c363317afcb73bbb4d095ab9b85ae22d8fdedc	54	54	true	0	0	1			0		0				54	0	0	1	false	false	false	pass		......................................................
11246	01	socialdoors	1	bids/sub-11246/ses-01/func/sub-11246_ses-01_task-socialdoors_run-1_events.tsv	f8d634b00a1be03575938c56015ac38ee9fb9d57dfe8d45f477c44538fda26a6	40	40	true	1	0.025	0.975	18	18	1	18	0				40	1	0.025	1	false	false	false	pass		.................M......................
11246	01	trust	1	bids/sub-11246/ses-01/func/sub-11246_ses-01_task-trust_run-1_events.tsv	58a1c54fcca03c574cc05044ef64861a4ef7da139c07082dee0427b6b188791a	42	42	true	0	0	1			0		0				42	0	0	1	false	false	false	pass		..........................................
11246	01	trust	2	bids/sub-11246/ses-01/func/sub-11246_ses-01_task-trust_run-2_events.tsv	e5a69dc8be8ab5d917be20b3abb99b0c4e0c60455a1f5786dc5d1de546de9bb1	42	42	true	0	0	1			0		0				42	0	0	1	false	false	false	pass		..........................................
11246	01	ugr	1	bids/sub-11246/ses-01/func/sub-11246_ses-01_task-ugr_run-1_events.tsv	33223bd35d6c0b80f458bc83944de82df7a896ca50e714a80e730c9643805e71	48	48	true	1	0.020833	0.979167	6	6	1	6	0				48	1	0.020833	1	false	false	false	pass		.....M..........................................
11246	01	ugr	2	bids/sub-11246/ses-01/func/sub-11246_ses-01_task-ugr_run-2_events.tsv	87774c86bbbeae539ed37c7ce8845a6cd7f23707fcbc6a5ca9a41c52e3515a8f	48	48	true	0	0	1			0		0				48	0	0	1	false	false	false	pass		................................................
11276	01	doors	1	bids/sub-11276/ses-01/func/sub-11276_ses-01_task-doors_run-1_events.tsv	fd3ba8491366943824e8dbd20aa0615681e2e01c43ad57a297e3eac35467e1d0	40	40	true	0	0	1			0		0				40	0	0	1	false	false	false	pass		........................................
11276	01	sharedreward	1	bids/sub-11276/ses-01/func/sub-11276_ses-01_task-sharedreward_run-1_events.tsv	74c1174307962791c707765c658f5b8f519c115dec55745a3b42b57accbecdc0	54	54	true	1	0.018519	0.981481	29	29	1	29	0				54	1	0.018519	1	false	false	false	pass		............................M.........................
11276	01	sharedreward	2	bids/sub-11276/ses-01/func/sub-11276_ses-01_task-sharedreward_run-2_events.tsv	2872feb2f2c714bfd7645bb26292813b54ffac484fb5f7a52b39ada3032a263e	54	54	true	2	0.037037	0.962963	28	37	1	28	0				54	2	0.037037	1	false	false	false	pass		...........................M........M.................
11276	01	socialdoors	1	bids/sub-11276/ses-01/func/sub-11276_ses-01_task-socialdoors_run-1_events.tsv	cee4c7178b680f4e66939128d86c602b4dddae14f76bb7e48d41ab69abaa5f0b	40	40	true	2	0.05	0.95	26	38	1	26	0				40	2	0.05	1	false	false	false	pass		.........................M...........M..
11276	01	trust	1	bids/sub-11276/ses-01/func/sub-11276_ses-01_task-trust_run-1_events.tsv	4b5115c8c7283bf2f816dc6ec2d9577047d79aeff10a8ac8000507a8fe86df84	42	42	true	1	0.02381	0.97619	42	42	1	42	1	42	432.3996	3.0147	41	0	0	0.97619	false	false	false	pass		.........................................M
11276	01	trust	2	bids/sub-11276/ses-01/func/sub-11276_ses-01_task-trust_run-2_events.tsv	d516ad12ac4c4508b07bd941d44f1f26bad4152e48b42d511b60a2769e4a5fe9	42	42	true	2	0.047619	0.952381	31	42	1	31	1	42	432.25183	3.01077	41	1	0.02439	0.97619	false	false	false	pass		..............................M..........M
11276	01	ugr	1	bids/sub-11276/ses-01/func/sub-11276_ses-01_task-ugr_run-1_events.tsv	ab7cc3f9fdd3a3d606c5bb43fa5a82160cc393ac5c2a495111af965c937e39fa	48	48	true	0	0	1			0		0				48	0	0	1	false	false	false	pass		................................................
11276	01	ugr	2	bids/sub-11276/ses-01/func/sub-11276_ses-01_task-ugr_run-2_events.tsv	7941040734c44483a4fa392ce02cd4123fc70b045adfa438ba924d1f30dbf0fb	48	48	true	0	0	1			0		0				48	0	0	1	false	false	false	pass		................................................
11286	01	doors	1	bids/sub-11286/ses-01/func/sub-11286_ses-01_task-doors_run-1_events.tsv	cb2fc5dd659c43cda22fe9418608ad085079bdf2dd973facea01fa18a9580a88	40	40	true	1	0.025	0.975	30	30	1	30	0				40	1	0.025	1	false	false	false	pass		.............................M..........
11286	01	sharedreward	1	bids/sub-11286/ses-01/func/sub-11286_ses-01_task-sharedreward_run-1_events.tsv	16774fe415ea994ab4ff874dbfc28bb377514d2dc7e2d849564a5cce0f7efffb	54	54	true	1	0.018519	0.981481	1	1	1	1	0				54	1	0.018519	1	false	false	false	pass		M.....................................................
11286	01	socialdoors	1	bids/sub-11286/ses-01/func/sub-11286_ses-01_task-socialdoors_run-1_events.tsv	1a702c756fba7b1b3a9593ed6d8f7af6f018cf059d35c14595403ed60b15dee8	40	40	true	0	0	1			0		0				40	0	0	1	false	false	false	pass		........................................
11286	01	trust	1	bids/sub-11286/ses-01/func/sub-11286_ses-01_task-trust_run-1_events.tsv	4062be96ed831651b09af56d99c52e6ecfbabca25caa20fcd8575d8612d2a477	42	42	true	1	0.02381	0.97619	33	33	1	33	0				42	1	0.02381	1	false	false	false	pass		................................M.........
11286	01	ugr	1	bids/sub-11286/ses-01/func/sub-11286_ses-01_task-ugr_run-1_events.tsv	68284988dbb934a0d35077cdf1311249bf97641b6ae5551e451c231d96fc94c7	48	48	true	0	0	1			0		0				48	0	0	1	false	false	false	pass		................................................
11286	01	ugr	2	bids/sub-11286/ses-01/func/sub-11286_ses-01_task-ugr_run-2_events.tsv	501fda6ed6ef5a3110a8f00b2b469a8c51cc30de69324d070aeb320b599f93c4	48	48	true	0	0	1			0		0				48	0	0	1	false	false	false	pass		................................................
11301	01	doors	1	bids/sub-11301/ses-01/func/sub-11301_ses-01_task-doors_run-1_events.tsv	352d9aef49be663cdcb4c3b1106212abf8be5a7a2083588a28041606f7e73cdf	40	40	true	0	0	1			0		0				40	0	0	1	false	false	false	pass		........................................
11301	01	sharedreward	1	bids/sub-11301/ses-01/func/sub-11301_ses-01_task-sharedreward_run-1_events.tsv	685b984182b688298181c4019037ed6f336a1c63c97d319c492f57610e3a624a	54	54	true	0	0	1			0		0				54	0	0	1	false	false	false	pass		......................................................
11301	01	sharedreward	2	bids/sub-11301/ses-01/func/sub-11301_ses-01_task-sharedreward_run-2_events.tsv	658060f5d7a9ad973e1d98c3dd64542bb94925772164b3f074166ae9515fa3ab	54	54	true	0	0	1			0		0				54	0	0	1	false	false	false	pass		......................................................
11301	01	socialdoors	1	bids/sub-11301/ses-01/func/sub-11301_ses-01_task-socialdoors_run-1_events.tsv	a90d7a531f63bb251c982ac6c8ba09886b50259a33872524966aef78779ca046	40	40	true	0	0	1			0		0				40	0	0	1	false	false	false	pass		........................................
11301	01	trust	1	bids/sub-11301/ses-01/func/sub-11301_ses-01_task-trust_run-1_events.tsv	54cfb51423e38fbe89c6796091bc9d7d1d7fa8cbb0581c47a65638b598e168ef	42	42	true	2	0.047619	0.952381	17	32	1	17	0				42	2	0.047619	1	false	false	false	pass		................M..............M..........
11301	01	trust	2	bids/sub-11301/ses-01/func/sub-11301_ses-01_task-trust_run-2_events.tsv	9a01bb6fbcc80230d9242091f138cbe86bde542eda8ce3d3110383888398eabb	42	42	true	1	0.02381	0.97619	20	20	1	20	0				42	1	0.02381	1	false	false	false	pass		...................M......................
11301	01	ugr	1	bids/sub-11301/ses-01/func/sub-11301_ses-01_task-ugr_run-1_events.tsv	2ae876756f48116ec3fff25d80ea7446ab73e04ec9530840ba47afd6aa1f03be	48	48	true	0	0	1			0		0				48	0	0	1	false	false	false	pass		................................................
11311	01	doors	1	bids/sub-11311/ses-01/func/sub-11311_ses-01_task-doors_run-1_events.tsv	bde9f62b236c8add177c143c2bde418145923288c3a12e6d44ae25691a869653	40	40	true	0	0	1			0		0				40	0	0	1	false	false	false	pass		........................................
11311	01	sharedreward	1	bids/sub-11311/ses-01/func/sub-11311_ses-01_task-sharedreward_run-1_events.tsv	da3c2fa1cbe8fa1c4f06f83288673012403f68b83c8a833c3bb753ffa7084898	54	54	true	0	0	1			0		0				54	0	0	1	false	false	false	pass		......................................................
11311	01	sharedreward	2	bids/sub-11311/ses-01/func/sub-11311_ses-01_task-sharedreward_run-2_events.tsv	9fd59def1f510830876afa57b3e35d3eca78652f59b388c78903dd414849a80d	54	54	true	0	0	1			0		0				54	0	0	1	false	false	false	pass		......................................................
11311	01	socialdoors	1	bids/sub-11311/ses-01/func/sub-11311_ses-01_task-socialdoors_run-1_events.tsv	6fc9597733663f20f020090e5e1e06d42bf4c617023d27ba60f93e719d52ffd5	40	40	true	0	0	1			0		0				40	0	0	1	false	false	false	pass		........................................
11311	01	trust	1	bids/sub-11311/ses-01/func/sub-11311_ses-01_task-trust_run-1_events.tsv	b6069d1c2df226ab3bf454b5e948608c4f0c7b8657b0a1e9fe3939fd3abf2ec5	42	42	true	0	0	1			0		0				42	0	0	1	false	false	false	pass		..........................................
11311	01	trust	2	bids/sub-11311/ses-01/func/sub-11311_ses-01_task-trust_run-2_events.tsv	b46b8c9b3a28243533e4357214efb1a87384009a28e2f753eea4204e01662daf	42	42	true	0	0	1			0		0				42	0	0	1	false	false	false	pass		..........................................
11311	01	ugr	1	bids/sub-11311/ses-01/func/sub-11311_ses-01_task-ugr_run-1_events.tsv	bea017cbac4f87bbe3b7da7fc2a892da196782806d823df0d510c0c11eb22599	48	48	true	0	0	1			0		0				48	0	0	1	false	false	false	pass		................................................
11311	01	ugr	2	bids/sub-11311/ses-01/func/sub-11311_ses-01_task-ugr_run-2_events.tsv	ec1492872aaab2bc942b4bd0973fec0a44e9206fc21e4cf473e7426e0e09f724	48	48	true	0	0	1			0		0				48	0	0	1	false	false	false	pass		................................................
11312	01	doors	1	bids/sub-11312/ses-01/func/sub-11312_ses-01_task-doors_run-1_events.tsv	428380434046633b9cb91128506021ff02ebe3fa11794d802f23b113de1e29a1	40	40	true	1	0.025	0.975	9	9	1	9	0				40	1	0.025	1	false	false	false	pass		........M...............................
11312	01	sharedreward	1	bids/sub-11312/ses-01/func/sub-11312_ses-01_task-sharedreward_run-1_events.tsv	ddead597d661777149dd6a71a72688300d952992670d2e710912047acba1f226	54	54	true	0	0	1			0		0				54	0	0	1	false	false	false	pass		......................................................
11312	01	sharedreward	2	bids/sub-11312/ses-01/func/sub-11312_ses-01_task-sharedreward_run-2_events.tsv	31628c26f0327cd5b73da35e940911a1311c49c60d613a7220217f94e9057793	54	54	true	2	0.037037	0.962963	38	40	1	38	0				54	2	0.037037	1	false	false	false	pass		.....................................M.M..............
11312	01	socialdoors	1	bids/sub-11312/ses-01/func/sub-11312_ses-01_task-socialdoors_run-1_events.tsv	bbd16e1053f18d8790f52987b6582b4ff8f1a952a7e08a8e783a2ee11fdb5cd7	40	40	true	0	0	1			0		0				40	0	0	1	false	false	false	pass		........................................
11312	01	trust	1	bids/sub-11312/ses-01/func/sub-11312_ses-01_task-trust_run-1_events.tsv	f701d5a1a52ca496c0c4e99b8ac949d282691ccdad55d57e83d8b331e1ee3903	42	42	true	0	0	1			0		0				42	0	0	1	false	false	false	pass		..........................................
11312	01	trust	2	bids/sub-11312/ses-01/func/sub-11312_ses-01_task-trust_run-2_events.tsv	4a9935e9d58b58010b61e33d962e5a42ddf073c91ac17b588edb811e40b65d3e	42	42	true	0	0	1			0		0				42	0	0	1	false	false	false	pass		..........................................
11312	01	ugr	1	bids/sub-11312/ses-01/func/sub-11312_ses-01_task-ugr_run-1_events.tsv	e69cb35c33b3356a5afb50c3b0678e63ca9eba16a431fdb605ce6ea1d17d8587	48	48	true	0	0	1			0		0				48	0	0	1	false	false	false	pass		................................................
11312	01	ugr	2	bids/sub-11312/ses-01/func/sub-11312_ses-01_task-ugr_run-2_events.tsv	f1e6502cc148e40c683a1755c8688ef271c6bf2169612e2e66df55706ecad71e	48	48	true	0	0	1			0		0				48	0	0	1	false	false	false	pass		................................................
11316	01	doors	1	bids/sub-11316/ses-01/func/sub-11316_ses-01_task-doors_run-1_events.tsv	e3c11f3e208a41f167be61ac51cd1b02355410861af08565cc2ba3b79b50033f	40	40	true	0	0	1			0		0				40	0	0	1	false	false	false	pass		........................................
11316	01	sharedreward	1	bids/sub-11316/ses-01/func/sub-11316_ses-01_task-sharedreward_run-1_events.tsv	b2dfc8c83113d99ce707882ac38af7b919f5c0e8aff587e1623b9c0a4ca10adc	54	54	true	0	0	1			0		0				54	0	0	1	false	false	false	pass		......................................................
11316	01	sharedreward	2	bids/sub-11316/ses-01/func/sub-11316_ses-01_task-sharedreward_run-2_events.tsv	28d253363ccc1a212c2804dfe5c46ecc4ecee3318852a13ef7af19c5ff6d2975	54	54	true	0	0	1			0		0				54	0	0	1	false	false	false	pass		......................................................
11316	01	socialdoors	1	bids/sub-11316/ses-01/func/sub-11316_ses-01_task-socialdoors_run-1_events.tsv	7d9d1030c2f5d10cff0c38d174bd62d805d43349f6e245fc42b151eb15741564	40	40	true	0	0	1			0		0				40	0	0	1	false	false	false	pass		........................................
11316	01	trust	1	bids/sub-11316/ses-01/func/sub-11316_ses-01_task-trust_run-1_events.tsv	8724c9910553bd4479f65ca90d9cd08562fb30c859b31cd4eeac8868dd92cf74	42	42	true	0	0	1			0		0				42	0	0	1	false	false	false	pass		..........................................
11316	01	trust	2	bids/sub-11316/ses-01/func/sub-11316_ses-01_task-trust_run-2_events.tsv	9863827b74e1f9660dc91cc7641484681e0f1ef7d2b271b2ea0adc7db440cfea	42	42	true	0	0	1			0		0				42	0	0	1	false	false	false	pass		..........................................
11316	01	ugr	1	bids/sub-11316/ses-01/func/sub-11316_ses-01_task-ugr_run-1_events.tsv	4cba1fb80c4342b10c818ce01df7f0fce5836e1ca63061421f292bbeb7593639	48	48	true	1	0.020833	0.979167	31	31	1	31	0				48	1	0.020833	1	false	false	false	pass		..............................M.................
11316	01	ugr	2	bids/sub-11316/ses-01/func/sub-11316_ses-01_task-ugr_run-2_events.tsv	021fc2c5a82f3c333c6556d8008b8780e151f07dba4120d66131c0ea4f8ae55b	48	48	true	17	0.354167	0.645833	26	42	17	26	0				48	17	0.354167	1	true	false	false	review	overall_miss_fraction_threshold	.........................MMMMMMMMMMMMMMMMM......
11317	01	ugr	1	bids/sub-11317/ses-01/func/sub-11317_ses-01_task-ugr_run-1_events.tsv	5bc512a03834329cf67f0ee09404d8cd29ffe419bd33cd6c6fce5942c1c2bf7f	48	48	true	1	0.020833	0.979167	33	33	1	33	0				48	1	0.020833	1	false	false	false	pass		................................M...............
11317	01	ugr	2	bids/sub-11317/ses-01/func/sub-11317_ses-01_task-ugr_run-2_events.tsv	3b0821e7fc4f8ed160232ad1cdd9f1587c693d1abf447c2b168945b33a146e3b	48	48	true	1	0.020833	0.979167	32	32	1	32	0				48	1	0.020833	1	false	false	false	pass		...............................M................
11318	01	doors	1	bids/sub-11318/ses-01/func/sub-11318_ses-01_task-doors_run-1_events.tsv	0b4ebffdcb135c21a5e8c5be32fee81df3fdc26c6a9233804fa10bed3cc0dd6c	40	40	true	1	0.025	0.975	30	30	1	30	0				40	1	0.025	1	false	false	false	pass		.............................M..........
11318	01	sharedreward	1	bids/sub-11318/ses-01/func/sub-11318_ses-01_task-sharedreward_run-1_events.tsv	b6ff90005ea6d1834388c340f6fe68c8819491565a08dcaf61fa8b22fdd2c775	54	54	true	2	0.037037	0.962963	1	51	1	1	0				54	2	0.037037	1	false	false	false	pass		M.................................................M...
11318	01	sharedreward	2	bids/sub-11318/ses-01/func/sub-11318_ses-01_task-sharedreward_run-2_events.tsv	770692fb53ccd937fbb1e9c43946974c8a0353bd5bbadd1d5f7c275e5d6bb67e	54	54	true	3	0.055556	0.944444	22	44	1	22	0				54	3	0.055556	1	false	false	false	pass		.....................M.........M...........M..........
11318	01	socialdoors	1	bids/sub-11318/ses-01/func/sub-11318_ses-01_task-socialdoors_run-1_events.tsv	c40a877425fbdd2dccb398fd07b82bfe655f44208946dced168482e6552f54e8	40	40	true	0	0	1			0		0				40	0	0	1	false	false	false	pass		........................................
11318	01	trust	1	bids/sub-11318/ses-01/func/sub-11318_ses-01_task-trust_run-1_events.tsv	6a141cc5c28cec1c2b7f7144234accd399d3bb72b6e42dd14b41f514529d7a57	42	42	true	1	0.02381	0.97619	34	34	1	34	0				42	1	0.02381	1	false	false	false	pass		.................................M........
11318	01	trust	2	bids/sub-11318/ses-01/func/sub-11318_ses-01_task-trust_run-2_events.tsv	5dd8d6e768b5d705e0ec5f309514e481c972232db71fd20d00f5bead43af9b67	42	42	true	0	0	1			0		0				42	0	0	1	false	false	false	pass		..........................................
11318	01	ugr	1	bids/sub-11318/ses-01/func/sub-11318_ses-01_task-ugr_run-1_events.tsv	400a01c81cb4f078be88cd43110dab3d50b89ca1350db6bce3e86ade0726aecb	48	48	true	2	0.041667	0.958333	26	47	1	26	0				48	2	0.041667	1	false	false	false	pass		.........................M....................M.
11318	01	ugr	2	bids/sub-11318/ses-01/func/sub-11318_ses-01_task-ugr_run-2_events.tsv	6e6762afe9fa460bea74586ae52c7941fbec4aace1df57f037631db31f19a4f3	48	48	true	1	0.020833	0.979167	44	44	1	44	0				48	1	0.020833	1	false	false	false	pass		...........................................M....
11321	01	doors	1	bids/sub-11321/ses-01/func/sub-11321_ses-01_task-doors_run-1_events.tsv	12e76d8152bd409e9ed87e15b915c25f563409b777c7f87d104658e92aefb903	40	40	true	0	0	1			0		0				40	0	0	1	false	false	false	pass		........................................
11321	01	sharedreward	1	bids/sub-11321/ses-01/func/sub-11321_ses-01_task-sharedreward_run-1_events.tsv	6afa3a43c24913be34e54bfbc84328bd283826c71957e528c00db73e550f2305	54	54	true	0	0	1			0		0				54	0	0	1	false	false	false	pass		......................................................
11321	01	sharedreward	2	bids/sub-11321/ses-01/func/sub-11321_ses-01_task-sharedreward_run-2_events.tsv	300ee05a9e28217943ad50c4d81bc1b46a685737e27890ffb28fa15bf47a6515	54	54	true	0	0	1			0		0				54	0	0	1	false	false	false	pass		......................................................
11321	01	socialdoors	1	bids/sub-11321/ses-01/func/sub-11321_ses-01_task-socialdoors_run-1_events.tsv	2d5c66fc4b5f5cda4831f7f4299a38b14d6a1dd0a0b9c0988f1fa6965993c8b8	40	40	true	0	0	1			0		0				40	0	0	1	false	false	false	pass		........................................
11321	01	trust	1	bids/sub-11321/ses-01/func/sub-11321_ses-01_task-trust_run-1_events.tsv	015e813308f04386b0c3e87eafe7cc5b1bed7d621cd13c6f49e4e2dd9a7de4ad	42	42	true	0	0	1			0		0				42	0	0	1	false	false	false	pass		..........................................
11321	01	trust	2	bids/sub-11321/ses-01/func/sub-11321_ses-01_task-trust_run-2_events.tsv	06f31448399e68119c4d9214f73dd2547d6ab29d87915e5e2e0ef6b674f0f7c9	42	42	true	0	0	1			0		0				42	0	0	1	false	false	false	pass		..........................................
11321	01	ugr	1	bids/sub-11321/ses-01/func/sub-11321_ses-01_task-ugr_run-1_events.tsv	fa50be13a2d7d17c0552b17b1adf86b9865ace20debe8fb51c5ceb11db24cd65	48	48	true	0	0	1			0		0				48	0	0	1	false	false	false	pass		................................................
11321	01	ugr	2	bids/sub-11321/ses-01/func/sub-11321_ses-01_task-ugr_run-2_events.tsv	bb6f5573878a63d3d8900224647c6906acf0df7deddb0774c2ac769da08adfc5	48	48	true	0	0	1			0		0				48	0	0	1	false	false	false	pass		................................................
11325	01	doors	1	bids/sub-11325/ses-01/func/sub-11325_ses-01_task-doors_run-1_events.tsv	2a0a44e50c959814775c1813aba6d883ddadc27e0c1155e8cf9a1c8596511945	40	40	true	0	0	1			0		0				40	0	0	1	false	false	false	pass		........................................
11325	01	sharedreward	1	bids/sub-11325/ses-01/func/sub-11325_ses-01_task-sharedreward_run-1_events.tsv	d1dbc4f2796017933e89378643f9cdb22e03639a5ac8baaeb79c1963bf3c2e2a	54	54	true	0	0	1			0		0				54	0	0	1	false	false	false	pass		......................................................
11325	01	sharedreward	2	bids/sub-11325/ses-01/func/sub-11325_ses-01_task-sharedreward_run-2_events.tsv	c63a26a821226186087fdf416c818d0dc9e665260fdf2158b9ccc7a2d56e55b0	54	54	true	0	0	1			0		0				54	0	0	1	false	false	false	pass		......................................................
11325	01	socialdoors	1	bids/sub-11325/ses-01/func/sub-11325_ses-01_task-socialdoors_run-1_events.tsv	012e03f1b17c4860808d113ed9082a0bbbd01d0f6d24bcc2dea0a01a2890b1d7	40	40	true	0	0	1			0		0				40	0	0	1	false	false	false	pass		........................................
11325	01	trust	1	bids/sub-11325/ses-01/func/sub-11325_ses-01_task-trust_run-1_events.tsv	d45f628959dbf9c9a2495990da8d3b1130f0cdf3ff672e7d1bcc7c52648d54ab	42	42	true	0	0	1			0		0				42	0	0	1	false	false	false	pass		..........................................
11325	01	trust	2	bids/sub-11325/ses-01/func/sub-11325_ses-01_task-trust_run-2_events.tsv	7f22c23d658b715d4642bd9b4a77e57e1ef7c6b51a11bd0eae154315a7bdd806	42	42	true	1	0.02381	0.97619	15	15	1	15	0				42	1	0.02381	1	false	false	false	pass		..............M...........................
11325	01	ugr	1	bids/sub-11325/ses-01/func/sub-11325_ses-01_task-ugr_run-1_events.tsv	78381eed56b7d3840779ba8d24ef4f6ae104a6d19327dd0c079559a2c4e0ac2c	48	48	true	0	0	1			0		0				48	0	0	1	false	false	false	pass		................................................
11325	01	ugr	2	bids/sub-11325/ses-01/func/sub-11325_ses-01_task-ugr_run-2_events.tsv	e08a2bb4e6fbcdb8f062f5b5ea642ddd0f645d8ac8b862cd082c084c6baccc02	48	48	true	0	0	1			0		0				48	0	0	1	false	false	false	pass		................................................
11326	01	doors	1	bids/sub-11326/ses-01/func/sub-11326_ses-01_task-doors_run-1_events.tsv	9885a9c8e0f739ddaaf23f787a769fcb996fb4b9b16501db4e90afd5c88989b3	40	40	true	0	0	1			0		0				40	0	0	1	false	false	false	pass		........................................
11326	01	sharedreward	1	bids/sub-11326/ses-01/func/sub-11326_ses-01_task-sharedreward_run-1_events.tsv	9c7592f6dfaac1dbd7bd21fafc7ea2d42dd0d1ba7d6f0584e6b12754e79c0a4b	54	54	true	0	0	1			0		0				54	0	0	1	false	false	false	pass		......................................................
11326	01	sharedreward	2	bids/sub-11326/ses-01/func/sub-11326_ses-01_task-sharedreward_run-2_events.tsv	32412b363c621d89b9e3177da7399ceadd7dbc47ad3c66d18a1cc2e7d6bce107	54	54	true	2	0.037037	0.962963	18	47	1	18	0				54	2	0.037037	1	false	false	false	pass		.................M............................M.......
11326	01	socialdoors	1	bids/sub-11326/ses-01/func/sub-11326_ses-01_task-socialdoors_run-1_events.tsv	44b9ec512920a41dec270c234debce079547f0a395d2d85a9570c5faaefda8b1	40	40	true	1	0.025	0.975	16	16	1	16	0				40	1	0.025	1	false	false	false	pass		...............M........................
11326	01	trust	1	bids/sub-11326/ses-01/func/sub-11326_ses-01_task-trust_run-1_events.tsv	d2344564b015277dd19ee8c90221b15822a5a88f1804ad90e649ab4d8d217651	42	42	true	0	0	1			0		0				42	0	0	1	false	false	false	pass		..........................................
11326	01	trust	2	bids/sub-11326/ses-01/func/sub-11326_ses-01_task-trust_run-2_events.tsv	25c60e6a2e190fc7b17bc899cc3e7a2de72f1ee4621bf4226d3ff27b0b4fcaa1	42	42	true	4	0.095238	0.904762	17	36	1	17	0				42	4	0.095238	1	false	false	false	pass		................M.....M.........M..M......
11326	01	ugr	1	bids/sub-11326/ses-01/func/sub-11326_ses-01_task-ugr_run-1_events.tsv	74fcb127f411a54aad1fbba8337bb853e0daf2a88bc83e21e58b2c83ff596cb3	48	48	true	0	0	1			0		0				48	0	0	1	false	false	false	pass		................................................
11326	01	ugr	2	bids/sub-11326/ses-01/func/sub-11326_ses-01_task-ugr_run-2_events.tsv	4735f0834aa9f78ba4b3808dc73f78ff1fc3ab5aa5b42ea326e28a54ae9c4622	48	48	true	0	0	1			0		0				48	0	0	1	false	false	false	pass		................................................
11329	01	doors	1	bids/sub-11329/ses-01/func/sub-11329_ses-01_task-doors_run-1_events.tsv	afdb3216154906192fbc01939c0a4ff0f9200bafc45271b80cd66bdc33798b20	40	40	true	0	0	1			0		0				40	0	0	1	false	false	false	pass		........................................
11329	01	sharedreward	1	bids/sub-11329/ses-01/func/sub-11329_ses-01_task-sharedreward_run-1_events.tsv	7175c6f71ccb1679a70f84b43b17c0e4138258e47d9c4b839960656599794614	54	54	true	2	0.037037	0.962963	51	52	2	51	0				54	2	0.037037	1	false	false	false	pass		..................................................MM..
11329	01	sharedreward	2	bids/sub-11329/ses-01/func/sub-11329_ses-01_task-sharedreward_run-2_events.tsv	23cb6c4c61438cd712db835f4c838fe0a9de06d178a2feb00e1a8153ced2150c	54	54	true	1	0.018519	0.981481	46	46	1	46	0				54	1	0.018519	1	false	false	false	pass		.............................................M........
11329	01	socialdoors	1	bids/sub-11329/ses-01/func/sub-11329_ses-01_task-socialdoors_run-1_events.tsv	0263bf898bb029d34abaa07add9c2c07cecc3bc3e7496bea21c37b22d6443214	40	40	true	0	0	1			0		0				40	0	0	1	false	false	false	pass		........................................
11329	01	trust	1	bids/sub-11329/ses-01/func/sub-11329_ses-01_task-trust_run-1_events.tsv	d9b009645c27eb4614de83874e1eaccaa2ff375f9760518160459affb465afd2	42	42	true	0	0	1			0		0				42	0	0	1	false	false	false	pass		..........................................
11329	01	trust	2	bids/sub-11329/ses-01/func/sub-11329_ses-01_task-trust_run-2_events.tsv	574de1c57a734470700303c9d3a50aca6eec344a1f9a50b02b4bfc837bb09ca7	42	42	true	0	0	1			0		0				42	0	0	1	false	false	false	pass		..........................................
11329	01	ugr	1	bids/sub-11329/ses-01/func/sub-11329_ses-01_task-ugr_run-1_events.tsv	6491fba75140d6f8e2ed821f8509f219c131027bea89af087234177204c0f95a	48	48	true	2	0.041667	0.958333	33	48	1	33	1	48	373.0819	3.75056	47	1	0.021277	0.979167	false	false	false	pass		................................M..............M
11329	01	ugr	2	bids/sub-11329/ses-01/func/sub-11329_ses-01_task-ugr_run-2_events.tsv	10bf91a6a70648c35cc0989cf95a258bc6a3fe427cb87bc4c948e96fafa3dada	48	48	true	0	0	1			0		0				48	0	0	1	false	false	false	pass		................................................
11330	01	doors	1	bids/sub-11330/ses-01/func/sub-11330_ses-01_task-doors_run-1_events.tsv	dacc811292bd130076d8ae88daec40236084099027ae7971997bc530e372614f	40	40	true	1	0.025	0.975	27	27	1	27	0				40	1	0.025	1	false	false	false	pass		..........................M.............
11330	01	sharedreward	1	bids/sub-11330/ses-01/func/sub-11330_ses-01_task-sharedreward_run-1_events.tsv	768b2f531f18d40c96dc79298b2a057d100bf6b0661eea722ab2ed2009f97eaa	54	54	true	0	0	1			0		0				54	0	0	1	false	false	false	pass		......................................................
11330	01	sharedreward	2	bids/sub-11330/ses-01/func/sub-11330_ses-01_task-sharedreward_run-2_events.tsv	362b26f76881a0de6696be7a59655342124bafb8bdd9d5d51defda2b3125a7b8	54	54	true	0	0	1			0		0				54	0	0	1	false	false	false	pass		......................................................
11330	01	socialdoors	1	bids/sub-11330/ses-01/func/sub-11330_ses-01_task-socialdoors_run-1_events.tsv	b68d8c5a16cd0d88efc5b06fc3eebf0a978d922f996dd052e5522e281dca4c72	40	40	true	0	0	1			0		0				40	0	0	1	false	false	false	pass		........................................
11330	01	trust	1	bids/sub-11330/ses-01/func/sub-11330_ses-01_task-trust_run-1_events.tsv	b11e8a2702d51bf7af087012b9ce178496e04eb9c2b9fd484dfe8a523f34e466	42	42	true	0	0	1			0		0				42	0	0	1	false	false	false	pass		..........................................
11330	01	trust	2	bids/sub-11330/ses-01/func/sub-11330_ses-01_task-trust_run-2_events.tsv	6460f1fef37593df6c7aae0c3aebccd85c0c40262c257d0488ccb3e3428b8639	42	42	true	0	0	1			0		0				42	0	0	1	false	false	false	pass		..........................................
11330	01	ugr	1	bids/sub-11330/ses-01/func/sub-11330_ses-01_task-ugr_run-1_events.tsv	ab1b57f4c497084538593b3d71b7c4aeb78960fb87ab6545f276108aeda5ee79	48	48	true	0	0	1			0		0				48	0	0	1	false	false	false	pass		................................................
11330	01	ugr	2	bids/sub-11330/ses-01/func/sub-11330_ses-01_task-ugr_run-2_events.tsv	e5b784efe16d9895e563a31d443a8dd62c1ce6abad61cf8c3ee926f8777ac982	48	48	true	0	0	1			0		0				48	0	0	1	false	false	false	pass		................................................
11337	01	doors	1	bids/sub-11337/ses-01/func/sub-11337_ses-01_task-doors_run-1_events.tsv	ce19612f1ee31cb6655b87f192fae87dc9806f6173f4400feccfff9edaebab37	40	40	true	0	0	1			0		0				40	0	0	1	false	false	false	pass		........................................
11337	01	sharedreward	1	bids/sub-11337/ses-01/func/sub-11337_ses-01_task-sharedreward_run-1_events.tsv	eb22aff5f70baeefb64014b5663fba2683783442827983af5c83a3b06e7b467d	54	54	true	0	0	1			0		0				54	0	0	1	false	false	false	pass		......................................................
11337	01	sharedreward	2	bids/sub-11337/ses-01/func/sub-11337_ses-01_task-sharedreward_run-2_events.tsv	298fd408aabc7424cba87f152bf881d9a0b882bc0154cf3e57508fcabb95628a	54	54	true	0	0	1			0		0				54	0	0	1	false	false	false	pass		......................................................
11337	01	socialdoors	1	bids/sub-11337/ses-01/func/sub-11337_ses-01_task-socialdoors_run-1_events.tsv	6b28f738b4fc1b60a25f943927f5339f2f655e7e345a1be324ad04c21528125b	40	40	true	2	0.05	0.95	3	15	1	3	0				40	2	0.05	1	false	false	false	pass		..M...........M.........................
11337	01	trust	1	bids/sub-11337/ses-01/func/sub-11337_ses-01_task-trust_run-1_events.tsv	b011719fab3b7df6eafb31ead6a5f2d557cee79b7b592f0522dc22431404d3e4	42	42	true	1	0.02381	0.97619	13	13	1	13	0				42	1	0.02381	1	false	false	false	pass		............M.............................
11337	01	trust	2	bids/sub-11337/ses-01/func/sub-11337_ses-01_task-trust_run-2_events.tsv	e6f455f6f9ddc84c19c5f079f33df810186738b089709c948c9349a0b65ff8b1	42	42	true	0	0	1			0		0				42	0	0	1	false	false	false	pass		..........................................
11337	01	ugr	1	bids/sub-11337/ses-01/func/sub-11337_ses-01_task-ugr_run-1_events.tsv	a7e9d8451468fd037ba1f5a0c0f82d976b3b4f9f85af13bff0b4002cc3d4815e	48	48	true	0	0	1			0		0				48	0	0	1	false	false	false	pass		................................................
11337	01	ugr	2	bids/sub-11337/ses-01/func/sub-11337_ses-01_task-ugr_run-2_events.tsv	1ff8022da07d192aab7ba9768cf758aa008f48a2b3b327cf9178a3b83a2cfac8	48	48	true	0	0	1			0		0				48	0	0	1	false	false	false	pass		................................................
11338	01	doors	1	bids/sub-11338/ses-01/func/sub-11338_ses-01_task-doors_run-1_events.tsv	3567f9a0d33e5ebc85ce80beeaacc1b3eadfde4af088f3588ee4833f1cffb3a6	40	40	true	1	0.025	0.975	39	39	1	39	0				40	1	0.025	1	false	false	false	pass		......................................M.
11338	01	sharedreward	1	bids/sub-11338/ses-01/func/sub-11338_ses-01_task-sharedreward_run-1_events.tsv	58af209577a3bb3784bf25e7fc982aef0e3681ad6eb06d3e85690b6d42cd0bac	54	54	true	0	0	1			0		0				54	0	0	1	false	false	false	pass		......................................................
11338	01	sharedreward	2	bids/sub-11338/ses-01/func/sub-11338_ses-01_task-sharedreward_run-2_events.tsv	b18d7fa2ed503f2c626d1d122a301e6d9b0e5b2bf46f0819ff223a8f6030bb9b	54	54	true	8	0.148148	0.851852	23	52	2	49	0				54	8	0.148148	1	false	false	false	pass		......................M.............M....M.M.M..MM.M..
11338	01	socialdoors	1	bids/sub-11338/ses-01/func/sub-11338_ses-01_task-socialdoors_run-1_events.tsv	c3b3a453fdd9b92fb0ff967b0e9689bb0baf516855b875a396a10cbe12d0a6be	40	40	true	3	0.075	0.925	18	36	1	18	0				40	3	0.075	1	false	false	false	pass		.................M.............M...M....
11338	01	trust	1	bids/sub-11338/ses-01/func/sub-11338_ses-01_task-trust_run-1_events.tsv	2966c803a28dbdf006e7833945294655001398f0fc67f2fd31e1bfb767c119b4	42	42	true	3	0.071429	0.928571	16	34	1	16	0				42	3	0.071429	1	false	false	false	pass		...............M..........M......M........
11338	01	trust	2	bids/sub-11338/ses-01/func/sub-11338_ses-01_task-trust_run-2_events.tsv	8538cbf7804c7d52b817b1e29c0316b90e83c9d0042377c1831cafac9b53abce	42	42	true	2	0.047619	0.952381	29	40	1	29	0				42	2	0.047619	1	false	false	false	pass		............................M..........M..
11338	01	ugr	1	bids/sub-11338/ses-01/func/sub-11338_ses-01_task-ugr_run-1_events.tsv	6e998531e2ccdd8bd3b1785ef67ba1c8315773ce3c4c42410015328d6a298b51	48	48	true	0	0	1			0		0				48	0	0	1	false	false	false	pass		................................................
11338	01	ugr	2	bids/sub-11338/ses-01/func/sub-11338_ses-01_task-ugr_run-2_events.tsv	372a927f009bdfd332e94e66e11028cc880ac871a91f4347e53e84d70d20f12f	48	48	true	1	0.020833	0.979167	41	41	1	41	0				48	1	0.020833	1	false	false	false	pass		........................................M.......
11340	01	doors	1	bids/sub-11340/ses-01/func/sub-11340_ses-01_task-doors_run-1_events.tsv	c3963a6f2e894c3c53b017f6dc5feacc420ba98a198c42b0d0d7b083182368db	40	40	true	0	0	1			0		0				40	0	0	1	false	false	false	pass		........................................
11340	01	sharedreward	1	bids/sub-11340/ses-01/func/sub-11340_ses-01_task-sharedreward_run-1_events.tsv	9344e6caa2f7a43a3a305fabdb9dfc37eb6b1da03ae0bd042770bc2759e4cd1e	54	54	true	0	0	1			0		0				54	0	0	1	false	false	false	pass		......................................................
11340	01	sharedreward	2	bids/sub-11340/ses-01/func/sub-11340_ses-01_task-sharedreward_run-2_events.tsv	37d71f71ed30d40b0d9e5e6d1d1e5d877282d0af63e57f22aa310334d774853a	54	54	true	0	0	1			0		0				54	0	0	1	false	false	false	pass		......................................................
11340	01	socialdoors	1	bids/sub-11340/ses-01/func/sub-11340_ses-01_task-socialdoors_run-1_events.tsv	03a6ac69a0eefb679dc8e2f0d5ac7273a4660e49749bdb444128af5519c6306c	40	40	true	0	0	1			0		0				40	0	0	1	false	false	false	pass		........................................
11340	01	trust	1	bids/sub-11340/ses-01/func/sub-11340_ses-01_task-trust_run-1_events.tsv	84d2f4238167cc11b6f5ae4bffdf336827ce391e0212b27bd1e82d8d6a0207db	42	42	true	0	0	1			0		0				42	0	0	1	false	false	false	pass		..........................................
11340	01	trust	2	bids/sub-11340/ses-01/func/sub-11340_ses-01_task-trust_run-2_events.tsv	c5738dd817f492181971809e29c050eb72e0f9c42abb3128eef696e356fc28a8	42	42	true	0	0	1			0		0				42	0	0	1	false	false	false	pass		..........................................
11340	01	ugr	1	bids/sub-11340/ses-01/func/sub-11340_ses-01_task-ugr_run-1_events.tsv	1c762869eeab9726f0d571fa02a3c795844c2aa8bd23e8d31dea18b4c1fd760c	48	48	true	0	0	1			0		0				48	0	0	1	false	false	false	pass		................................................
11340	01	ugr	2	bids/sub-11340/ses-01/func/sub-11340_ses-01_task-ugr_run-2_events.tsv	3906e9b3b5fcf47c205321f43fad784af577441020194393e90b1b95439d9f3a	48	48	true	0	0	1			0		0				48	0	0	1	false	false	false	pass		................................................
11343	01	doors	1	bids/sub-11343/ses-01/func/sub-11343_ses-01_task-doors_run-1_events.tsv	a0d0d8030438282ea5ee55c7473e0b79e252a46ca93ae7db366c781c732500b6	40	40	true	2	0.05	0.95	24	35	1	24	0				40	2	0.05	1	false	false	false	pass		.......................M..........M.....
11343	01	sharedreward	1	bids/sub-11343/ses-01/func/sub-11343_ses-01_task-sharedreward_run-1_events.tsv	b02465da6d16e36e48be4dea87c2241065da32bc45c537cca7841a57874c9405	54	54	true	0	0	1			0		0				54	0	0	1	false	false	false	pass		......................................................
11343	01	sharedreward	2	bids/sub-11343/ses-01/func/sub-11343_ses-01_task-sharedreward_run-2_events.tsv	0e24c778d1c13ac76df51552511a095bf5611028dba3c940727c4a6e05c19827	54	54	true	0	0	1			0		0				54	0	0	1	false	false	false	pass		......................................................
11343	01	socialdoors	1	bids/sub-11343/ses-01/func/sub-11343_ses-01_task-socialdoors_run-1_events.tsv	43d88213d80bac62b04542eb89b17103ea8c8a63f76f0ce223e2345760f34924	40	40	true	0	0	1			0		0				40	0	0	1	false	false	false	pass		........................................
11343	01	ugr	1	bids/sub-11343/ses-01/func/sub-11343_ses-01_task-ugr_run-1_events.tsv	554da67c31ba13532e5ce49404a50126450541639cb3862be1f508e60ce5c5e7	48	48	true	0	0	1			0		0				48	0	0	1	false	false	false	pass		................................................
11343	01	ugr	2	bids/sub-11343/ses-01/func/sub-11343_ses-01_task-ugr_run-2_events.tsv	6d57ca3e4669938144f477416274a3f5fed7fa8da06fc8e6d2cbed9e5795111d	48	48	true	0	0	1			0		0				48	0	0	1	false	false	false	pass		................................................
11345	01	doors	1	bids/sub-11345/ses-01/func/sub-11345_ses-01_task-doors_run-1_events.tsv	51e659d62c281419789380e1c502f2a83c7dae2350eb1dc0bdf0644d4192a502	40	40	true	0	0	1			0		0				40	0	0	1	false	false	false	pass		........................................
11345	01	sharedreward	1	bids/sub-11345/ses-01/func/sub-11345_ses-01_task-sharedreward_run-1_events.tsv	023a8a653f6764d0baa3c5e1631b3e9e61c5751113caaef4739345347986d574	54	54	true	0	0	1			0		0				54	0	0	1	false	false	false	pass		......................................................
11345	01	sharedreward	2	bids/sub-11345/ses-01/func/sub-11345_ses-01_task-sharedreward_run-2_events.tsv	121ac834d4a20438cd9436f366a2abd76ab0e17288c0cdc6bfe94adf717e087e	54	54	true	0	0	1			0		0				54	0	0	1	false	false	false	pass		......................................................
11345	01	socialdoors	1	bids/sub-11345/ses-01/func/sub-11345_ses-01_task-socialdoors_run-1_events.tsv	a304e6e7bc34d9ced1da9aa7e5a65b4f32e9427c67e9b8305857e0d1200c9be6	40	40	true	0	0	1			0		0				40	0	0	1	false	false	false	pass		........................................
11345	01	trust	1	bids/sub-11345/ses-01/func/sub-11345_ses-01_task-trust_run-1_events.tsv	db3d5e93d17dce1b0d54ed87406339a387aa777893532f945afb8ec108b07596	42	42	true	0	0	1			0		0				42	0	0	1	false	false	false	pass		..........................................
11345	01	trust	2	bids/sub-11345/ses-01/func/sub-11345_ses-01_task-trust_run-2_events.tsv	8872934be316547e8dd00fa54d749d9407cb58e9c7434113cf85b0bbcfc6c84e	42	42	true	0	0	1			0		0				42	0	0	1	false	false	false	pass		..........................................
11345	01	ugr	1	bids/sub-11345/ses-01/func/sub-11345_ses-01_task-ugr_run-1_events.tsv	5b42f8250f89598175284da723f4b28b8e3293b409605aba5fb2c8e56437f58f	48	48	true	0	0	1			0		0				48	0	0	1	false	false	false	pass		................................................
11345	01	ugr	2	bids/sub-11345/ses-01/func/sub-11345_ses-01_task-ugr_run-2_events.tsv	8cdeca8ed4e3f68e320035b375d77a2ad1f903b9de7f4765f9f2d0fcc7cdc0ff	48	48	true	0	0	1			0		0				48	0	0	1	false	false	false	pass		................................................
11348	01	doors	1	bids/sub-11348/ses-01/func/sub-11348_ses-01_task-doors_run-1_events.tsv	18b81a1bd783ccf865df0bb26f7c10644c799346c851ea29f12c265fe7548104	40	40	true	0	0	1			0		0				40	0	0	1	false	false	false	pass		........................................
11348	01	sharedreward	1	bids/sub-11348/ses-01/func/sub-11348_ses-01_task-sharedreward_run-1_events.tsv	4c54c546cb0f11271c45d0662ba5e0816ea11ea4eeb704009d68a3f16ecafaa3	54	54	true	0	0	1			0		0				54	0	0	1	false	false	false	pass		......................................................
11348	01	sharedreward	2	bids/sub-11348/ses-01/func/sub-11348_ses-01_task-sharedreward_run-2_events.tsv	4f242df4e509ca8e8c365c17156e4af9d8e179e192933c439900ef39a2ca345a	54	54	true	0	0	1			0		0				54	0	0	1	false	false	false	pass		......................................................
11348	01	socialdoors	1	bids/sub-11348/ses-01/func/sub-11348_ses-01_task-socialdoors_run-1_events.tsv	1df0a0b339e0688ca4201ce529641e7d6ce225cafe5078e53ee30c3556582639	40	40	true	0	0	1			0		0				40	0	0	1	false	false	false	pass		........................................
11348	01	trust	1	bids/sub-11348/ses-01/func/sub-11348_ses-01_task-trust_run-1_events.tsv	2553ddeb5e53ceee88b87c848b277cf1328403ac139ad72a9991d51df8de6a4e	42	42	true	0	0	1			0		0				42	0	0	1	false	false	false	pass		..........................................
11348	01	trust	2	bids/sub-11348/ses-01/func/sub-11348_ses-01_task-trust_run-2_events.tsv	d89ea97a8872d4feaf98a16825181a57e8a468c01b56fa5760e7cdc49a1f8a43	42	42	true	0	0	1			0		0				42	0	0	1	false	false	false	pass		..........................................
11348	01	ugr	1	bids/sub-11348/ses-01/func/sub-11348_ses-01_task-ugr_run-1_events.tsv	55252e4c04ef61709c50b51df2d6377edddfcb5568b1f6a8436e1189c39cc886	48	48	true	0	0	1			0		0				48	0	0	1	false	false	false	pass		................................................
11348	01	ugr	2	bids/sub-11348/ses-01/func/sub-11348_ses-01_task-ugr_run-2_events.tsv	cf02642c939870c2b72abec6a15c6d884217e99c5d65c920a069b2c716072c3a	48	48	true	0	0	1			0		0				48	0	0	1	false	false	false	pass		................................................
11358	01	doors	1	bids/sub-11358/ses-01/func/sub-11358_ses-01_task-doors_run-1_events.tsv	698a45179016e85e28becbbedcac3484564ab52ff63d995b7aded3440e0b0ddd	40	40	true	0	0	1			0		0				40	0	0	1	false	false	false	pass		........................................
11358	01	sharedreward	1	bids/sub-11358/ses-01/func/sub-11358_ses-01_task-sharedreward_run-1_events.tsv	b84d9b349953bd519b636f2b8670594728de1aa04ab701d6ea6238a5fd84f67b	54	54	true	0	0	1			0		0				54	0	0	1	false	false	false	pass		......................................................
11358	01	sharedreward	2	bids/sub-11358/ses-01/func/sub-11358_ses-01_task-sharedreward_run-2_events.tsv	51eba8d11cc4676504f04b3823bb83b3778c6962d15165769862f2bff21ea716	54	54	true	0	0	1			0		0				54	0	0	1	false	false	false	pass		......................................................
11358	01	trust	1	bids/sub-11358/ses-01/func/sub-11358_ses-01_task-trust_run-1_events.tsv	ab005294bda36897b1207703dfb58030a661c2f9fa80cbe5dcf6bab35f1c5fa5	42	42	true	0	0	1			0		0				42	0	0	1	false	false	false	pass		..........................................
11358	01	trust	2	bids/sub-11358/ses-01/func/sub-11358_ses-01_task-trust_run-2_events.tsv	97bbee696efec7360c3204fa28fb8112eae6874c273a5fbe42833f157b3a3e40	42	42	true	0	0	1			0		0				42	0	0	1	false	false	false	pass		..........................................
11358	01	ugr	1	bids/sub-11358/ses-01/func/sub-11358_ses-01_task-ugr_run-1_events.tsv	b7dba408ce5c297eae0ac460c355febd508fcab57f828fe9151681712b627276	48	48	true	0	0	1			0		0				48	0	0	1	false	false	false	pass		................................................
11358	01	ugr	2	bids/sub-11358/ses-01/func/sub-11358_ses-01_task-ugr_run-2_events.tsv	7bc28bd2ed68fc2849e53abdccfb9dd65c8850d3ca7bbd925ca05e7721535b3e	48	48	true	0	0	1			0		0				48	0	0	1	false	false	false	pass		................................................
11364	01	sharedreward	1	bids/sub-11364/ses-01/func/sub-11364_ses-01_task-sharedreward_run-1_events.tsv	937d71692994f534f94a786d504837bdedeb9f5beb3464fa07815294a391c08d	54	54	true	1	0.018519	0.981481	47	47	1	47	0				54	1	0.018519	1	false	false	false	pass		..............................................M.......
11364	01	sharedreward	2	bids/sub-11364/ses-01/func/sub-11364_ses-01_task-sharedreward_run-2_events.tsv	ecb34d77ddb2fa8c343c3ec4f96ed05b22ea7301b7d3fded60ad278fda2cd7a4	54	54	true	8	0.148148	0.851852	12	53	2	12	0				54	8	0.148148	1	false	false	false	pass		...........MM................M......MM.....M.......MM.
11364	01	trust	1	bids/sub-11364/ses-01/func/sub-11364_ses-01_task-trust_run-1_events.tsv	4e6471978a44e5e6c8e8d6a65f7cccb57a13664394e819e10220a85619735e52	42	42	true	2	0.047619	0.952381	1	38	1	1	0				42	2	0.047619	1	false	false	false	pass		M....................................M....
11364	01	trust	2	bids/sub-11364/ses-01/func/sub-11364_ses-01_task-trust_run-2_events.tsv	32f21609e04abd3d660d3743b4c9b3c31a8d87aa331fec6c20c4fbc9c19432b5	42	42	true	4	0.095238	0.904762	6	41	1	6	0				42	4	0.095238	1	false	false	false	pass		.....M...M...................M..........M.
11364	01	ugr	1	bids/sub-11364/ses-01/func/sub-11364_ses-01_task-ugr_run-1_events.tsv	fddd36dece70ca5ef499c851bc27bb5d900885d19bd6dd1e18720b2562a7fa38	48	48	true	3	0.0625	0.9375	29	45	1	29	0				48	3	0.0625	1	false	false	false	pass		............................M......M........M...
11364	01	ugr	2	bids/sub-11364/ses-01/func/sub-11364_ses-01_task-ugr_run-2_events.tsv	33de5f51fca4a15aaffcff97dccd640cdcc308085788fde9ac5d6cdc75c11ed7	48	48	true	3	0.0625	0.9375	18	43	1	18	0				48	3	0.0625	1	false	false	false	pass		.................M....................M...M.....
11367	01	doors	1	bids/sub-11367/ses-01/func/sub-11367_ses-01_task-doors_run-1_events.tsv	d943fbe2f1da35540048942d3ed13fadd9f34c18e6cbd73ee34251f89be7df5b	40	40	true	0	0	1			0		0				40	0	0	1	false	false	false	pass		........................................
11367	01	sharedreward	1	bids/sub-11367/ses-01/func/sub-11367_ses-01_task-sharedreward_run-1_events.tsv	a8c7de7666f83d0db08431362bb55fb6c19cd6e2e6ce4f9d914c515aada13fb9	54	54	true	0	0	1			0		0				54	0	0	1	false	false	false	pass		......................................................
11367	01	sharedreward	2	bids/sub-11367/ses-01/func/sub-11367_ses-01_task-sharedreward_run-2_events.tsv	21826dfa03c2e8292c19165736b2776d391378f364097f729470c6fbc61d67ae	54	54	true	1	0.018519	0.981481	38	38	1	38	0				54	1	0.018519	1	false	false	false	pass		.....................................M................
11367	01	socialdoors	1	bids/sub-11367/ses-01/func/sub-11367_ses-01_task-socialdoors_run-1_events.tsv	72391f403a52aa7b5555598e0585322c93811e84b48e9bca4f87132bafac6776	40	40	true	0	0	1			0		0				40	0	0	1	false	false	false	pass		........................................
11367	01	trust	1	bids/sub-11367/ses-01/func/sub-11367_ses-01_task-trust_run-1_events.tsv	e9bb66cee4a625a3668fb35b1d15a8ebf8a5176971dd133304271051445988cd	42	42	true	1	0.02381	0.97619	6	6	1	6	0				42	1	0.02381	1	false	false	false	pass		.....M....................................
11367	01	trust	2	bids/sub-11367/ses-01/func/sub-11367_ses-01_task-trust_run-2_events.tsv	a0794929d0598d7d3471c653a89bbeaa6c0f402ee15510f02d629eaf9048e622	42	42	true	0	0	1			0		0				42	0	0	1	false	false	false	pass		..........................................
11367	01	ugr	1	bids/sub-11367/ses-01/func/sub-11367_ses-01_task-ugr_run-1_events.tsv	2e19ddcfff607f53dab7a925baf295b79cdffddf42dbf4067d3fe5122fbff88f	48	48	true	0	0	1			0		0				48	0	0	1	false	false	false	pass		................................................
11367	01	ugr	2	bids/sub-11367/ses-01/func/sub-11367_ses-01_task-ugr_run-2_events.tsv	25c018bf8c63284beccc00acb337bc01b2fc3deac75dd08fb9591aef51811c69	48	48	true	0	0	1			0		0				48	0	0	1	false	false	false	pass		................................................
11374	01	doors	1	bids/sub-11374/ses-01/func/sub-11374_ses-01_task-doors_run-1_events.tsv	a7361cf2a808a8650ce9fa06e8f1316670dee94f64357a779de92c49c81a46b3	40	40	true	2	0.05	0.95	9	11	1	9	0				40	2	0.05	1	false	false	false	pass		........M.M.............................
11374	01	sharedreward	1	bids/sub-11374/ses-01/func/sub-11374_ses-01_task-sharedreward_run-1_events.tsv	b9b7af03012c9972548e81871ccfc14a2dee13785c503ee6fcc39e3ef337818c	54	54	true	1	0.018519	0.981481	1	1	1	1	0				54	1	0.018519	1	false	false	false	pass		M.....................................................
11374	01	sharedreward	2	bids/sub-11374/ses-01/func/sub-11374_ses-01_task-sharedreward_run-2_events.tsv	4f54d7d7e5c987b25c83a9523ffed7efcce664527622e64a7b310e1ab70518da	54	54	true	0	0	1			0		0				54	0	0	1	false	false	false	pass		......................................................
11374	01	socialdoors	1	bids/sub-11374/ses-01/func/sub-11374_ses-01_task-socialdoors_run-1_events.tsv	a3a2116ab329c1882a65b543e55371904f115755012e5d93653478e971ecd45e	40	40	true	1	0.025	0.975	22	22	1	22	0				40	1	0.025	1	false	false	false	pass		.....................M..................
11374	01	trust	1	bids/sub-11374/ses-01/func/sub-11374_ses-01_task-trust_run-1_events.tsv	403286049740ae6d49d445e82b2a156b111b74e4f0a059bef205f83ecff75def	42	42	true	6	0.142857	0.857143	7	32	1	7	0				42	6	0.142857	1	false	false	false	pass		......M...M.M..M......M........M..........
11374	01	trust	2	bids/sub-11374/ses-01/func/sub-11374_ses-01_task-trust_run-2_events.tsv	b98061641e202761041d63588a0e0b3046330b9bf4f6aeb3977a0fe4f25c6505	42	42	true	4	0.095238	0.904762	1	35	1	1	0				42	4	0.095238	1	false	false	false	pass		M.................M..M............M.......
11374	01	ugr	1	bids/sub-11374/ses-01/func/sub-11374_ses-01_task-ugr_run-1_events.tsv	e22a6aad91acbadfc7205958c07632d20ba77c129d7360e888b1f4f5caf7cc0b	48	48	true	1	0.020833	0.979167	5	5	1	5	0				48	1	0.020833	1	false	false	false	pass		....M...........................................
11376	01	doors	1	bids/sub-11376/ses-01/func/sub-11376_ses-01_task-doors_run-1_events.tsv	94d6947580f2d45046059e076f7cea792d55b49b35c672dda17892cd45c98a76	40	40	true	1	0.025	0.975	8	8	1	8	0				40	1	0.025	1	false	false	false	pass		.......M................................
11376	01	sharedreward	1	bids/sub-11376/ses-01/func/sub-11376_ses-01_task-sharedreward_run-1_events.tsv	da141dbf87de2af2bbec2ce45e7f957e2f1a7896d734813c1c78f1e6ffc0e47d	54	54	true	0	0	1			0		0				54	0	0	1	false	false	false	pass		......................................................
11376	01	sharedreward	2	bids/sub-11376/ses-01/func/sub-11376_ses-01_task-sharedreward_run-2_events.tsv	44db2b0b71184cac713ffce7494312294f98fd78eb3197c0b8d5b6dc829e58a6	54	54	true	0	0	1			0		0				54	0	0	1	false	false	false	pass		......................................................
11376	01	socialdoors	1	bids/sub-11376/ses-01/func/sub-11376_ses-01_task-socialdoors_run-1_events.tsv	5656c074c1fbf150e3714eeb63e856aa32e739809ca1c15b88e34d0bdc15009b	40	40	true	1	0.025	0.975	26	26	1	26	0				40	1	0.025	1	false	false	false	pass		.........................M..............
11376	01	trust	1	bids/sub-11376/ses-01/func/sub-11376_ses-01_task-trust_run-1_events.tsv	744afa3bdad550d659b8fbd39315be697f5b4843a0db59e7158a6a44cb28acdc	42	42	true	1	0.02381	0.97619	4	4	1	4	0				42	1	0.02381	1	false	false	false	pass		...M......................................
11376	01	trust	2	bids/sub-11376/ses-01/func/sub-11376_ses-01_task-trust_run-2_events.tsv	032b3deb2eb719aee719358fe559a1d0e1a3bfa5dda78964d04331bfdbbca01f	42	42	true	0	0	1			0		0				42	0	0	1	false	false	false	pass		..........................................
11376	01	ugr	1	bids/sub-11376/ses-01/func/sub-11376_ses-01_task-ugr_run-1_events.tsv	21e62f90f5511da1d7c2b487136f6aebe84e6f58ad1daa52e17f11f622ba4417	48	48	true	0	0	1			0		0				48	0	0	1	false	false	false	pass		................................................
11376	01	ugr	2	bids/sub-11376/ses-01/func/sub-11376_ses-01_task-ugr_run-2_events.tsv	2f62c320372e4da695d1e9d89cab1aa356503a6af19518656bbb59ac1c159ff8	48	48	true	0	0	1			0		0				48	0	0	1	false	false	false	pass		................................................
11377	01	doors	1	bids/sub-11377/ses-01/func/sub-11377_ses-01_task-doors_run-1_events.tsv	7cddb9e0e9dac70ff1d96a29505586d021dccea8dab9b8bad614befaf0d79961	40	40	true	0	0	1			0		0				40	0	0	1	false	false	false	pass		........................................
11377	01	sharedreward	1	bids/sub-11377/ses-01/func/sub-11377_ses-01_task-sharedreward_run-1_events.tsv	d98b1dadf2610ec40cc2bb9165997367d21ac0b303abb308b1767093ed8c4a30	54	54	true	0	0	1			0		0				54	0	0	1	false	false	false	pass		......................................................
11377	01	sharedreward	2	bids/sub-11377/ses-01/func/sub-11377_ses-01_task-sharedreward_run-2_events.tsv	44cc227e9b465935c177e428720a9642318d697b965d02283675eff9b4a334a2	54	54	true	0	0	1			0		0				54	0	0	1	false	false	false	pass		......................................................
11377	01	socialdoors	1	bids/sub-11377/ses-01/func/sub-11377_ses-01_task-socialdoors_run-1_events.tsv	f68c5a8c23e415d76b7fde6caae4ab11dd33369169bb24b276a9143bbada6907	40	40	true	1	0.025	0.975	31	31	1	31	0				40	1	0.025	1	false	false	false	pass		..............................M.........
11377	01	trust	1	bids/sub-11377/ses-01/func/sub-11377_ses-01_task-trust_run-1_events.tsv	5eb0dee517e1d75f5e0b506abf19b8f03b288245d3e92987d4a2a50ffd71ef0f	42	42	true	0	0	1			0		0				42	0	0	1	false	false	false	pass		..........................................
11377	01	trust	2	bids/sub-11377/ses-01/func/sub-11377_ses-01_task-trust_run-2_events.tsv	b6f14e29b745efb0285477efd92458133a35a9d82ba528cd12edfbde70de4c16	42	42	true	0	0	1			0		0				42	0	0	1	false	false	false	pass		..........................................
11377	01	ugr	1	bids/sub-11377/ses-01/func/sub-11377_ses-01_task-ugr_run-1_events.tsv	56318011aff2eafd5f37d3aba2f0dc6afd2e0b5dfdfe91ebd028a217a668b6eb	48	48	true	0	0	1			0		0				48	0	0	1	false	false	false	pass		................................................
11377	01	ugr	2	bids/sub-11377/ses-01/func/sub-11377_ses-01_task-ugr_run-2_events.tsv	a8cdb9554c74b98b32bc3e8d2687e78f8b1d05aa7f66b91525df17b342a6a0a1	48	48	true	0	0	1			0		0				48	0	0	1	false	false	false	pass		................................................
11387	01	doors	1	bids/sub-11387/ses-01/func/sub-11387_ses-01_task-doors_run-1_events.tsv	0b440a55801380a858b35f437dcdd6b5769f2a7998e306b13c42d226e06d522c	40	40	true	0	0	1			0		0				40	0	0	1	false	false	false	pass		........................................
11387	01	sharedreward	1	bids/sub-11387/ses-01/func/sub-11387_ses-01_task-sharedreward_run-1_events.tsv	69c5e37ee7e30f54317873314b177cd4eb59da5ebbb94413975dadc5b71462d3	54	54	true	0	0	1			0		0				54	0	0	1	false	false	false	pass		......................................................
11387	01	sharedreward	2	bids/sub-11387/ses-01/func/sub-11387_ses-01_task-sharedreward_run-2_events.tsv	09a6c18b57e9a47888506ba62b99e83ed625c99f5680d887bffecbad8e0880aa	54	54	true	0	0	1			0		0				54	0	0	1	false	false	false	pass		......................................................
11387	01	socialdoors	1	bids/sub-11387/ses-01/func/sub-11387_ses-01_task-socialdoors_run-1_events.tsv	e9b257a591bcddb5fa8147bc1bc6211b94df1c9ff8fdda5b97badb9619edbae3	40	40	true	0	0	1			0		0				40	0	0	1	false	false	false	pass		........................................
11387	01	trust	1	bids/sub-11387/ses-01/func/sub-11387_ses-01_task-trust_run-1_events.tsv	0896ffc6bc4005bc3dfe344b3bd05bcfd3f6462e4af91f189b6b88fc390d0261	42	42	true	0	0	1			0		0				42	0	0	1	false	false	false	pass		..........................................
11387	01	trust	2	bids/sub-11387/ses-01/func/sub-11387_ses-01_task-trust_run-2_events.tsv	bf9b95b0de5cc4f14c606e8c7b9c2f19ec856b6af0989377b90a9ada84d7cbb9	42	42	true	0	0	1			0		0				42	0	0	1	false	false	false	pass		..........................................
11387	01	ugr	1	bids/sub-11387/ses-01/func/sub-11387_ses-01_task-ugr_run-1_events.tsv	58cfa950f18aed0436c3629b5b98b44f9039279f694d7bea13b63e52889651fd	48	48	true	0	0	1			0		0				48	0	0	1	false	false	false	pass		................................................
11387	01	ugr	2	bids/sub-11387/ses-01/func/sub-11387_ses-01_task-ugr_run-2_events.tsv	4411a19100d36deb1e4c4d32b2c5303e249526d90b8cad02ee56eaf8249e9194	48	48	true	0	0	1			0		0				48	0	0	1	false	false	false	pass		................................................
11396	01	trust	1	bids/sub-11396/ses-01/func/sub-11396_ses-01_task-trust_run-1_events.tsv	6fbce85930687563d9e5f50f8f348e9b1adc1b671de7a4cbc3a52ea3ebfba00a	42	42	true	2	0.047619	0.952381	24	29	1	24	0				42	2	0.047619	1	false	false	false	pass		.......................M....M.............
11396	01	trust	2	bids/sub-11396/ses-01/func/sub-11396_ses-01_task-trust_run-2_events.tsv	fd504eef9ec6f4683c5a5de922fb5baa87ae89fe6b3bd7f4cd1408519d4221e2	42	42	true	0	0	1			0		0				42	0	0	1	false	false	false	pass		..........................................
11410	01	doors	1	bids/sub-11410/ses-01/func/sub-11410_ses-01_task-doors_run-1_events.tsv	cb6107daafcc8bcb4a76398cb428ac51f038c7bc03a6eddecfea830b1ac0d63b	40	40	true	0	0	1			0		0				40	0	0	1	false	false	false	pass		........................................
11410	01	sharedreward	1	bids/sub-11410/ses-01/func/sub-11410_ses-01_task-sharedreward_run-1_events.tsv	6e9f0e98a2cd5cdd9a48f07e7a6bc8eaec528802c3f13839de39cff68fb99db9	54	54	true	1	0.018519	0.981481	49	49	1	49	0				54	1	0.018519	1	false	false	false	pass		................................................M.....
11410	01	sharedreward	2	bids/sub-11410/ses-01/func/sub-11410_ses-01_task-sharedreward_run-2_events.tsv	afc2bb533301d22d891dc3801c42b880d89b059244231c535e8a08c30c989bb9	54	54	true	3	0.055556	0.944444	8	39	2	8	0				54	3	0.055556	1	false	false	false	pass		.......MM.............................M...............
11410	01	socialdoors	1	bids/sub-11410/ses-01/func/sub-11410_ses-01_task-socialdoors_run-1_events.tsv	e988e362b95d7f74e6de1c4584bb2d9d3eca3be8508f20b3b393a5cfba3b620b	40	40	true	1	0.025	0.975	35	35	1	35	0				40	1	0.025	1	false	false	false	pass		..................................M.....
11410	01	trust	1	bids/sub-11410/ses-01/func/sub-11410_ses-01_task-trust_run-1_events.tsv	97d2526351f8cc8e8c9a8f3cd02c34f4324956008cb5e458eefdc9fcb996c6d5	42	42	true	1	0.02381	0.97619	19	19	1	19	0				42	1	0.02381	1	false	false	false	pass		..................M.......................
11410	01	trust	2	bids/sub-11410/ses-01/func/sub-11410_ses-01_task-trust_run-2_events.tsv	403f0544713b465ed26ebf23de7f0fed71fe52d270e9c3447561e909d0d2fef8	42	42	true	2	0.047619	0.952381	32	34	1	32	0				42	2	0.047619	1	false	false	false	pass		...............................M.M........
11410	01	ugr	1	bids/sub-11410/ses-01/func/sub-11410_ses-01_task-ugr_run-1_events.tsv	8ebc580893f30a4202b7c11ff9b1a9767832edf14176f21ae3ab13229cc4b5e1	48	48	true	0	0	1			0		0				48	0	0	1	false	false	false	pass		................................................
11410	01	ugr	2	bids/sub-11410/ses-01/func/sub-11410_ses-01_task-ugr_run-2_events.tsv	29c7cef714f0ae107a143501e66a71a7c93770f9e76b5a6607d493058f3692e3	48	48	true	1	0.020833	0.979167	23	23	1	23	0				48	1	0.020833	1	false	false	false	pass		......................M.........................
11416	01	doors	1	bids/sub-11416/ses-01/func/sub-11416_ses-01_task-doors_run-1_events.tsv	9b80b248e968b8174705a3282b08f43082fe5adf99a1e0333062307fa0957de1	40	40	true	0	0	1			0		0				40	0	0	1	false	false	false	pass		........................................
11416	01	sharedreward	1	bids/sub-11416/ses-01/func/sub-11416_ses-01_task-sharedreward_run-1_events.tsv	de03631aaa50c5a5fc8197051758f49500c66966b69cd2648b57c05baf5916e6	54	54	true	0	0	1			0		0				54	0	0	1	false	false	false	pass		......................................................
11416	01	socialdoors	1	bids/sub-11416/ses-01/func/sub-11416_ses-01_task-socialdoors_run-1_events.tsv	63c81dfa4e4ee4c4b32f1c0dbcee459da6a02c19a76d7a512b63e99d4fe1408a	40	40	true	0	0	1			0		0				40	0	0	1	false	false	false	pass		........................................
11416	01	trust	1	bids/sub-11416/ses-01/func/sub-11416_ses-01_task-trust_run-1_events.tsv	c907ae6e86e2cca011b944d524a876b89538e63445023df3e06607709d40c01c	42	42	true	1	0.02381	0.97619	7	7	1	7	0				42	1	0.02381	1	false	false	false	pass		......M...................................
11416	01	ugr	1	bids/sub-11416/ses-01/func/sub-11416_ses-01_task-ugr_run-1_events.tsv	a613c9d3b48bba050eb18c0a061d5c33b9208c63f7c9455a80ab855751dddd10	48	48	true	1	0.020833	0.979167	37	37	1	37	0				48	1	0.020833	1	false	false	false	pass		....................................M...........
11416	01	ugr	2	bids/sub-11416/ses-01/func/sub-11416_ses-01_task-ugr_run-2_events.tsv	634642cd191b0ff266dd10dcb5d2e5bbcb734c48d059faf3b870c366b3ca56ed	48	48	true	2	0.041667	0.958333	36	37	2	36	0				48	2	0.041667	1	false	false	false	pass		...................................MM...........
11426	01	doors	1	bids/sub-11426/ses-01/func/sub-11426_ses-01_task-doors_run-1_events.tsv	481d92a27df16b0d718b588bf5d39873555aa27ddff87aa2189fdb1773585cae	40	40	true	0	0	1			0		0				40	0	0	1	false	false	false	pass		........................................
11426	01	sharedreward	1	bids/sub-11426/ses-01/func/sub-11426_ses-01_task-sharedreward_run-1_events.tsv	776db2833035350efe575f4ab3c4e8cfdc8e89389ab81ebf32a3d05e07314cac	54	54	true	1	0.018519	0.981481	5	5	1	5	0				54	1	0.018519	1	false	false	false	pass		....M.................................................
11426	01	socialdoors	1	bids/sub-11426/ses-01/func/sub-11426_ses-01_task-socialdoors_run-1_events.tsv	7adece4c7be11cf66885c1ada1b6483946b0a896444dc0275609026031693741	40	40	true	0	0	1			0		0				40	0	0	1	false	false	false	pass		........................................
11426	01	trust	1	bids/sub-11426/ses-01/func/sub-11426_ses-01_task-trust_run-1_events.tsv	d14aea58b8c3183a1c54e4f4af9e220ae61133b288511037286696ca7ab7cb10	42	42	true	0	0	1			0		0				42	0	0	1	false	false	false	pass		..........................................
11426	01	ugr	1	bids/sub-11426/ses-01/func/sub-11426_ses-01_task-ugr_run-1_events.tsv	20328f8f1fb464f7ada039e41ca1fc19d88e8fdd3c8724481b24b55b348ca4c0	48	48	true	0	0	1			0		0				48	0	0	1	false	false	false	pass		................................................
11430	01	doors	1	bids/sub-11430/ses-01/func/sub-11430_ses-01_task-doors_run-1_events.tsv	c9b7364a106f81717b4cb99623a9adbb624307160ec0ead65a90eb04d1cfe74d	40	40	true	0	0	1			0		0				40	0	0	1	false	false	false	pass		........................................
11430	01	sharedreward	1	bids/sub-11430/ses-01/func/sub-11430_ses-01_task-sharedreward_run-1_events.tsv	cdaddcd1c682586bf86190a10de5853864a1b6f7b11c966d00f906f1ad905ef3	54	54	true	1	0.018519	0.981481	49	49	1	49	0				54	1	0.018519	1	false	false	false	pass		................................................M.....
11430	01	socialdoors	1	bids/sub-11430/ses-01/func/sub-11430_ses-01_task-socialdoors_run-1_events.tsv	5f5b2d031b665e7f203f94d7d2dca4f0ae2d9c1b7c25eca5c93f55033f5bb96c	40	40	true	0	0	1			0		0				40	0	0	1	false	false	false	pass		........................................
11430	01	trust	1	bids/sub-11430/ses-01/func/sub-11430_ses-01_task-trust_run-1_events.tsv	3850c9b9ebad29ac253656f43dbf57b3e641dc24afb071e84e1e25db4ebf15cd	42	42	true	0	0	1			0		0				42	0	0	1	false	false	false	pass		..........................................
11430	01	trust	2	bids/sub-11430/ses-01/func/sub-11430_ses-01_task-trust_run-2_events.tsv	f138861dd58c47f39a8991584923c8d3f3fac3f46b95c300ebd485897b59a39f	42	42	true	0	0	1			0		0				42	0	0	1	false	false	false	pass		..........................................
11430	01	ugr	1	bids/sub-11430/ses-01/func/sub-11430_ses-01_task-ugr_run-1_events.tsv	b8982e3085d8cb7be0693a6341110cb170035333735071c93484c41ebad220cf	48	48	true	1	0.020833	0.979167	33	33	1	33	0				48	1	0.020833	1	false	false	false	pass		................................M...............
11432	01	doors	1	bids/sub-11432/ses-01/func/sub-11432_ses-01_task-doors_run-1_events.tsv	ac943451149c2c164542bf3290d84e19c104bad6747edf61cc52bd8f0afc2e36	40	40	true	0	0	1			0		0				40	0	0	1	false	false	false	pass		........................................
11432	01	sharedreward	1	bids/sub-11432/ses-01/func/sub-11432_ses-01_task-sharedreward_run-1_events.tsv	bc45b25abd6bed708dc67d523025c2b0c683f5214f9ffc8204ed0360ef6b8c7f	54	54	true	0	0	1			0		0				54	0	0	1	false	false	false	pass		......................................................
11432	01	sharedreward	2	bids/sub-11432/ses-01/func/sub-11432_ses-01_task-sharedreward_run-2_events.tsv	948dbff5f8fdeae9ad964ac4dfe070275ae0adbcf309d06ea529c6d1c541441c	54	54	true	0	0	1			0		0				54	0	0	1	false	false	false	pass		......................................................
11432	01	socialdoors	1	bids/sub-11432/ses-01/func/sub-11432_ses-01_task-socialdoors_run-1_events.tsv	ae4c300314931fb75acf71fc3f5283ba2e58e8119c70aa58e779f28018ef2bc0	40	40	true	0	0	1			0		0				40	0	0	1	false	false	false	pass		........................................
11432	01	trust	1	bids/sub-11432/ses-01/func/sub-11432_ses-01_task-trust_run-1_events.tsv	fa228d5e6d338b094e50c9a8be5d06b8e61e947eda84843854ee406d8b285716	42	42	true	0	0	1			0		0				42	0	0	1	false	false	false	pass		..........................................
11432	01	ugr	1	bids/sub-11432/ses-01/func/sub-11432_ses-01_task-ugr_run-1_events.tsv	b7efa849b427738f33a837aeeeb970ca93db01dcc13a029d306e3d1bac30ec0c	48	48	true	0	0	1			0		0				48	0	0	1	false	false	false	pass		................................................
11432	01	ugr	2	bids/sub-11432/ses-01/func/sub-11432_ses-01_task-ugr_run-2_events.tsv	e2dbcef2110e600095be5a45387bcffdbe959d351dc9aafcd1a1301cf43270a9	48	48	true	0	0	1			0		0				48	0	0	1	false	false	false	pass		................................................
11433	01	doors	1	bids/sub-11433/ses-01/func/sub-11433_ses-01_task-doors_run-1_events.tsv	64b58e2988e6e358646ee490a1e95ce45f45d60c4141410fd34f2c7386b34b13	40	40	true	0	0	1			0		0				40	0	0	1	false	false	false	pass		........................................
11433	01	sharedreward	1	bids/sub-11433/ses-01/func/sub-11433_ses-01_task-sharedreward_run-1_events.tsv	0eb7600475c6f832e50714c682e19c6e51f22e1504659cbfb25909aa860d1d08	54	54	true	1	0.018519	0.981481	28	28	1	28	0				54	1	0.018519	1	false	false	false	pass		...........................M..........................
11433	01	sharedreward	2	bids/sub-11433/ses-01/func/sub-11433_ses-01_task-sharedreward_run-2_events.tsv	115a31a36633dd89bea8e6398a10d26b3258274dd0a75df84a3a7594209fa69c	54	54	true	0	0	1			0		0				54	0	0	1	false	false	false	pass		......................................................
11433	01	socialdoors	1	bids/sub-11433/ses-01/func/sub-11433_ses-01_task-socialdoors_run-1_events.tsv	9286dc07d202e3d86ba18dbd357805e7b8f627e8ba4feaca840b553150b9ac12	40	40	true	0	0	1			0		0				40	0	0	1	false	false	false	pass		........................................
11433	01	trust	1	bids/sub-11433/ses-01/func/sub-11433_ses-01_task-trust_run-1_events.tsv	45b06cb732bd1373dedf083c0db046a46e373768f60d023d0222c412649b3c0e	42	42	true	0	0	1			0		0				42	0	0	1	false	false	false	pass		..........................................
11433	01	trust	2	bids/sub-11433/ses-01/func/sub-11433_ses-01_task-trust_run-2_events.tsv	b2318096db590ffc9cd7f9c54c792d015b701355052bde5f33472909b35de138	42	42	true	0	0	1			0		0				42	0	0	1	false	false	false	pass		..........................................
11433	01	ugr	1	bids/sub-11433/ses-01/func/sub-11433_ses-01_task-ugr_run-1_events.tsv	65caaa03047b2cb4fd8647c0d2f2b7b3e4f5c475a7d66030d9caaa327e2b72ad	48	48	true	0	0	1			0		0				48	0	0	1	false	false	false	pass		................................................
11433	01	ugr	2	bids/sub-11433/ses-01/func/sub-11433_ses-01_task-ugr_run-2_events.tsv	7c7803999d470fea3f80eeafe683438de623d2fa852c68fdbb5b3edd2a0d91bd	48	48	true	0	0	1			0		0				48	0	0	1	false	false	false	pass		................................................
11435	01	doors	1	bids/sub-11435/ses-01/func/sub-11435_ses-01_task-doors_run-1_events.tsv	be3e2cbb4d128436012712a8296445338f72935ef9049ed8c9e1ae0d2dc79a03	40	40	true	1	0.025	0.975	26	26	1	26	0				40	1	0.025	1	false	false	false	pass		.........................M..............
11435	01	sharedreward	1	bids/sub-11435/ses-01/func/sub-11435_ses-01_task-sharedreward_run-1_events.tsv	caa559708ef71b175fd4534097b5d5d054c55b7df19a5183782f00571eb1441f	54	54	true	1	0.018519	0.981481	29	29	1	29	0				54	1	0.018519	1	false	false	false	pass		............................M.........................
11435	01	sharedreward	2	bids/sub-11435/ses-01/func/sub-11435_ses-01_task-sharedreward_run-2_events.tsv	3475fb97772645c58dce04eb677c94685d94c0d432ad9ac3731c6d076829a503	54	54	true	0	0	1			0		0				54	0	0	1	false	false	false	pass		......................................................
11435	01	socialdoors	1	bids/sub-11435/ses-01/func/sub-11435_ses-01_task-socialdoors_run-1_events.tsv	dccf324a94fa9d10faa65ab964f4860e9523153bb7d9adbad01d240f0709f7fc	40	40	true	0	0	1			0		0				40	0	0	1	false	false	false	pass		........................................
11435	01	trust	1	bids/sub-11435/ses-01/func/sub-11435_ses-01_task-trust_run-1_events.tsv	e1b8c62311daf17b4ee364c1c9334bf8aa038af4a49e8c96960af8d36103fb27	42	42	true	0	0	1			0		0				42	0	0	1	false	false	false	pass		..........................................
11435	01	trust	2	bids/sub-11435/ses-01/func/sub-11435_ses-01_task-trust_run-2_events.tsv	cc4faaf4611e5432b7c057aa64c038b33c4a2a69a0ff08e81c09fdd1c7c21699	42	42	true	1	0.02381	0.97619	1	1	1	1	0				42	1	0.02381	1	false	false	false	pass		M.........................................
11435	01	ugr	1	bids/sub-11435/ses-01/func/sub-11435_ses-01_task-ugr_run-1_events.tsv	506da069db202f14dde68c89c613f9c61377c22b3f5450218f9e0002e46c4c11	48	48	true	0	0	1			0		0				48	0	0	1	false	false	false	pass		................................................
11435	01	ugr	2	bids/sub-11435/ses-01/func/sub-11435_ses-01_task-ugr_run-2_events.tsv	5cf9fc4cb2c336ca2673ec064b42f513ba651cc62dbe7cfb65beb586868483d5	48	48	true	0	0	1			0		0				48	0	0	1	false	false	false	pass		................................................
11439	01	doors	1	bids/sub-11439/ses-01/func/sub-11439_ses-01_task-doors_run-1_events.tsv	f99b44ede2b80cd713b3d924542d752b61c9aef4d6027224edaf312050e9dc76	40	40	true	0	0	1			0		0				40	0	0	1	false	false	false	pass		........................................
11439	01	sharedreward	1	bids/sub-11439/ses-01/func/sub-11439_ses-01_task-sharedreward_run-1_events.tsv	ee3de139328c0c7156bc161f85f93ccb2e396f00654b5623114e9acbc5833092	54	54	true	0	0	1			0		0				54	0	0	1	false	false	false	pass		......................................................
11439	01	socialdoors	1	bids/sub-11439/ses-01/func/sub-11439_ses-01_task-socialdoors_run-1_events.tsv	788c7c83370a1c34ede5962ac63f09989562f77d898800ae6517bbbaae993733	40	40	true	0	0	1			0		0				40	0	0	1	false	false	false	pass		........................................
11439	01	trust	1	bids/sub-11439/ses-01/func/sub-11439_ses-01_task-trust_run-1_events.tsv	c404d6842716aee45ebae94e9da73f40780e68cef435a7ebca8dbf6808c27135	42	42	true	0	0	1			0		0				42	0	0	1	false	false	false	pass		..........................................
11439	01	trust	2	bids/sub-11439/ses-01/func/sub-11439_ses-01_task-trust_run-2_events.tsv	02bb120b16946eedb402193f4ac61cd019d65e39bf00fe27df275d8c8e09e419	42	42	true	1	0.02381	0.97619	21	21	1	21	0				42	1	0.02381	1	false	false	false	pass		....................M.....................
11439	01	ugr	1	bids/sub-11439/ses-01/func/sub-11439_ses-01_task-ugr_run-1_events.tsv	d27a830906dfcdfcc861d0909cd17687fc2be16b32951892f90b5bdf7efb12be	48	48	true	0	0	1			0		0				48	0	0	1	false	false	false	pass		................................................
11440	01	doors	1	bids/sub-11440/ses-01/func/sub-11440_ses-01_task-doors_run-1_events.tsv	ea04143e95da1a68a2394b84f779d6195b3049cd5d5595473e87a84b6211315e	40	40	true	0	0	1			0		0				40	0	0	1	false	false	false	pass		........................................
11440	01	sharedreward	1	bids/sub-11440/ses-01/func/sub-11440_ses-01_task-sharedreward_run-1_events.tsv	ccaeb81588c0ba03f9d905a885b3878596d961b5fe8d829142e30024590fb58c	54	54	true	4	0.074074	0.925926	3	49	1	3	0				54	4	0.074074	1	false	false	false	pass		..M.M.....M.....................................M.....
11440	01	sharedreward	2	bids/sub-11440/ses-01/func/sub-11440_ses-01_task-sharedreward_run-2_events.tsv	0917c229b2f0fe77454dd355529cf131f12ab880c5ae82a0a24635bd36a93cc0	54	54	true	0	0	1			0		0				54	0	0	1	false	false	false	pass		......................................................
11440	01	socialdoors	1	bids/sub-11440/ses-01/func/sub-11440_ses-01_task-socialdoors_run-1_events.tsv	448b7db4f3d1d7be04be9a7209fcd8dde88d20a5539c7e3e63bbab22ab6bffff	40	40	true	0	0	1			0		0				40	0	0	1	false	false	false	pass		........................................
11440	01	trust	1	bids/sub-11440/ses-01/func/sub-11440_ses-01_task-trust_run-1_events.tsv	eb396c2a60719f2be9a35ea1a6542daa8d25113b9a30a746b630465ab58f59ba	42	42	true	0	0	1			0		0				42	0	0	1	false	false	false	pass		..........................................
11440	01	trust	2	bids/sub-11440/ses-01/func/sub-11440_ses-01_task-trust_run-2_events.tsv	bc5b7a3e2e589804d504d0f02bf8565e5157190cd8875b38535ec4ebcbeae158	42	42	true	0	0	1			0		0				42	0	0	1	false	false	false	pass		..........................................
11440	01	ugr	1	bids/sub-11440/ses-01/func/sub-11440_ses-01_task-ugr_run-1_events.tsv	8ed29b44ca34b3dc68383a6e43d5ae4af6440a3d859bde005942848fb957d449	48	48	true	0	0	1			0		0				48	0	0	1	false	false	false	pass		................................................
11440	01	ugr	2	bids/sub-11440/ses-01/func/sub-11440_ses-01_task-ugr_run-2_events.tsv	b9930b80278a3c200358fce619b6e0ca9db663c6d86da94530cfb81866c26abc	48	48	true	0	0	1			0		0				48	0	0	1	false	false	false	pass		................................................
11443	01	sharedreward	1	bids/sub-11443/ses-01/func/sub-11443_ses-01_task-sharedreward_run-1_events.tsv	b4a94fcef28a7370bbfd416faafca698ade218d7215e599e233d3c0dd0fa0d40	54	54	true	0	0	1			0		0				54	0	0	1	false	false	false	pass		......................................................
11443	01	trust	1	bids/sub-11443/ses-01/func/sub-11443_ses-01_task-trust_run-1_events.tsv	15cee247cde0ba9d35f0198fe52ace777e2819a252cd19da7218b72328a6a96d	42	42	true	1	0.02381	0.97619	6	6	1	6	0				42	1	0.02381	1	false	false	false	pass		.....M....................................
11443	01	trust	2	bids/sub-11443/ses-01/func/sub-11443_ses-01_task-trust_run-2_events.tsv	268ebdaec120b9778e6c3c18142b03df6d5f14c7a4fe07e211df8212afa73e20	42	42	true	0	0	1			0		0				42	0	0	1	false	false	false	pass		..........................................
11443	01	ugr	1	bids/sub-11443/ses-01/func/sub-11443_ses-01_task-ugr_run-1_events.tsv	8731310f3ee7c10ef127e273a83be48fa39e8c55e69547ba797cf1f542cd5bec	48	48	true	0	0	1			0		0				48	0	0	1	false	false	false	pass		................................................
11450	01	doors	1	bids/sub-11450/ses-01/func/sub-11450_ses-01_task-doors_run-1_events.tsv	494572ac6998fbe1157fbf8b80a55c91a9c92490555f8d149d1616088811aa78	40	40	true	0	0	1			0		0				40	0	0	1	false	false	false	pass		........................................
11450	01	sharedreward	1	bids/sub-11450/ses-01/func/sub-11450_ses-01_task-sharedreward_run-1_events.tsv	f3a4dfd2e8738d2804e710f4e847a268a9d4e665da9249cef4a69ae09c32276a	54	54	true	0	0	1			0		0				54	0	0	1	false	false	false	pass		......................................................
11450	01	socialdoors	1	bids/sub-11450/ses-01/func/sub-11450_ses-01_task-socialdoors_run-1_events.tsv	b452613fc0b9d0175240e98775434d0e0f84bd90c919c59affd6e8e31677fc54	40	40	true	0	0	1			0		0				40	0	0	1	false	false	false	pass		........................................
11450	01	ugr	1	bids/sub-11450/ses-01/func/sub-11450_ses-01_task-ugr_run-1_events.tsv	0c78fea801df8913103884af682ea305554ccd22d953979fb3506c344eb1213f	48	48	true	0	0	1			0		0				48	0	0	1	false	false	false	pass		................................................
11450	01	ugr	2	bids/sub-11450/ses-01/func/sub-11450_ses-01_task-ugr_run-2_events.tsv	ec5ce86b9d098640281591d9700d28b2323fe75cf0959d36f0a2147fa37d3998	48	48	true	1	0.020833	0.979167	46	46	1	46	0				48	1	0.020833	1	false	false	false	pass		.............................................M..
11451	01	doors	1	bids/sub-11451/ses-01/func/sub-11451_ses-01_task-doors_run-1_events.tsv	49b1a2d4de7a2ba0a8a67a72d7496f17a284c609a0aafa81aadac51d0785cda5	40	40	true	0	0	1			0		0				40	0	0	1	false	false	false	pass		........................................
11451	01	sharedreward	1	bids/sub-11451/ses-01/func/sub-11451_ses-01_task-sharedreward_run-1_events.tsv	6db7d43f49b60a8f46e688911abd0d7d7a0cfe5ba0ab46623dcb8d12f04aa08e	54	54	true	1	0.018519	0.981481	1	1	1	1	0				54	1	0.018519	1	false	false	false	pass		M.....................................................
11451	01	sharedreward	2	bids/sub-11451/ses-01/func/sub-11451_ses-01_task-sharedreward_run-2_events.tsv	f39c7e1f9cdd5fe68dfdb89b3d299f9d0c70d4f0392eb5dfd99b6008f2833df0	54	54	true	0	0	1			0		0				54	0	0	1	false	false	false	pass		......................................................
11451	01	socialdoors	1	bids/sub-11451/ses-01/func/sub-11451_ses-01_task-socialdoors_run-1_events.tsv	00edae2a033d4be0cb7943f460491cb106363b375a62ade3da4b211856a6c3a4	40	40	true	0	0	1			0		0				40	0	0	1	false	false	false	pass		........................................
11451	01	trust	1	bids/sub-11451/ses-01/func/sub-11451_ses-01_task-trust_run-1_events.tsv	c83cc81e913381c85d7b72df2ac3c3fc2f07464d916f990c5586e3a0239e7e69	42	42	true	1	0.02381	0.97619	15	15	1	15	0				42	1	0.02381	1	false	false	false	pass		..............M...........................
11451	01	trust	2	bids/sub-11451/ses-01/func/sub-11451_ses-01_task-trust_run-2_events.tsv	812b4214c70179570c9e4c3f51d91064728fe97a3a0cd8973bf65b3407997b6c	42	42	true	1	0.02381	0.97619	16	16	1	16	0				42	1	0.02381	1	false	false	false	pass		...............M..........................
11451	01	ugr	1	bids/sub-11451/ses-01/func/sub-11451_ses-01_task-ugr_run-1_events.tsv	519ceae9529c1aaf09f07886632a3e84ddcd65c54621cbf2e425959afce24d36	48	48	true	0	0	1			0		0				48	0	0	1	false	false	false	pass		................................................
11451	01	ugr	2	bids/sub-11451/ses-01/func/sub-11451_ses-01_task-ugr_run-2_events.tsv	b886fbb199331e2f649a2c6b21b81f9821df5b6a0365f6c841be6ff5b9d59c45	48	48	true	0	0	1			0		0				48	0	0	1	false	false	false	pass		................................................
11461	01	doors	1	bids/sub-11461/ses-01/func/sub-11461_ses-01_task-doors_run-1_events.tsv	792020c429dd899614e9a9d682df98179734e68c5029554d7588b1329bbfc37d	40	40	true	0	0	1			0		0				40	0	0	1	false	false	false	pass		........................................
11461	01	sharedreward	1	bids/sub-11461/ses-01/func/sub-11461_ses-01_task-sharedreward_run-1_events.tsv	795e7f4de0d668391f32f18d4b5ae864fe40ec2c084f4df65068c6ddc8c65281	54	54	true	1	0.018519	0.981481	8	8	1	8	0				54	1	0.018519	1	false	false	false	pass		.......M..............................................
11461	01	sharedreward	2	bids/sub-11461/ses-01/func/sub-11461_ses-01_task-sharedreward_run-2_events.tsv	55c1afd28fdc7b80a4463ec487183c2f1382ece0aaecf0ba0644c1c60c323d02	54	54	true	0	0	1			0		0				54	0	0	1	false	false	false	pass		......................................................
11461	01	socialdoors	1	bids/sub-11461/ses-01/func/sub-11461_ses-01_task-socialdoors_run-1_events.tsv	3faa8bb9e7958beabf7742ce4ba91a8811cd8c9a77cba3c0ecd1583e4295d45c	40	40	true	0	0	1			0		0				40	0	0	1	false	false	false	pass		........................................
11461	01	trust	1	bids/sub-11461/ses-01/func/sub-11461_ses-01_task-trust_run-1_events.tsv	e590ab21db9beeea32b74af57dc682f1eeef7a6e72abe0d3dc2d519b91a7d5ff	42	42	true	2	0.047619	0.952381	1	13	1	1	0				42	2	0.047619	1	false	false	false	pass		M...........M.............................
11461	01	trust	2	bids/sub-11461/ses-01/func/sub-11461_ses-01_task-trust_run-2_events.tsv	9721055fdaea48dbfc722c5170444400ff696d474245e7f88cc277ec068684b5	42	42	true	1	0.02381	0.97619	8	8	1	8	0				42	1	0.02381	1	false	false	false	pass		.......M..................................
11461	01	ugr	1	bids/sub-11461/ses-01/func/sub-11461_ses-01_task-ugr_run-1_events.tsv	1f11d9701b4dc9d55a9e40ada11092cd1779d59be4208163d4ee14f1f936d33e	48	48	true	0	0	1			0		0				48	0	0	1	false	false	false	pass		................................................
11461	01	ugr	2	bids/sub-11461/ses-01/func/sub-11461_ses-01_task-ugr_run-2_events.tsv	be2fc66f14d311a086fdc357b447b2f99d39b9bc863d95184513ab0c735678c0	48	48	true	2	0.041667	0.958333	18	27	1	18	0				48	2	0.041667	1	false	false	false	pass		.................M........M.....................
11462	01	doors	1	bids/sub-11462/ses-01/func/sub-11462_ses-01_task-doors_run-1_events.tsv	90effc277b8af25e924309a8d75d4ab576459a807954634ce1dea0d93b1ce033	40	40	true	0	0	1			0		0				40	0	0	1	false	false	false	pass		........................................
11462	01	sharedreward	1	bids/sub-11462/ses-01/func/sub-11462_ses-01_task-sharedreward_run-1_events.tsv	8806665f3b16dcb10be1c5a302614028810fa5161a119653c6c716eef641aa90	54	54	true	0	0	1			0		0				54	0	0	1	false	false	false	pass		......................................................
11462	01	socialdoors	1	bids/sub-11462/ses-01/func/sub-11462_ses-01_task-socialdoors_run-1_events.tsv	4004cd4a5cb4aafe67c58b4e4d4382ac6bb2fad944c1a0ffb0abee0d5d43f1ec	40	40	true	0	0	1			0		0				40	0	0	1	false	false	false	pass		........................................
11462	01	trust	1	bids/sub-11462/ses-01/func/sub-11462_ses-01_task-trust_run-1_events.tsv	146dfed8822c8080f0dc5c820e40b0e4e271be90b7f06f1303e4db5df0cb12d6	42	42	true	2	0.047619	0.952381	14	21	1	14	0				42	2	0.047619	1	false	false	false	pass		.............M......M.....................
11462	01	ugr	1	bids/sub-11462/ses-01/func/sub-11462_ses-01_task-ugr_run-1_events.tsv	a99660c5d22525b525051f69fb683f5359501a374e4b5dfe3ab1307021b05922	48	48	true	1	0.020833	0.979167	40	40	1	40	0				48	1	0.020833	1	false	false	false	pass		.......................................M........
11472	01	doors	1	bids/sub-11472/ses-01/func/sub-11472_ses-01_task-doors_run-1_events.tsv	c16a6bc37e06a88c16093dfb0b1a1e710d258f39669b9fbc751d86ec080cf3cf	40	40	true	0	0	1			0		0				40	0	0	1	false	false	false	pass		........................................
11472	01	sharedreward	1	bids/sub-11472/ses-01/func/sub-11472_ses-01_task-sharedreward_run-1_events.tsv	4924112a6a714624cf5a84e09991f272be498313fd4215667c8ee2b292142983	54	54	true	6	0.111111	0.888889	1	6	6	1	0				54	6	0.111111	1	false	false	false	pass		MMMMMM................................................
11472	01	sharedreward	2	bids/sub-11472/ses-01/func/sub-11472_ses-01_task-sharedreward_run-2_events.tsv	dd2742501aec663647da08475ddb0fcf8093d1b2fbef74d2b92298551ea3f0c6	54	54	true	5	0.092593	0.907407	20	52	1	20	0				54	5	0.092593	1	false	false	false	pass		...................M..M.M...................M......M..
11472	01	socialdoors	1	bids/sub-11472/ses-01/func/sub-11472_ses-01_task-socialdoors_run-1_events.tsv	9d5fe494c06800146ae7864f0f6f47a5672c38d793da8d6cd3062cfa814b3ebe	40	40	true	0	0	1			0		0				40	0	0	1	false	false	false	pass		........................................
11472	01	trust	1	bids/sub-11472/ses-01/func/sub-11472_ses-01_task-trust_run-1_events.tsv	aafb27953529392a0b6c7463780cffc78f31addb4501c4209e0ee7d739e52dfb	42	42	true	0	0	1			0		0				42	0	0	1	false	false	false	pass		..........................................
11472	01	trust	2	bids/sub-11472/ses-01/func/sub-11472_ses-01_task-trust_run-2_events.tsv	718fe3f86352ece5fdb4b9b80603bc69832399e234cd7a4e94da475890b6e41b	42	42	true	0	0	1			0		0				42	0	0	1	false	false	false	pass		..........................................
11472	01	ugr	1	bids/sub-11472/ses-01/func/sub-11472_ses-01_task-ugr_run-1_events.tsv	394e0a2c6e548e92e4abd982d4b8b3320ea801c9745f50774c118e87ef78208a	48	48	true	0	0	1			0		0				48	0	0	1	false	false	false	pass		................................................
11472	01	ugr	2	bids/sub-11472/ses-01/func/sub-11472_ses-01_task-ugr_run-2_events.tsv	9111f729ee28a4e6ca446ac427b343ba04272cd95af4f8cfa7b2582f1ed9f841	48	48	true	2	0.041667	0.958333	1	2	2	1	0				48	2	0.041667	1	false	false	false	pass		MM..............................................
11492	01	doors	1	bids/sub-11492/ses-01/func/sub-11492_ses-01_task-doors_run-1_events.tsv	fd8480094808c1b0619ecb33bb0c8e2f079ed536dbb19276cc69e9b6a72f2895	40	40	true	1	0.025	0.975	1	1	1	1	0				40	1	0.025	1	false	false	false	pass		M.......................................
11492	01	sharedreward	1	bids/sub-11492/ses-01/func/sub-11492_ses-01_task-sharedreward_run-1_events.tsv	7b5f681239c8a28fc20e99b71c345f2637a5baa09513b419987b4b97827ed3e5	54	54	true	1	0.018519	0.981481	49	49	1	49	0				54	1	0.018519	1	false	false	false	pass		................................................M.....
11492	01	sharedreward	2	bids/sub-11492/ses-01/func/sub-11492_ses-01_task-sharedreward_run-2_events.tsv	596609638b1f907cb6565f9492149e8d27bb48c2ee16b37282ba4b771014d417	54	54	true	1	0.018519	0.981481	34	34	1	34	0				54	1	0.018519	1	false	false	false	pass		.................................M....................
11492	01	socialdoors	1	bids/sub-11492/ses-01/func/sub-11492_ses-01_task-socialdoors_run-1_events.tsv	d450c672b2b34b6ea07372c7f4634580268b8f581fd539a2878c53e70f190d7b	40	40	true	0	0	1			0		0				40	0	0	1	false	false	false	pass		........................................
11492	01	trust	1	bids/sub-11492/ses-01/func/sub-11492_ses-01_task-trust_run-1_events.tsv	0b4d9b95a20cae76da57d62fe80235b8b2b736fefe7fb8e3ffd2c33c95748313	42	42	true	0	0	1			0		0				42	0	0	1	false	false	false	pass		..........................................
11492	01	trust	2	bids/sub-11492/ses-01/func/sub-11492_ses-01_task-trust_run-2_events.tsv	0967048cae5d4ec109d5ff4f63f69ceb665ab458db574cafe3f7aa86e5bd1ecb	42	42	true	2	0.047619	0.952381	1	2	2	1	0				42	2	0.047619	1	false	false	false	pass		MM........................................
11492	01	ugr	1	bids/sub-11492/ses-01/func/sub-11492_ses-01_task-ugr_run-1_events.tsv	5ecb180478ce72da0b5bf5433b2b8199e7fe3ca5764dc60de018e65e71d75b39	48	48	true	0	0	1			0		0				48	0	0	1	false	false	false	pass		................................................
11492	01	ugr	2	bids/sub-11492/ses-01/func/sub-11492_ses-01_task-ugr_run-2_events.tsv	610ca2702f9bbed62e328ec45d9fd4d9dde9950755c242d0281c60c110d1a4a1	48	48	true	0	0	1			0		0				48	0	0	1	false	false	false	pass		................................................
11493	01	doors	1	bids/sub-11493/ses-01/func/sub-11493_ses-01_task-doors_run-1_events.tsv	5431f6e570a6f59bc0167338e27e2f0d6c2d5b4482c93ab229efdbac1e6b2c92	40	40	true	0	0	1			0		0				40	0	0	1	false	false	false	pass		........................................
11493	01	sharedreward	1	bids/sub-11493/ses-01/func/sub-11493_ses-01_task-sharedreward_run-1_events.tsv	68a4c32f70eb865d2a8350de2ee5384d6fd0ae5822031fd8033bccc165f64a5c	54	54	true	1	0.018519	0.981481	1	1	1	1	0				54	1	0.018519	1	false	false	false	pass		M.....................................................
11493	01	sharedreward	2	bids/sub-11493/ses-01/func/sub-11493_ses-01_task-sharedreward_run-2_events.tsv	336f48c671c01da1bc38d23ba8ac27d46610d6d129bf2183e522ef6cdbaadce5	54	54	true	0	0	1			0		0				54	0	0	1	false	false	false	pass		......................................................
11493	01	socialdoors	1	bids/sub-11493/ses-01/func/sub-11493_ses-01_task-socialdoors_run-1_events.tsv	3acb38d79466312b444e824dd4929e58e238f9c7f8e9de4c88d981b58f077542	40	40	true	1	0.025	0.975	4	4	1	4	0				40	1	0.025	1	false	false	false	pass		...M....................................
11493	01	trust	1	bids/sub-11493/ses-01/func/sub-11493_ses-01_task-trust_run-1_events.tsv	590755c2c681eb0705e1b18112f1ec19e8e732be72c8e2580dcef4dd0ac450d5	42	42	true	2	0.047619	0.952381	13	41	1	13	0				42	2	0.047619	1	false	false	false	pass		............M...........................M.
11493	01	trust	2	bids/sub-11493/ses-01/func/sub-11493_ses-01_task-trust_run-2_events.tsv	4e3ccb128598ea76ba639fe05afa90cd3d944e673536efb0a26d3bbecac6b8dc	42	42	true	0	0	1			0		0				42	0	0	1	false	false	false	pass		..........................................
11493	01	ugr	1	bids/sub-11493/ses-01/func/sub-11493_ses-01_task-ugr_run-1_events.tsv	66a23c14d69b418cd33e7082315a873922d5fac7041a57398d68b2ac3014244d	48	48	true	0	0	1			0		0				48	0	0	1	false	false	false	pass		................................................
11493	01	ugr	2	bids/sub-11493/ses-01/func/sub-11493_ses-01_task-ugr_run-2_events.tsv	30904745746b1baa4d5125eb377534238235a263f1be2c1bb0d90853e0d9202e	48	48	true	0	0	1			0		0				48	0	0	1	false	false	false	pass		................................................
11498	01	doors	1	bids/sub-11498/ses-01/func/sub-11498_ses-01_task-doors_run-1_events.tsv	ca5b85cdd22ae52b67e01c5f119dabc7d6baf2fcc9236400d695d9df3bf5c1b0	40	40	true	0	0	1			0		0				40	0	0	1	false	false	false	pass		........................................
11498	01	sharedreward	1	bids/sub-11498/ses-01/func/sub-11498_ses-01_task-sharedreward_run-1_events.tsv	b34f9878d57cb2b26b2af3217b079e8bfe0e51c06e1aed279fb9869047accd5b	54	54	true	1	0.018519	0.981481	41	41	1	41	0				54	1	0.018519	1	false	false	false	pass		........................................M.............
11498	01	socialdoors	1	bids/sub-11498/ses-01/func/sub-11498_ses-01_task-socialdoors_run-1_events.tsv	f82584cb3f7c7ca50769a30da982850f5010eb73e247845dca5d71343617ec03	40	40	true	0	0	1			0		0				40	0	0	1	false	false	false	pass		........................................
11498	01	trust	1	bids/sub-11498/ses-01/func/sub-11498_ses-01_task-trust_run-1_events.tsv	a2715bd522fec2520f5a94a10d0074c986e7f6c38fbadaf5f836bb6144ce1475	42	42	true	0	0	1			0		0				42	0	0	1	false	false	false	pass		..........................................
11498	01	ugr	1	bids/sub-11498/ses-01/func/sub-11498_ses-01_task-ugr_run-1_events.tsv	1bac573992de5eb7c54a26490b62807692a87bdd2ba8982848700174c359fca3	48	48	true	0	0	1			0		0				48	0	0	1	false	false	false	pass		................................................
11517	01	doors	1	bids/sub-11517/ses-01/func/sub-11517_ses-01_task-doors_run-1_events.tsv	bd7d3de517da848c61f90b45508c919deaf5c0990facf7678748176df5d2ab9c	40	40	true	0	0	1			0		0				40	0	0	1	false	false	false	pass		........................................
11517	01	sharedreward	1	bids/sub-11517/ses-01/func/sub-11517_ses-01_task-sharedreward_run-1_events.tsv	e6a5664f1d9433a16110e83a79ffa9186d406e2f85150ac8f1c6af74d93c35f9	54	54	true	2	0.037037	0.962963	1	40	1	1	0				54	2	0.037037	1	false	false	false	pass		M......................................M..............
11517	01	sharedreward	2	bids/sub-11517/ses-01/func/sub-11517_ses-01_task-sharedreward_run-2_events.tsv	8ed9559912667cb6bd33c8f4868c6810d4580309256f7fa6679fc52b96c03071	54	54	true	10	0.185185	0.814815	22	53	4	36	0				54	10	0.185185	1	false	false	false	pass		.....................M........MM...MMMM.......M....MM.
11517	01	socialdoors	1	bids/sub-11517/ses-01/func/sub-11517_ses-01_task-socialdoors_run-1_events.tsv	7c1773565c256ed168d8aacdd26d43bbdb2f1252cf2c9f24de9c23ce97783876	40	40	true	1	0.025	0.975	36	36	1	36	0				40	1	0.025	1	false	false	false	pass		...................................M....
11517	01	trust	1	bids/sub-11517/ses-01/func/sub-11517_ses-01_task-trust_run-1_events.tsv	211b10aaa6f481a08d607323fe49b6337d5ec625b0deb66a757cefbe08d402bc	42	42	true	1	0.02381	0.97619	36	36	1	36	0				42	1	0.02381	1	false	false	false	pass		...................................M......
11517	01	trust	2	bids/sub-11517/ses-01/func/sub-11517_ses-01_task-trust_run-2_events.tsv	d5d25f546462a1f77b6ca11205f637cd24be65760ac09db20634fdf0c0c48811	42	42	true	1	0.02381	0.97619	27	27	1	27	0				42	1	0.02381	1	false	false	false	pass		..........................M...............
11517	01	ugr	1	bids/sub-11517/ses-01/func/sub-11517_ses-01_task-ugr_run-1_events.tsv	d8ce305168eea1ce378ccb26ad890f537f0f1a101137b5fb4b4eb2b7f367a262	48	48	true	0	0	1			0		0				48	0	0	1	false	false	false	pass		................................................
11517	01	ugr	2	bids/sub-11517/ses-01/func/sub-11517_ses-01_task-ugr_run-2_events.tsv	a918d806969d2b7032b39a719e2701c93eca4d58326d30703ed94d77a10507ef	48	48	true	0	0	1			0		0				48	0	0	1	false	false	false	pass		................................................
11518	01	doors	1	bids/sub-11518/ses-01/func/sub-11518_ses-01_task-doors_run-1_events.tsv	8078e4311d19aa32b89dd98db14ec1d7c064173b758a651588cd1c0721f5200f	40	40	true	7	0.175	0.825	1	31	2	1	0				40	7	0.175	1	false	false	false	pass		MM.........M...........M..M..MM.........
11518	01	sharedreward	1	bids/sub-11518/ses-01/func/sub-11518_ses-01_task-sharedreward_run-1_events.tsv	e4376a9d87af833ccca343173448c1a468d3c3e0bda45c4bdd60c23d98bed616	54	54	true	5	0.092593	0.907407	14	49	2	14	0				54	5	0.092593	1	false	false	false	pass		.............MM............M..M.................M.....
11518	01	sharedreward	2	bids/sub-11518/ses-01/func/sub-11518_ses-01_task-sharedreward_run-2_events.tsv	faa23b176d6e850fc852d4b91ebd254b8d436ae4c237c833d00f0b28ccda08f8	54	54	true	8	0.148148	0.851852	10	46	1	10	0				54	8	0.148148	1	false	false	false	pass		.........M.....M....M.....M....M..M.......M..M........
11518	01	socialdoors	1	bids/sub-11518/ses-01/func/sub-11518_ses-01_task-socialdoors_run-1_events.tsv	41ab571fbfd97ff24707fe6bebfdb6bf4394d8fe76d53dcec2a74996c51a0364	40	40	true	6	0.15	0.85	16	38	1	16	0				40	6	0.15	1	false	false	false	pass		...............M....M..M.M......M....M..
11518	01	trust	1	bids/sub-11518/ses-01/func/sub-11518_ses-01_task-trust_run-1_events.tsv	f66d9baa98095fb8d52af18368337f9d4899e824e722f2fe214871f848387397	42	42	true	2	0.047619	0.952381	29	36	1	29	0				42	2	0.047619	1	false	false	false	pass		............................M......M......
11518	01	trust	2	bids/sub-11518/ses-01/func/sub-11518_ses-01_task-trust_run-2_events.tsv	253cadebf7ee2f3f0bbfdcecb6d0f1a22e7ca46917001d4c2e8745d6f8f38105	42	42	true	4	0.095238	0.904762	17	40	1	17	0				42	4	0.095238	1	false	false	false	pass		................M......M...........M...M..
11518	01	ugr	1	bids/sub-11518/ses-01/func/sub-11518_ses-01_task-ugr_run-1_events.tsv	6def2ec6ce54457070ab4042c7bb0632d602f57c994aa87dc8b3c3ff7501af62	48	48	true	3	0.0625	0.9375	30	45	1	30	0				48	3	0.0625	1	false	false	false	pass		.............................M....M.........M...
11518	01	ugr	2	bids/sub-11518/ses-01/func/sub-11518_ses-01_task-ugr_run-2_events.tsv	927a5615fd4d68ee80a0312d7302d5dc1263f9377cf5ca4593234b3a4e398c0d	48	48	true	5	0.104167	0.895833	3	37	2	36	0				48	5	0.104167	1	false	false	false	pass		..M....................M.......M...MM...........
11523	01	doors	1	bids/sub-11523/ses-01/func/sub-11523_ses-01_task-doors_run-1_events.tsv	254de953ff043b0928c7bfb6d17ccd8cc9bf7ece53b16eb1d50f8d3e930094c7	40	40	true	0	0	1			0		0				40	0	0	1	false	false	false	pass		........................................
11523	01	sharedreward	1	bids/sub-11523/ses-01/func/sub-11523_ses-01_task-sharedreward_run-1_events.tsv	6fda16714f0924f4f2357a1ed697515e94ff9028448c2b7796412651124ee9e7	54	54	true	0	0	1			0		0				54	0	0	1	false	false	false	pass		......................................................
11523	01	sharedreward	2	bids/sub-11523/ses-01/func/sub-11523_ses-01_task-sharedreward_run-2_events.tsv	0f6ec4f3b3f6317f6eb2c99b568dbc93d869ad4b9cb17c7d32f9cc02f5241817	54	54	true	1	0.018519	0.981481	27	27	1	27	0				54	1	0.018519	1	false	false	false	pass		..........................M...........................
11523	01	socialdoors	1	bids/sub-11523/ses-01/func/sub-11523_ses-01_task-socialdoors_run-1_events.tsv	8833b5406a11ffdb8d181eb908c6b5e33e0ff77ae7d442722d800d69781efa75	40	40	true	0	0	1			0		0				40	0	0	1	false	false	false	pass		........................................
11523	01	trust	1	bids/sub-11523/ses-01/func/sub-11523_ses-01_task-trust_run-1_events.tsv	7bc79ff1e53d4f04f9f5cae3f36e58e0d81d4d7fb40aaab39ba4b8fc92b7de24	42	42	true	0	0	1			0		0				42	0	0	1	false	false	false	pass		..........................................
11523	01	trust	2	bids/sub-11523/ses-01/func/sub-11523_ses-01_task-trust_run-2_events.tsv	c4c3913ff7b0fab189bdd9773279aa5af574235c0ed460ecca0023af9ec1d433	42	42	true	10	0.238095	0.761905	1	10	10	1	0				42	10	0.238095	1	false	false	false	pass		MMMMMMMMMM................................
11523	01	ugr	1	bids/sub-11523/ses-01/func/sub-11523_ses-01_task-ugr_run-1_events.tsv	4bba5afa98158e8c89757f3f321c3588b8f99588281a564fc895ebe6b2630139	48	48	true	0	0	1			0		0				48	0	0	1	false	false	false	pass		................................................
11523	01	ugr	2	bids/sub-11523/ses-01/func/sub-11523_ses-01_task-ugr_run-2_events.tsv	38f46ce7963cfa0380adbc58208b662e150563bec1ab50d799ba0a0383ad44d3	48	48	true	0	0	1			0		0				48	0	0	1	false	false	false	pass		................................................
11526	01	doors	1	bids/sub-11526/ses-01/func/sub-11526_ses-01_task-doors_run-1_events.tsv	803f6f9407ddde2c5fb5ead5c2d208f612740678d513aea7f20a9a2c582dfc49	40	40	true	0	0	1			0		0				40	0	0	1	false	false	false	pass		........................................
11526	01	sharedreward	1	bids/sub-11526/ses-01/func/sub-11526_ses-01_task-sharedreward_run-1_events.tsv	332d953d0163061720a1f5bb66d26e1cb06ea3c3c84cc787317f4046d408b218	54	54	true	0	0	1			0		0				54	0	0	1	false	false	false	pass		......................................................
11526	01	sharedreward	2	bids/sub-11526/ses-01/func/sub-11526_ses-01_task-sharedreward_run-2_events.tsv	32d9b22c440e2e2fd36f3f96ea5e2d448097bc896375cea6ece364d281dc6414	54	54	true	0	0	1			0		0				54	0	0	1	false	false	false	pass		......................................................
11526	01	socialdoors	1	bids/sub-11526/ses-01/func/sub-11526_ses-01_task-socialdoors_run-1_events.tsv	8ac1f5b121282e6513c2bcd3829057b2bd7f938c901517fde9887b38e94fbb58	40	40	true	0	0	1			0		0				40	0	0	1	false	false	false	pass		........................................
11526	01	trust	1	bids/sub-11526/ses-01/func/sub-11526_ses-01_task-trust_run-1_events.tsv	0ce1fa9c076e2e839515b1c1c06fa971c25859be3bc72035e7f20161725ed450	42	42	true	0	0	1			0		0				42	0	0	1	false	false	false	pass		..........................................
11526	01	trust	2	bids/sub-11526/ses-01/func/sub-11526_ses-01_task-trust_run-2_events.tsv	1179ba905a429d6a855cfb4ff9da81eeb4f81aef46bf05a4c21557334456e1e7	42	42	true	0	0	1			0		0				42	0	0	1	false	false	false	pass		..........................................
11526	01	ugr	1	bids/sub-11526/ses-01/func/sub-11526_ses-01_task-ugr_run-1_events.tsv	98b3a52eaf91a6abf848fd87e3feec5cd736a0d7318a6c6a7f71710f31de1810	48	48	true	0	0	1			0		0				48	0	0	1	false	false	false	pass		................................................
11526	01	ugr	2	bids/sub-11526/ses-01/func/sub-11526_ses-01_task-ugr_run-2_events.tsv	f299c795e6bcbdaa0fdd447c0ce4a0d5f751b3e74b8e768922651c223230d47a	48	48	true	1	0.020833	0.979167	37	37	1	37	0				48	1	0.020833	1	false	false	false	pass		....................................M...........
11527	01	doors	1	bids/sub-11527/ses-01/func/sub-11527_ses-01_task-doors_run-1_events.tsv	9ce25ef52e3f237485bcd01aba6f23a561c4179432ea4fb1f1d346de43decf99	40	40	true	0	0	1			0		0				40	0	0	1	false	false	false	pass		........................................
11527	01	sharedreward	1	bids/sub-11527/ses-01/func/sub-11527_ses-01_task-sharedreward_run-1_events.tsv	7014efd4dc67129eec95ec42046e0d8a43b5ff4dedc17ce2a15df44ef5c25c67	54	54	true	2	0.037037	0.962963	50	52	1	50	0				54	2	0.037037	1	false	false	false	pass		.................................................M.M..
11527	01	sharedreward	2	bids/sub-11527/ses-01/func/sub-11527_ses-01_task-sharedreward_run-2_events.tsv	476a42d68c2d252d189fc1ced6894ebaabde6246b7c225368e07cd4d664abedd	54	54	true	10	0.185185	0.814815	22	51	3	39	0				54	10	0.185185	1	false	false	false	pass		.....................M.........M.M....MMM..MM....MM...
11527	01	socialdoors	1	bids/sub-11527/ses-01/func/sub-11527_ses-01_task-socialdoors_run-1_events.tsv	3beedde1fd3479706005be870351297200dc5dc12c39e6890c5c652fb443e5ac	40	40	true	6	0.15	0.85	1	35	2	1	0				40	6	0.15	1	false	false	false	pass		MM......M...........M.....M.......M.....
11527	01	trust	1	bids/sub-11527/ses-01/func/sub-11527_ses-01_task-trust_run-1_events.tsv	489d77ef74c7b42b02b51db669698fbaa82a76dc74afd98233f81512a4485bee	42	42	true	1	0.02381	0.97619	9	9	1	9	0				42	1	0.02381	1	false	false	false	pass		........M.................................
11527	01	trust	2	bids/sub-11527/ses-01/func/sub-11527_ses-01_task-trust_run-2_events.tsv	0bacb8621d10616f1e4af5798115967165dace6624341cad1610e96c440d6ddf	42	42	true	0	0	1			0		0				42	0	0	1	false	false	false	pass		..........................................
11527	01	ugr	1	bids/sub-11527/ses-01/func/sub-11527_ses-01_task-ugr_run-1_events.tsv	e53cf36c33d619d348a1d1184907bab225a5e2ac183f33c3abec958e7cce722f	48	48	true	0	0	1			0		0				48	0	0	1	false	false	false	pass		................................................
11527	01	ugr	2	bids/sub-11527/ses-01/func/sub-11527_ses-01_task-ugr_run-2_events.tsv	720ba25dcf498e514c22ef0b8f3a5f1c19baa928281b28f7579091f6b082de58	48	48	true	0	0	1			0		0				48	0	0	1	false	false	false	pass		................................................
11529	01	doors	1	bids/sub-11529/ses-01/func/sub-11529_ses-01_task-doors_run-1_events.tsv	1c5c33e8c6851223151a89e9f1fab10cafe631861d5f60b8c135f1ff64778879	40	40	true	0	0	1			0		0				40	0	0	1	false	false	false	pass		........................................
11529	01	sharedreward	1	bids/sub-11529/ses-01/func/sub-11529_ses-01_task-sharedreward_run-1_events.tsv	3d99ca2dec4b621cff3c491d166fb1ec4039da03167767fa18e07296a091259a	54	54	true	0	0	1			0		0				54	0	0	1	false	false	false	pass		......................................................
11529	01	sharedreward	2	bids/sub-11529/ses-01/func/sub-11529_ses-01_task-sharedreward_run-2_events.tsv	1838eddc9212f6ec0209fa87ea3804ac11be13da89fe197f1f7548ac99dbfd94	54	54	true	0	0	1			0		0				54	0	0	1	false	false	false	pass		......................................................
11529	01	socialdoors	1	bids/sub-11529/ses-01/func/sub-11529_ses-01_task-socialdoors_run-1_events.tsv	e1d693f2ec453717451ddebfcc8f27e15cc517424d7a506fb8a8c4e72925166a	40	40	true	0	0	1			0		0				40	0	0	1	false	false	false	pass		........................................
11529	01	trust	1	bids/sub-11529/ses-01/func/sub-11529_ses-01_task-trust_run-1_events.tsv	25fc32fe1f62ad7362621fbc6a88b9246237de83c93f4a5d7c0fd90baf2d7a69	42	42	true	0	0	1			0		0				42	0	0	1	false	false	false	pass		..........................................
11529	01	ugr	1	bids/sub-11529/ses-01/func/sub-11529_ses-01_task-ugr_run-1_events.tsv	ea6efab3500e093ee1b146eebe0d7790be9f43263ff934678b6a3c4e344d721b	48	48	true	0	0	1			0		0				48	0	0	1	false	false	false	pass		................................................
11529	01	ugr	2	bids/sub-11529/ses-01/func/sub-11529_ses-01_task-ugr_run-2_events.tsv	65dca53a55970c45156bf909e74bfd562921aba734c020281ee1deba5d87359b	48	48	true	0	0	1			0		0				48	0	0	1	false	false	false	pass		................................................
11530	01	doors	1	bids/sub-11530/ses-01/func/sub-11530_ses-01_task-doors_run-1_events.tsv	37b6d7ed1e71e22609f205b1e3a1cee70e95925b16514662742a7ba0b6c401ea	40	40	true	0	0	1			0		0				40	0	0	1	false	false	false	pass		........................................
11530	01	sharedreward	1	bids/sub-11530/ses-01/func/sub-11530_ses-01_task-sharedreward_run-1_events.tsv	eea22a9f7344b9bdb20d1080542b6941a81fe8c27309acc4bbf03960118f3a84	54	54	true	0	0	1			0		0				54	0	0	1	false	false	false	pass		......................................................
11530	01	sharedreward	2	bids/sub-11530/ses-01/func/sub-11530_ses-01_task-sharedreward_run-2_events.tsv	91f4700f0e64716de3f8f4f95b66fc9fbcc23d1b53c363f99661232b7fd795fa	54	54	true	0	0	1			0		0				54	0	0	1	false	false	false	pass		......................................................
11530	01	socialdoors	1	bids/sub-11530/ses-01/func/sub-11530_ses-01_task-socialdoors_run-1_events.tsv	83647a9569cec4b8a5a643ebb6b612a81c71357b38be20337d52696c5b4fbbd8	40	40	true	0	0	1			0		0				40	0	0	1	false	false	false	pass		........................................
11530	01	trust	1	bids/sub-11530/ses-01/func/sub-11530_ses-01_task-trust_run-1_events.tsv	447fd4c150b9a282c9e87efd7b7b5fbc4cca1ac57029758057570089994219b2	42	42	true	1	0.02381	0.97619	16	16	1	16	0				42	1	0.02381	1	false	false	false	pass		...............M..........................
11530	01	trust	2	bids/sub-11530/ses-01/func/sub-11530_ses-01_task-trust_run-2_events.tsv	b915c73978d81b7b4ef9d41ebf820c543efd63a354218daa0b55109065724e47	42	42	true	0	0	1			0		0				42	0	0	1	false	false	false	pass		..........................................
11530	01	ugr	1	bids/sub-11530/ses-01/func/sub-11530_ses-01_task-ugr_run-1_events.tsv	01fa3c0f8292f033831e316cd3c68318662d26557ebbe44191b17fba5618b232	48	48	true	0	0	1			0		0				48	0	0	1	false	false	false	pass		................................................
11530	01	ugr	2	bids/sub-11530/ses-01/func/sub-11530_ses-01_task-ugr_run-2_events.tsv	f3f9ef82732001f3d423427223c3bcb9bd4bbe1d1ee6349a847870c1e003dfda	48	48	true	0	0	1			0		0				48	0	0	1	false	false	false	pass		................................................
11532	01	doors	1	bids/sub-11532/ses-01/func/sub-11532_ses-01_task-doors_run-1_events.tsv	f06f704f1b59396ab165d69faa991dd575b19a495faf0ad6e29b0156a8e6a054	40	40	true	0	0	1			0		0				40	0	0	1	false	false	false	pass		........................................
11532	01	sharedreward	1	bids/sub-11532/ses-01/func/sub-11532_ses-01_task-sharedreward_run-1_events.tsv	55c6bbdcb4c7c026087e787a448f8262a7691555c69bbfd24c5449ef94651dc8	54	54	true	0	0	1			0		0				54	0	0	1	false	false	false	pass		......................................................
11532	01	sharedreward	2	bids/sub-11532/ses-01/func/sub-11532_ses-01_task-sharedreward_run-2_events.tsv	2d533871bab04753fe1206c7795d650fc9e4625e13f6f4a35c7c9b6978f51c3a	54	54	true	0	0	1			0		0				54	0	0	1	false	false	false	pass		......................................................
11532	01	socialdoors	1	bids/sub-11532/ses-01/func/sub-11532_ses-01_task-socialdoors_run-1_events.tsv	44a6e8b4eb5c6b462fb2cd9375d956869cd311f5596f65221ddfbfcfac058ad3	40	40	true	0	0	1			0		0				40	0	0	1	false	false	false	pass		........................................
11532	01	trust	1	bids/sub-11532/ses-01/func/sub-11532_ses-01_task-trust_run-1_events.tsv	6bc3cb016a3f0d6a7140a88da57eda6390fe924993801d1b64e69b7e1c354607	42	42	true	0	0	1			0		0				42	0	0	1	false	false	false	pass		..........................................
11532	01	trust	2	bids/sub-11532/ses-01/func/sub-11532_ses-01_task-trust_run-2_events.tsv	41159f5c73fe6f8382607c2b837b5d603ab0246f146a6b2e87d44d3a26b754a6	42	42	true	0	0	1			0		0				42	0	0	1	false	false	false	pass		..........................................
11532	01	ugr	1	bids/sub-11532/ses-01/func/sub-11532_ses-01_task-ugr_run-1_events.tsv	8736a628dae356fb94d2dbe10569a604f0b2706a753adf44c261c7e04c16adcf	48	48	true	0	0	1			0		0				48	0	0	1	false	false	false	pass		................................................
11532	01	ugr	2	bids/sub-11532/ses-01/func/sub-11532_ses-01_task-ugr_run-2_events.tsv	20e38432ad0f4e07e7c933f7800ab887197f130c3b66ba61c42cb6b10af739fa	48	48	true	0	0	1			0		0				48	0	0	1	false	false	false	pass		................................................
11533	01	doors	1	bids/sub-11533/ses-01/func/sub-11533_ses-01_task-doors_run-1_events.tsv	bb1bdf331f02dc863b90db74b7bc56648192dde9a2aa5c0bfc6780a25501447d	40	40	true	0	0	1			0		0				40	0	0	1	false	false	false	pass		........................................
11533	01	sharedreward	1	bids/sub-11533/ses-01/func/sub-11533_ses-01_task-sharedreward_run-1_events.tsv	82f7051198b113a1f58c2066c0dce6ff19fbdcbb594a5847bf7e177d1ec61c3e	54	54	true	0	0	1			0		0				54	0	0	1	false	false	false	pass		......................................................
11533	01	sharedreward	2	bids/sub-11533/ses-01/func/sub-11533_ses-01_task-sharedreward_run-2_events.tsv	1bf55563d1c4e7a13fbe87da95dc1d897d11948843257794963d71233947eeaf	54	54	true	0	0	1			0		0				54	0	0	1	false	false	false	pass		......................................................
11533	01	socialdoors	1	bids/sub-11533/ses-01/func/sub-11533_ses-01_task-socialdoors_run-1_events.tsv	911fd41e1076c6a41404e1becc9142650bd40e5047dad6d6f9a555246f9c5401	40	40	true	0	0	1			0		0				40	0	0	1	false	false	false	pass		........................................
11533	01	trust	1	bids/sub-11533/ses-01/func/sub-11533_ses-01_task-trust_run-1_events.tsv	fa1090751b8278741278796a7fdae2c3aed18444a46c0b8518a4f4f21a62e315	42	42	true	0	0	1			0		0				42	0	0	1	false	false	false	pass		..........................................
11533	01	trust	2	bids/sub-11533/ses-01/func/sub-11533_ses-01_task-trust_run-2_events.tsv	39b77ff4baea2680e113fc44f2478bcf9137fcb19e25fc6fdfd5a187c1a66877	42	42	true	0	0	1			0		0				42	0	0	1	false	false	false	pass		..........................................
11533	01	ugr	1	bids/sub-11533/ses-01/func/sub-11533_ses-01_task-ugr_run-1_events.tsv	3d88450a67fc70c23736469f0df8fea44c19c7a1455858d44d9b8ba2c237bb1f	48	48	true	0	0	1			0		0				48	0	0	1	false	false	false	pass		................................................
11533	01	ugr	2	bids/sub-11533/ses-01/func/sub-11533_ses-01_task-ugr_run-2_events.tsv	ae241c3545bdd18ce1be152f0920f6f70ed57bc062a72a6a02e85ce2dee746d7	48	48	true	0	0	1			0		0				48	0	0	1	false	false	false	pass		................................................
11534	01	doors	1	bids/sub-11534/ses-01/func/sub-11534_ses-01_task-doors_run-1_events.tsv	1895b6353a148a31c4235d8c7c12dbf1d431c04e7dc17a46460cdf5a9e17ea87	40	40	true	0	0	1			0		0				40	0	0	1	false	false	false	pass		........................................
11534	01	sharedreward	1	bids/sub-11534/ses-01/func/sub-11534_ses-01_task-sharedreward_run-1_events.tsv	6850a37e644fc9b8346a17cb15df79f315cfe13bb940a8ab909ad141cec0c501	54	54	true	0	0	1			0		0				54	0	0	1	false	false	false	pass		......................................................
11534	01	sharedreward	2	bids/sub-11534/ses-01/func/sub-11534_ses-01_task-sharedreward_run-2_events.tsv	5e77901dd4673300d6d9e0fa573195658ad9012bfc69e779b2e226ca648d91da	54	54	true	0	0	1			0		0				54	0	0	1	false	false	false	pass		......................................................
11534	01	socialdoors	1	bids/sub-11534/ses-01/func/sub-11534_ses-01_task-socialdoors_run-1_events.tsv	4dea4c3c73ecf1e5f1eb826b3098344c15c3d9a4a781b2ecd69d45356e8c47b1	40	40	true	0	0	1			0		0				40	0	0	1	false	false	false	pass		........................................
11534	01	trust	1	bids/sub-11534/ses-01/func/sub-11534_ses-01_task-trust_run-1_events.tsv	0a82409320eb89f0e697abd703afd718b56b30fa2551ea26da06615bae2e5114	42	42	true	0	0	1			0		0				42	0	0	1	false	false	false	pass		..........................................
11534	01	trust	2	bids/sub-11534/ses-01/func/sub-11534_ses-01_task-trust_run-2_events.tsv	906dd35e8980cadbd58bd5f7d5c11dcc772a264d1a6b552edabd7afe030a7034	42	42	true	0	0	1			0		0				42	0	0	1	false	false	false	pass		..........................................
11534	01	ugr	1	bids/sub-11534/ses-01/func/sub-11534_ses-01_task-ugr_run-1_events.tsv	f150ce14c1876a877707d39946632a07f68671c0f111df8512d92a537e996242	48	48	true	0	0	1			0		0				48	0	0	1	false	false	false	pass		................................................
11534	01	ugr	2	bids/sub-11534/ses-01/func/sub-11534_ses-01_task-ugr_run-2_events.tsv	33b2585420f4a89b4ab9985ced5c2efa4ab12fdcb93f74684fece716e585c81f	48	48	true	0	0	1			0		0				48	0	0	1	false	false	false	pass		................................................
11535	01	doors	1	bids/sub-11535/ses-01/func/sub-11535_ses-01_task-doors_run-1_events.tsv	67a265a82784112d462886d35f0d4375881ce309fa545eefbd7d6b22724cf957	40	40	true	1	0.025	0.975	25	25	1	25	0				40	1	0.025	1	false	false	false	pass		........................M...............
11535	01	sharedreward	1	bids/sub-11535/ses-01/func/sub-11535_ses-01_task-sharedreward_run-1_events.tsv	8e1fb8eae19efeb749e26486efcf7815483c1c7bb54dc3e0201a9540ff20ea1b	54	54	true	12	0.222222	0.777778	23	52	3	43	0				54	12	0.222222	1	false	false	false	pass		......................M......M....M.MM.M..MMM.M..M.M..
11535	01	sharedreward	2	bids/sub-11535/ses-01/func/sub-11535_ses-01_task-sharedreward_run-2_events.tsv	778250bf898ee849491e19950254ecb7401bdc6fe626fa5a72858adf8638d55b	54	54	true	12	0.222222	0.777778	1	53	2	52	0				54	12	0.222222	1	false	false	false	pass		M.....................M........M.M.M....M.M.M..M.M.MM.
11535	01	socialdoors	1	bids/sub-11535/ses-01/func/sub-11535_ses-01_task-socialdoors_run-1_events.tsv	630d5d20f17daedec7ffe2debb3f7eb95cd5fcfda7688066151cc6653d547ef8	40	40	true	2	0.05	0.95	1	40	1	1	1	40	326.85739	4.583203	39	1	0.025641	0.975	false	false	false	pass		M......................................M
11535	01	trust	1	bids/sub-11535/ses-01/func/sub-11535_ses-01_task-trust_run-1_events.tsv	b8e572700c40f564a4422448d93522701df07798dc530c8def833665ecb1e242	42	42	true	0	0	1			0		0				42	0	0	1	false	false	false	pass		..........................................
11535	01	trust	2	bids/sub-11535/ses-01/func/sub-11535_ses-01_task-trust_run-2_events.tsv	8441894ccd7f728e842527a8a488f6b719fa5d576318fc78718dccbb633ce7e4	42	42	true	5	0.119048	0.880952	24	41	1	24	0				42	5	0.119048	1	false	false	false	pass		.......................M..M......M...M..M.
11535	01	ugr	1	bids/sub-11535/ses-01/func/sub-11535_ses-01_task-ugr_run-1_events.tsv	730924be6613f1557fc9094e1158e212a000b33e25da5b740fbd7c1bd8ddb2da	48	48	true	10	0.208333	0.791667	21	45	3	40	0				48	10	0.208333	1	false	false	false	pass		....................M.....M...M...M..M.MMM.MM...
11535	01	ugr	2	bids/sub-11535/ses-01/func/sub-11535_ses-01_task-ugr_run-2_events.tsv	a28bd4c9cf4ef0308181a12118e1d202d0c6b6134f0156084d30b4626ae809f9	48	48	true	18	0.375	0.625	2	48	4	24	1	48	372.42737	3.75039	47	17	0.361702	0.979167	true	false	false	review	overall_miss_fraction_threshold	.M....MMM.M.M.M......M.MMMM....M...M.M.....M.M.M
11536	01	doors	1	bids/sub-11536/ses-01/func/sub-11536_ses-01_task-doors_run-1_events.tsv	e4cf6d8a9f676a5f05486e3c6658de65d775a0b65e821fcb31b623aad593fd75	40	40	true	0	0	1			0		0				40	0	0	1	false	false	false	pass		........................................
11536	01	sharedreward	1	bids/sub-11536/ses-01/func/sub-11536_ses-01_task-sharedreward_run-1_events.tsv	6c08bcac37a96cea5738aaad024f62c8b8b1d47f9ccec975e75e30a01af9c1ef	54	54	true	0	0	1			0		0				54	0	0	1	false	false	false	pass		......................................................
11536	01	sharedreward	2	bids/sub-11536/ses-01/func/sub-11536_ses-01_task-sharedreward_run-2_events.tsv	112857d3d175139b3fa699cb0787ece6c7e90a19511c36b9e58dcdc301a44843	54	54	true	4	0.074074	0.925926	29	43	3	41	0				54	4	0.074074	1	false	false	false	pass		............................M...........MMM...........
11536	01	socialdoors	1	bids/sub-11536/ses-01/func/sub-11536_ses-01_task-socialdoors_run-1_events.tsv	ed9eafc8d7564d0445fdce78e79489830ed5588083e66f4d706e68b5faea77a2	40	40	true	1	0.025	0.975	27	27	1	27	0				40	1	0.025	1	false	false	false	pass		..........................M.............
11536	01	trust	1	bids/sub-11536/ses-01/func/sub-11536_ses-01_task-trust_run-1_events.tsv	ad14177c59f5ee957c0ecb0469f5174f2d62589ea689cff861d58604db70eed3	42	42	true	2	0.047619	0.952381	35	38	1	35	0				42	2	0.047619	1	false	false	false	pass		..................................M..M....
11536	01	trust	2	bids/sub-11536/ses-01/func/sub-11536_ses-01_task-trust_run-2_events.tsv	ed5da7420e2dee75cd9e78394378cdbfcc7df7bf635f7c40de7eac82f9ed877d	42	42	true	1	0.02381	0.97619	20	20	1	20	0				42	1	0.02381	1	false	false	false	pass		...................M......................
11536	01	ugr	1	bids/sub-11536/ses-01/func/sub-11536_ses-01_task-ugr_run-1_events.tsv	479fe7f9f0f41be7be5d9dbdb6747c00a4a2dce7fcdcb6110c4bfa3cd118c432	48	48	true	0	0	1			0		0				48	0	0	1	false	false	false	pass		................................................
11536	01	ugr	2	bids/sub-11536/ses-01/func/sub-11536_ses-01_task-ugr_run-2_events.tsv	8c2b9f8159cd39c06f5d16b52ab34c1f57a1638d67153a7094dad85901c4ba1e	48	48	true	1	0.020833	0.979167	20	20	1	20	0				48	1	0.020833	1	false	false	false	pass		...................M............................
11539	01	doors	1	bids/sub-11539/ses-01/func/sub-11539_ses-01_task-doors_run-1_events.tsv	f8095abda5fb57465efd8e048dc6ff10ef7a4b78bf775a26e1bb8a2479ae4b2f	40	40	true	0	0	1			0		0				40	0	0	1	false	false	false	pass		........................................
11539	01	sharedreward	1	bids/sub-11539/ses-01/func/sub-11539_ses-01_task-sharedreward_run-1_events.tsv	4f9869d2771c13ebe4a52fc785f02be6379b39a8d56f0912edd5e6c459a37938	54	54	true	1	0.018519	0.981481	1	1	1	1	0				54	1	0.018519	1	false	false	false	pass		M.....................................................
11539	01	sharedreward	2	bids/sub-11539/ses-01/func/sub-11539_ses-01_task-sharedreward_run-2_events.tsv	77fe2f54553ae7049c5557dcb8f11d0d33e544c06af725ab4d06057db87cd2d4	54	54	true	0	0	1			0		0				54	0	0	1	false	false	false	pass		......................................................
11539	01	socialdoors	1	bids/sub-11539/ses-01/func/sub-11539_ses-01_task-socialdoors_run-1_events.tsv	7260d6e1fb6773168fa2a3d41bb54a176bc8ba4f68ee815165019b1e2f80b84a	40	40	true	0	0	1			0		0				40	0	0	1	false	false	false	pass		........................................
11539	01	trust	1	bids/sub-11539/ses-01/func/sub-11539_ses-01_task-trust_run-1_events.tsv	5ca11ff999074e76f30307886c1f28d4b8d3b66d22866ea19ade97df0630688a	42	42	true	0	0	1			0		0				42	0	0	1	false	false	false	pass		..........................................
11539	01	trust	2	bids/sub-11539/ses-01/func/sub-11539_ses-01_task-trust_run-2_events.tsv	27a2f7da39bc4de9497bc1fb83f81837435aa127783cf4638730d1a69a8849ee	42	42	true	3	0.071429	0.928571	30	38	2	37	0				42	3	0.071429	1	false	false	false	pass		.............................M......MM....
11539	01	ugr	1	bids/sub-11539/ses-01/func/sub-11539_ses-01_task-ugr_run-1_events.tsv	2d04e6efae894e5201703a399ae421bfcbc64760fa90a4a68191ab39c82fd052	48	48	true	0	0	1			0		0				48	0	0	1	false	false	false	pass		................................................
11539	01	ugr	2	bids/sub-11539/ses-01/func/sub-11539_ses-01_task-ugr_run-2_events.tsv	84b02a5374205a6b7a507cc21d42cb86dbc7de6f8193e2a1d5bfa6b086a34e71	48	48	true	0	0	1			0		0				48	0	0	1	false	false	false	pass		................................................
11540	01	doors	1	bids/sub-11540/ses-01/func/sub-11540_ses-01_task-doors_run-1_events.tsv	3bb1c2cfa45ae11131cbd9458eff112fa82165af153fa4122e30515d713c2790	40	40	true	0	0	1			0		0				40	0	0	1	false	false	false	pass		........................................
11540	01	sharedreward	1	bids/sub-11540/ses-01/func/sub-11540_ses-01_task-sharedreward_run-1_events.tsv	634502b4e69ae101b945a0d75a5ee14d2ce7b4578bf212efaeb8b12928fdb27f	54	54	true	0	0	1			0		0				54	0	0	1	false	false	false	pass		......................................................
11540	01	sharedreward	2	bids/sub-11540/ses-01/func/sub-11540_ses-01_task-sharedreward_run-2_events.tsv	bc1fec59f9bfa6397c5f946b3ac394ea9f3a60b5cffdba8152ab3240eda5b0cf	54	54	true	0	0	1			0		0				54	0	0	1	false	false	false	pass		......................................................
11540	01	socialdoors	1	bids/sub-11540/ses-01/func/sub-11540_ses-01_task-socialdoors_run-1_events.tsv	aadb1a88ff63de887c357aad5d0ba7d5d5b3627fbadb163ce412ec499d5361d5	40	40	true	0	0	1			0		0				40	0	0	1	false	false	false	pass		........................................
11540	01	trust	1	bids/sub-11540/ses-01/func/sub-11540_ses-01_task-trust_run-1_events.tsv	8d28f4bea24889932f13b163136308e34e268720c4e10f7c6b022c614dd6a4d4	42	42	true	0	0	1			0		0				42	0	0	1	false	false	false	pass		..........................................
11540	01	trust	2	bids/sub-11540/ses-01/func/sub-11540_ses-01_task-trust_run-2_events.tsv	303b2b3cfa6cded1e0db580bd4e171772b49864c99dfa3a9e4c2a6f54d666090	42	42	true	0	0	1			0		0				42	0	0	1	false	false	false	pass		..........................................
11540	01	ugr	1	bids/sub-11540/ses-01/func/sub-11540_ses-01_task-ugr_run-1_events.tsv	7556f5a848f5c6ce9b7f5a72eb787b90249631511fd43ad3bea6e1a0bbc4673e	48	48	true	0	0	1			0		0				48	0	0	1	false	false	false	pass		................................................
11540	01	ugr	2	bids/sub-11540/ses-01/func/sub-11540_ses-01_task-ugr_run-2_events.tsv	10adffa8543d8c83059d60bece4af84101dfb928cb8b1b28b6ccf0493b7096b0	48	48	true	0	0	1			0		0				48	0	0	1	false	false	false	pass		................................................
11542	01	doors	1	bids/sub-11542/ses-01/func/sub-11542_ses-01_task-doors_run-1_events.tsv	9638d0f1de9613c382cc7640a5c2c3c3fbae301cc6012ec56907f53579a142a3	40	40	true	0	0	1			0		0				40	0	0	1	false	false	false	pass		........................................
11542	01	sharedreward	1	bids/sub-11542/ses-01/func/sub-11542_ses-01_task-sharedreward_run-1_events.tsv	994c7d5b7df29003415aa1ecfc25359113d05dc23eebe3d0113dfbd899a6c71e	54	54	true	2	0.037037	0.962963	1	2	2	1	0				54	2	0.037037	1	false	false	false	pass		MM....................................................
11542	01	sharedreward	2	bids/sub-11542/ses-01/func/sub-11542_ses-01_task-sharedreward_run-2_events.tsv	c92c7e3b4d13a7e540bc3e564dec6a2e323e5a46bc665c17530067c03c3bc6b2	54	54	true	0	0	1			0		0				54	0	0	1	false	false	false	pass		......................................................
11542	01	socialdoors	1	bids/sub-11542/ses-01/func/sub-11542_ses-01_task-socialdoors_run-1_events.tsv	7b1fbaa04098e89e0b4ff08835ef1df9dd3d59b53a80e94a400680983920a04c	40	40	true	0	0	1			0		0				40	0	0	1	false	false	false	pass		........................................
11542	01	trust	1	bids/sub-11542/ses-01/func/sub-11542_ses-01_task-trust_run-1_events.tsv	fb47e89afaeb527056102670bc3a75d83d69e705a38957eca93cae91ef337f2e	42	42	true	0	0	1			0		0				42	0	0	1	false	false	false	pass		..........................................
11542	01	trust	2	bids/sub-11542/ses-01/func/sub-11542_ses-01_task-trust_run-2_events.tsv	30542d07cf45f80a305fc98be71b6192a97869dbba05d5bf38df2bb1d6478cff	42	42	true	2	0.047619	0.952381	20	39	1	20	0				42	2	0.047619	1	false	false	false	pass		...................M..................M...
11542	01	ugr	1	bids/sub-11542/ses-01/func/sub-11542_ses-01_task-ugr_run-1_events.tsv	139b634c85918b7d12182c014254abd8a18f7dc660c6b5f1f258e835f3f8184f	48	48	true	0	0	1			0		0				48	0	0	1	false	false	false	pass		................................................
11542	01	ugr	2	bids/sub-11542/ses-01/func/sub-11542_ses-01_task-ugr_run-2_events.tsv	9d9b9d3abc0a12f339864289ddebd7044f23c2bad27358c10e7abc8d9cd96d2d	48	48	true	0	0	1			0		0				48	0	0	1	false	false	false	pass		................................................
11545	01	doors	1	bids/sub-11545/ses-01/func/sub-11545_ses-01_task-doors_run-1_events.tsv	f89e425afbc8d661fa58947350599c89471a046bfe3fdcdef81935ec4d0a0edb	40	40	true	1	0.025	0.975	18	18	1	18	0				40	1	0.025	1	false	false	false	pass		.................M......................
11545	01	sharedreward	1	bids/sub-11545/ses-01/func/sub-11545_ses-01_task-sharedreward_run-1_events.tsv	43305a711ae29dd2f9df4a0bd5544175f2ea088cb256d3c0a77a2667dadaa60e	54	54	true	0	0	1			0		0				54	0	0	1	false	false	false	pass		......................................................
11545	01	sharedreward	2	bids/sub-11545/ses-01/func/sub-11545_ses-01_task-sharedreward_run-2_events.tsv	12ccc261e4424ef70f6d917d12659de12203d9046f4513e2e46baf7966348d78	54	54	true	0	0	1			0		0				54	0	0	1	false	false	false	pass		......................................................
11545	01	socialdoors	1	bids/sub-11545/ses-01/func/sub-11545_ses-01_task-socialdoors_run-1_events.tsv	02549f92e5807b6bbb4cab25fb2cb2ae22a2d1cb60bb356bed408e1e1d14556b	40	40	true	0	0	1			0		0				40	0	0	1	false	false	false	pass		........................................
11545	01	trust	1	bids/sub-11545/ses-01/func/sub-11545_ses-01_task-trust_run-1_events.tsv	583fc0679b4bba5dbdaa302fa9658b03b1652484ee71ca40284b43a206f42447	42	42	true	1	0.02381	0.97619	5	5	1	5	0				42	1	0.02381	1	false	false	false	pass		....M.....................................
11545	01	trust	2	bids/sub-11545/ses-01/func/sub-11545_ses-01_task-trust_run-2_events.tsv	73d1df5ee2d872f7d9df43a489283b2f94c5c6236b74389e01e4cd6bf387314b	42	42	true	2	0.047619	0.952381	9	23	1	9	0				42	2	0.047619	1	false	false	false	pass		........M.............M...................
11545	01	ugr	1	bids/sub-11545/ses-01/func/sub-11545_ses-01_task-ugr_run-1_events.tsv	66b61f1527c257524942db37dc4a41b886a5ab41e56a8c9e65fa95f88351021c	48	48	true	0	0	1			0		0				48	0	0	1	false	false	false	pass		................................................
11545	01	ugr	2	bids/sub-11545/ses-01/func/sub-11545_ses-01_task-ugr_run-2_events.tsv	06b7f5c35576eb0d5ae4ae2c20764b3e2fec532c0c8b81caac39c7f265d04663	48	48	true	0	0	1			0		0				48	0	0	1	false	false	false	pass		................................................
11551	01	doors	1	bids/sub-11551/ses-01/func/sub-11551_ses-01_task-doors_run-1_events.tsv	00b0b3935e78be91a4cfec0388f474451163db0b02ba763f729d2679e89ae667	40	40	true	0	0	1			0		0				40	0	0	1	false	false	false	pass		........................................
11551	01	sharedreward	1	bids/sub-11551/ses-01/func/sub-11551_ses-01_task-sharedreward_run-1_events.tsv	ed20376ca1681fd5a8dcf5d6e97815023da50273b1fc04344ab10acf58d4579e	54	54	true	2	0.037037	0.962963	20	54	1	20	1	54	396.66464	5.82978	53	1	0.018868	0.981481	false	false	false	pass		...................M.................................M
11551	01	sharedreward	2	bids/sub-11551/ses-01/func/sub-11551_ses-01_task-sharedreward_run-2_events.tsv	96871c790d65088e0985a5b2beb747b38f64a9f9990aa0d738a133cded3812c4	54	54	true	0	0	1			0		0				54	0	0	1	false	false	false	pass		......................................................
11551	01	socialdoors	1	bids/sub-11551/ses-01/func/sub-11551_ses-01_task-socialdoors_run-1_events.tsv	3041bb1260096b0be91052722f647cebe468b171071b16ca75c185ba8cdf15e8	40	40	true	2	0.05	0.95	23	40	1	23	1	40	326.629401	4.583639	39	1	0.025641	0.975	false	false	false	pass		......................M................M
11551	01	trust	1	bids/sub-11551/ses-01/func/sub-11551_ses-01_task-trust_run-1_events.tsv	5f3da3204f72833e59696587563524825d8afef96b422d0e87b434cd2cf59e03	42	42	true	0	0	1			0		0				42	0	0	1	false	false	false	pass		..........................................
11551	01	trust	2	bids/sub-11551/ses-01/func/sub-11551_ses-01_task-trust_run-2_events.tsv	37e42d294e7c8062a6d974d0b397f146eb855d9e7e9666e584b7781d8d1430bb	42	42	true	1	0.02381	0.97619	41	41	1	41	0				42	1	0.02381	1	false	false	false	pass		........................................M.
11551	01	ugr	1	bids/sub-11551/ses-01/func/sub-11551_ses-01_task-ugr_run-1_events.tsv	56d459776aadf1bc56ddb23bfb332974d79ed535c6711b34115b451dbd4366b9	48	48	true	0	0	1			0		0				48	0	0	1	false	false	false	pass		................................................
11551	01	ugr	2	bids/sub-11551/ses-01/func/sub-11551_ses-01_task-ugr_run-2_events.tsv	f0cbd535c060f5d4bc4da8fe572abb7518354e2900965b3735fe740fda888461	48	48	true	0	0	1			0		0				48	0	0	1	false	false	false	pass		................................................
11559	01	doors	1	bids/sub-11559/ses-01/func/sub-11559_ses-01_task-doors_run-1_events.tsv	88882506ed70e08fc86fca1ecd89a4de6a98942caac208a24a81bf79ce776bd3	40	40	true	0	0	1			0		0				40	0	0	1	false	false	false	pass		........................................
11559	01	sharedreward	1	bids/sub-11559/ses-01/func/sub-11559_ses-01_task-sharedreward_run-1_events.tsv	b6edd9025955ff109ef3330d36b07eb476133fe6df9f3b6e13b50fdc19cde173	54	54	true	4	0.074074	0.925926	1	52	3	1	0				54	4	0.074074	1	false	false	false	pass		MMM................................................M..
11559	01	sharedreward	2	bids/sub-11559/ses-01/func/sub-11559_ses-01_task-sharedreward_run-2_events.tsv	551364ce8ee78108d3120e34b2e867783a40fd6277852d82711af306cd58a47b	54	54	true	0	0	1			0		0				54	0	0	1	false	false	false	pass		......................................................
11559	01	socialdoors	1	bids/sub-11559/ses-01/func/sub-11559_ses-01_task-socialdoors_run-1_events.tsv	629d6d1316d0ba192ee0676d4e16d419adc7ca6c6ecb6fed022be082fe5d45e4	40	40	true	1	0.025	0.975	10	10	1	10	0				40	1	0.025	1	false	false	false	pass		.........M..............................
11559	01	trust	1	bids/sub-11559/ses-01/func/sub-11559_ses-01_task-trust_run-1_events.tsv	55846cb0b0415be0b9ef7fc5efe25577ef7526681a4b6059ee395e3a90726b3e	42	42	true	1	0.02381	0.97619	1	1	1	1	0				42	1	0.02381	1	false	false	false	pass		M.........................................
11559	01	trust	2	bids/sub-11559/ses-01/func/sub-11559_ses-01_task-trust_run-2_events.tsv	d915b0dd58faa19967c78eeb4cbc4f0807d44a401a863ee6797aa5c2199676bc	42	42	true	1	0.02381	0.97619	9	9	1	9	0				42	1	0.02381	1	false	false	false	pass		........M.................................
11559	01	ugr	1	bids/sub-11559/ses-01/func/sub-11559_ses-01_task-ugr_run-1_events.tsv	6750078fe8b406ae12350aca4218d7c6a12a982d1ffc42a512e5df0f8e8254c1	48	48	true	3	0.0625	0.9375	32	46	1	32	0				48	3	0.0625	1	false	false	false	pass		...............................M.........M...M..
11559	01	ugr	2	bids/sub-11559/ses-01/func/sub-11559_ses-01_task-ugr_run-2_events.tsv	6039f346383e97708ef314d1ccadd2acbb492ba9afe94fb3feff62bbfcc8de95	48	48	true	1	0.020833	0.979167	32	32	1	32	0				48	1	0.020833	1	false	false	false	pass		...............................M................
11560	01	doors	1	bids/sub-11560/ses-01/func/sub-11560_ses-01_task-doors_run-1_events.tsv	483a2a8e0d0c48bf58f58397de1d0475f19a5acc0d19bfb66d3cee253ca38723	40	40	true	0	0	1			0		0				40	0	0	1	false	false	false	pass		........................................
11560	01	sharedreward	1	bids/sub-11560/ses-01/func/sub-11560_ses-01_task-sharedreward_run-1_events.tsv	b586c1e2333af0694c5b7d7dbd04e7be6b2b6a0ed7fddef0d23a43b235db90a3	54	54	true	5	0.092593	0.907407	27	53	1	27	0				54	5	0.092593	1	false	false	false	pass		..........................M.M.....M....M............M.
11560	01	sharedreward	2	bids/sub-11560/ses-01/func/sub-11560_ses-01_task-sharedreward_run-2_events.tsv	4d88c7b0eba050b6aaf69383c67a19ce5d0804f0d50dbc5644f7ee4281d727d1	54	54	true	8	0.148148	0.851852	23	54	3	50	1	54	398.62396	4.21527	53	7	0.132075	0.981481	false	false	false	pass		......................M......M.....M........M....MMM.M
11560	01	socialdoors	1	bids/sub-11560/ses-01/func/sub-11560_ses-01_task-socialdoors_run-1_events.tsv	8d1e5e27de990c55758b5614dc21dc2b7566c824df613be8208500e889cd02ef	40	40	true	0	0	1			0		0				40	0	0	1	false	false	false	pass		........................................
11560	01	trust	1	bids/sub-11560/ses-01/func/sub-11560_ses-01_task-trust_run-1_events.tsv	8eb4c33dd1850234305a46ac5c7a8872f3fab5bf289bd0b8aa7abd9bd08dcaa5	42	42	true	0	0	1			0		0				42	0	0	1	false	false	false	pass		..........................................
11560	01	trust	2	bids/sub-11560/ses-01/func/sub-11560_ses-01_task-trust_run-2_events.tsv	a4316568af9f3958e2348d6016e9dbaec1a4e9811d79a608228241abc72a5b20	42	42	true	0	0	1			0		0				42	0	0	1	false	false	false	pass		..........................................
11560	01	ugr	1	bids/sub-11560/ses-01/func/sub-11560_ses-01_task-ugr_run-1_events.tsv	54b38dada9dc7c767c422589f9934db1a10584fb572a208e01cef80d2e869e4a	48	48	true	1	0.020833	0.979167	8	8	1	8	0				48	1	0.020833	1	false	false	false	pass		.......M........................................
11560	01	ugr	2	bids/sub-11560/ses-01/func/sub-11560_ses-01_task-ugr_run-2_events.tsv	f5e8044b01f587b654c885c0565b454c7e7efa59e94d8befd4c205af9ba7468f	48	48	true	1	0.020833	0.979167	8	8	1	8	0				48	1	0.020833	1	false	false	false	pass		.......M........................................
11563	01	doors	1	bids/sub-11563/ses-01/func/sub-11563_ses-01_task-doors_run-1_events.tsv	1cf6642de4ea32c32dee56cc5cb445637c1a692d5cd6b811b9091952e1031a1f	40	40	true	0	0	1			0		0				40	0	0	1	false	false	false	pass		........................................
11563	01	sharedreward	1	bids/sub-11563/ses-01/func/sub-11563_ses-01_task-sharedreward_run-1_events.tsv	106be4a360260224fcd1b34e4ce4c15f83ca99575938f7649910f4fc3113bd29	54	54	true	0	0	1			0		0				54	0	0	1	false	false	false	pass		......................................................
11563	01	sharedreward	2	bids/sub-11563/ses-01/func/sub-11563_ses-01_task-sharedreward_run-2_events.tsv	303f4a6110abefb57cc07131cfe9724c5b06d274a511a3b637df361807bdfb4b	54	54	true	0	0	1			0		0				54	0	0	1	false	false	false	pass		......................................................
11563	01	socialdoors	1	bids/sub-11563/ses-01/func/sub-11563_ses-01_task-socialdoors_run-1_events.tsv	7e401fbac5bec5f56510d62109e24d5875a2578f6fbde81bd432934e714dda87	40	40	true	0	0	1			0		0				40	0	0	1	false	false	false	pass		........................................
11563	01	trust	1	bids/sub-11563/ses-01/func/sub-11563_ses-01_task-trust_run-1_events.tsv	fbefb16993b2ac010399c689bdbde5ab8f5d8d7e38408ae8e6c47b564f463eba	42	42	true	0	0	1			0		0				42	0	0	1	false	false	false	pass		..........................................
11563	01	trust	2	bids/sub-11563/ses-01/func/sub-11563_ses-01_task-trust_run-2_events.tsv	339e35413a8a7db368d8d55d18b8b2c8e7f32c754a2401530b3f1688e1c9ccbf	42	42	true	0	0	1			0		0				42	0	0	1	false	false	false	pass		..........................................
11563	01	ugr	1	bids/sub-11563/ses-01/func/sub-11563_ses-01_task-ugr_run-1_events.tsv	9e2508b5633fd879596703770bc67993fb2d6a9fcb845518d5beb74d495f3deb	48	48	true	0	0	1			0		0				48	0	0	1	false	false	false	pass		................................................
11563	01	ugr	2	bids/sub-11563/ses-01/func/sub-11563_ses-01_task-ugr_run-2_events.tsv	686e034e2e8b5867e40bf2217622f221b1dc3d9685e2a663e9f8bbef3dde66e7	48	48	true	0	0	1			0		0				48	0	0	1	false	false	false	pass		................................................
11565	01	doors	1	bids/sub-11565/ses-01/func/sub-11565_ses-01_task-doors_run-1_events.tsv	71f03b254f8dd1a663e733551515a6d7ef558653fbacfeaeb7fb55f413e89ded	40	40	true	1	0.025	0.975	23	23	1	23	0				40	1	0.025	1	false	false	false	pass		......................M.................
11565	01	socialdoors	1	bids/sub-11565/ses-01/func/sub-11565_ses-01_task-socialdoors_run-1_events.tsv	1adde5da89496899c74a835fad848d1362808f1f4020efcb354aded2fcc6f105	40	40	true	0	0	1			0		0				40	0	0	1	false	false	false	pass		........................................
11565	01	trust	1	bids/sub-11565/ses-01/func/sub-11565_ses-01_task-trust_run-1_events.tsv	1809fb4eb65beaaf013eb498292cba2c5179ed4f869bbf03378db9c8472fa915	42	42	true	1	0.02381	0.97619	30	30	1	30	0				42	1	0.02381	1	false	false	false	pass		.............................M............
11565	01	trust	2	bids/sub-11565/ses-01/func/sub-11565_ses-01_task-trust_run-2_events.tsv	b2b8fc8906384455bbd3456dd855ddcd759b63bd566a9411343ea29de460a2b7	42	42	true	0	0	1			0		0				42	0	0	1	false	false	false	pass		..........................................
11565	01	ugr	1	bids/sub-11565/ses-01/func/sub-11565_ses-01_task-ugr_run-1_events.tsv	cb2cbf8dd7537b5712e9187dec2def190aa5c3edb77131314607f571a1b39ec1	48	48	true	0	0	1			0		0				48	0	0	1	false	false	false	pass		................................................
11565	01	ugr	2	bids/sub-11565/ses-01/func/sub-11565_ses-01_task-ugr_run-2_events.tsv	a8da8fdf1cb5b3197fe94be92d2fc6e875f6fda8274fdfff8a8c67d4d4e9f90d	48	48	true	0	0	1			0		0				48	0	0	1	false	false	false	pass		................................................
11570	01	doors	1	bids/sub-11570/ses-01/func/sub-11570_ses-01_task-doors_run-1_events.tsv	2a1e376c31a806f3a815b17ad6d1bba9d6c7548acf610e247b9ff7bb5f5ad051	40	40	true	0	0	1			0		0				40	0	0	1	false	false	false	pass		........................................
11570	01	sharedreward	1	bids/sub-11570/ses-01/func/sub-11570_ses-01_task-sharedreward_run-1_events.tsv	5aedef5074503396fa71c566ff97fa3192f8c474c42bd2aae238aa03c836394a	54	54	true	0	0	1			0		0				54	0	0	1	false	false	false	pass		......................................................
11570	01	sharedreward	2	bids/sub-11570/ses-01/func/sub-11570_ses-01_task-sharedreward_run-2_events.tsv	89228e3ed6396ca7e30108114802a1adac8fa7533bd96f86f2a5d70067610bc8	54	54	true	0	0	1			0		0				54	0	0	1	false	false	false	pass		......................................................
11570	01	socialdoors	1	bids/sub-11570/ses-01/func/sub-11570_ses-01_task-socialdoors_run-1_events.tsv	a53f1086b1266922765e6244d21389e19fcd9965c4fec3fac8716c3f4c6db8d0	40	40	true	0	0	1			0		0				40	0	0	1	false	false	false	pass		........................................
11570	01	trust	1	bids/sub-11570/ses-01/func/sub-11570_ses-01_task-trust_run-1_events.tsv	254ce5b51e2ff24ce2f401328431d4d448fad0874f9f6e9660fe281968e598a7	42	42	true	0	0	1			0		0				42	0	0	1	false	false	false	pass		..........................................
11570	01	trust	2	bids/sub-11570/ses-01/func/sub-11570_ses-01_task-trust_run-2_events.tsv	50a111c79c640bc357c4e0c4a0ff52bffcebf11b7bbdf608827d665b0d2bf352	42	42	true	0	0	1			0		0				42	0	0	1	false	false	false	pass		..........................................
11570	01	ugr	1	bids/sub-11570/ses-01/func/sub-11570_ses-01_task-ugr_run-1_events.tsv	9e402fb6f0aa52e6fd3c2fb2c5fe97a47586bf54cc188f013f7e5013e2b2df63	48	48	true	0	0	1			0		0				48	0	0	1	false	false	false	pass		................................................
11570	01	ugr	2	bids/sub-11570/ses-01/func/sub-11570_ses-01_task-ugr_run-2_events.tsv	be16a3dcb458a8f32ced30dec125c598d1341b6fdd00285f4376f726fc6e5288	48	48	true	0	0	1			0		0				48	0	0	1	false	false	false	pass		................................................
11572	01	doors	1	bids/sub-11572/ses-01/func/sub-11572_ses-01_task-doors_run-1_events.tsv	f75ec2ef65371673eee42f3a404b8d1b862968e5abfe7ed3d46922ff33db6232	40	40	true	0	0	1			0		0				40	0	0	1	false	false	false	pass		........................................
11572	01	sharedreward	1	bids/sub-11572/ses-01/func/sub-11572_ses-01_task-sharedreward_run-1_events.tsv	fa17ff17b9b60bfa3432cfd93991bb9a29b4549014ca1e5676dbeeb5e8894a6c	54	54	true	0	0	1			0		0				54	0	0	1	false	false	false	pass		......................................................
11572	01	sharedreward	2	bids/sub-11572/ses-01/func/sub-11572_ses-01_task-sharedreward_run-2_events.tsv	125563cf119ccd66a90eca1b4286b5aeb05b41026d7afca6aeddda57c4fac297	54	54	true	0	0	1			0		0				54	0	0	1	false	false	false	pass		......................................................
11572	01	socialdoors	1	bids/sub-11572/ses-01/func/sub-11572_ses-01_task-socialdoors_run-1_events.tsv	10e03af83824019064f5f0176cffa45d101731cfdc7f1c5afd2ea9c0091d9397	40	40	true	0	0	1			0		0				40	0	0	1	false	false	false	pass		........................................
11572	01	trust	1	bids/sub-11572/ses-01/func/sub-11572_ses-01_task-trust_run-1_events.tsv	9d158e3c9b1671e828feeaf3d4635d57a681ccff93270574c56341bbc3fcaaea	42	42	true	0	0	1			0		0				42	0	0	1	false	false	false	pass		..........................................
11572	01	trust	2	bids/sub-11572/ses-01/func/sub-11572_ses-01_task-trust_run-2_events.tsv	48c8419570627630ebca7e4fd4731e4eded91c2cf3cebd560bbb13b4fd484f5a	42	42	true	0	0	1			0		0				42	0	0	1	false	false	false	pass		..........................................
11572	01	ugr	1	bids/sub-11572/ses-01/func/sub-11572_ses-01_task-ugr_run-1_events.tsv	c719a3186f224293626dc0c25d0f364c8b3ad2fbc39b64d68e34d2e4c4358efd	48	48	true	0	0	1			0		0				48	0	0	1	false	false	false	pass		................................................
11572	01	ugr	2	bids/sub-11572/ses-01/func/sub-11572_ses-01_task-ugr_run-2_events.tsv	9cbed96cdce4d3ece6204ab643e4ad95e41099fd1bebbf55a38e938036830866	48	48	true	0	0	1			0		0				48	0	0	1	false	false	false	pass		................................................
11579	01	doors	1	bids/sub-11579/ses-01/func/sub-11579_ses-01_task-doors_run-1_events.tsv	e6c5e757dd56b0a9df0eca045f6450c5886b72a162139b4f036436d1e9123cc5	40	40	true	0	0	1			0		0				40	0	0	1	false	false	false	pass		........................................
11579	01	sharedreward	1	bids/sub-11579/ses-01/func/sub-11579_ses-01_task-sharedreward_run-1_events.tsv	5538bed6dcbd81c044cf3f4eda185954b6317015247a8e666d73775b2f9a0222	54	54	true	0	0	1			0		0				54	0	0	1	false	false	false	pass		......................................................
11579	01	sharedreward	2	bids/sub-11579/ses-01/func/sub-11579_ses-01_task-sharedreward_run-2_events.tsv	89b3b5b8bd202af8227c710a6c95ebd311052b35e6f2b04d7d74884114a45154	54	54	true	0	0	1			0		0				54	0	0	1	false	false	false	pass		......................................................
11579	01	socialdoors	1	bids/sub-11579/ses-01/func/sub-11579_ses-01_task-socialdoors_run-1_events.tsv	d04f41e8e770bbc2d4b92bca657bc99c38245fbe015507e7fc18667699adf24c	40	40	true	0	0	1			0		0				40	0	0	1	false	false	false	pass		........................................
11579	01	trust	1	bids/sub-11579/ses-01/func/sub-11579_ses-01_task-trust_run-1_events.tsv	63a718975fc0ee5cf97119beb8f4cd044750bce31674d0dd1e9ac35e8372e4bb	42	42	true	0	0	1			0		0				42	0	0	1	false	false	false	pass		..........................................
11579	01	trust	2	bids/sub-11579/ses-01/func/sub-11579_ses-01_task-trust_run-2_events.tsv	629f0890e60bdb15bb8eb07e7d55992f0f0ff5b471c7dcbf3abfab084db1cf11	42	42	true	0	0	1			0		0				42	0	0	1	false	false	false	pass		..........................................
11579	01	ugr	1	bids/sub-11579/ses-01/func/sub-11579_ses-01_task-ugr_run-1_events.tsv	2afc78f5c53a67aaa13194fe039ff49d9280762e0c32fd821f752d4d80453422	48	48	true	0	0	1			0		0				48	0	0	1	false	false	false	pass		................................................
11579	01	ugr	2	bids/sub-11579/ses-01/func/sub-11579_ses-01_task-ugr_run-2_events.tsv	e065e1068491a46954d2849bbe93af3f2c6d30fb8f0082f972aaf2419e6bcad6	48	48	true	0	0	1			0		0				48	0	0	1	false	false	false	pass		................................................
11586	01	doors	1	bids/sub-11586/ses-01/func/sub-11586_ses-01_task-doors_run-1_events.tsv	780680bdb2844233eec107c3e65a96890da57cc5acba489d075b74771a57ed23	40	40	true	0	0	1			0		0				40	0	0	1	false	false	false	pass		........................................
11586	01	sharedreward	1	bids/sub-11586/ses-01/func/sub-11586_ses-01_task-sharedreward_run-1_events.tsv	f95c7227c4531858e0326f6c873f6eda2ca2e9b22816b76098cab316a57afcff	54	54	true	0	0	1			0		0				54	0	0	1	false	false	false	pass		......................................................
11586	01	socialdoors	1	bids/sub-11586/ses-01/func/sub-11586_ses-01_task-socialdoors_run-1_events.tsv	93744c6d1f0606060deb9b2da96dbec2fb9238b258e3328009d07ff3a967972c	40	40	true	1	0.025	0.975	10	10	1	10	0				40	1	0.025	1	false	false	false	pass		.........M..............................
11586	01	trust	1	bids/sub-11586/ses-01/func/sub-11586_ses-01_task-trust_run-1_events.tsv	9db3cd7c22a7001299cc60dff3511afbd4e64a9eb3f55f4a6b4af2f6a50714b4	42	42	true	1	0.02381	0.97619	1	1	1	1	0				42	1	0.02381	1	false	false	false	pass		M.........................................
11586	01	ugr	1	bids/sub-11586/ses-01/func/sub-11586_ses-01_task-ugr_run-1_events.tsv	315c0308246b403f5e0d751852c281ca62bc3bdf81f67c33b7abe45f51d99cc6	48	48	true	0	0	1			0		0				48	0	0	1	false	false	false	pass		................................................
11587	01	doors	1	bids/sub-11587/ses-01/func/sub-11587_ses-01_task-doors_run-1_events.tsv	d8f71ba9a88ed66fc0abed39e5841213e22aa29e5e6be14961353c9aa54ee5ad	40	40	true	1	0.025	0.975	28	28	1	28	0				40	1	0.025	1	false	false	false	pass		...........................M............
11587	01	sharedreward	1	bids/sub-11587/ses-01/func/sub-11587_ses-01_task-sharedreward_run-1_events.tsv	52b5d4b50a695f4a9703b77e6ee662a57866f71fb6304465e68845601d71efe0	54	54	true	0	0	1			0		0				54	0	0	1	false	false	false	pass		......................................................
11587	01	sharedreward	2	bids/sub-11587/ses-01/func/sub-11587_ses-01_task-sharedreward_run-2_events.tsv	2742baeb376fcccb22570186c8e1027dfcb27559fdf7428cf007d8d66a8badd6	54	54	true	0	0	1			0		0				54	0	0	1	false	false	false	pass		......................................................
11587	01	socialdoors	1	bids/sub-11587/ses-01/func/sub-11587_ses-01_task-socialdoors_run-1_events.tsv	a81ab15e3151d0393ca41b10626e966a7284f088cecabbda30e665a0841530d9	40	40	true	0	0	1			0		0				40	0	0	1	false	false	false	pass		........................................
11587	01	trust	1	bids/sub-11587/ses-01/func/sub-11587_ses-01_task-trust_run-1_events.tsv	1bf1aebbd578585f90eee1a4fbb6e64992b9591c641c7908f56243697249ba2c	42	42	true	0	0	1			0		0				42	0	0	1	false	false	false	pass		..........................................
11587	01	trust	2	bids/sub-11587/ses-01/func/sub-11587_ses-01_task-trust_run-2_events.tsv	08cd679993f6ac64e34799fd629f94ef4b980dac59d8e1280665763d76566cad	42	42	true	0	0	1			0		0				42	0	0	1	false	false	false	pass		..........................................
11587	01	ugr	1	bids/sub-11587/ses-01/func/sub-11587_ses-01_task-ugr_run-1_events.tsv	046b512f5287fbea81663bab5c8f8161062bc77049e9168e850ade3a1553ddf0	48	48	true	0	0	1			0		0				48	0	0	1	false	false	false	pass		................................................
11587	01	ugr	2	bids/sub-11587/ses-01/func/sub-11587_ses-01_task-ugr_run-2_events.tsv	65111747fa3be055589dc1352bc61a8906ca4f277c27824d35104f448a0018f6	48	48	true	0	0	1			0		0				48	0	0	1	false	false	false	pass		................................................
11588	01	doors	1	bids/sub-11588/ses-01/func/sub-11588_ses-01_task-doors_run-1_events.tsv	ef563b8970dd34db70f38edccf1bd6a254dd1e7971055b5d786398d110606472	40	40	true	0	0	1			0		0				40	0	0	1	false	false	false	pass		........................................
11588	01	sharedreward	1	bids/sub-11588/ses-01/func/sub-11588_ses-01_task-sharedreward_run-1_events.tsv	b5ad5fa8aad7983c417546bf9cb7374b1e58f829cecccc8bea5f6c21852eecbc	54	54	true	0	0	1			0		0				54	0	0	1	false	false	false	pass		......................................................
11588	01	sharedreward	2	bids/sub-11588/ses-01/func/sub-11588_ses-01_task-sharedreward_run-2_events.tsv	ade680c4019e6a41697653d459650146fc705eb3a9731b5c15934cbbe41ea91d	54	54	true	0	0	1			0		0				54	0	0	1	false	false	false	pass		......................................................
11588	01	socialdoors	1	bids/sub-11588/ses-01/func/sub-11588_ses-01_task-socialdoors_run-1_events.tsv	e9631784998a992774e7fcd9971b85fd97043dd469373d1d1dc240a1ab23041d	40	40	true	0	0	1			0		0				40	0	0	1	false	false	false	pass		........................................
11588	01	trust	1	bids/sub-11588/ses-01/func/sub-11588_ses-01_task-trust_run-1_events.tsv	f7353f764839f995dbceab912a1ab94175fe693276d1c8b0acb210ea7d832bae	42	42	true	0	0	1			0		0				42	0	0	1	false	false	false	pass		..........................................
11588	01	trust	2	bids/sub-11588/ses-01/func/sub-11588_ses-01_task-trust_run-2_events.tsv	95f9a31d571062f2c42e0d8e02f269b9170126f96ad9ab3fa54a09f7f27eba87	42	42	true	0	0	1			0		0				42	0	0	1	false	false	false	pass		..........................................
11588	01	ugr	1	bids/sub-11588/ses-01/func/sub-11588_ses-01_task-ugr_run-1_events.tsv	7ab99853dfcb5c140f66feecbc3aa13c9154b2c48c95ecfd14893690c98bfd9b	48	48	true	0	0	1			0		0				48	0	0	1	false	false	false	pass		................................................
11588	01	ugr	2	bids/sub-11588/ses-01/func/sub-11588_ses-01_task-ugr_run-2_events.tsv	26de3f4518a63ad762ff543302520ea22920f94e626c7db9a2f92718b2a57071	48	48	true	0	0	1			0		0				48	0	0	1	false	false	false	pass		................................................
11591	01	doors	1	bids/sub-11591/ses-01/func/sub-11591_ses-01_task-doors_run-1_events.tsv	a509b360ccc308ad33da3b80e3946d53955710f5bae75da2d40ed044bc32806a	40	40	true	0	0	1			0		0				40	0	0	1	false	false	false	pass		........................................
11591	01	sharedreward	1	bids/sub-11591/ses-01/func/sub-11591_ses-01_task-sharedreward_run-1_events.tsv	fba8b2624c4b8238751d97709e3bf01542008b841d0031ef55befbe95591be4c	54	54	true	1	0.018519	0.981481	24	24	1	24	0				54	1	0.018519	1	false	false	false	pass		.......................M..............................
11591	01	sharedreward	2	bids/sub-11591/ses-01/func/sub-11591_ses-01_task-sharedreward_run-2_events.tsv	da0c1fc9fe18d6ede49db0960f5bbbf96ba67df9a6de751b5540abc73d28f89c	54	54	true	2	0.037037	0.962963	16	45	1	16	0				54	2	0.037037	1	false	false	false	pass		...............M............................M.........
11591	01	socialdoors	1	bids/sub-11591/ses-01/func/sub-11591_ses-01_task-socialdoors_run-1_events.tsv	6d874609b39ed9aaa0d84d8075ab905074e133395900b028f2c053fe57b005a1	40	40	true	0	0	1			0		0				40	0	0	1	false	false	false	pass		........................................
11591	01	trust	1	bids/sub-11591/ses-01/func/sub-11591_ses-01_task-trust_run-1_events.tsv	b3a63f27dca7fc061d35a8294329bc2ddff92b8c14f3d6721619a8d3ea13e111	42	42	true	0	0	1			0		0				42	0	0	1	false	false	false	pass		..........................................
11591	01	trust	2	bids/sub-11591/ses-01/func/sub-11591_ses-01_task-trust_run-2_events.tsv	3cdc82387036d74b24bd8e36135875489aa4b7923c5526eab0b003c3f629bdbf	42	42	true	0	0	1			0		0				42	0	0	1	false	false	false	pass		..........................................
11591	01	ugr	1	bids/sub-11591/ses-01/func/sub-11591_ses-01_task-ugr_run-1_events.tsv	3a345bad7a12281304f063f5f48220e7d1db2f9b6bf289528d4a91f042ae5df0	48	48	true	0	0	1			0		0				48	0	0	1	false	false	false	pass		................................................
11591	01	ugr	2	bids/sub-11591/ses-01/func/sub-11591_ses-01_task-ugr_run-2_events.tsv	b6b29bc6ba319a14b20064495766b98f2f975522e73302038872060e1ae3eee5	48	48	true	3	0.0625	0.9375	37	44	1	37	0				48	3	0.0625	1	false	false	false	pass		....................................M....M.M....
11597	01	doors	1	bids/sub-11597/ses-01/func/sub-11597_ses-01_task-doors_run-1_events.tsv	ae0ea8904d471b0d62a59b49a7ae2eb9f1c8511c3f5090e620a729969490a0be	40	40	true	0	0	1			0		0				40	0	0	1	false	false	false	pass		........................................
11597	01	sharedreward	1	bids/sub-11597/ses-01/func/sub-11597_ses-01_task-sharedreward_run-1_events.tsv	38678777287db09bd339f671e768d7dde46adbf982d187689f6bc65005f5c649	54	54	true	0	0	1			0		0				54	0	0	1	false	false	false	pass		......................................................
11597	01	sharedreward	2	bids/sub-11597/ses-01/func/sub-11597_ses-01_task-sharedreward_run-2_events.tsv	409be2cc4ef9b76a806a048ed8783911f189dbc27ac83cacc02882b326e0940b	54	54	true	0	0	1			0		0				54	0	0	1	false	false	false	pass		......................................................
11597	01	socialdoors	1	bids/sub-11597/ses-01/func/sub-11597_ses-01_task-socialdoors_run-1_events.tsv	06969f55085f6520d5050a251324c5992fb04c304b00cb6709c5c8b58e5200a5	40	40	true	1	0.025	0.975	12	12	1	12	0				40	1	0.025	1	false	false	false	pass		...........M............................
11597	01	trust	1	bids/sub-11597/ses-01/func/sub-11597_ses-01_task-trust_run-1_events.tsv	6d9f46e6d101909f1c359325db98ab21dffd240a6015912a80490e9e837069e7	42	42	true	3	0.071429	0.928571	1	41	1	1	0				42	3	0.071429	1	false	false	false	pass		M....................M..................M.
11597	01	trust	2	bids/sub-11597/ses-01/func/sub-11597_ses-01_task-trust_run-2_events.tsv	234fd791fdc7522c567bcc63f8c08a1dd11492beade36abf26b3d68145674780	42	42	true	0	0	1			0		0				42	0	0	1	false	false	false	pass		..........................................
11597	01	ugr	1	bids/sub-11597/ses-01/func/sub-11597_ses-01_task-ugr_run-1_events.tsv	458ebfb3ee8fc8457bb50e2aec182536eb4db465fa2ae4278d726b815a987bfa	48	48	true	0	0	1			0		0				48	0	0	1	false	false	false	pass		................................................
11597	01	ugr	2	bids/sub-11597/ses-01/func/sub-11597_ses-01_task-ugr_run-2_events.tsv	b4cf8251a040b6ac4fd64f794be7c54b50c5d884c97a56a39d591d83a539e5d0	48	48	true	0	0	1			0		0				48	0	0	1	false	false	false	pass		................................................
11598	01	doors	1	bids/sub-11598/ses-01/func/sub-11598_ses-01_task-doors_run-1_events.tsv	1494f24012bddf35da18cf60a6fa8b0bced5fa327ff310f2ed300af52d2a83b7	40	40	true	3	0.075	0.925	7	29	1	7	0				40	3	0.075	1	false	false	false	pass		......M..............M......M...........
11598	01	sharedreward	1	bids/sub-11598/ses-01/func/sub-11598_ses-01_task-sharedreward_run-1_events.tsv	38439aa01d04fcc3b5114398c9005d2275d5b40060c16c1be8321fad9301898f	54	54	true	0	0	1			0		0				54	0	0	1	false	false	false	pass		......................................................
11598	01	sharedreward	2	bids/sub-11598/ses-01/func/sub-11598_ses-01_task-sharedreward_run-2_events.tsv	7aa42b46ff03b0c36172748cc8fc0367177c4b2e8a97bc3578784b305f29018b	54	54	true	3	0.055556	0.944444	25	51	1	25	0				54	3	0.055556	1	false	false	false	pass		........................M..............M..........M...
11598	01	socialdoors	1	bids/sub-11598/ses-01/func/sub-11598_ses-01_task-socialdoors_run-1_events.tsv	6e61fc506e2267c0f9a4f8f574366a4c3fd66ffecaa0e830aed2ae8a59edf953	40	40	true	2	0.05	0.95	27	38	1	27	0				40	2	0.05	1	false	false	false	pass		..........................M..........M..
11598	01	trust	1	bids/sub-11598/ses-01/func/sub-11598_ses-01_task-trust_run-1_events.tsv	cb5532fd2ad1178bec70aaebe8fe9f75d02cf82a4cd4d2efceeae7b949438c99	42	42	true	1	0.02381	0.97619	1	1	1	1	0				42	1	0.02381	1	false	false	false	pass		M.........................................
11598	01	trust	2	bids/sub-11598/ses-01/func/sub-11598_ses-01_task-trust_run-2_events.tsv	012ba2f06e1d4a55a7933274ad11173ecaf8c09fb1dab80f9f4db70d14ecc6e4	42	42	true	0	0	1			0		0				42	0	0	1	false	false	false	pass		..........................................
11598	01	ugr	1	bids/sub-11598/ses-01/func/sub-11598_ses-01_task-ugr_run-1_events.tsv	6797e1bfe84e37105cbc93e806d2fb4d961fa8b14a0296e07c05e71f98890067	48	48	true	3	0.0625	0.9375	16	24	2	16	0				48	3	0.0625	1	false	false	false	pass		...............MM......M........................
11598	01	ugr	2	bids/sub-11598/ses-01/func/sub-11598_ses-01_task-ugr_run-2_events.tsv	08db3ee03106178f1f0c9366ad7b3e9c241ea4e8c46ba7cc05f8ce83918e5651	48	48	true	2	0.041667	0.958333	19	35	1	19	0				48	2	0.041667	1	false	false	false	pass		..................M...............M.............
11599	01	doors	1	bids/sub-11599/ses-01/func/sub-11599_ses-01_task-doors_run-1_events.tsv	94fd223c80f84171b5616f548246b253798d8d0cc83374ce6494766452b6fe61	40	40	true	0	0	1			0		0				40	0	0	1	false	false	false	pass		........................................
11599	01	sharedreward	1	bids/sub-11599/ses-01/func/sub-11599_ses-01_task-sharedreward_run-1_events.tsv	20be655875404a0346803da0f90673911825b4ccf33398163b7a0ac2760fc0ef	54	54	true	0	0	1			0		0				54	0	0	1	false	false	false	pass		......................................................
11599	01	sharedreward	2	bids/sub-11599/ses-01/func/sub-11599_ses-01_task-sharedreward_run-2_events.tsv	e05622aa59cec624eef58361426772c3cb64ba863eed6e1c4cb669b0ba9052b7	54	54	true	1	0.018519	0.981481	49	49	1	49	0				54	1	0.018519	1	false	false	false	pass		................................................M.....
11599	01	socialdoors	1	bids/sub-11599/ses-01/func/sub-11599_ses-01_task-socialdoors_run-1_events.tsv	4c854a45329474a552ded080af5be71a402e8108add57c372a8c34307d092d2c	40	40	true	0	0	1			0		0				40	0	0	1	false	false	false	pass		........................................
11599	01	trust	1	bids/sub-11599/ses-01/func/sub-11599_ses-01_task-trust_run-1_events.tsv	02dc9d4642185087b1dd674f22d464c5a5ee17efce86baa164672d3af91d8dba	42	42	true	1	0.02381	0.97619	1	1	1	1	0				42	1	0.02381	1	false	false	false	pass		M.........................................
11599	01	trust	2	bids/sub-11599/ses-01/func/sub-11599_ses-01_task-trust_run-2_events.tsv	8fde0aa51dc18e7e0d6fe9dd6baaf65a57843ef01c3f93b085b19f3880263be7	42	42	true	0	0	1			0		0				42	0	0	1	false	false	false	pass		..........................................
11599	01	ugr	1	bids/sub-11599/ses-01/func/sub-11599_ses-01_task-ugr_run-1_events.tsv	f1f3870dc6abd86586f630c7a78b9d3dda932a4801f587a337431f285232cbe8	48	48	true	0	0	1			0		0				48	0	0	1	false	false	false	pass		................................................
11599	01	ugr	2	bids/sub-11599/ses-01/func/sub-11599_ses-01_task-ugr_run-2_events.tsv	b30920a4139665939aa989cb86ab6724269cbce1a389209635d93b12613f3b6a	48	48	true	1	0.020833	0.979167	15	15	1	15	0				48	1	0.020833	1	false	false	false	pass		..............M.................................
11600	01	doors	1	bids/sub-11600/ses-01/func/sub-11600_ses-01_task-doors_run-1_events.tsv	1e2b21498c4f0cdd5c5a32d90605cffce9c5ec8f61d342592cba8350dc87dcbb	40	40	true	0	0	1			0		0				40	0	0	1	false	false	false	pass		........................................
11600	01	sharedreward	1	bids/sub-11600/ses-01/func/sub-11600_ses-01_task-sharedreward_run-1_events.tsv	a1ee5bcbc238e3bbac153481fc21a682f764412ebb0cee26010bb049ea230410	54	54	true	0	0	1			0		0				54	0	0	1	false	false	false	pass		......................................................
11600	01	sharedreward	2	bids/sub-11600/ses-01/func/sub-11600_ses-01_task-sharedreward_run-2_events.tsv	c2eca2e69d1c515c5ffabacbff6f013c9a48aed8bf0c9fcc43bb7be2c77e79c3	54	54	true	0	0	1			0		0				54	0	0	1	false	false	false	pass		......................................................
11600	01	socialdoors	1	bids/sub-11600/ses-01/func/sub-11600_ses-01_task-socialdoors_run-1_events.tsv	fb32c7a494c282e1ceca0d3c81b422a07b51e90d5075c3341d8caa1c5d0fed4a	40	40	true	0	0	1			0		0				40	0	0	1	false	false	false	pass		........................................
11600	01	trust	1	bids/sub-11600/ses-01/func/sub-11600_ses-01_task-trust_run-1_events.tsv	b1d3ed5ddfb0184fe1f7494517e5426da2860a9e794292eaabc06a08103447cb	42	42	true	0	0	1			0		0				42	0	0	1	false	false	false	pass		..........................................
11600	01	trust	2	bids/sub-11600/ses-01/func/sub-11600_ses-01_task-trust_run-2_events.tsv	4acf7496c4135be45b2278dcbdfec859b235899151925738f0e0e60dc4643722	42	42	true	0	0	1			0		0				42	0	0	1	false	false	false	pass		..........................................
11600	01	ugr	1	bids/sub-11600/ses-01/func/sub-11600_ses-01_task-ugr_run-1_events.tsv	26625cd40dde9eaded8431fad730851af88eb7e549409d0514b60af9418b386b	48	48	true	0	0	1			0		0				48	0	0	1	false	false	false	pass		................................................
11600	01	ugr	2	bids/sub-11600/ses-01/func/sub-11600_ses-01_task-ugr_run-2_events.tsv	8c22d896251596cf66563136b3c7cc5333a60740e7999fb49ab1489d45e0c7ef	48	48	true	0	0	1			0		0				48	0	0	1	false	false	false	pass		................................................
11606	01	doors	1	bids/sub-11606/ses-01/func/sub-11606_ses-01_task-doors_run-1_events.tsv	35c2550f3609046f79afc4812fcc4d4b0f4f5bb3ee230b2113261bffb8e391cf	40	40	true	0	0	1			0		0				40	0	0	1	false	false	false	pass		........................................
11606	01	sharedreward	1	bids/sub-11606/ses-01/func/sub-11606_ses-01_task-sharedreward_run-1_events.tsv	b7c58eda933596746ec1b0a3f7fc3e82fc76d04b0ca572bcc9077e4dc7da7cfe	54	54	true	1	0.018519	0.981481	1	1	1	1	0				54	1	0.018519	1	false	false	false	pass		M.....................................................
11606	01	sharedreward	2	bids/sub-11606/ses-01/func/sub-11606_ses-01_task-sharedreward_run-2_events.tsv	e6d9a6843f46b9f6b3ef5fb6031c46848058c5d89f95b545aab11bbb88747ad8	54	54	true	0	0	1			0		0				54	0	0	1	false	false	false	pass		......................................................
11606	01	socialdoors	1	bids/sub-11606/ses-01/func/sub-11606_ses-01_task-socialdoors_run-1_events.tsv	510ab9491e47dfcdf8c31dad6548d50c938aaa3f8fb2f4ebed25d67c7e813cd2	40	40	true	0	0	1			0		0				40	0	0	1	false	false	false	pass		........................................
11606	01	trust	1	bids/sub-11606/ses-01/func/sub-11606_ses-01_task-trust_run-1_events.tsv	ea43c0f6af78f0c6d9151f4f3489555dc471b4e1b7b5b3b62df370f892a47e9b	42	42	true	0	0	1			0		0				42	0	0	1	false	false	false	pass		..........................................
11606	01	trust	2	bids/sub-11606/ses-01/func/sub-11606_ses-01_task-trust_run-2_events.tsv	0a1db2d9ed3bf624577f5fed335af6f95f66d6d78c123e44c69adcee70b450bc	42	42	true	0	0	1			0		0				42	0	0	1	false	false	false	pass		..........................................
11606	01	ugr	1	bids/sub-11606/ses-01/func/sub-11606_ses-01_task-ugr_run-1_events.tsv	65ecfb4d666c0621607c9447aba7505521da09a01a14d69ed3225e070e44fb0a	48	48	true	0	0	1			0		0				48	0	0	1	false	false	false	pass		................................................
11606	01	ugr	2	bids/sub-11606/ses-01/func/sub-11606_ses-01_task-ugr_run-2_events.tsv	9f919cb84bf46f0b0175159097a706918c44310e4ef677bd3a5612aba59774e5	48	48	true	0	0	1			0		0				48	0	0	1	false	false	false	pass		................................................
11614	01	doors	1	bids/sub-11614/ses-01/func/sub-11614_ses-01_task-doors_run-1_events.tsv	e3b52ffd46f6a6a17cbd9c183372145494ad0ad4f1da947d0199bb3fcff33447	40	40	true	0	0	1			0		0				40	0	0	1	false	false	false	pass		........................................
11614	01	sharedreward	1	bids/sub-11614/ses-01/func/sub-11614_ses-01_task-sharedreward_run-1_events.tsv	c1223b1865f846190f9607635651afc615222ea6406566a066207f6829e64644	54	54	true	2	0.037037	0.962963	1	9	1	1	0				54	2	0.037037	1	false	false	false	pass		M.......M.............................................
11614	01	sharedreward	2	bids/sub-11614/ses-01/func/sub-11614_ses-01_task-sharedreward_run-2_events.tsv	21d44ca83a4b88b6c018023c93af93c02c9e8419fe957696a70fa029dbcbda4f	54	54	true	1	0.018519	0.981481	22	22	1	22	0				54	1	0.018519	1	false	false	false	pass		.....................M................................
11614	01	socialdoors	1	bids/sub-11614/ses-01/func/sub-11614_ses-01_task-socialdoors_run-1_events.tsv	190af306a72f8187208b631977c13535df51f14b97d3934ae4326b8531150d70	40	40	true	0	0	1			0		0				40	0	0	1	false	false	false	pass		........................................
11614	01	trust	1	bids/sub-11614/ses-01/func/sub-11614_ses-01_task-trust_run-1_events.tsv	9f890b2a4fd4c886f5348aac690fe6d148e9ca9604006198aad40b6aff4cb385	42	42	true	2	0.047619	0.952381	1	17	1	1	0				42	2	0.047619	1	false	false	false	pass		M...............M.........................
11614	01	trust	2	bids/sub-11614/ses-01/func/sub-11614_ses-01_task-trust_run-2_events.tsv	d9f5a64a1910a42910a4ddb8b74b24409524b6541eebbf22164c1dad2e5c82fd	42	42	true	1	0.02381	0.97619	21	21	1	21	0				42	1	0.02381	1	false	false	false	pass		....................M.....................
11614	01	ugr	1	bids/sub-11614/ses-01/func/sub-11614_ses-01_task-ugr_run-1_events.tsv	878ba96df51333511ff8c916fbf5b095e13154f5e485a13dee9fcb13f8c306a0	48	48	true	0	0	1			0		0				48	0	0	1	false	false	false	pass		................................................
11614	01	ugr	2	bids/sub-11614/ses-01/func/sub-11614_ses-01_task-ugr_run-2_events.tsv	26a12b90a9e57c876f85946efc628877e7da93cb236220e541f1dfccce2dd3eb	48	48	true	0	0	1			0		0				48	0	0	1	false	false	false	pass		................................................
11622	01	doors	1	bids/sub-11622/ses-01/func/sub-11622_ses-01_task-doors_run-1_events.tsv	ea3f037d8840374b97289c4f20995722a217daa996a1ae124678ec9fee37bfbd	40	40	true	0	0	1			0		0				40	0	0	1	false	false	false	pass		........................................
11622	01	sharedreward	1	bids/sub-11622/ses-01/func/sub-11622_ses-01_task-sharedreward_run-1_events.tsv	f179e2cf8e82bead022058611c64ec5a919a0ab023685633d8b66ee539e4f4ff	54	54	true	0	0	1			0		0				54	0	0	1	false	false	false	pass		......................................................
11622	01	sharedreward	2	bids/sub-11622/ses-01/func/sub-11622_ses-01_task-sharedreward_run-2_events.tsv	9fdbbba427c598916d773e43b5ba07bd6fdf5c830a40120b0e0567f14f366db3	54	54	true	0	0	1			0		0				54	0	0	1	false	false	false	pass		......................................................
11622	01	socialdoors	1	bids/sub-11622/ses-01/func/sub-11622_ses-01_task-socialdoors_run-1_events.tsv	7de7b942b9fb0b297da16c6622e572db1c9775b496942a011080741955a9f0d5	40	40	true	0	0	1			0		0				40	0	0	1	false	false	false	pass		........................................
11622	01	trust	1	bids/sub-11622/ses-01/func/sub-11622_ses-01_task-trust_run-1_events.tsv	0142dffd6552968d8ec96c6a970d910f93a37f78349bfca86d59d86ad362d173	42	42	true	0	0	1			0		0				42	0	0	1	false	false	false	pass		..........................................
11622	01	trust	2	bids/sub-11622/ses-01/func/sub-11622_ses-01_task-trust_run-2_events.tsv	ef7bf268c48ec8260a386a214bef4d16f5db33c6d3f7cdc92e9cc553ee07f708	42	42	true	0	0	1			0		0				42	0	0	1	false	false	false	pass		..........................................
11622	01	ugr	1	bids/sub-11622/ses-01/func/sub-11622_ses-01_task-ugr_run-1_events.tsv	7cd0640e9f390f2442efee63161a85a9d6cf4df3aace86e5f29bdb886c3f8ee5	48	48	true	0	0	1			0		0				48	0	0	1	false	false	false	pass		................................................
11622	01	ugr	2	bids/sub-11622/ses-01/func/sub-11622_ses-01_task-ugr_run-2_events.tsv	3db2fa1b73213c12c4f33ea4e57c27f39c22c03f1471bae86eb9e0770c56e3bf	48	48	true	0	0	1			0		0				48	0	0	1	false	false	false	pass		................................................
11623	01	doors	1	bids/sub-11623/ses-01/func/sub-11623_ses-01_task-doors_run-1_events.tsv	526f8e978bb918a337034f229608853aa4ab4555af2fb3bc78e43f45d22dd189	40	40	true	0	0	1			0		0				40	0	0	1	false	false	false	pass		........................................
11623	01	sharedreward	1	bids/sub-11623/ses-01/func/sub-11623_ses-01_task-sharedreward_run-1_events.tsv	da3be02595c73f37c71d00ac2e9625d7f1c46bc9d96045924fbbda3a83ec9edd	54	54	true	0	0	1			0		0				54	0	0	1	false	false	false	pass		......................................................
11623	01	socialdoors	1	bids/sub-11623/ses-01/func/sub-11623_ses-01_task-socialdoors_run-1_events.tsv	c5acb4749cd811b1d5bd6ca5009b8019325b856a621fb9165a8c708ca15e8b18	40	40	true	0	0	1			0		0				40	0	0	1	false	false	false	pass		........................................
11623	01	trust	1	bids/sub-11623/ses-01/func/sub-11623_ses-01_task-trust_run-1_events.tsv	dd7d2b769222cd820d2fbd676557b47aee71535196729f32b8f54579a91c0e0c	42	42	true	1	0.02381	0.97619	2	2	1	2	0				42	1	0.02381	1	false	false	false	pass		.M........................................
11623	01	ugr	1	bids/sub-11623/ses-01/func/sub-11623_ses-01_task-ugr_run-1_events.tsv	f4c04a9e12d6d7a37e2378403a8b80d8399d222fd59f905e78272d83e2734535	48	48	true	0	0	1			0		0				48	0	0	1	false	false	false	pass		................................................
11623	01	ugr	2	bids/sub-11623/ses-01/func/sub-11623_ses-01_task-ugr_run-2_events.tsv	fdd3b9fe8538a0519920bad7965bf1ca119fccc2983de952f0d3bbbcd0322cdf	48	48	true	0	0	1			0		0				48	0	0	1	false	false	false	pass		................................................
11625	01	doors	1	bids/sub-11625/ses-01/func/sub-11625_ses-01_task-doors_run-1_events.tsv	b5271805f25ea4b9a4d48f1afd1b0d71d25103dd3957e729a87364e7ef4b35d4	40	40	true	1	0.025	0.975	15	15	1	15	0				40	1	0.025	1	false	false	false	pass		..............M.........................
11625	01	sharedreward	1	bids/sub-11625/ses-01/func/sub-11625_ses-01_task-sharedreward_run-1_events.tsv	f5aaa83fe11bb142eb482eb77f9ce0c9d9b5d74d8a83cd6dcb5247d9e3ae90ec	54	54	true	4	0.074074	0.925926	39	42	4	39	0				54	4	0.074074	1	false	false	false	pass		......................................MMMM............
11625	01	sharedreward	2	bids/sub-11625/ses-01/func/sub-11625_ses-01_task-sharedreward_run-2_events.tsv	74d48a3ccfa96570ee9c4649d2695e38832b1543d58d4c72d7fff084abab918d	54	54	true	9	0.166667	0.833333	9	49	3	9	0				54	9	0.166667	1	false	false	false	pass		........MMM..............M.....M.........M....MMM.....
11625	01	socialdoors	1	bids/sub-11625/ses-01/func/sub-11625_ses-01_task-socialdoors_run-1_events.tsv	78dbfe41ab89c28f8b3d17b7536c5321d204218686749b7259435ece75f1939e	40	40	true	0	0	1			0		0				40	0	0	1	false	false	false	pass		........................................
11625	01	trust	1	bids/sub-11625/ses-01/func/sub-11625_ses-01_task-trust_run-1_events.tsv	616ac694105d112cb64bff67c9f51f59cd0ac27af25efdcc88af1d6f45c5ac37	42	42	true	2	0.047619	0.952381	21	38	1	21	0				42	2	0.047619	1	false	false	false	pass		....................M................M....
11625	01	trust	2	bids/sub-11625/ses-01/func/sub-11625_ses-01_task-trust_run-2_events.tsv	9573617c926874ae08ef284e69458d902fe39b941c18042bfc9a5827fdce96e3	42	42	true	5	0.119048	0.880952	8	20	3	18	0				42	5	0.119048	1	false	false	false	pass		.......MM........MMM......................
11625	01	ugr	1	bids/sub-11625/ses-01/func/sub-11625_ses-01_task-ugr_run-1_events.tsv	a17d81d6e0f960d223b2e049f8606b6525b35940bee7529b42e36e5d21dfec78	48	48	true	0	0	1			0		0				48	0	0	1	false	false	false	pass		................................................
11625	01	ugr	2	bids/sub-11625/ses-01/func/sub-11625_ses-01_task-ugr_run-2_events.tsv	8fa9f72b3684bc029ae4dce5282b5a1093b52502d5f4940fbdd3cb95c2a2ed6a	48	48	true	6	0.125	0.875	10	37	5	10	0				48	6	0.125	1	false	false	false	pass		.........MMMMM......................M...........
11626	01	doors	1	bids/sub-11626/ses-01/func/sub-11626_ses-01_task-doors_run-1_events.tsv	ac1a33e5c368ee453a9d850b25b7d611bd3c406d6cc07ddb15060913d9469106	40	40	true	1	0.025	0.975	12	12	1	12	0				40	1	0.025	1	false	false	false	pass		...........M............................
11626	01	sharedreward	1	bids/sub-11626/ses-01/func/sub-11626_ses-01_task-sharedreward_run-1_events.tsv	b70a8ffab9a155e359ecba5bbaadd87e0b034bde5587fb01b72ddad75e3cbc42	54	54	true	9	0.166667	0.833333	7	48	3	46	0				54	9	0.166667	1	false	false	false	pass		......M.....M......M......M.......MM.........MMM......
11626	01	sharedreward	2	bids/sub-11626/ses-01/func/sub-11626_ses-01_task-sharedreward_run-2_events.tsv	22c6944395159beaa7e95cce4f5bca40a7555784ce5c4456d6f5a4a053668169	54	54	true	10	0.185185	0.814815	12	54	3	12	1	54	396.67126	5.8281	53	9	0.169811	0.981481	false	false	false	pass		...........MMM........M..MMM.............M.....M.....M
11626	01	socialdoors	1	bids/sub-11626/ses-01/func/sub-11626_ses-01_task-socialdoors_run-1_events.tsv	a4a05c7ad59481026e6502bba0106476f21d0737b2a8ae4c14f50750aac9f088	40	40	true	4	0.1	0.9	12	34	2	18	0				40	4	0.1	1	false	false	false	pass		...........M.....MM..............M......
11626	01	trust	1	bids/sub-11626/ses-01/func/sub-11626_ses-01_task-trust_run-1_events.tsv	0645f6b6e0df25227d3bfee7858b11f7fe08382d01b1f2f36481d6421d2c9e05	42	42	true	9	0.214286	0.785714	1	40	2	22	0				42	9	0.214286	1	false	false	false	pass		M..............M..M..MM......M.....MM..M..
11626	01	trust	2	bids/sub-11626/ses-01/func/sub-11626_ses-01_task-trust_run-2_events.tsv	5eaf8085038980d4e254def33efb4dc927e3e32b02f53e441f9f80004103f703	42	42	true	11	0.261905	0.738095	2	40	2	6	0				42	11	0.261905	1	true	false	false	review	overall_miss_fraction_threshold	.M...MM...M......M.....M....M....MM.M..M..
11626	01	ugr	1	bids/sub-11626/ses-01/func/sub-11626_ses-01_task-ugr_run-1_events.tsv	fbcb88e635c90b2d051020b8f70f7cb5b675943f3242abaaa40b08fa92f79c08	48	48	true	0	0	1			0		0				48	0	0	1	false	false	false	pass		................................................
11626	01	ugr	2	bids/sub-11626/ses-01/func/sub-11626_ses-01_task-ugr_run-2_events.tsv	4282cdfdbe75d4a6bd8fb2de59bfc587cbd8bf6d342ad12659882ce86b56c208	48	48	true	0	0	1			0		0				48	0	0	1	false	false	false	pass		................................................
11628	01	doors	1	bids/sub-11628/ses-01/func/sub-11628_ses-01_task-doors_run-1_events.tsv	cdac3599f358d8fc8e72c7f617e9ae4fbc82d6f8174a1e7fc797fe12c3b8a6b9	40	40	true	0	0	1			0		0				40	0	0	1	false	false	false	pass		........................................
11628	01	sharedreward	1	bids/sub-11628/ses-01/func/sub-11628_ses-01_task-sharedreward_run-1_events.tsv	79f60ab85f7520d730f2904c6dc08b08408b7cb92419b646f7de377549f99bb8	54	54	true	2	0.037037	0.962963	1	2	2	1	0				54	2	0.037037	1	false	false	false	pass		MM....................................................
11628	01	sharedreward	2	bids/sub-11628/ses-01/func/sub-11628_ses-01_task-sharedreward_run-2_events.tsv	53305c1df3f2b6f6905cde666a8110aef15da8cb06c13d2edcdfc331bf806f0d	54	54	true	0	0	1			0		0				54	0	0	1	false	false	false	pass		......................................................
11628	01	socialdoors	1	bids/sub-11628/ses-01/func/sub-11628_ses-01_task-socialdoors_run-1_events.tsv	2c65436b2dad1411fa0d8d8d2135702bcc253479bf77413889b9c185c2fb055d	40	40	true	0	0	1			0		0				40	0	0	1	false	false	false	pass		........................................
11628	01	trust	1	bids/sub-11628/ses-01/func/sub-11628_ses-01_task-trust_run-1_events.tsv	997f5484d6569f6993524bb999b68d8d1dcee90b3f62f042da3226d342ea2fdc	42	42	true	0	0	1			0		0				42	0	0	1	false	false	false	pass		..........................................
11628	01	trust	2	bids/sub-11628/ses-01/func/sub-11628_ses-01_task-trust_run-2_events.tsv	f4feaece00613be72f113a60a6f21e77da56b0991185969b991cb4ae70982dfc	42	42	true	1	0.02381	0.97619	35	35	1	35	0				42	1	0.02381	1	false	false	false	pass		..................................M.......
11628	01	ugr	1	bids/sub-11628/ses-01/func/sub-11628_ses-01_task-ugr_run-1_events.tsv	aefc1bdac78828e7b3ad3b042587fd6f0b59bbc0a2474f16083117ac09bd4c95	48	48	true	0	0	1			0		0				48	0	0	1	false	false	false	pass		................................................
11628	01	ugr	2	bids/sub-11628/ses-01/func/sub-11628_ses-01_task-ugr_run-2_events.tsv	5a02eedd8570851e16ac1eb3ac04ef56b92dbb4eaa337a0cd90515324bb2408f	48	48	true	0	0	1			0		0				48	0	0	1	false	false	false	pass		................................................
11631	01	doors	1	bids/sub-11631/ses-01/func/sub-11631_ses-01_task-doors_run-1_events.tsv	cab25900f28695f4c5286255d3c8a4be3069f5d4230a88737a4f8a1ff3946cb8	40	40	true	0	0	1			0		0				40	0	0	1	false	false	false	pass		........................................
11631	01	sharedreward	1	bids/sub-11631/ses-01/func/sub-11631_ses-01_task-sharedreward_run-1_events.tsv	6cc6f3a1d41f9a1fdec8fe9df722eee61550f5e8024c0c0b7e0636deac4456a7	54	54	true	0	0	1			0		0				54	0	0	1	false	false	false	pass		......................................................
11631	01	sharedreward	2	bids/sub-11631/ses-01/func/sub-11631_ses-01_task-sharedreward_run-2_events.tsv	a21981159417c0d6b6387dac3c7fc3cea47b10e30a48d23a99459f5357759b49	54	54	true	0	0	1			0		0				54	0	0	1	false	false	false	pass		......................................................
11631	01	socialdoors	1	bids/sub-11631/ses-01/func/sub-11631_ses-01_task-socialdoors_run-1_events.tsv	a77bb2afd86eb1b36bbb393b5a9adf39d27d5f0e21a40b67631da3e6ecb882ed	40	40	true	0	0	1			0		0				40	0	0	1	false	false	false	pass		........................................
11631	01	trust	1	bids/sub-11631/ses-01/func/sub-11631_ses-01_task-trust_run-1_events.tsv	2ffdfd617772e415de22dfa72f73e3b5113a3e8dba2ffab1dba1fe22ebfecde6	42	42	true	0	0	1			0		0				42	0	0	1	false	false	false	pass		..........................................
11631	01	trust	2	bids/sub-11631/ses-01/func/sub-11631_ses-01_task-trust_run-2_events.tsv	4a4b80a4666d6db5203d730bd62822121bcc82197239f99b8ddbd680958f6f69	42	42	true	0	0	1			0		0				42	0	0	1	false	false	false	pass		..........................................
11631	01	ugr	1	bids/sub-11631/ses-01/func/sub-11631_ses-01_task-ugr_run-1_events.tsv	23366d2455c3ad7f7fbe6e2264b42b7b7071e161fe1b63c992e2a318f2c6f31f	48	48	true	0	0	1			0		0				48	0	0	1	false	false	false	pass		................................................
11631	01	ugr	2	bids/sub-11631/ses-01/func/sub-11631_ses-01_task-ugr_run-2_events.tsv	4284c8470ddc0ea905999c93a7ea19b6737c90cdb25b05145f082113c53fd73b	48	48	true	0	0	1			0		0				48	0	0	1	false	false	false	pass		................................................
11651	01	doors	1	bids/sub-11651/ses-01/func/sub-11651_ses-01_task-doors_run-1_events.tsv	8114f2c86f65f67dce483768d55107481eb2ca83510080d28d2832c2687157d5	40	40	true	1	0.025	0.975	29	29	1	29	0				40	1	0.025	1	false	false	false	pass		............................M...........
11651	01	sharedreward	1	bids/sub-11651/ses-01/func/sub-11651_ses-01_task-sharedreward_run-1_events.tsv	5acbf245d5691b47df94d716045fe303403d815e684c69eaabf8ba64270f41e1	54	54	true	1	0.018519	0.981481	1	1	1	1	0				54	1	0.018519	1	false	false	false	pass		M.....................................................
11651	01	sharedreward	2	bids/sub-11651/ses-01/func/sub-11651_ses-01_task-sharedreward_run-2_events.tsv	8d368690d1e3197f2727b1521bc4fd72b936aaec045493193d31e0a24fa1882f	54	54	true	4	0.074074	0.925926	25	48	1	25	0				54	4	0.074074	1	false	false	false	pass		........................M..........M........M..M......
11651	01	socialdoors	1	bids/sub-11651/ses-01/func/sub-11651_ses-01_task-socialdoors_run-1_events.tsv	2a5976a24d7acaaf6372319fffb0e3a1f828214b26a3d8a582e619eee6cd67b7	40	40	true	2	0.05	0.95	19	21	1	19	0				40	2	0.05	1	false	false	false	pass		..................M.M...................
11651	01	trust	1	bids/sub-11651/ses-01/func/sub-11651_ses-01_task-trust_run-1_events.tsv	9113819b7fc0773536d0267e807ed312607ba1d8f84126e45036af9eab8f86bc	42	42	true	1	0.02381	0.97619	36	36	1	36	0				42	1	0.02381	1	false	false	false	pass		...................................M......
11651	01	trust	2	bids/sub-11651/ses-01/func/sub-11651_ses-01_task-trust_run-2_events.tsv	3f598043b5e054b50e44372bd657e8b6ba7892f9c7320129166619aff1c56afa	42	42	true	2	0.047619	0.952381	27	39	1	27	0				42	2	0.047619	1	false	false	false	pass		..........................M...........M...
11651	01	ugr	1	bids/sub-11651/ses-01/func/sub-11651_ses-01_task-ugr_run-1_events.tsv	9c8e11c482efccde9975df6d7fea3855d025e044b11b330f4c30dc744e597866	48	48	true	0	0	1			0		0				48	0	0	1	false	false	false	pass		................................................
11651	01	ugr	2	bids/sub-11651/ses-01/func/sub-11651_ses-01_task-ugr_run-2_events.tsv	89930bb0356b819f6e4464cc49fc12bf339fc332641ea432d80393c81f8f038c	48	48	true	1	0.020833	0.979167	32	32	1	32	0				48	1	0.020833	1	false	false	false	pass		...............................M................
11660	01	doors	1	bids/sub-11660/ses-01/func/sub-11660_ses-01_task-doors_run-1_events.tsv	399255806fd15d9f288fcf800200c478967245cf70bce8912db841f34caa762b	40	40	true	0	0	1			0		0				40	0	0	1	false	false	false	pass		........................................
11660	01	sharedreward	1	bids/sub-11660/ses-01/func/sub-11660_ses-01_task-sharedreward_run-1_events.tsv	3b5fc29b30223e1b2a06910e2a8f92acc334662b9fe5a1496ba4ab3189a42991	54	54	true	0	0	1			0		0				54	0	0	1	false	false	false	pass		......................................................
11660	01	sharedreward	2	bids/sub-11660/ses-01/func/sub-11660_ses-01_task-sharedreward_run-2_events.tsv	b213daa9735164719ae9017dc23fccdcd18a69810decdfbe407b4440cb14bbb4	54	54	true	0	0	1			0		0				54	0	0	1	false	false	false	pass		......................................................
11660	01	socialdoors	1	bids/sub-11660/ses-01/func/sub-11660_ses-01_task-socialdoors_run-1_events.tsv	4b9f7aba1cee166fa0029bbdcdedb0b55eec17663b3e185f58162eb58df7792a	40	40	true	0	0	1			0		0				40	0	0	1	false	false	false	pass		........................................
11660	01	trust	1	bids/sub-11660/ses-01/func/sub-11660_ses-01_task-trust_run-1_events.tsv	4fcba765c976eb0ecb01af066ba208fc2df2e7a05307f1a896458a64bf968d9e	42	42	true	0	0	1			0		0				42	0	0	1	false	false	false	pass		..........................................
11660	01	trust	2	bids/sub-11660/ses-01/func/sub-11660_ses-01_task-trust_run-2_events.tsv	b8b9834676155ac4e4a165700a71bfd9ff113fbdb13eb202512b5fd4026df112	42	42	true	7	0.166667	0.833333	8	42	2	38	1	42	432.24472	3.00574	41	6	0.146341	0.97619	false	false	false	pass		.......M...M.......M..M..............MM..M
11660	01	ugr	1	bids/sub-11660/ses-01/func/sub-11660_ses-01_task-ugr_run-1_events.tsv	6d0bddb285121c10aa7efbc9ff7bcdca66b89ce52f5362401f3aebb9334d4782	48	48	true	1	0.020833	0.979167	35	35	1	35	0				48	1	0.020833	1	false	false	false	pass		..................................M.............
11660	01	ugr	2	bids/sub-11660/ses-01/func/sub-11660_ses-01_task-ugr_run-2_events.tsv	354a3affe5e6c8164c81faab5d0f10d544638d77518c243eec24674e19a8dde2	48	48	true	2	0.041667	0.958333	4	46	1	4	0				48	2	0.041667	1	false	false	false	pass		...M.........................................M..
11670	01	doors	1	bids/sub-11670/ses-01/func/sub-11670_ses-01_task-doors_run-1_events.tsv	2587f0328ee5fe5dca8e1b621b62debaa2819abfacf281a5707091c67a9730fd	40	40	true	0	0	1			0		0				40	0	0	1	false	false	false	pass		........................................
11670	01	sharedreward	1	bids/sub-11670/ses-01/func/sub-11670_ses-01_task-sharedreward_run-1_events.tsv	ab1b2e9331ea2e900da2258e96fe593f945aee0ce28af22c29b327bbb5fc1e0a	54	54	true	1	0.018519	0.981481	1	1	1	1	0				54	1	0.018519	1	false	false	false	pass		M.....................................................
11670	01	sharedreward	2	bids/sub-11670/ses-01/func/sub-11670_ses-01_task-sharedreward_run-2_events.tsv	dbaa9b17da212e2fd0fec279bc90647d7ba3e47779a01ddd975c38d252a19b9d	54	54	true	0	0	1			0		0				54	0	0	1	false	false	false	pass		......................................................
11670	01	socialdoors	1	bids/sub-11670/ses-01/func/sub-11670_ses-01_task-socialdoors_run-1_events.tsv	f89db5cf2c0e2414e6c85ab264f298c25c3f9d33ae3745e684e69351342696e3	40	40	true	0	0	1			0		0				40	0	0	1	false	false	false	pass		........................................
11670	01	trust	1	bids/sub-11670/ses-01/func/sub-11670_ses-01_task-trust_run-1_events.tsv	16c0a4c49bcfaa31bbf45b05d6f945fd8ae2ac21c0cfa1a5ffe3ee8181cb8357	42	42	true	0	0	1			0		0				42	0	0	1	false	false	false	pass		..........................................
11670	01	trust	2	bids/sub-11670/ses-01/func/sub-11670_ses-01_task-trust_run-2_events.tsv	dd17ca8f158240844be555d3f2ea9b255921e00f4d8603429173dffa80469c16	42	42	true	0	0	1			0		0				42	0	0	1	false	false	false	pass		..........................................
11670	01	ugr	1	bids/sub-11670/ses-01/func/sub-11670_ses-01_task-ugr_run-1_events.tsv	08ef87f1f02447bf8e58223a38232ee2d5dad0626f4b81a6959a24c1c5ae75db	48	48	true	0	0	1			0		0				48	0	0	1	false	false	false	pass		................................................
11670	01	ugr	2	bids/sub-11670/ses-01/func/sub-11670_ses-01_task-ugr_run-2_events.tsv	99e9c90e4c3cdcad4ba514c3be53f018055fb5ecacdc66ef68c6dfad964e1a36	48	48	true	0	0	1			0		0				48	0	0	1	false	false	false	pass		................................................
11674	01	doors	1	bids/sub-11674/ses-01/func/sub-11674_ses-01_task-doors_run-1_events.tsv	a86253dabc49ebdea41d2145a8c912c9dfed40b647eb3be5dc76a905af79a8be	40	40	true	0	0	1			0		0				40	0	0	1	false	false	false	pass		........................................
11674	01	sharedreward	1	bids/sub-11674/ses-01/func/sub-11674_ses-01_task-sharedreward_run-1_events.tsv	c2f185c2ff225eb107a4970877e1c61e4a44deea2377f9a2bb302ae35b1efed3	54	54	true	0	0	1			0		0				54	0	0	1	false	false	false	pass		......................................................
11674	01	socialdoors	1	bids/sub-11674/ses-01/func/sub-11674_ses-01_task-socialdoors_run-1_events.tsv	bffbd0c73d23ec4fc3c2c60638e94b207c09a7789eedae6f095a5da0bcc8e895	40	40	true	0	0	1			0		0				40	0	0	1	false	false	false	pass		........................................
11674	01	trust	1	bids/sub-11674/ses-01/func/sub-11674_ses-01_task-trust_run-1_events.tsv	0c7063122ea291a1d348982bc73ce2c363a8d09271ba2494759f17bcee4c6675	42	42	true	2	0.047619	0.952381	10	28	1	10	0				42	2	0.047619	1	false	false	false	pass		.........M.................M..............
11674	01	ugr	1	bids/sub-11674/ses-01/func/sub-11674_ses-01_task-ugr_run-1_events.tsv	b193c9809f633c6e0bdaf31b2b922db5b7288a30110caf3fd43b83047fcd6109	48	48	true	0	0	1			0		0				48	0	0	1	false	false	false	pass		................................................
11674	01	ugr	2	bids/sub-11674/ses-01/func/sub-11674_ses-01_task-ugr_run-2_events.tsv	36f9d82ae269be2ca01369703a571139240314d707bafdc92e32692737174119	48	48	true	0	0	1			0		0				48	0	0	1	false	false	false	pass		................................................
11679	01	doors	1	bids/sub-11679/ses-01/func/sub-11679_ses-01_task-doors_run-1_events.tsv	dbe1dbba4ce2b926f6525e3f78fd0d1f5ea984d2f97957d56c5f231d044578d3	40	40	true	0	0	1			0		0				40	0	0	1	false	false	false	pass		........................................
11679	01	sharedreward	1	bids/sub-11679/ses-01/func/sub-11679_ses-01_task-sharedreward_run-1_events.tsv	5f955b79b35d9be6e6d34402ac84e099607cd2a84e845d308d9a6f928bc92544	54	54	true	0	0	1			0		0				54	0	0	1	false	false	false	pass		......................................................
11679	01	sharedreward	2	bids/sub-11679/ses-01/func/sub-11679_ses-01_task-sharedreward_run-2_events.tsv	23b733fd9b1af34e74ae2ed3b998d28cf1efe7db8fe124261e35dbc9280e0350	54	54	true	0	0	1			0		0				54	0	0	1	false	false	false	pass		......................................................
11679	01	socialdoors	1	bids/sub-11679/ses-01/func/sub-11679_ses-01_task-socialdoors_run-1_events.tsv	b2b569170dec3c748afe029e9786f41d5ea4e1c10c0cb65f7d7565abab9e00eb	40	40	true	0	0	1			0		0				40	0	0	1	false	false	false	pass		........................................
11679	01	trust	1	bids/sub-11679/ses-01/func/sub-11679_ses-01_task-trust_run-1_events.tsv	efd36c87d124ad555401bd30db8b8ee4186196c49b7619b075fdffde780c21ce	42	42	true	0	0	1			0		0				42	0	0	1	false	false	false	pass		..........................................
11679	01	trust	2	bids/sub-11679/ses-01/func/sub-11679_ses-01_task-trust_run-2_events.tsv	58b40182f30f1a0b71a10cf9096125c92ee0ab1dc12fae0da8502e68632f39c6	42	42	true	0	0	1			0		0				42	0	0	1	false	false	false	pass		..........................................
11679	01	ugr	1	bids/sub-11679/ses-01/func/sub-11679_ses-01_task-ugr_run-1_events.tsv	b1379f44a1bbe406e980dd8812eab250b53acff0f9c119d7afab92a4288d2ff5	48	48	true	0	0	1			0		0				48	0	0	1	false	false	false	pass		................................................
11681	01	doors	1	bids/sub-11681/ses-01/func/sub-11681_ses-01_task-doors_run-1_events.tsv	1b99f8ddc2ecc03e6e65324b2ad53079149ca139d6615521de1b3108177bb068	40	40	true	0	0	1			0		0				40	0	0	1	false	false	false	pass		........................................
11681	01	sharedreward	1	bids/sub-11681/ses-01/func/sub-11681_ses-01_task-sharedreward_run-1_events.tsv	77a35c9955991aa0c380f5fb14191cc3fb62f828c1c4bb6e06d2852be8ef9eb2	54	54	true	0	0	1			0		0				54	0	0	1	false	false	false	pass		......................................................
11681	01	sharedreward	2	bids/sub-11681/ses-01/func/sub-11681_ses-01_task-sharedreward_run-2_events.tsv	ed52c414ba0670aa8af0f720ea602cf7904b9a5c5921d2646896aeef03d0b2db	54	54	true	0	0	1			0		0				54	0	0	1	false	false	false	pass		......................................................
11681	01	socialdoors	1	bids/sub-11681/ses-01/func/sub-11681_ses-01_task-socialdoors_run-1_events.tsv	9f23d9d41bab7e682156ed70bed99c1a3e38faa10c945744e219ce951305f52a	40	40	true	1	0.025	0.975	15	15	1	15	0				40	1	0.025	1	false	false	false	pass		..............M.........................
11681	01	trust	1	bids/sub-11681/ses-01/func/sub-11681_ses-01_task-trust_run-1_events.tsv	1e813ae67c6122f1778971b1cf799851a5b2ed2bca0dde7574309687c8b20e9c	42	42	true	0	0	1			0		0				42	0	0	1	false	false	false	pass		..........................................
11681	01	trust	2	bids/sub-11681/ses-01/func/sub-11681_ses-01_task-trust_run-2_events.tsv	2d523b6c09e8916ca67c57db398b473203842c23043148779fff9b59fa93d673	42	42	true	0	0	1			0		0				42	0	0	1	false	false	false	pass		..........................................
11681	01	ugr	1	bids/sub-11681/ses-01/func/sub-11681_ses-01_task-ugr_run-1_events.tsv	818d8a94ef5591b8b3872d403833ef8f3387465c8dd0e1a24f06c78a70e76d02	48	48	true	0	0	1			0		0				48	0	0	1	false	false	false	pass		................................................
11681	01	ugr	2	bids/sub-11681/ses-01/func/sub-11681_ses-01_task-ugr_run-2_events.tsv	fef951b300a13406ed3b946c763b43ce83a5842a93206c56f94435ec9dded742	48	48	true	0	0	1			0		0				48	0	0	1	false	false	false	pass		................................................
11692	01	doors	1	bids/sub-11692/ses-01/func/sub-11692_ses-01_task-doors_run-1_events.tsv	ef6000b5f4408cd8f24354235407df8895ccb7ab58eaf050f5aab963b1ea010f	40	40	true	0	0	1			0		0				40	0	0	1	false	false	false	pass		........................................
11692	01	sharedreward	1	bids/sub-11692/ses-01/func/sub-11692_ses-01_task-sharedreward_run-1_events.tsv	5cba7a1e80d4e95cac05eba8cea59f8b70253ce6b67998e027bf7e7f96874a8b	54	54	true	0	0	1			0		0				54	0	0	1	false	false	false	pass		......................................................
11692	01	sharedreward	2	bids/sub-11692/ses-01/func/sub-11692_ses-01_task-sharedreward_run-2_events.tsv	042bf744f9d95ceea20d865f416696799536439ff8148398e4699592bb732493	54	54	true	0	0	1			0		0				54	0	0	1	false	false	false	pass		......................................................
11692	01	socialdoors	1	bids/sub-11692/ses-01/func/sub-11692_ses-01_task-socialdoors_run-1_events.tsv	accd27aa1422540d472f36a025d97e87004036ecdd3022a5341f2a33a057b8d1	40	40	true	0	0	1			0		0				40	0	0	1	false	false	false	pass		........................................
11692	01	trust	1	bids/sub-11692/ses-01/func/sub-11692_ses-01_task-trust_run-1_events.tsv	ad92d00c717535c75bded64172935380db51f7c5ca0919c590d74713adc9cdc8	42	42	true	0	0	1			0		0				42	0	0	1	false	false	false	pass		..........................................
11692	01	trust	2	bids/sub-11692/ses-01/func/sub-11692_ses-01_task-trust_run-2_events.tsv	60d819b5a8cdb0495c138383d589b95be859922cfe30df9963c4e6150806aef6	42	42	true	1	0.02381	0.97619	13	13	1	13	0				42	1	0.02381	1	false	false	false	pass		............M.............................
11694	01	doors	1	bids/sub-11694/ses-01/func/sub-11694_ses-01_task-doors_run-1_events.tsv	138b254d09d2f5e17df5e2f25b3780447254027bd2b12ab628166192908af10a	40	40	true	0	0	1			0		0				40	0	0	1	false	false	false	pass		........................................
11694	01	sharedreward	1	bids/sub-11694/ses-01/func/sub-11694_ses-01_task-sharedreward_run-1_events.tsv	0d9f8e43af0be0210cafcd64e574155f8f3d813aff55dcb7e1956a78040f469a	54	54	true	0	0	1			0		0				54	0	0	1	false	false	false	pass		......................................................
11694	01	socialdoors	1	bids/sub-11694/ses-01/func/sub-11694_ses-01_task-socialdoors_run-1_events.tsv	47b0b41a0547c1d6214d565a89e078496317f893d93ad9c2fe18be0caa440246	40	40	true	0	0	1			0		0				40	0	0	1	false	false	false	pass		........................................
11694	01	ugr	1	bids/sub-11694/ses-01/func/sub-11694_ses-01_task-ugr_run-1_events.tsv	91dba664ee1e607955129d2a2c9710b1d0831bf7ed859b3efa7cb04dc4319ca4	48	48	true	0	0	1			0		0				48	0	0	1	false	false	false	pass		................................................
11694	01	ugr	2	bids/sub-11694/ses-01/func/sub-11694_ses-01_task-ugr_run-2_events.tsv	f6ed7541397bda721afe6b79a3b896d140001400e09d9b73142770a2dd5937cb	48	48	true	0	0	1			0		0				48	0	0	1	false	false	false	pass		................................................
11701	01	doors	1	bids/sub-11701/ses-01/func/sub-11701_ses-01_task-doors_run-1_events.tsv	c605bb98a8a9c73be8ee23c64aa56274cbd62c910ea07976cbe06a64a1ca3728	40	40	true	2	0.05	0.95	14	35	1	14	0				40	2	0.05	1	false	false	false	pass		.............M....................M.....
11701	01	sharedreward	1	bids/sub-11701/ses-01/func/sub-11701_ses-01_task-sharedreward_run-1_events.tsv	13c041cfcbea22a0805002e2cc7b47c53185df409295d7bfca3c53a441e81c52	54	54	true	1	0.018519	0.981481	36	36	1	36	0				54	1	0.018519	1	false	false	false	pass		...................................M..................
11701	01	sharedreward	2	bids/sub-11701/ses-01/func/sub-11701_ses-01_task-sharedreward_run-2_events.tsv	1ff7fb21a5d3978b302493d19f14f2f7a706f411f1ece91b77c2e54fe93f8ad5	54	54	true	3	0.055556	0.944444	26	47	2	46	0				54	3	0.055556	1	false	false	false	pass		.........................M...................MM.......
11701	01	socialdoors	1	bids/sub-11701/ses-01/func/sub-11701_ses-01_task-socialdoors_run-1_events.tsv	91b0a990a795d438e02ef679718487f7aab30826005e67ae71f2407c19c262a6	40	40	true	1	0.025	0.975	35	35	1	35	0				40	1	0.025	1	false	false	false	pass		..................................M.....
11701	01	trust	1	bids/sub-11701/ses-01/func/sub-11701_ses-01_task-trust_run-1_events.tsv	5969eeb0841fed3775dacd26c7337a853ffc067079c8233cdb78cd6c85e5801b	42	42	true	1	0.02381	0.97619	5	5	1	5	0				42	1	0.02381	1	false	false	false	pass		....M.....................................
11701	01	trust	2	bids/sub-11701/ses-01/func/sub-11701_ses-01_task-trust_run-2_events.tsv	f05dfd18844ff6e68a69b3fc7bea83c2499649195462e88c5c023c5eb2da755c	42	42	true	3	0.071429	0.928571	9	36	1	9	0				42	3	0.071429	1	false	false	false	pass		........M...........M..............M......
11701	01	ugr	1	bids/sub-11701/ses-01/func/sub-11701_ses-01_task-ugr_run-1_events.tsv	16d82b1b9115cfeaf699b3528b89b859b3bb0923524fb3314e94215b988fa891	48	48	true	1	0.020833	0.979167	42	42	1	42	0				48	1	0.020833	1	false	false	false	pass		.........................................M......
11701	01	ugr	2	bids/sub-11701/ses-01/func/sub-11701_ses-01_task-ugr_run-2_events.tsv	2fd50779324f5f04bb815b9d98dcc177b9ad8f4bfe7b520cab0d2911f548e14b	48	48	true	0	0	1			0		0				48	0	0	1	false	false	false	pass		................................................
11703	01	doors	1	bids/sub-11703/ses-01/func/sub-11703_ses-01_task-doors_run-1_events.tsv	2f884e8504b16d6fee7d2a924485fa04a4aebef6b13b740607429265ddd392e9	40	40	true	1	0.025	0.975	1	1	1	1	0				40	1	0.025	1	false	false	false	pass		M.......................................
11703	01	sharedreward	1	bids/sub-11703/ses-01/func/sub-11703_ses-01_task-sharedreward_run-1_events.tsv	5ad1b375097457ce97118aa880579163548bac44a59153607f17ff95a8c0f732	54	54	true	0	0	1			0		0				54	0	0	1	false	false	false	pass		......................................................
11703	01	sharedreward	2	bids/sub-11703/ses-01/func/sub-11703_ses-01_task-sharedreward_run-2_events.tsv	98c610d0b9b717380f8232e54e89ca3ce5e641112578b44f86831919beeca282	54	54	true	0	0	1			0		0				54	0	0	1	false	false	false	pass		......................................................
11703	01	socialdoors	1	bids/sub-11703/ses-01/func/sub-11703_ses-01_task-socialdoors_run-1_events.tsv	246eaf6df3c62430859edbdedd77e72371041605f03d5627170321581d5be637	40	40	true	0	0	1			0		0				40	0	0	1	false	false	false	pass		........................................
11703	01	trust	1	bids/sub-11703/ses-01/func/sub-11703_ses-01_task-trust_run-1_events.tsv	fa4e06f4ae73937a11b0c67eb6b6c1fd23dff92eddc24e63348abad49e875393	42	42	true	0	0	1			0		0				42	0	0	1	false	false	false	pass		..........................................
11703	01	trust	2	bids/sub-11703/ses-01/func/sub-11703_ses-01_task-trust_run-2_events.tsv	85aab183fd7b8c5481802b25a04d1211e956bd81fee5a017668176503931ccf2	42	42	true	0	0	1			0		0				42	0	0	1	false	false	false	pass		..........................................
11703	01	ugr	1	bids/sub-11703/ses-01/func/sub-11703_ses-01_task-ugr_run-1_events.tsv	752e19d2846ab649dda7e21acbb67d592daa4432e4013aa9f5bd16aea1f8d73e	48	48	true	0	0	1			0		0				48	0	0	1	false	false	false	pass		................................................
11703	01	ugr	2	bids/sub-11703/ses-01/func/sub-11703_ses-01_task-ugr_run-2_events.tsv	4076fff20b12bde330dc0b65aacd47d4a58b938e0a9329063ee837490c11b4b2	48	48	true	0	0	1			0		0				48	0	0	1	false	false	false	pass		................................................
11705	01	doors	1	bids/sub-11705/ses-01/func/sub-11705_ses-01_task-doors_run-1_events.tsv	26fa7c88b98d3f843b7020232c5bb17f4d025bdcf0b364ba17b4585fff458ad5	40	40	true	0	0	1			0		0				40	0	0	1	false	false	false	pass		........................................
11705	01	sharedreward	1	bids/sub-11705/ses-01/func/sub-11705_ses-01_task-sharedreward_run-1_events.tsv	c53ce88825ab4ec9c79943011bf787c6a6d7f53a37626a509c696504cf1fc224	54	54	true	1	0.018519	0.981481	47	47	1	47	0				54	1	0.018519	1	false	false	false	pass		..............................................M.......
11705	01	sharedreward	2	bids/sub-11705/ses-01/func/sub-11705_ses-01_task-sharedreward_run-2_events.tsv	87a11a5a6a4f1c9326a77a889999157b074f2c407c5e2add86ce1ec9f73046bd	54	54	true	0	0	1			0		0				54	0	0	1	false	false	false	pass		......................................................
11705	01	socialdoors	1	bids/sub-11705/ses-01/func/sub-11705_ses-01_task-socialdoors_run-1_events.tsv	614851f546a3d3f42f268e26d708f58f5594c45c087f8afc3a243eb6255dbb16	40	40	true	0	0	1			0		0				40	0	0	1	false	false	false	pass		........................................
11705	01	trust	1	bids/sub-11705/ses-01/func/sub-11705_ses-01_task-trust_run-1_events.tsv	e7b9c23baca7f821402ae9e5473c515a2898b5f49d53cdf3ecd1cdb8287824ec	42	42	true	0	0	1			0		0				42	0	0	1	false	false	false	pass		..........................................
11705	01	trust	2	bids/sub-11705/ses-01/func/sub-11705_ses-01_task-trust_run-2_events.tsv	c7d814bff85d8d64e5866819eb7ab2dd04601d92b361ca7db93dfd611efa44e9	42	42	true	0	0	1			0		0				42	0	0	1	false	false	false	pass		..........................................
11705	01	ugr	1	bids/sub-11705/ses-01/func/sub-11705_ses-01_task-ugr_run-1_events.tsv	b9cbb8d527fb4d90e329d7f4b8baa33dd56b284d50696cc11719d77dbf6683c2	48	48	true	0	0	1			0		0				48	0	0	1	false	false	false	pass		................................................
11709	01	doors	1	bids/sub-11709/ses-01/func/sub-11709_ses-01_task-doors_run-1_events.tsv	cc1da117362e56b6aa9dade085da7587daadfd92e3c5382fe128a38ab065d38f	40	40	true	1	0.025	0.975	16	16	1	16	0				40	1	0.025	1	false	false	false	pass		...............M........................
11709	01	sharedreward	1	bids/sub-11709/ses-01/func/sub-11709_ses-01_task-sharedreward_run-1_events.tsv	b0c7b88b52aa20d74deaf3862e2c512f8596e43584121279db779b3f005ab6bf	54	54	true	1	0.018519	0.981481	52	52	1	52	0				54	1	0.018519	1	false	false	false	pass		...................................................M..
11709	01	sharedreward	2	bids/sub-11709/ses-01/func/sub-11709_ses-01_task-sharedreward_run-2_events.tsv	0faab4e2cbb35ba9b8662f5c07e7e1a1ff71aa187ad96cd74c930a2096b45324	54	54	true	1	0.018519	0.981481	22	22	1	22	0				54	1	0.018519	1	false	false	false	pass		.....................M................................
11709	01	socialdoors	1	bids/sub-11709/ses-01/func/sub-11709_ses-01_task-socialdoors_run-1_events.tsv	7407f8d91fc0d8bcf28337550552fc7a5fe0e402ae9b7a51958b6e2b9976094c	40	40	true	2	0.05	0.95	11	36	1	11	0				40	2	0.05	1	false	false	false	pass		..........M........................M....
11709	01	trust	1	bids/sub-11709/ses-01/func/sub-11709_ses-01_task-trust_run-1_events.tsv	2e24d9711bb8ffdd0ffc6816307e7158b7d69a22d3735a40e44de43a7e3ac196	42	42	true	2	0.047619	0.952381	1	20	1	1	0				42	2	0.047619	1	false	false	false	pass		M..................M......................
11709	01	trust	2	bids/sub-11709/ses-01/func/sub-11709_ses-01_task-trust_run-2_events.tsv	a3168876fb25ed52f99a6c0dd13655cfc620275cb7c9363622db7e0ef1bbcca8	42	42	true	2	0.047619	0.952381	32	42	1	32	1	42	432.4531	3.01232	41	1	0.02439	0.97619	false	false	false	pass		...............................M.........M
11709	01	ugr	1	bids/sub-11709/ses-01/func/sub-11709_ses-01_task-ugr_run-1_events.tsv	7e9e432c3ed2e0b1bb75e0fc9b0c7aa66216cce35ec35df46d8a57dc6b1736b3	48	48	true	0	0	1			0		0				48	0	0	1	false	false	false	pass		................................................
11709	01	ugr	2	bids/sub-11709/ses-01/func/sub-11709_ses-01_task-ugr_run-2_events.tsv	ab8759d55ff1502b71686f63b955c8d631f6cd883425fcf7746bd311476a7515	48	48	true	0	0	1			0		0				48	0	0	1	false	false	false	pass		................................................
11710	01	doors	1	bids/sub-11710/ses-01/func/sub-11710_ses-01_task-doors_run-1_events.tsv	73fd116e3fac474cafe356cfad5084c28951a248e2ced8679d4203e0efda13e1	40	40	true	0	0	1			0		0				40	0	0	1	false	false	false	pass		........................................
11710	01	sharedreward	1	bids/sub-11710/ses-01/func/sub-11710_ses-01_task-sharedreward_run-1_events.tsv	26c7b59b7961c9d822a9e33f7a722bffb6ce20576ab701c156de521f79229c29	54	54	true	0	0	1			0		0				54	0	0	1	false	false	false	pass		......................................................
11710	01	sharedreward	2	bids/sub-11710/ses-01/func/sub-11710_ses-01_task-sharedreward_run-2_events.tsv	5dc43fa9c2d0bd141d54cac8fa3ad1e486a606dc95e241a14acfdcb849a209fd	54	54	true	1	0.018519	0.981481	41	41	1	41	0				54	1	0.018519	1	false	false	false	pass		........................................M.............
11710	01	socialdoors	1	bids/sub-11710/ses-01/func/sub-11710_ses-01_task-socialdoors_run-1_events.tsv	cbfeeed889061944b21284b60a22dd7a6af6815b95950d8596f8b24070006129	40	40	true	0	0	1			0		0				40	0	0	1	false	false	false	pass		........................................
11710	01	trust	1	bids/sub-11710/ses-01/func/sub-11710_ses-01_task-trust_run-1_events.tsv	ed23a8556c980ae876dec89a5559fdc9ab3f9413cbcf300994e3e26a88324f62	42	42	true	1	0.02381	0.97619	29	29	1	29	0				42	1	0.02381	1	false	false	false	pass		............................M.............
11710	01	trust	2	bids/sub-11710/ses-01/func/sub-11710_ses-01_task-trust_run-2_events.tsv	17d723678cf031e50a1356673e2339722a5321559ef9fca259966333cbf6715c	42	42	true	2	0.047619	0.952381	20	28	1	20	0				42	2	0.047619	1	false	false	false	pass		...................M.......M..............
11710	01	ugr	1	bids/sub-11710/ses-01/func/sub-11710_ses-01_task-ugr_run-1_events.tsv	6ce71b7839f3c87bdd08339a25f96e337a952ee9650a46531b535f3bb6a1a276	48	48	true	0	0	1			0		0				48	0	0	1	false	false	false	pass		................................................
11710	01	ugr	2	bids/sub-11710/ses-01/func/sub-11710_ses-01_task-ugr_run-2_events.tsv	4b02129f50e4c59cda5388726561450aebca443fef9818551e957e559690ab81	48	48	true	0	0	1			0		0				48	0	0	1	false	false	false	pass		................................................
11714	01	doors	1	bids/sub-11714/ses-01/func/sub-11714_ses-01_task-doors_run-1_events.tsv	c61ecd65fe58f504fa62eea38b26cf31b9e2f2a7710d07cfc4b647f89ef03fa9	40	40	true	1	0.025	0.975	17	17	1	17	0				40	1	0.025	1	false	false	false	pass		................M.......................
11714	01	sharedreward	1	bids/sub-11714/ses-01/func/sub-11714_ses-01_task-sharedreward_run-1_events.tsv	9c9c9d258726961664d0907148f4053c4154f37e07523d4a39c046c798639534	54	54	true	0	0	1			0		0				54	0	0	1	false	false	false	pass		......................................................
11714	01	sharedreward	2	bids/sub-11714/ses-01/func/sub-11714_ses-01_task-sharedreward_run-2_events.tsv	9afd4349e426dfbd5f4b002dc3a38cc46bf500894f34bbb929ede91eb7612c1f	54	54	true	1	0.018519	0.981481	46	46	1	46	0				54	1	0.018519	1	false	false	false	pass		.............................................M........
11714	01	socialdoors	1	bids/sub-11714/ses-01/func/sub-11714_ses-01_task-socialdoors_run-1_events.tsv	8df67bf53b7909eec345bfd6e545b777492ba9f11ac6ddb5f2a6d413e7702e7d	40	40	true	0	0	1			0		0				40	0	0	1	false	false	false	pass		........................................
11714	01	trust	1	bids/sub-11714/ses-01/func/sub-11714_ses-01_task-trust_run-1_events.tsv	5acbc51bac83333979f56d7aab9996d9a10b79999fc0135b8a85cd75a241b816	42	42	true	1	0.02381	0.97619	40	40	1	40	0				42	1	0.02381	1	false	false	false	pass		.......................................M..
11714	01	trust	2	bids/sub-11714/ses-01/func/sub-11714_ses-01_task-trust_run-2_events.tsv	6021f3b091436206c640b36953cedc07730a94b285befb18e7c21f5e4b80b7ed	42	42	true	1	0.02381	0.97619	40	40	1	40	0				42	1	0.02381	1	false	false	false	pass		.......................................M..
11714	01	ugr	1	bids/sub-11714/ses-01/func/sub-11714_ses-01_task-ugr_run-1_events.tsv	7bffc67379bee6e22e790562314dfa79fc3fd16c7e219fb69c06f24b4b803f80	48	48	true	0	0	1			0		0				48	0	0	1	false	false	false	pass		................................................
11714	01	ugr	2	bids/sub-11714/ses-01/func/sub-11714_ses-01_task-ugr_run-2_events.tsv	20164cd9c411799e96496c18cf2772ba5f2af081d3e2d7d94497eb2f19944e35	48	48	true	0	0	1			0		0				48	0	0	1	false	false	false	pass		................................................
11719	01	doors	1	bids/sub-11719/ses-01/func/sub-11719_ses-01_task-doors_run-1_events.tsv	8649e974f893194061ea7ec1088e2d67170643fbf462d9fc20d4d68fb81a80d4	40	40	true	1	0.025	0.975	17	17	1	17	0				40	1	0.025	1	false	false	false	pass		................M.......................
11719	01	sharedreward	1	bids/sub-11719/ses-01/func/sub-11719_ses-01_task-sharedreward_run-1_events.tsv	8408c31debf8bd11a66aa43681436a324b683505d4fc334d75ef9c8301963838	54	54	true	1	0.018519	0.981481	1	1	1	1	0				54	1	0.018519	1	false	false	false	pass		M.....................................................
11719	01	socialdoors	1	bids/sub-11719/ses-01/func/sub-11719_ses-01_task-socialdoors_run-1_events.tsv	3c0b08d21aa0b5839a78e86a6ba6f73c1d9711aab52b7e2907003c567ce38775	40	40	true	0	0	1			0		0				40	0	0	1	false	false	false	pass		........................................
11719	01	trust	1	bids/sub-11719/ses-01/func/sub-11719_ses-01_task-trust_run-1_events.tsv	1ab70855646c6f8b50b673a0873f8ec1d98c00788d1717fce594394fa219618d	42	42	true	0	0	1			0		0				42	0	0	1	false	false	false	pass		..........................................
11720	01	doors	1	bids/sub-11720/ses-01/func/sub-11720_ses-01_task-doors_run-1_events.tsv	8ef6bb0fa6c2e14d1c6556ee19c66aff1e29a4082a40c3c875d4e9f9b6245aa8	40	40	true	0	0	1			0		0				40	0	0	1	false	false	false	pass		........................................
11720	01	sharedreward	1	bids/sub-11720/ses-01/func/sub-11720_ses-01_task-sharedreward_run-1_events.tsv	ef6028f09466440130cbc0e2e1eaa0f5037be0036691065ecdc13b8be9d2ec37	54	54	true	1	0.018519	0.981481	1	1	1	1	0				54	1	0.018519	1	false	false	false	pass		M.....................................................
11720	01	sharedreward	2	bids/sub-11720/ses-01/func/sub-11720_ses-01_task-sharedreward_run-2_events.tsv	b54dc50abe73198e856802a3349c5a5009dbc683b33fe939309d5e5c56566482	54	54	true	0	0	1			0		0				54	0	0	1	false	false	false	pass		......................................................
11720	01	socialdoors	1	bids/sub-11720/ses-01/func/sub-11720_ses-01_task-socialdoors_run-1_events.tsv	db8a09d4d11f75a12127f1a97cad443336df95d54460da2d179089596e80058b	40	40	true	0	0	1			0		0				40	0	0	1	false	false	false	pass		........................................
11720	01	trust	1	bids/sub-11720/ses-01/func/sub-11720_ses-01_task-trust_run-1_events.tsv	c03fba7d448a75c63845977c70a3286bfa4d83ab793977cabeb47b1e8e9b8bf4	42	42	true	0	0	1			0		0				42	0	0	1	false	false	false	pass		..........................................
11720	01	trust	2	bids/sub-11720/ses-01/func/sub-11720_ses-01_task-trust_run-2_events.tsv	d41f5f9f0b3c8fc9caa5a36da54bd2107e62c190afa89e8f339c975268c7e55b	42	42	true	1	0.02381	0.97619	29	29	1	29	0				42	1	0.02381	1	false	false	false	pass		............................M.............
11720	01	ugr	1	bids/sub-11720/ses-01/func/sub-11720_ses-01_task-ugr_run-1_events.tsv	835505fcfea3b6f4ae0599c70040d52fdd820f911f815548495e1e1db56ce505	48	48	true	0	0	1			0		0				48	0	0	1	false	false	false	pass		................................................
11720	01	ugr	2	bids/sub-11720/ses-01/func/sub-11720_ses-01_task-ugr_run-2_events.tsv	1c43b5e404456123502358110ba4edb1f5e506af447a2ca00df8025710c5c09c	48	48	true	0	0	1			0		0				48	0	0	1	false	false	false	pass		................................................
11722	01	doors	1	bids/sub-11722/ses-01/func/sub-11722_ses-01_task-doors_run-1_events.tsv	89eed96b43b249205eb034d5d9e9b8712c75969d257018c76e688f7b7e91f5e5	40	40	true	0	0	1			0		0				40	0	0	1	false	false	false	pass		........................................
11722	01	sharedreward	1	bids/sub-11722/ses-01/func/sub-11722_ses-01_task-sharedreward_run-1_events.tsv	e55d07319704c551c1176d03fb47473a9976947014b9941cef04af703ed5044a	54	54	true	0	0	1			0		0				54	0	0	1	false	false	false	pass		......................................................
11722	01	sharedreward	2	bids/sub-11722/ses-01/func/sub-11722_ses-01_task-sharedreward_run-2_events.tsv	bb38071ca1b07a7a560c4dc07eab953988ab9fd33a0a0d3ccc9c7d4554e3d267	54	54	true	0	0	1			0		0				54	0	0	1	false	false	false	pass		......................................................
11722	01	socialdoors	1	bids/sub-11722/ses-01/func/sub-11722_ses-01_task-socialdoors_run-1_events.tsv	f4623ee9a17b81259ded56a9a6d33a57ddc31beaa696bb6e2c427818603d5d77	40	40	true	0	0	1			0		0				40	0	0	1	false	false	false	pass		........................................
11722	01	trust	1	bids/sub-11722/ses-01/func/sub-11722_ses-01_task-trust_run-1_events.tsv	8030b0980eb7cfdb6bddc1b9887ab90d723fbf869d8f1351cd83a5faa532026d	42	42	true	0	0	1			0		0				42	0	0	1	false	false	false	pass		..........................................
11722	01	trust	2	bids/sub-11722/ses-01/func/sub-11722_ses-01_task-trust_run-2_events.tsv	d582b4069dad6d9d0d8d99d8aa03a4aab6f2318e5abd7945110506037e18fbff	42	42	true	0	0	1			0		0				42	0	0	1	false	false	false	pass		..........................................
11722	01	ugr	1	bids/sub-11722/ses-01/func/sub-11722_ses-01_task-ugr_run-1_events.tsv	fc1c2a02f61f3166bd5f15bb421fdda9d50545205dd2851379ced435bb1780ff	48	48	true	0	0	1			0		0				48	0	0	1	false	false	false	pass		................................................
11722	01	ugr	2	bids/sub-11722/ses-01/func/sub-11722_ses-01_task-ugr_run-2_events.tsv	04f38a72bfde0cda02986ec43380a2f662e6c5cc781bbd6b2fc22c0558fc1f11	48	48	true	0	0	1			0		0				48	0	0	1	false	false	false	pass		................................................
11723	01	doors	1	bids/sub-11723/ses-01/func/sub-11723_ses-01_task-doors_run-1_events.tsv	a5d6bd2c2c4f9083cc93b88a0db592c50a7b18c9cf9ce755eaa132e5a71ebc4e	40	40	true	0	0	1			0		0				40	0	0	1	false	false	false	pass		........................................
11723	01	sharedreward	1	bids/sub-11723/ses-01/func/sub-11723_ses-01_task-sharedreward_run-1_events.tsv	a6c5e50f128a6c14161f1a0cb7fc28f700515215d24533dcf93b5cd3408e9db2	54	54	true	0	0	1			0		0				54	0	0	1	false	false	false	pass		......................................................
11723	01	sharedreward	2	bids/sub-11723/ses-01/func/sub-11723_ses-01_task-sharedreward_run-2_events.tsv	6d4787e48d6d8e6f556f4ecdad3c32a44f5f268176514996e2ddb644372ba2d1	54	54	true	0	0	1			0		0				54	0	0	1	false	false	false	pass		......................................................
11723	01	socialdoors	1	bids/sub-11723/ses-01/func/sub-11723_ses-01_task-socialdoors_run-1_events.tsv	69def32d856bcda296788307f463350b2d7a151ef77da203050ad81e09d1a5f9	40	40	true	2	0.05	0.95	26	40	1	26	1	40	328.661027	4.599744	39	1	0.025641	0.975	false	false	false	pass		.........................M.............M
11723	01	trust	1	bids/sub-11723/ses-01/func/sub-11723_ses-01_task-trust_run-1_events.tsv	b86d5539046dbb73ac6d510f4e780592890e2b90a134543faaf1ca3c1b545a28	42	42	true	4	0.095238	0.904762	1	35	1	1	0				42	4	0.095238	1	false	false	false	pass		M............M.........M..........M.......
11723	01	trust	2	bids/sub-11723/ses-01/func/sub-11723_ses-01_task-trust_run-2_events.tsv	68afb6fb41f80bda4f657a0190f3e8ed6fbf50d9ba4b517a66c5d77e8ce89e35	42	42	true	2	0.047619	0.952381	8	11	1	8	0				42	2	0.047619	1	false	false	false	pass		.......M..M...............................
11723	01	ugr	1	bids/sub-11723/ses-01/func/sub-11723_ses-01_task-ugr_run-1_events.tsv	6d8b3d0feeb018422903f4ec6ed2ac386fdb6a1eb0e69d72a3c83c3061687305	48	48	true	0	0	1			0		0				48	0	0	1	false	false	false	pass		................................................
11723	01	ugr	2	bids/sub-11723/ses-01/func/sub-11723_ses-01_task-ugr_run-2_events.tsv	c2572eb164ac5e8663a686b0c393f8decce0e778052064b88a85545f6bb25a20	48	48	true	0	0	1			0		0				48	0	0	1	false	false	false	pass		................................................
11736	01	doors	1	bids/sub-11736/ses-01/func/sub-11736_ses-01_task-doors_run-1_events.tsv	949d8ea4ec16ca934aeb901f04018df70592194480a963a862fead48256a325f	40	40	true	0	0	1			0		0				40	0	0	1	false	false	false	pass		........................................
11736	01	sharedreward	1	bids/sub-11736/ses-01/func/sub-11736_ses-01_task-sharedreward_run-1_events.tsv	8bdbde73d8cd24af72a599ae1dbaee5da916b379ab932e52fd3e76a1b4686620	54	54	true	1	0.018519	0.981481	1	1	1	1	0				54	1	0.018519	1	false	false	false	pass		M.....................................................
11736	01	sharedreward	2	bids/sub-11736/ses-01/func/sub-11736_ses-01_task-sharedreward_run-2_events.tsv	985dea06b7dcb003f740989cd7c771f96081c10353964f14cdaf233b3871872c	54	54	true	5	0.092593	0.907407	1	5	5	1	0				54	5	0.092593	1	false	false	false	pass		MMMMM.................................................
11736	01	socialdoors	1	bids/sub-11736/ses-01/func/sub-11736_ses-01_task-socialdoors_run-1_events.tsv	c841e82980f97e3ebab7cf623c8108d6a3315130b155ba1a26ee45ce574ff6fb	40	40	true	0	0	1			0		0				40	0	0	1	false	false	false	pass		........................................
11736	01	trust	1	bids/sub-11736/ses-01/func/sub-11736_ses-01_task-trust_run-1_events.tsv	00ab7fd79e5fb433459a98979a30ea83464de1df3854e8f857f5730a57c3d385	42	42	true	1	0.02381	0.97619	1	1	1	1	0				42	1	0.02381	1	false	false	false	pass		M.........................................
11736	01	trust	2	bids/sub-11736/ses-01/func/sub-11736_ses-01_task-trust_run-2_events.tsv	ba87998e6b7370013535165a292532a34dcb04050c0aa0e47ea381d4a7f5ca1a	42	42	true	1	0.02381	0.97619	39	39	1	39	0				42	1	0.02381	1	false	false	false	pass		......................................M...
11736	01	ugr	1	bids/sub-11736/ses-01/func/sub-11736_ses-01_task-ugr_run-1_events.tsv	b1d6e058841eccccd4fefcd8be4456850cff0507010c3cc532148f5ee8ed002c	48	48	true	0	0	1			0		0				48	0	0	1	false	false	false	pass		................................................
11736	01	ugr	2	bids/sub-11736/ses-01/func/sub-11736_ses-01_task-ugr_run-2_events.tsv	2b363d68af47b8db75edcf439fde4ae55cb7707960a604a8142771de6f2eedf2	48	48	true	0	0	1			0		0				48	0	0	1	false	false	false	pass		................................................
11744	01	doors	1	bids/sub-11744/ses-01/func/sub-11744_ses-01_task-doors_run-1_events.tsv	592b1a9c4cb527e2b7f93db59b6621837100557c0677ad0e986dc82744234c3a	40	40	true	2	0.05	0.95	15	38	1	15	0				40	2	0.05	1	false	false	false	pass		..............M......................M..
11744	01	sharedreward	1	bids/sub-11744/ses-01/func/sub-11744_ses-01_task-sharedreward_run-1_events.tsv	7b2a3b1c88a118a47e3f1483f7e073b5f72fb97df0fa331fa435b533ef379515	54	54	true	1	0.018519	0.981481	1	1	1	1	0				54	1	0.018519	1	false	false	false	pass		M.....................................................
11744	01	sharedreward	2	bids/sub-11744/ses-01/func/sub-11744_ses-01_task-sharedreward_run-2_events.tsv	e546a8e15bb500b28ba4269c1583d13031f7cc6798199c27c17a910c9c1743fa	54	54	true	1	0.018519	0.981481	41	41	1	41	0				54	1	0.018519	1	false	false	false	pass		........................................M.............
11744	01	socialdoors	1	bids/sub-11744/ses-01/func/sub-11744_ses-01_task-socialdoors_run-1_events.tsv	27db22310c419a5c41fa9c0a13d547d219fc063d2a89488d6d2a2b5c29c4afc7	40	40	true	1	0.025	0.975	11	11	1	11	0				40	1	0.025	1	false	false	false	pass		..........M.............................
11744	01	trust	1	bids/sub-11744/ses-01/func/sub-11744_ses-01_task-trust_run-1_events.tsv	4621e273b2b3d77e6eb53c86ff6f966e2bbf2a87ab3b43b15a673a93100e7915	42	42	true	2	0.047619	0.952381	1	9	1	1	0				42	2	0.047619	1	false	false	false	pass		M.......M.................................
11744	01	trust	2	bids/sub-11744/ses-01/func/sub-11744_ses-01_task-trust_run-2_events.tsv	e55fbf3196fe5b90e7038fd4fc190b26ffbf27248e184d58e82820a2112a165f	42	42	true	0	0	1			0		0				42	0	0	1	false	false	false	pass		..........................................
11744	01	ugr	1	bids/sub-11744/ses-01/func/sub-11744_ses-01_task-ugr_run-1_events.tsv	db3a1f1c1183bc01f180d48a900baedf7a92daed665b40b23f84cdbaf6b4d87f	48	48	true	0	0	1			0		0				48	0	0	1	false	false	false	pass		................................................
11744	01	ugr	2	bids/sub-11744/ses-01/func/sub-11744_ses-01_task-ugr_run-2_events.tsv	86f83b0db7d45b4ee06e01f7663f5c3984988fbcd5c31705d9acd46e5f9b969d	48	48	true	0	0	1			0		0				48	0	0	1	false	false	false	pass		................................................
11746	01	doors	1	bids/sub-11746/ses-01/func/sub-11746_ses-01_task-doors_run-1_events.tsv	f285edca340dd83ffdbf1126f51a4bab2c6793f406b4a8ae0e4a2d7eb32bfaed	40	40	true	0	0	1			0		0				40	0	0	1	false	false	false	pass		........................................
11746	01	sharedreward	1	bids/sub-11746/ses-01/func/sub-11746_ses-01_task-sharedreward_run-1_events.tsv	90341a72a1aef832cf463717ed6531068e72160347f8eec054584a121a98725c	54	54	true	4	0.074074	0.925926	14	29	3	27	0				54	4	0.074074	1	false	false	false	pass		.............M............MMM.........................
11746	01	sharedreward	2	bids/sub-11746/ses-01/func/sub-11746_ses-01_task-sharedreward_run-2_events.tsv	94806a4693b85cabb19efbd92f58941d33ec2f15b42b4f8ed1cc068c7c090fbc	54	54	true	1	0.018519	0.981481	15	15	1	15	0				54	1	0.018519	1	false	false	false	pass		..............M.......................................
11746	01	socialdoors	1	bids/sub-11746/ses-01/func/sub-11746_ses-01_task-socialdoors_run-1_events.tsv	4977ee96d326e9b8053d77f65006e5cd3a25212a1317c298e522006d0a0839a3	40	40	true	0	0	1			0		0				40	0	0	1	false	false	false	pass		........................................
11746	01	trust	1	bids/sub-11746/ses-01/func/sub-11746_ses-01_task-trust_run-1_events.tsv	d43078fa873b60e82d169ccb3c9566478746c11110ae875a04d0b8521d78a512	42	42	true	0	0	1			0		0				42	0	0	1	false	false	false	pass		..........................................
11746	01	trust	2	bids/sub-11746/ses-01/func/sub-11746_ses-01_task-trust_run-2_events.tsv	8f73a64bd8e8ce8764966de32f06e8566d88fdae51b1a18a875dc85474640381	42	42	true	0	0	1			0		0				42	0	0	1	false	false	false	pass		..........................................
11746	01	ugr	1	bids/sub-11746/ses-01/func/sub-11746_ses-01_task-ugr_run-1_events.tsv	c38535cae7d8319ea50f934635fc665f74f822c987183fc59e9940b26da91cca	48	48	true	0	0	1			0		0				48	0	0	1	false	false	false	pass		................................................
11746	01	ugr	2	bids/sub-11746/ses-01/func/sub-11746_ses-01_task-ugr_run-2_events.tsv	4227682e35662e9b7db2d663f4a6b5cb509f16914e0045d2d2b014d5bcd6c96d	48	48	true	0	0	1			0		0				48	0	0	1	false	false	false	pass		................................................
11748	01	doors	1	bids/sub-11748/ses-01/func/sub-11748_ses-01_task-doors_run-1_events.tsv	7bfb1fa7d15a35d7d730a46b6362d9f1e7ef2a6863dd8d8bb00570d2f1ae1c20	40	40	true	0	0	1			0		0				40	0	0	1	false	false	false	pass		........................................
11748	01	sharedreward	1	bids/sub-11748/ses-01/func/sub-11748_ses-01_task-sharedreward_run-1_events.tsv	e49002f44586afd193aa522fcab7366b211f08c81f59fd33f46b5c738fa96490	54	54	true	1	0.018519	0.981481	2	2	1	2	0				54	1	0.018519	1	false	false	false	pass		.M....................................................
11748	01	sharedreward	2	bids/sub-11748/ses-01/func/sub-11748_ses-01_task-sharedreward_run-2_events.tsv	e572a8618bfdbe76bd79d0513a37df3b214f7b05195d41c8a34b52fe2bd7f7b0	54	54	true	0	0	1			0		0				54	0	0	1	false	false	false	pass		......................................................
11748	01	socialdoors	1	bids/sub-11748/ses-01/func/sub-11748_ses-01_task-socialdoors_run-1_events.tsv	11c9be2b0bc9bb25db1719cba817e44919a9f49d01b72b6feb46bcb1ebc783f0	40	40	true	0	0	1			0		0				40	0	0	1	false	false	false	pass		........................................
11748	01	trust	1	bids/sub-11748/ses-01/func/sub-11748_ses-01_task-trust_run-1_events.tsv	c548ae052419066902a0043acff19e3ae549798532ada7a2b0ec6f91a4c80fdc	42	42	true	0	0	1			0		0				42	0	0	1	false	false	false	pass		..........................................
11748	01	trust	2	bids/sub-11748/ses-01/func/sub-11748_ses-01_task-trust_run-2_events.tsv	662b9f18fe0911a755c7372bd47bd5fba548901c481240429d38c48a87ed0010	42	42	true	1	0.02381	0.97619	28	28	1	28	0				42	1	0.02381	1	false	false	false	pass		...........................M..............
11748	01	ugr	1	bids/sub-11748/ses-01/func/sub-11748_ses-01_task-ugr_run-1_events.tsv	02af8ff4e23d3d135f0bf7e062446839ae3551fea469705983f39e96a6b0036d	48	48	true	0	0	1			0		0				48	0	0	1	false	false	false	pass		................................................
11748	01	ugr	2	bids/sub-11748/ses-01/func/sub-11748_ses-01_task-ugr_run-2_events.tsv	66007bab5d5a085348943910429e456664872081c3b2862c22808bdbd8213f6b	48	48	true	0	0	1			0		0				48	0	0	1	false	false	false	pass		................................................
11756	01	doors	1	bids/sub-11756/ses-01/func/sub-11756_ses-01_task-doors_run-1_events.tsv	30c4d2488fd4e52b63e4cccbc8d9abd264c179d6c594a690cc90dd6efe9278f6	40	40	true	0	0	1			0		0				40	0	0	1	false	false	false	pass		........................................
11756	01	sharedreward	1	bids/sub-11756/ses-01/func/sub-11756_ses-01_task-sharedreward_run-1_events.tsv	95b60f7aa79e8f02dc1aa2dfa82cc0501a91cd272358ec61d821fbeca9634a7c	54	54	true	0	0	1			0		0				54	0	0	1	false	false	false	pass		......................................................
11756	01	sharedreward	2	bids/sub-11756/ses-01/func/sub-11756_ses-01_task-sharedreward_run-2_events.tsv	2aa307f78d7c8bad30cf97519bdee3655d0cc46c324d66a3f224855e3a87169e	54	54	true	0	0	1			0		0				54	0	0	1	false	false	false	pass		......................................................
11756	01	socialdoors	1	bids/sub-11756/ses-01/func/sub-11756_ses-01_task-socialdoors_run-1_events.tsv	cc8a2383bf1c791affdc6df99b39cef98a569c6517d9ce307581b8ca5b8bf436	40	40	true	0	0	1			0		0				40	0	0	1	false	false	false	pass		........................................
11756	01	trust	1	bids/sub-11756/ses-01/func/sub-11756_ses-01_task-trust_run-1_events.tsv	41fa507860076c6b8e5337d56a2503d4529cc843230d20afa032f02551bc7b0b	42	42	true	0	0	1			0		0				42	0	0	1	false	false	false	pass		..........................................
11756	01	trust	2	bids/sub-11756/ses-01/func/sub-11756_ses-01_task-trust_run-2_events.tsv	4f35cae73dec2180c0b47042951f4251dcb74ff7740db59170904ed2f801de17	42	42	true	0	0	1			0		0				42	0	0	1	false	false	false	pass		..........................................
11756	01	ugr	1	bids/sub-11756/ses-01/func/sub-11756_ses-01_task-ugr_run-1_events.tsv	6ee7e0c235286b08e0d744b3d8124dc739ebb86d95ad489724e451ca8ee441b2	48	48	true	0	0	1			0		0				48	0	0	1	false	false	false	pass		................................................
11756	01	ugr	2	bids/sub-11756/ses-01/func/sub-11756_ses-01_task-ugr_run-2_events.tsv	cc7f3e88aee5e3a428c0ea6194daa14b8f4a53e87e9957e8173b3958f34238ba	48	48	true	0	0	1			0		0				48	0	0	1	false	false	false	pass		................................................
11764	01	doors	1	bids/sub-11764/ses-01/func/sub-11764_ses-01_task-doors_run-1_events.tsv	cabb2584a920601d301b43695726233b9f3a75a072e8f3fa9ced18cdf4d4e8f4	40	40	true	0	0	1			0		0				40	0	0	1	false	false	false	pass		........................................
11764	01	sharedreward	1	bids/sub-11764/ses-01/func/sub-11764_ses-01_task-sharedreward_run-1_events.tsv	862b9766d2af640286bfb7b0b514de018146cdbf3b33645dca7be1c751f87ba2	54	54	true	5	0.092593	0.907407	1	5	5	1	0				54	5	0.092593	1	false	false	false	pass		MMMMM.................................................
11764	01	sharedreward	2	bids/sub-11764/ses-01/func/sub-11764_ses-01_task-sharedreward_run-2_events.tsv	382f27784b4ed29f04f39affb8e643e48f927ee088372fb0f8f60710cfe3d259	54	54	true	0	0	1			0		0				54	0	0	1	false	false	false	pass		......................................................
11764	01	socialdoors	1	bids/sub-11764/ses-01/func/sub-11764_ses-01_task-socialdoors_run-1_events.tsv	6f70699ded24d382b0d30e73ff200e1f82fb8917b1635ed086892dced439ea03	40	40	true	1	0.025	0.975	2	2	1	2	0				40	1	0.025	1	false	false	false	pass		.M......................................
11764	01	trust	1	bids/sub-11764/ses-01/func/sub-11764_ses-01_task-trust_run-1_events.tsv	9eeab192bd29d52b0764357c6f876043755897f4658c633115688944c6d37c89	42	42	true	0	0	1			0		0				42	0	0	1	false	false	false	pass		..........................................
11764	01	trust	2	bids/sub-11764/ses-01/func/sub-11764_ses-01_task-trust_run-2_events.tsv	4f10970130cbd4f93ac99838b3a6ce4c51f75e16b9500bbc7c533ba9944d8f91	42	42	true	0	0	1			0		0				42	0	0	1	false	false	false	pass		..........................................
11764	01	ugr	1	bids/sub-11764/ses-01/func/sub-11764_ses-01_task-ugr_run-1_events.tsv	12d18fb6e380fba23c2be36f8e051b395e91c3996acdb6c9831fc122bc6ffcb3	48	48	true	0	0	1			0		0				48	0	0	1	false	false	false	pass		................................................
11764	01	ugr	2	bids/sub-11764/ses-01/func/sub-11764_ses-01_task-ugr_run-2_events.tsv	f3cf99046afe80ebf71f2b26dd1e2a1b83a039add35e45bf5b13238344bceef3	48	48	true	0	0	1			0		0				48	0	0	1	false	false	false	pass		................................................
11772	01	doors	1	bids/sub-11772/ses-01/func/sub-11772_ses-01_task-doors_run-1_events.tsv	e8c93dcbc0457d7f79922367fb7d0905a6c0761f2c93c09154fc6fdab504a649	40	40	true	0	0	1			0		0				40	0	0	1	false	false	false	pass		........................................
11772	01	sharedreward	1	bids/sub-11772/ses-01/func/sub-11772_ses-01_task-sharedreward_run-1_events.tsv	f03267dce46c7c3cb2b7ff01be683dc0063d7f03b357a905169946231a3b9203	54	54	true	0	0	1			0		0				54	0	0	1	false	false	false	pass		......................................................
11772	01	socialdoors	1	bids/sub-11772/ses-01/func/sub-11772_ses-01_task-socialdoors_run-1_events.tsv	1ccdfb66c5f8869b218e7dffa4bdd11a9e7cf5e892b9e2f324143dd5c5431235	40	40	true	1	0.025	0.975	4	4	1	4	0				40	1	0.025	1	false	false	false	pass		...M....................................
11772	01	trust	1	bids/sub-11772/ses-01/func/sub-11772_ses-01_task-trust_run-1_events.tsv	006c6dc2bff90d518ccb7b1abc69953e865c4c43b8b87793aa03f6e672e42338	42	42	true	1	0.02381	0.97619	17	17	1	17	0				42	1	0.02381	1	false	false	false	pass		................M.........................
11772	01	ugr	1	bids/sub-11772/ses-01/func/sub-11772_ses-01_task-ugr_run-1_events.tsv	15b87eff75f820a6fe31841ac20a3e311fddea663f4e7a27eaccb567b03a6c2d	48	48	true	0	0	1			0		0				48	0	0	1	false	false	false	pass		................................................
11772	01	ugr	2	bids/sub-11772/ses-01/func/sub-11772_ses-01_task-ugr_run-2_events.tsv	a9cedf6cc9a31d6527f36c4a201014260459ab2ca404a7e70fee3bd71e722d40	48	48	true	0	0	1			0		0				48	0	0	1	false	false	false	pass		................................................
11773	01	doors	1	bids/sub-11773/ses-01/func/sub-11773_ses-01_task-doors_run-1_events.tsv	e2233f88e990a484ee4269ddbc9f5bde618a8838524d88caf975f424e591b0e8	40	40	true	0	0	1			0		0				40	0	0	1	false	false	false	pass		........................................
11773	01	sharedreward	1	bids/sub-11773/ses-01/func/sub-11773_ses-01_task-sharedreward_run-1_events.tsv	c1adcc0b2e4bcee5d307bcd5611b5ec5dff95e3ac7081f28b10150b00d26366d	54	54	true	0	0	1			0		0				54	0	0	1	false	false	false	pass		......................................................
11773	01	sharedreward	2	bids/sub-11773/ses-01/func/sub-11773_ses-01_task-sharedreward_run-2_events.tsv	c3455540422f6b04dda190097e8999de499ae3cc85c35a639f63f3eb2e66fa7c	54	54	true	0	0	1			0		0				54	0	0	1	false	false	false	pass		......................................................
11773	01	socialdoors	1	bids/sub-11773/ses-01/func/sub-11773_ses-01_task-socialdoors_run-1_events.tsv	45cf5eac059684c2d140f02dde985ccf67c89391d768e31c46b33305cb422f43	40	40	true	0	0	1			0		0				40	0	0	1	false	false	false	pass		........................................
11773	01	trust	1	bids/sub-11773/ses-01/func/sub-11773_ses-01_task-trust_run-1_events.tsv	7f58460d7bff0d99fc0803380532adc09c0f6454217af01d63bc5bccd0bb6ec1	42	42	true	1	0.02381	0.97619	17	17	1	17	0				42	1	0.02381	1	false	false	false	pass		................M.........................
11773	01	trust	2	bids/sub-11773/ses-01/func/sub-11773_ses-01_task-trust_run-2_events.tsv	fae47d5922fa6a3b6e6877a409eb99a02b5105fc044c673b75614d5e6e717aa5	42	42	true	1	0.02381	0.97619	1	1	1	1	0				42	1	0.02381	1	false	false	false	pass		M.........................................
11773	01	ugr	1	bids/sub-11773/ses-01/func/sub-11773_ses-01_task-ugr_run-1_events.tsv	db9a001121d2199a1d47a943e173a0257c2ad98ced525ab28b06f76c3491c1df	48	48	true	0	0	1			0		0				48	0	0	1	false	false	false	pass		................................................
11773	01	ugr	2	bids/sub-11773/ses-01/func/sub-11773_ses-01_task-ugr_run-2_events.tsv	05651dc3c8647e0328351d4c8ba8c64af670d16ceff67abbcc7a4a8befed55a1	48	48	true	0	0	1			0		0				48	0	0	1	false	false	false	pass		................................................
11774	01	doors	1	bids/sub-11774/ses-01/func/sub-11774_ses-01_task-doors_run-1_events.tsv	b40cd5dc193d03a814f4968c1ff428f6743b221b5b77a8cd9e446892660704c9	40	40	true	0	0	1			0		0				40	0	0	1	false	false	false	pass		........................................
11774	01	sharedreward	1	bids/sub-11774/ses-01/func/sub-11774_ses-01_task-sharedreward_run-1_events.tsv	5d64bb6913de8aee7bf56e0cb3ea67ad7e1bb398782f4c5873a36334689528cf	54	54	true	0	0	1			0		0				54	0	0	1	false	false	false	pass		......................................................
11774	01	sharedreward	2	bids/sub-11774/ses-01/func/sub-11774_ses-01_task-sharedreward_run-2_events.tsv	ce49c2ffd00ee692a4ad19142f6f9631ef257039d65fe0666f673a6e3187c4dc	54	54	true	0	0	1			0		0				54	0	0	1	false	false	false	pass		......................................................
11774	01	socialdoors	1	bids/sub-11774/ses-01/func/sub-11774_ses-01_task-socialdoors_run-1_events.tsv	a4806cf3e71841f80e916682ec4c7f79ee06c9b1d61d26e1f95783dcae0f028a	40	40	true	2	0.05	0.95	1	13	1	1	0				40	2	0.05	1	false	false	false	pass		M...........M...........................
11774	01	trust	1	bids/sub-11774/ses-01/func/sub-11774_ses-01_task-trust_run-1_events.tsv	7ef3bcfd233741e1444ad1f55c2aacf83caa164c33217cdc2f579556d0c600e7	42	42	true	1	0.02381	0.97619	30	30	1	30	0				42	1	0.02381	1	false	false	false	pass		.............................M............
11774	01	trust	2	bids/sub-11774/ses-01/func/sub-11774_ses-01_task-trust_run-2_events.tsv	6ca490b7a057cc6ef5dc0338cdb4046c72fbf7182a77969fad7552ab4d4c18c8	42	42	true	0	0	1			0		0				42	0	0	1	false	false	false	pass		..........................................
11774	01	ugr	1	bids/sub-11774/ses-01/func/sub-11774_ses-01_task-ugr_run-1_events.tsv	7f6b61b04900f553ad9dc75dfa4373ab8223aeba5a3a45cc293116cbae7fd97e	48	48	true	0	0	1			0		0				48	0	0	1	false	false	false	pass		................................................
11774	01	ugr	2	bids/sub-11774/ses-01/func/sub-11774_ses-01_task-ugr_run-2_events.tsv	44b6287fd44100e835254405b7c51869b82a96a428dea9cb6095e8734b6102b7	48	48	true	0	0	1			0		0				48	0	0	1	false	false	false	pass		................................................
11784	01	doors	1	bids/sub-11784/ses-01/func/sub-11784_ses-01_task-doors_run-1_events.tsv	6193ff62f3accb9bed297b6dc1e59c644e303f5affff3989fc4c7ca031392f34	40	40	true	0	0	1			0		0				40	0	0	1	false	false	false	pass		........................................
11784	01	sharedreward	1	bids/sub-11784/ses-01/func/sub-11784_ses-01_task-sharedreward_run-1_events.tsv	97ff2cf88e03359db3930c8ce651aa0c26f736550afc7d0e3ef2925faca678db	54	54	true	0	0	1			0		0				54	0	0	1	false	false	false	pass		......................................................
11784	01	sharedreward	2	bids/sub-11784/ses-01/func/sub-11784_ses-01_task-sharedreward_run-2_events.tsv	9d216f9c985773348bbba14b68a896a78e54a76902c03fe62282edd4d7322c92	54	54	true	0	0	1			0		0				54	0	0	1	false	false	false	pass		......................................................
11784	01	socialdoors	1	bids/sub-11784/ses-01/func/sub-11784_ses-01_task-socialdoors_run-1_events.tsv	4374aba73c5708333a1c954e15c8c1c8af45054f50b31935f261a0f1458ffd61	40	40	true	0	0	1			0		0				40	0	0	1	false	false	false	pass		........................................
11784	01	trust	1	bids/sub-11784/ses-01/func/sub-11784_ses-01_task-trust_run-1_events.tsv	bcf4b38ce689135f084c08865062e5f410213e24cd912d0d409c726491f0e962	42	42	true	0	0	1			0		0				42	0	0	1	false	false	false	pass		..........................................
11784	01	trust	2	bids/sub-11784/ses-01/func/sub-11784_ses-01_task-trust_run-2_events.tsv	585f3b8bc72cb72cfd8606976d23958c2f8fe1c8920882d0bdebd4d31369ef46	42	42	true	0	0	1			0		0				42	0	0	1	false	false	false	pass		..........................................
11784	01	ugr	1	bids/sub-11784/ses-01/func/sub-11784_ses-01_task-ugr_run-1_events.tsv	aa17f2580db5da2b3fc4613a1f5df58f08c4ae8778d34d1cc4ee4ada7a1f6bd3	48	48	true	0	0	1			0		0				48	0	0	1	false	false	false	pass		................................................
11784	01	ugr	2	bids/sub-11784/ses-01/func/sub-11784_ses-01_task-ugr_run-2_events.tsv	d4f81d6d1f8af186c46c0703588ecabf7e09c3b5fb1c41983c91ea8b7ef28919	48	48	true	0	0	1			0		0				48	0	0	1	false	false	false	pass		................................................
11787	01	doors	1	bids/sub-11787/ses-01/func/sub-11787_ses-01_task-doors_run-1_events.tsv	0763a53c613ff5a1cf16b2b831f372ea5b737ffa829f2d77117d2be290791fe4	40	40	true	0	0	1			0		0				40	0	0	1	false	false	false	pass		........................................
11787	01	sharedreward	1	bids/sub-11787/ses-01/func/sub-11787_ses-01_task-sharedreward_run-1_events.tsv	cfaa777e8f3aaca9024c29b2107c8609337baf97dac7bd20053aa76f61f26314	54	54	true	1	0.018519	0.981481	49	49	1	49	0				54	1	0.018519	1	false	false	false	pass		................................................M.....
11787	01	sharedreward	2	bids/sub-11787/ses-01/func/sub-11787_ses-01_task-sharedreward_run-2_events.tsv	c695aa6574ca7f164e883234bff77d09d79e36deab09335f4964625ea8cd21e1	54	54	true	0	0	1			0		0				54	0	0	1	false	false	false	pass		......................................................
11787	01	socialdoors	1	bids/sub-11787/ses-01/func/sub-11787_ses-01_task-socialdoors_run-1_events.tsv	931ed69ee06a81de668526ad45186be8e068afda471861e3334a7971c5fb90cb	40	40	true	0	0	1			0		0				40	0	0	1	false	false	false	pass		........................................
11787	01	trust	1	bids/sub-11787/ses-01/func/sub-11787_ses-01_task-trust_run-1_events.tsv	65398fa2312d6a68b72ba1c12e94d5f74ea03212a2cbbacf7dd1ce4418080e91	42	42	true	0	0	1			0		0				42	0	0	1	false	false	false	pass		..........................................
11787	01	trust	2	bids/sub-11787/ses-01/func/sub-11787_ses-01_task-trust_run-2_events.tsv	e892992f7e8ecca3c9ec3909206fb22ca9807381a8c034ac39a4f840da398f20	42	42	true	0	0	1			0		0				42	0	0	1	false	false	false	pass		..........................................
11787	01	ugr	1	bids/sub-11787/ses-01/func/sub-11787_ses-01_task-ugr_run-1_events.tsv	077e47ab35c6c0e388fb4a45585f7b7d8b5bee30ed5125fbe4772e51230f9b2c	48	48	true	0	0	1			0		0				48	0	0	1	false	false	false	pass		................................................
11787	01	ugr	2	bids/sub-11787/ses-01/func/sub-11787_ses-01_task-ugr_run-2_events.tsv	1338bd97510ded7c2acab8b92f4e1d10c3530233bbb1047b677f8caa6acc7474	48	48	true	0	0	1			0		0				48	0	0	1	false	false	false	pass		................................................
11788	01	doors	1	bids/sub-11788/ses-01/func/sub-11788_ses-01_task-doors_run-1_events.tsv	c5a93bb0e8fba81322a35704eb57fb6b6de860eca82df2a653b18e93cd2fdfcb	40	40	true	1	0.025	0.975	26	26	1	26	0				40	1	0.025	1	false	false	false	pass		.........................M..............
11788	01	sharedreward	1	bids/sub-11788/ses-01/func/sub-11788_ses-01_task-sharedreward_run-1_events.tsv	3808e8de64a5a703487ab0dabd19d17d79adc05ce666f5b12fb7ac63bd0f8492	54	54	true	1	0.018519	0.981481	1	1	1	1	0				54	1	0.018519	1	false	false	false	pass		M.....................................................
11788	01	sharedreward	2	bids/sub-11788/ses-01/func/sub-11788_ses-01_task-sharedreward_run-2_events.tsv	e14345e93660cde3579765448982673d3c838da216a53c0fdba3c79a5178436e	54	54	true	0	0	1			0		0				54	0	0	1	false	false	false	pass		......................................................
11788	01	socialdoors	1	bids/sub-11788/ses-01/func/sub-11788_ses-01_task-socialdoors_run-1_events.tsv	17d6bb25f725ec324a2ba4f66b9c525f9be9a71b89bf48d50ba4da70c6d86007	40	40	true	0	0	1			0		0				40	0	0	1	false	false	false	pass		........................................
11788	01	trust	1	bids/sub-11788/ses-01/func/sub-11788_ses-01_task-trust_run-1_events.tsv	aa083df9ed8ba418f717a6e5781576c3ba996e10cc84335641c1e7e00e37289e	42	42	true	0	0	1			0		0				42	0	0	1	false	false	false	pass		..........................................
11788	01	trust	2	bids/sub-11788/ses-01/func/sub-11788_ses-01_task-trust_run-2_events.tsv	37132fd26c6d4f413406f783a38861b3501272141b80b37d656b28856188f6b9	42	42	true	0	0	1			0		0				42	0	0	1	false	false	false	pass		..........................................
11788	01	ugr	1	bids/sub-11788/ses-01/func/sub-11788_ses-01_task-ugr_run-1_events.tsv	49e207568f30e4e717660ca676cdd51eb7abd8f8ac3b199491c4a14e6557d0d7	48	48	true	0	0	1			0		0				48	0	0	1	false	false	false	pass		................................................
11788	01	ugr	2	bids/sub-11788/ses-01/func/sub-11788_ses-01_task-ugr_run-2_events.tsv	3a688631052741b882a06b34393359a6df9af6e43ad77decc05a6b68c5a95ffa	48	48	true	0	0	1			0		0				48	0	0	1	false	false	false	pass		................................................
11789	01	doors	1	bids/sub-11789/ses-01/func/sub-11789_ses-01_task-doors_run-1_events.tsv	ffdaf86c60aa960ad9723d33ae17f45bb1ba27f4eec308606b34381d3308d11f	40	40	true	0	0	1			0		0				40	0	0	1	false	false	false	pass		........................................
11789	01	sharedreward	1	bids/sub-11789/ses-01/func/sub-11789_ses-01_task-sharedreward_run-1_events.tsv	ac614ec1442dfb4ad0a09ff890aeea816d9c3a596f5af357d98a8057d4a516c9	54	54	true	0	0	1			0		0				54	0	0	1	false	false	false	pass		......................................................
11789	01	sharedreward	2	bids/sub-11789/ses-01/func/sub-11789_ses-01_task-sharedreward_run-2_events.tsv	13349448d1a9499472351c5f2a7effd949c7e0a8eca6d0cfaad694430b78d876	54	54	true	0	0	1			0		0				54	0	0	1	false	false	false	pass		......................................................
11789	01	socialdoors	1	bids/sub-11789/ses-01/func/sub-11789_ses-01_task-socialdoors_run-1_events.tsv	c292debe97ee95f7493e575c490f543de678c5f6fe499a0986093ab0ff40051a	40	40	true	1	0.025	0.975	20	20	1	20	0				40	1	0.025	1	false	false	false	pass		...................M....................
11789	01	trust	1	bids/sub-11789/ses-01/func/sub-11789_ses-01_task-trust_run-1_events.tsv	7977a844657e75ed4a62cf2bc91027790c184f577fe81536ce68f29e89baed2a	42	42	true	0	0	1			0		0				42	0	0	1	false	false	false	pass		..........................................
11789	01	trust	2	bids/sub-11789/ses-01/func/sub-11789_ses-01_task-trust_run-2_events.tsv	a32a4601723a5e987456c23779eb2a76ed4f2cfa93f532510580d417d0798b03	42	42	true	0	0	1			0		0				42	0	0	1	false	false	false	pass		..........................................
11789	01	ugr	1	bids/sub-11789/ses-01/func/sub-11789_ses-01_task-ugr_run-1_events.tsv	336704075ddcb1f77d0761fa5e433ef7a7f71872bb3f4767c3ebfd0adb7f0c5b	48	48	true	0	0	1			0		0				48	0	0	1	false	false	false	pass		................................................
11789	01	ugr	2	bids/sub-11789/ses-01/func/sub-11789_ses-01_task-ugr_run-2_events.tsv	72d1a64e904cd8a184fee08a74419d4efe001bda6b153ecafa86637ef558b3e0	48	48	true	0	0	1			0		0				48	0	0	1	false	false	false	pass		................................................
11790	01	doors	1	bids/sub-11790/ses-01/func/sub-11790_ses-01_task-doors_run-1_events.tsv	f1a7d1b2a4a47639c6e3e593df4a27304dd9c9424dac290eed8483e973665c8c	40	40	true	0	0	1			0		0				40	0	0	1	false	false	false	pass		........................................
11790	01	sharedreward	1	bids/sub-11790/ses-01/func/sub-11790_ses-01_task-sharedreward_run-1_events.tsv	af0c42c9d7c23de4742d56c3297a92362e4082f0842be0dcce692f06810a7a99	54	54	true	3	0.055556	0.944444	49	54	2	49	1	54	397.686	5.02213	53	2	0.037736	0.981481	false	false	false	pass		................................................MM...M
11790	01	sharedreward	2	bids/sub-11790/ses-01/func/sub-11790_ses-01_task-sharedreward_run-2_events.tsv	cc736d409a3a1226b0f318d1af9a7ed572b640c11b5fdcd46674df5b08e9a972	54	54	true	6	0.111111	0.888889	10	52	1	10	0				54	6	0.111111	1	false	false	false	pass		.........M.........M............M........M...M.....M..
11790	01	socialdoors	1	bids/sub-11790/ses-01/func/sub-11790_ses-01_task-socialdoors_run-1_events.tsv	8361cca9e27070e518299c6eb22b141d1e1bf649375191983247577c6786c1a7	40	40	true	2	0.05	0.95	34	35	2	34	0				40	2	0.05	1	false	false	false	pass		.................................MM.....
11790	01	trust	1	bids/sub-11790/ses-01/func/sub-11790_ses-01_task-trust_run-1_events.tsv	a2a50bce46fcf9c424ab41b7d36ab1439c416cc6c49e1e7a9009ab40cc0badcb	42	42	true	1	0.02381	0.97619	35	35	1	35	0				42	1	0.02381	1	false	false	false	pass		..................................M.......
11790	01	trust	2	bids/sub-11790/ses-01/func/sub-11790_ses-01_task-trust_run-2_events.tsv	c1eada33a35d774a59fcc81148045391cc630bd0913b85118255180661ead5aa	42	42	true	5	0.119048	0.880952	13	39	1	13	0				42	5	0.119048	1	false	false	false	pass		............M...M....M............M...M...
11790	01	ugr	1	bids/sub-11790/ses-01/func/sub-11790_ses-01_task-ugr_run-1_events.tsv	8e72f9bca17daf1a7e06ad54b7166fec1182cbe4d3922349db527a322bda68d4	48	48	true	0	0	1			0		0				48	0	0	1	false	false	false	pass		................................................
11790	01	ugr	2	bids/sub-11790/ses-01/func/sub-11790_ses-01_task-ugr_run-2_events.tsv	8ed0fb867abe7b4dde20623d3759130b972b216f4c94d8867d6130f214d3662e	48	48	true	1	0.020833	0.979167	24	24	1	24	0				48	1	0.020833	1	false	false	false	pass		.......................M........................
11793	01	doors	1	bids/sub-11793/ses-01/func/sub-11793_ses-01_task-doors_run-1_events.tsv	f94050df8470061b67526149bf014da18e104573909a3137d3c46f4ecf4620f9	40	40	true	0	0	1			0		0				40	0	0	1	false	false	false	pass		........................................
11793	01	sharedreward	1	bids/sub-11793/ses-01/func/sub-11793_ses-01_task-sharedreward_run-1_events.tsv	3c38675c9166af00f2cc9f53da3b3bb0b527f5e1de29dae6a6d27e1b74120a17	54	54	true	1	0.018519	0.981481	34	34	1	34	0				54	1	0.018519	1	false	false	false	pass		.................................M....................
11793	01	sharedreward	2	bids/sub-11793/ses-01/func/sub-11793_ses-01_task-sharedreward_run-2_events.tsv	4f1547a56bbafc5b9b264196b9e173eee82408cd707f914640aab52221be3ccf	54	54	true	0	0	1			0		0				54	0	0	1	false	false	false	pass		......................................................
11793	01	socialdoors	1	bids/sub-11793/ses-01/func/sub-11793_ses-01_task-socialdoors_run-1_events.tsv	5448b54b0b16165ee385e080fe287e5bb9f725e251d2612e939da31967a63ca8	40	40	true	0	0	1			0		0				40	0	0	1	false	false	false	pass		........................................
11793	01	trust	1	bids/sub-11793/ses-01/func/sub-11793_ses-01_task-trust_run-1_events.tsv	97c25c82f95d535f69169b6f3546ca318ded0bc21a45205e94157bcfd169b716	42	42	true	0	0	1			0		0				42	0	0	1	false	false	false	pass		..........................................
11793	01	trust	2	bids/sub-11793/ses-01/func/sub-11793_ses-01_task-trust_run-2_events.tsv	8de44143e0a08109c01d6b3ae46d0c205f755b4abb6c865bb8933c694a789370	42	42	true	0	0	1			0		0				42	0	0	1	false	false	false	pass		..........................................
11793	01	ugr	1	bids/sub-11793/ses-01/func/sub-11793_ses-01_task-ugr_run-1_events.tsv	b9442c212a096ed25ab582daef88593f62cb4ee07daa84c96d699e6406c7065e	48	48	true	0	0	1			0		0				48	0	0	1	false	false	false	pass		................................................
11793	01	ugr	2	bids/sub-11793/ses-01/func/sub-11793_ses-01_task-ugr_run-2_events.tsv	2b0b3f3fa11f2ebeb441101bc1ff2756016a03c9595cdbeacdd304c5b033a694	48	48	true	0	0	1			0		0				48	0	0	1	false	false	false	pass		................................................
11795	01	doors	1	bids/sub-11795/ses-01/func/sub-11795_ses-01_task-doors_run-1_events.tsv	e8bd9b0aa1f350f49dc0f3c2407e5c333f2affc4522531c5ebc3b4708acbf7ee	40	40	true	1	0.025	0.975	2	2	1	2	0				40	1	0.025	1	false	false	false	pass		.M......................................
11795	01	sharedreward	1	bids/sub-11795/ses-01/func/sub-11795_ses-01_task-sharedreward_run-1_events.tsv	2c751f85b1f92e81248108c998a4ad1e8cc642444daeb4ed2dfbe8f61af5ceaa	54	54	true	2	0.037037	0.962963	1	18	1	1	0				54	2	0.037037	1	false	false	false	pass		M................M....................................
11795	01	sharedreward	2	bids/sub-11795/ses-01/func/sub-11795_ses-01_task-sharedreward_run-2_events.tsv	465f0241bb50d275d95dcc2adda72defc6cda95aed26613d73868aa3591681ae	54	54	true	1	0.018519	0.981481	1	1	1	1	0				54	1	0.018519	1	false	false	false	pass		M.....................................................
11795	01	socialdoors	1	bids/sub-11795/ses-01/func/sub-11795_ses-01_task-socialdoors_run-1_events.tsv	be591a8dd53df01c8c4e2893a8cc90c27d2e2e3a2cea242859cf8d17ea21da6d	40	40	true	1	0.025	0.975	9	9	1	9	0				40	1	0.025	1	false	false	false	pass		........M...............................
11795	01	trust	1	bids/sub-11795/ses-01/func/sub-11795_ses-01_task-trust_run-1_events.tsv	548a5ebdaf7fe5818be266ddad156dcbf1b469a519abad6bcffe159aeddcabe2	42	42	true	0	0	1			0		0				42	0	0	1	false	false	false	pass		..........................................
11795	01	trust	2	bids/sub-11795/ses-01/func/sub-11795_ses-01_task-trust_run-2_events.tsv	1e80c4bfd6e84458987849d34b5fd6e2ad8582a961cf5a23d19343ec96d4f7f4	42	42	true	0	0	1			0		0				42	0	0	1	false	false	false	pass		..........................................
11795	01	ugr	1	bids/sub-11795/ses-01/func/sub-11795_ses-01_task-ugr_run-1_events.tsv	d76a9811b7bb76bbf17d21eedeb66e3717afab02a9741727d07e9d725a521c66	48	48	true	0	0	1			0		0				48	0	0	1	false	false	false	pass		................................................
11795	01	ugr	2	bids/sub-11795/ses-01/func/sub-11795_ses-01_task-ugr_run-2_events.tsv	de78dbe5a9d8a9fd6206aabe0612daf1dbc697549b2ff197a13d547ff634873b	48	48	true	0	0	1			0		0				48	0	0	1	false	false	false	pass		................................................
11815	01	doors	1	bids/sub-11815/ses-01/func/sub-11815_ses-01_task-doors_run-1_events.tsv	c91baa111eed3a632f0a654035c30e78fed56cd856494ceb9ca515001f3962ed	40	40	true	0	0	1			0		0				40	0	0	1	false	false	false	pass		........................................
11815	01	sharedreward	1	bids/sub-11815/ses-01/func/sub-11815_ses-01_task-sharedreward_run-1_events.tsv	5a6d1fdcf7a745821a5f831ced9a9f9d9193fd4871c4c5e788719a8034d9148b	54	54	true	0	0	1			0		0				54	0	0	1	false	false	false	pass		......................................................
11815	01	sharedreward	2	bids/sub-11815/ses-01/func/sub-11815_ses-01_task-sharedreward_run-2_events.tsv	1a30a6c3087b8808c72d11a4f6640c20344d987fe54202dbc7fbbc13da4b1fca	54	54	true	0	0	1			0		0				54	0	0	1	false	false	false	pass		......................................................
11815	01	socialdoors	1	bids/sub-11815/ses-01/func/sub-11815_ses-01_task-socialdoors_run-1_events.tsv	9668a700e6bb5d36da3699350c39823973325c4804d88de8f8338a56af3ebdfb	40	40	true	0	0	1			0		0				40	0	0	1	false	false	false	pass		........................................
11815	01	trust	1	bids/sub-11815/ses-01/func/sub-11815_ses-01_task-trust_run-1_events.tsv	d7190151bef12d4d6a895ed477fcda6e5ceb4e69e39e5177a77cb2e604ba6b02	42	42	true	0	0	1			0		0				42	0	0	1	false	false	false	pass		..........................................
11815	01	trust	2	bids/sub-11815/ses-01/func/sub-11815_ses-01_task-trust_run-2_events.tsv	e0446748e95282d730bca65ab649733f92b267c283e7c1a4f427426aa8dc25df	42	42	true	0	0	1			0		0				42	0	0	1	false	false	false	pass		..........................................
11815	01	ugr	1	bids/sub-11815/ses-01/func/sub-11815_ses-01_task-ugr_run-1_events.tsv	02a7a31c0e6639d377fd261201e57e9a4b5d2ad2a83a5c2a7be0a26338c3cc7b	48	48	true	0	0	1			0		0				48	0	0	1	false	false	false	pass		................................................
11822	01	doors	1	bids/sub-11822/ses-01/func/sub-11822_ses-01_task-doors_run-1_events.tsv	09dd109877ab794e4e355340116bb16f09f496c14813af7a381f57439d504fb7	40	40	true	0	0	1			0		0				40	0	0	1	false	false	false	pass		........................................
11822	01	sharedreward	1	bids/sub-11822/ses-01/func/sub-11822_ses-01_task-sharedreward_run-1_events.tsv	796bcc6bb13fa9fd693ca52e37afa34d1c04b9ad1dafab9660e767f346adca5e	54	54	true	0	0	1			0		0				54	0	0	1	false	false	false	pass		......................................................
11822	01	sharedreward	2	bids/sub-11822/ses-01/func/sub-11822_ses-01_task-sharedreward_run-2_events.tsv	d9c1bfc61e52c64be59c26f4f31da87956c3027ef0b76231cc93d887dea67461	54	54	true	1	0.018519	0.981481	40	40	1	40	0				54	1	0.018519	1	false	false	false	pass		.......................................M..............
11822	01	socialdoors	1	bids/sub-11822/ses-01/func/sub-11822_ses-01_task-socialdoors_run-1_events.tsv	f54bfb3fb0de6b5062fca006f602011d662fc553dc49dade3174aee181bf00ab	40	40	true	1	0.025	0.975	24	24	1	24	0				40	1	0.025	1	false	false	false	pass		.......................M................
11822	01	trust	1	bids/sub-11822/ses-01/func/sub-11822_ses-01_task-trust_run-1_events.tsv	84b86d2ed64db425b725f0dbeeedb86e60060e773f892e0503a1b19ad0a1ee0a	42	42	true	0	0	1			0		0				42	0	0	1	false	false	false	pass		..........................................
11822	01	trust	2	bids/sub-11822/ses-01/func/sub-11822_ses-01_task-trust_run-2_events.tsv	cf31a3d694cad89b52f83ea800fbf738e63747a550cfbe630810aacd9c17ee55	42	42	true	0	0	1			0		0				42	0	0	1	false	false	false	pass		..........................................
11822	01	ugr	1	bids/sub-11822/ses-01/func/sub-11822_ses-01_task-ugr_run-1_events.tsv	f66536e834ba75766ca390a14d3fd27fc8d36519337c964c7e954823ddbb01af	48	48	true	1	0.020833	0.979167	29	29	1	29	0				48	1	0.020833	1	false	false	false	pass		............................M...................
11822	01	ugr	2	bids/sub-11822/ses-01/func/sub-11822_ses-01_task-ugr_run-2_events.tsv	69b18bf780499bbfe68c2b77b6cf517de5215257879b911c91f0c76e769e61ee	48	48	true	2	0.041667	0.958333	15	23	1	15	0				48	2	0.041667	1	false	false	false	pass		..............M.......M.........................
11823	01	doors	1	bids/sub-11823/ses-01/func/sub-11823_ses-01_task-doors_run-1_events.tsv	789cf6d44393dee50adb2d552d223d3e2b186d2c68e04d67497ee35221928d47	40	40	true	0	0	1			0		0				40	0	0	1	false	false	false	pass		........................................
11823	01	sharedreward	1	bids/sub-11823/ses-01/func/sub-11823_ses-01_task-sharedreward_run-1_events.tsv	847082a2fc8b25726ce484ccc7afd462dffd9d971a4a922e3c3ae7457e5b3ae0	54	54	true	0	0	1			0		0				54	0	0	1	false	false	false	pass		......................................................
11823	01	sharedreward	2	bids/sub-11823/ses-01/func/sub-11823_ses-01_task-sharedreward_run-2_events.tsv	1a315f4f3e3d740da1ee86ad9b3d99223ffb9c46fd1eef5b1ffbfe4f8f70e7f8	54	54	true	0	0	1			0		0				54	0	0	1	false	false	false	pass		......................................................
11823	01	socialdoors	1	bids/sub-11823/ses-01/func/sub-11823_ses-01_task-socialdoors_run-1_events.tsv	0dec64bc46ffd3a42721e26a6850ebc21994ac140f0676b8c6ef54798886ea0b	40	40	true	0	0	1			0		0				40	0	0	1	false	false	false	pass		........................................
11823	01	trust	1	bids/sub-11823/ses-01/func/sub-11823_ses-01_task-trust_run-1_events.tsv	76e75c0e59290049a469b10c0ea14a614f8dd101e89596d12820db24046b3bd4	42	42	true	1	0.02381	0.97619	10	10	1	10	0				42	1	0.02381	1	false	false	false	pass		.........M................................
11823	01	trust	2	bids/sub-11823/ses-01/func/sub-11823_ses-01_task-trust_run-2_events.tsv	be94829caee6a82f8781968fc457dd91fa9b672b72de5316e1cae00339383d7b	42	42	true	0	0	1			0		0				42	0	0	1	false	false	false	pass		..........................................
11823	01	ugr	1	bids/sub-11823/ses-01/func/sub-11823_ses-01_task-ugr_run-1_events.tsv	d593648525c43d11360e86dd0f31c2e507d8a79b35a3b6e5c8d1292a9fd0188a	48	48	true	0	0	1			0		0				48	0	0	1	false	false	false	pass		................................................
11823	01	ugr	2	bids/sub-11823/ses-01/func/sub-11823_ses-01_task-ugr_run-2_events.tsv	7daa6f64ab92e639a2d89156f47be4ad812f3de588dc904aa7ab008b34b67870	48	48	true	0	0	1			0		0				48	0	0	1	false	false	false	pass		................................................
11824	01	doors	1	bids/sub-11824/ses-01/func/sub-11824_ses-01_task-doors_run-1_events.tsv	017daf3d2d74555d4e85b1fb6c160fa4ce06a4ff3207f48a24ad5f5d16d22d8e	40	40	true	3	0.075	0.925	15	34	1	15	0				40	3	0.075	1	false	false	false	pass		..............M..............M...M......
11824	01	sharedreward	1	bids/sub-11824/ses-01/func/sub-11824_ses-01_task-sharedreward_run-1_events.tsv	f4ac9ea7a8bfc8fab3bb74ef1fedd60a551e2f50675fdb68ccfa4aa2bdb0bf18	54	54	true	1	0.018519	0.981481	47	47	1	47	0				54	1	0.018519	1	false	false	false	pass		..............................................M.......
11824	01	sharedreward	2	bids/sub-11824/ses-01/func/sub-11824_ses-01_task-sharedreward_run-2_events.tsv	f12d82925fd5aa92e9d6063b40d6f9c9669f2e34c4170721173e65ebfa9ecd6e	54	54	true	11	0.203704	0.796296	1	54	5	1	1	54	396.84616	5.83148	53	10	0.188679	0.981481	false	false	false	pass		MMMMM............M....M........MM..........M.........M
11824	01	socialdoors	1	bids/sub-11824/ses-01/func/sub-11824_ses-01_task-socialdoors_run-1_events.tsv	bb16406cbd854f99a26cd42c3855d5b47ca89a913189e6e2e83e2f0ec7d5002a	40	40	true	4	0.1	0.9	8	40	1	8	1	40	328.832301	4.600426	39	3	0.076923	0.975	false	false	false	pass		.......M.......M....................M..M
11824	01	trust	1	bids/sub-11824/ses-01/func/sub-11824_ses-01_task-trust_run-1_events.tsv	a0bb81b9c1c694c04ddad5f4193d86ad4f7bfbfbacdbaa98f2a0123832169de9	42	42	true	4	0.095238	0.904762	15	35	1	15	0				42	4	0.095238	1	false	false	false	pass		..............M.......M......M....M.......
11824	01	trust	2	bids/sub-11824/ses-01/func/sub-11824_ses-01_task-trust_run-2_events.tsv	bfcc76cb158d107fc1a133bbcab0f4415b8642c87b8b1a5fc1e144e075ae89ab	42	42	true	1	0.02381	0.97619	20	20	1	20	0				42	1	0.02381	1	false	false	false	pass		...................M......................
11824	01	ugr	1	bids/sub-11824/ses-01/func/sub-11824_ses-01_task-ugr_run-1_events.tsv	b86fea219eaf7f1cb82e0b14e340fe876d9716e7721a731eb070c3e78d0ecde3	48	48	true	0	0	1			0		0				48	0	0	1	false	false	false	pass		................................................
11824	01	ugr	2	bids/sub-11824/ses-01/func/sub-11824_ses-01_task-ugr_run-2_events.tsv	3f49948e63a9ec250918d9ded6f0482a832fa4185ba8a27bae974771beca9334	48	48	true	1	0.020833	0.979167	38	38	1	38	0				48	1	0.020833	1	false	false	false	pass		.....................................M..........
11828	01	doors	1	bids/sub-11828/ses-01/func/sub-11828_ses-01_task-doors_run-1_events.tsv	831a22c34e87eb56f5f435f7ce3b2237937cb935100ee6b629c904608691cb2b	40	40	true	0	0	1			0		0				40	0	0	1	false	false	false	pass		........................................
11828	01	sharedreward	1	bids/sub-11828/ses-01/func/sub-11828_ses-01_task-sharedreward_run-1_events.tsv	51f14445ea08fa2ae2832babb1c2bd663130c1aafd362071645ba86a87312d3d	54	54	true	1	0.018519	0.981481	1	1	1	1	0				54	1	0.018519	1	false	false	false	pass		M.....................................................
11828	01	sharedreward	2	bids/sub-11828/ses-01/func/sub-11828_ses-01_task-sharedreward_run-2_events.tsv	91e83da626ace0b668deb97c7aec07314d9fa6bb58389735e23e2b5648ccd06b	54	54	true	0	0	1			0		0				54	0	0	1	false	false	false	pass		......................................................
11828	01	socialdoors	1	bids/sub-11828/ses-01/func/sub-11828_ses-01_task-socialdoors_run-1_events.tsv	55ed10050f9f9b5bd654a51c9e76448b94b6ac13aad5f80a0f295c1cafd9f240	40	40	true	0	0	1			0		0				40	0	0	1	false	false	false	pass		........................................
11828	01	trust	1	bids/sub-11828/ses-01/func/sub-11828_ses-01_task-trust_run-1_events.tsv	c4f32468c11c73584d9ef0882e248aa96407624a574debad41271969823d4607	42	42	true	0	0	1			0		0				42	0	0	1	false	false	false	pass		..........................................
11828	01	trust	2	bids/sub-11828/ses-01/func/sub-11828_ses-01_task-trust_run-2_events.tsv	4759198575ac7a220bc9ff6e885c1de8799c541ef2901ae24785315445eb05b0	42	42	true	0	0	1			0		0				42	0	0	1	false	false	false	pass		..........................................
11828	01	ugr	1	bids/sub-11828/ses-01/func/sub-11828_ses-01_task-ugr_run-1_events.tsv	eb4f4d74bb0a290d77c6a484cbb195c6780cecedc58f5e13268cde95ff4e8095	48	48	true	0	0	1			0		0				48	0	0	1	false	false	false	pass		................................................
11828	01	ugr	2	bids/sub-11828/ses-01/func/sub-11828_ses-01_task-ugr_run-2_events.tsv	6f30906cf946af5da4dd85777a778ad0e90b7c6c9434c66d316f60d1e3536671	48	48	true	0	0	1			0		0				48	0	0	1	false	false	false	pass		................................................
11829	01	doors	1	bids/sub-11829/ses-01/func/sub-11829_ses-01_task-doors_run-1_events.tsv	a7ca7aea5e2a93fd4f801d16d57eff7e211a883a5c90a18ccbcd037590ecbace	40	40	true	0	0	1			0		0				40	0	0	1	false	false	false	pass		........................................
11829	01	sharedreward	1	bids/sub-11829/ses-01/func/sub-11829_ses-01_task-sharedreward_run-1_events.tsv	750981c1531ed7a59a679c5a13622d85c59c3da15c384ba5ca471e8b1c0f92a0	54	54	true	20	0.37037	0.62963	1	31	5	20	0				54	20	0.37037	1	true	false	false	review	overall_miss_fraction_threshold	MM.M.MMM.M.MM.MMMM.MMMMM.....MM.......................
11829	01	sharedreward	2	bids/sub-11829/ses-01/func/sub-11829_ses-01_task-sharedreward_run-2_events.tsv	e5d62402281f5bfe6d79e7ddb9d33a0758f878c63f75a8485bf736cda2a513b7	54	54	true	0	0	1			0		0				54	0	0	1	false	false	false	pass		......................................................
11829	01	socialdoors	1	bids/sub-11829/ses-01/func/sub-11829_ses-01_task-socialdoors_run-1_events.tsv	8cebde62989c5169943ec39916cbd9da81fadfd8a7c65f57ed6db215ee5da976	40	40	true	0	0	1			0		0				40	0	0	1	false	false	false	pass		........................................
11829	01	trust	1	bids/sub-11829/ses-01/func/sub-11829_ses-01_task-trust_run-1_events.tsv	cdf62dd63d2555860c43bef5163df70e48f533d20bff7bd662595cbd895a7df2	42	42	true	1	0.02381	0.97619	17	17	1	17	0				42	1	0.02381	1	false	false	false	pass		................M.........................
11829	01	trust	2	bids/sub-11829/ses-01/func/sub-11829_ses-01_task-trust_run-2_events.tsv	9ae76226dcdb754ed9fd589e77376bb4cb10d2373b96d9b07b6c2dd5c9156ee3	42	42	true	0	0	1			0		0				42	0	0	1	false	false	false	pass		..........................................
11829	01	ugr	1	bids/sub-11829/ses-01/func/sub-11829_ses-01_task-ugr_run-1_events.tsv	f8cc97110bf1098b36c70abba9b31d2b1b264bd75dc3560787b40cd1fe6114de	48	48	true	0	0	1			0		0				48	0	0	1	false	false	false	pass		................................................
11829	01	ugr	2	bids/sub-11829/ses-01/func/sub-11829_ses-01_task-ugr_run-2_events.tsv	1f5be911be5e639a264fab53c645036a72c08d764ed83399f0ba946a2fc27fab	48	48	true	0	0	1			0		0				48	0	0	1	false	false	false	pass		................................................
11840	01	doors	1	bids/sub-11840/ses-01/func/sub-11840_ses-01_task-doors_run-1_events.tsv	c7dd5515749c3381300aa91413041ddc213e45017111f3e2560d266476645691	40	40	true	0	0	1			0		0				40	0	0	1	false	false	false	pass		........................................
11840	01	sharedreward	1	bids/sub-11840/ses-01/func/sub-11840_ses-01_task-sharedreward_run-1_events.tsv	594232cd11317ffaa44e56af78324728e4a2ce57e0c51ba532543651a6cbcbb6	54	54	true	1	0.018519	0.981481	1	1	1	1	0				54	1	0.018519	1	false	false	false	pass		M.....................................................
11840	01	sharedreward	2	bids/sub-11840/ses-01/func/sub-11840_ses-01_task-sharedreward_run-2_events.tsv	54de74fd908ea34824cd81dbda37a0709ce9af8d6d8bb7f6d15757226c7ff690	54	54	true	1	0.018519	0.981481	49	49	1	49	0				54	1	0.018519	1	false	false	false	pass		................................................M.....
11840	01	socialdoors	1	bids/sub-11840/ses-01/func/sub-11840_ses-01_task-socialdoors_run-1_events.tsv	ca600c66e7fd7e7e4ef8ccc7d5c04e3417d024d8ffe52e8f422fb4986e0226b9	40	40	true	0	0	1			0		0				40	0	0	1	false	false	false	pass		........................................
11840	01	trust	1	bids/sub-11840/ses-01/func/sub-11840_ses-01_task-trust_run-1_events.tsv	39207f0062e3be589f927c85e0feb6c84afd52bf14b432408b7755564a5f6db6	42	42	true	2	0.047619	0.952381	1	10	1	1	0				42	2	0.047619	1	false	false	false	pass		M........M................................
11840	01	trust	2	bids/sub-11840/ses-01/func/sub-11840_ses-01_task-trust_run-2_events.tsv	c6123dc139f9a46c8b3318833e5b982913b80d386757511aeb7c617b8b6d6eff	42	42	true	1	0.02381	0.97619	21	21	1	21	0				42	1	0.02381	1	false	false	false	pass		....................M.....................
11840	01	ugr	1	bids/sub-11840/ses-01/func/sub-11840_ses-01_task-ugr_run-1_events.tsv	8857918c9be88ae555be2c347c6da5f5b7c0e3be63b14296826e540c09d824c3	48	48	true	0	0	1			0		0				48	0	0	1	false	false	false	pass		................................................
11840	01	ugr	2	bids/sub-11840/ses-01/func/sub-11840_ses-01_task-ugr_run-2_events.tsv	1ab14872aa32d5639424cf3e1740799b92dc44575f7bc1f0598116e3cb992b79	48	48	true	0	0	1			0		0				48	0	0	1	false	false	false	pass		................................................
11847	01	doors	1	bids/sub-11847/ses-01/func/sub-11847_ses-01_task-doors_run-1_events.tsv	624ead377cdce34ddb283b82425330b2cab661bd74e70950ff1387d19d73c007	40	40	true	2	0.05	0.95	17	24	1	17	0				40	2	0.05	1	false	false	false	pass		................M......M................
11847	01	sharedreward	1	bids/sub-11847/ses-01/func/sub-11847_ses-01_task-sharedreward_run-1_events.tsv	f2bbdae9543af848439035e88700ceb02859b7025e8f1919954c1e8e526481ea	54	54	true	1	0.018519	0.981481	42	42	1	42	0				54	1	0.018519	1	false	false	false	pass		.........................................M............
11847	01	sharedreward	2	bids/sub-11847/ses-01/func/sub-11847_ses-01_task-sharedreward_run-2_events.tsv	9861a730ea3de36492294a7118f0c31451767521c1180feb7948cb72bd44a7ed	54	54	true	3	0.055556	0.944444	13	39	1	13	0				54	3	0.055556	1	false	false	false	pass		............M................M........M...............
11847	01	socialdoors	1	bids/sub-11847/ses-01/func/sub-11847_ses-01_task-socialdoors_run-1_events.tsv	323ef70d8aca77526a681de0d9573773e94f97f8674449132f4f3b67acda9e75	40	40	true	0	0	1			0		0				40	0	0	1	false	false	false	pass		........................................
11847	01	trust	1	bids/sub-11847/ses-01/func/sub-11847_ses-01_task-trust_run-1_events.tsv	cc4cfe2126b848121e2f6077a66b61af1e4c529187e8d336e8dd888eb059002c	42	42	true	3	0.071429	0.928571	10	29	1	10	0				42	3	0.071429	1	false	false	false	pass		.........M.......M..........M.............
11847	01	trust	2	bids/sub-11847/ses-01/func/sub-11847_ses-01_task-trust_run-2_events.tsv	73a4dca0c41b845d033418034b79b2920837183c64ad6dd62e05beebef2366d8	42	42	true	2	0.047619	0.952381	9	15	1	9	0				42	2	0.047619	1	false	false	false	pass		........M.....M...........................
11847	01	ugr	1	bids/sub-11847/ses-01/func/sub-11847_ses-01_task-ugr_run-1_events.tsv	0f8395dca9d250fd2f9673974d3c608ac9fcd200080aa331d795744e986f8f40	48	48	true	0	0	1			0		0				48	0	0	1	false	false	false	pass		................................................
11847	01	ugr	2	bids/sub-11847/ses-01/func/sub-11847_ses-01_task-ugr_run-2_events.tsv	a7ddb890f5f52aa76bfb2f4b4cd5f8d4eaa23e5a0d9f8f2da0091bde6da4d491	48	48	true	0	0	1			0		0				48	0	0	1	false	false	false	pass		................................................
11853	01	doors	1	bids/sub-11853/ses-01/func/sub-11853_ses-01_task-doors_run-1_events.tsv	87a205663c32612e49f0a2d802d6ff66d5fc5771f280c40f702f400579c5a2a4	40	40	true	0	0	1			0		0				40	0	0	1	false	false	false	pass		........................................
11853	01	sharedreward	1	bids/sub-11853/ses-01/func/sub-11853_ses-01_task-sharedreward_run-1_events.tsv	485db8be1fd926bcfbb69b43d7f96e6da9c0256757307475d36415004c2d1022	54	54	true	1	0.018519	0.981481	1	1	1	1	0				54	1	0.018519	1	false	false	false	pass		M.....................................................
11853	01	sharedreward	2	bids/sub-11853/ses-01/func/sub-11853_ses-01_task-sharedreward_run-2_events.tsv	95d54ad9e9702cb4315175809ca4b71ce54b4e08cfea9ed20d513e5635c80ecd	54	54	true	0	0	1			0		0				54	0	0	1	false	false	false	pass		......................................................
11853	01	socialdoors	1	bids/sub-11853/ses-01/func/sub-11853_ses-01_task-socialdoors_run-1_events.tsv	b85e715da2c6dafe807b140560cc20473d54fedb236ed9e3ad3bdb10ace863aa	40	40	true	0	0	1			0		0				40	0	0	1	false	false	false	pass		........................................
11853	01	trust	1	bids/sub-11853/ses-01/func/sub-11853_ses-01_task-trust_run-1_events.tsv	f51df8172c8ff88d20d4db5833490d56ffc3f3c8ebece1dc82cd493d30af3eb4	42	42	true	0	0	1			0		0				42	0	0	1	false	false	false	pass		..........................................
11853	01	trust	2	bids/sub-11853/ses-01/func/sub-11853_ses-01_task-trust_run-2_events.tsv	42816c3e57f55b3713fedf8bf2af1e2b4d84c5a7879974007c0ab08daf05e2f6	42	42	true	0	0	1			0		0				42	0	0	1	false	false	false	pass		..........................................
11853	01	ugr	1	bids/sub-11853/ses-01/func/sub-11853_ses-01_task-ugr_run-1_events.tsv	6e318264f7c3fcbf680a15364be745256c8734a8fc45cd55e7d0f4c0c38f4d5c	48	48	true	0	0	1			0		0				48	0	0	1	false	false	false	pass		................................................
11853	01	ugr	2	bids/sub-11853/ses-01/func/sub-11853_ses-01_task-ugr_run-2_events.tsv	e1fc640970f92e7526a7f557b4726b6b6796a45a5d6467ac3776388750778460	48	48	true	0	0	1			0		0				48	0	0	1	false	false	false	pass		................................................
11854	01	doors	1	bids/sub-11854/ses-01/func/sub-11854_ses-01_task-doors_run-1_events.tsv	fce77f5bce626bec15b06bfcfce40db44dd3d31d09da946d956b91a6c05c932e	40	40	true	1	0.025	0.975	28	28	1	28	0				40	1	0.025	1	false	false	false	pass		...........................M............
11854	01	sharedreward	1	bids/sub-11854/ses-01/func/sub-11854_ses-01_task-sharedreward_run-1_events.tsv	90d3aa4067bbc6ab9600008961f7db3c9c47f28a19c647f5fd219269e796c58e	54	54	true	0	0	1			0		0				54	0	0	1	false	false	false	pass		......................................................
11854	01	sharedreward	2	bids/sub-11854/ses-01/func/sub-11854_ses-01_task-sharedreward_run-2_events.tsv	6ee2b80862f656cfa1c1a794d7fcf8bdb20dfbfeb7e4047e6bf332aab1e3a8e1	54	54	true	1	0.018519	0.981481	33	33	1	33	0				54	1	0.018519	1	false	false	false	pass		................................M.....................
11854	01	socialdoors	1	bids/sub-11854/ses-01/func/sub-11854_ses-01_task-socialdoors_run-1_events.tsv	08d55c0bcf8a1aa5d2541ebb7ba4c3760e1989b2b19ac26da015585fd31ef029	40	40	true	0	0	1			0		0				40	0	0	1	false	false	false	pass		........................................
11854	01	trust	1	bids/sub-11854/ses-01/func/sub-11854_ses-01_task-trust_run-1_events.tsv	c5a38bb3cb28b7d708d88a31837c23a72a0fc85a4d9d5fe67cc7d2a550423cd4	42	42	true	1	0.02381	0.97619	29	29	1	29	0				42	1	0.02381	1	false	false	false	pass		............................M.............
11854	01	trust	2	bids/sub-11854/ses-01/func/sub-11854_ses-01_task-trust_run-2_events.tsv	02bdaaa0f64c1c6ea6c8d485a6458d85776ae926ad446a218edf31c057b2d6fc	42	42	true	1	0.02381	0.97619	15	15	1	15	0				42	1	0.02381	1	false	false	false	pass		..............M...........................
11854	01	ugr	1	bids/sub-11854/ses-01/func/sub-11854_ses-01_task-ugr_run-1_events.tsv	cffbb01206586b4c3b1f3c4413f5577004d68e5a7affde5572af96e863fe8725	48	48	true	0	0	1			0		0				48	0	0	1	false	false	false	pass		................................................
11854	01	ugr	2	bids/sub-11854/ses-01/func/sub-11854_ses-01_task-ugr_run-2_events.tsv	19ae9373273c8b99c067b96ffac9236939b271d4f6f6017adc7c0e2bc182a5a2	48	48	true	1	0.020833	0.979167	32	32	1	32	0				48	1	0.020833	1	false	false	false	pass		...............................M................
11861	01	doors	1	bids/sub-11861/ses-01/func/sub-11861_ses-01_task-doors_run-1_events.tsv	2171558ab9f1d3ce13f43d19e733175f4e20e8205d6244ec26c88e88af5a5622	40	40	true	0	0	1			0		0				40	0	0	1	false	false	false	pass		........................................
11861	01	sharedreward	1	bids/sub-11861/ses-01/func/sub-11861_ses-01_task-sharedreward_run-1_events.tsv	d4d6779b172a726c649d99ca09e60ae05d2921200f89fdf5c7d73d775778e2dd	54	54	true	0	0	1			0		0				54	0	0	1	false	false	false	pass		......................................................
11861	01	sharedreward	2	bids/sub-11861/ses-01/func/sub-11861_ses-01_task-sharedreward_run-2_events.tsv	fc983e1e9b124705ef45a1651e03a127519bcef43ac6bb46b6edc79ea37c106e	54	54	true	0	0	1			0		0				54	0	0	1	false	false	false	pass		......................................................
11861	01	socialdoors	1	bids/sub-11861/ses-01/func/sub-11861_ses-01_task-socialdoors_run-1_events.tsv	6fda7b973b2af61e6dfc041078ecde803a8b979612ee54ee4e08190b536c74d5	40	40	true	0	0	1			0		0				40	0	0	1	false	false	false	pass		........................................
11861	01	trust	1	bids/sub-11861/ses-01/func/sub-11861_ses-01_task-trust_run-1_events.tsv	6768ac37834c36e146a4d731a25381d4563555970aa682b786433d4a9d0eea0c	42	42	true	0	0	1			0		0				42	0	0	1	false	false	false	pass		..........................................
11861	01	trust	2	bids/sub-11861/ses-01/func/sub-11861_ses-01_task-trust_run-2_events.tsv	85fed63692cf79d8aa054f746a6cbba76cdbc62002ed98102fd9d9f9289f7726	42	42	true	0	0	1			0		0				42	0	0	1	false	false	false	pass		..........................................
11861	01	ugr	1	bids/sub-11861/ses-01/func/sub-11861_ses-01_task-ugr_run-1_events.tsv	ff7e5ec45ed9207f231ebe87434294b5c26d9fb106ed2776522e3f5c7d744f13	48	48	true	0	0	1			0		0				48	0	0	1	false	false	false	pass		................................................
11861	01	ugr	2	bids/sub-11861/ses-01/func/sub-11861_ses-01_task-ugr_run-2_events.tsv	73b8cd60e2d4eaec9a59955c71e596318149e31bb549fdb6527756a154e4d958	48	48	true	0	0	1			0		0				48	0	0	1	false	false	false	pass		................................................
11866	01	doors	1	bids/sub-11866/ses-01/func/sub-11866_ses-01_task-doors_run-1_events.tsv	51f62e5f55a8f0dc72bc917d71c15babf3d5c1c5f265a7a3e940ae61cc1f8ba5	40	40	true	0	0	1			0		0				40	0	0	1	false	false	false	pass		........................................
11866	01	sharedreward	1	bids/sub-11866/ses-01/func/sub-11866_ses-01_task-sharedreward_run-1_events.tsv	56b7dd21ee6838bcd308d820fc213341203c6e622e1f0153354b2148858d73aa	54	54	true	0	0	1			0		0				54	0	0	1	false	false	false	pass		......................................................
11866	01	sharedreward	2	bids/sub-11866/ses-01/func/sub-11866_ses-01_task-sharedreward_run-2_events.tsv	477876aa5014286b18aad3e06f50948bc020b2fb515aeccd0e88cd83c44c4332	54	54	true	0	0	1			0		0				54	0	0	1	false	false	false	pass		......................................................
11866	01	socialdoors	1	bids/sub-11866/ses-01/func/sub-11866_ses-01_task-socialdoors_run-1_events.tsv	4f9332a4b0a5d4e0406b6553dbec7d1dd3e171027128c3cb1c025ec0019738f9	40	40	true	0	0	1			0		0				40	0	0	1	false	false	false	pass		........................................
11866	01	trust	1	bids/sub-11866/ses-01/func/sub-11866_ses-01_task-trust_run-1_events.tsv	27af882e832097d744984f22484ef9a33fdf081964bca2a0a6bf19b88c4e2723	42	42	true	0	0	1			0		0				42	0	0	1	false	false	false	pass		..........................................
11866	01	trust	2	bids/sub-11866/ses-01/func/sub-11866_ses-01_task-trust_run-2_events.tsv	a56318d4a2da8807b13f5adcd12c10f6c99b4e9d6aebd10bdb4a452d552324ef	42	42	true	0	0	1			0		0				42	0	0	1	false	false	false	pass		..........................................
11866	01	ugr	1	bids/sub-11866/ses-01/func/sub-11866_ses-01_task-ugr_run-1_events.tsv	791922fa7f8ca228c383a2338110310c4bb7cafaa4968be40903112c38e9e40b	48	48	true	0	0	1			0		0				48	0	0	1	false	false	false	pass		................................................
11866	01	ugr	2	bids/sub-11866/ses-01/func/sub-11866_ses-01_task-ugr_run-2_events.tsv	f06df995db894746f04bed87ad61b4a784e06bfad2768e187174fa9fd84d751b	48	48	true	0	0	1			0		0				48	0	0	1	false	false	false	pass		................................................
11867	01	doors	1	bids/sub-11867/ses-01/func/sub-11867_ses-01_task-doors_run-1_events.tsv	1de0b82ef48c2ba0b32ae617274b4a7b374f1189c09a6ae3dc571e1192088033	40	40	true	4	0.1	0.9	7	37	1	7	0				40	4	0.1	1	false	false	false	pass		......M...M................M........M...
11867	01	sharedreward	1	bids/sub-11867/ses-01/func/sub-11867_ses-01_task-sharedreward_run-1_events.tsv	a64f1c367c0d0d22bce5c4b4811742cc99ff2f71f5d61d1332f637e71eed1edb	54	54	true	2	0.037037	0.962963	7	25	1	7	0				54	2	0.037037	1	false	false	false	pass		......M.................M.............................
11867	01	sharedreward	2	bids/sub-11867/ses-01/func/sub-11867_ses-01_task-sharedreward_run-2_events.tsv	adc75182cd5caafa54abe6c10145db215f52fed02a1651f58cc9a3d0cafee154	54	54	true	3	0.055556	0.944444	19	44	1	19	0				54	3	0.055556	1	false	false	false	pass		..................M.................M......M..........
11867	01	socialdoors	1	bids/sub-11867/ses-01/func/sub-11867_ses-01_task-socialdoors_run-1_events.tsv	bd55fae418f341c17e5e9c1c7b7e3eae4eaba4d1979f32044219a1c8e18fda3a	40	40	true	1	0.025	0.975	33	33	1	33	0				40	1	0.025	1	false	false	false	pass		................................M.......
11867	01	trust	1	bids/sub-11867/ses-01/func/sub-11867_ses-01_task-trust_run-1_events.tsv	907932df22302230f5308616f8d4cd7e7e28c3cdf55d0bc59768725267a6a7ff	42	42	true	2	0.047619	0.952381	4	42	1	4	1	42	435.67697	3.01779	41	1	0.02439	0.97619	false	false	false	pass		...M.....................................M
11867	01	trust	2	bids/sub-11867/ses-01/func/sub-11867_ses-01_task-trust_run-2_events.tsv	8cd08f3fd44eebbf7b789a777e9f0456f07ee69b404410d642a6cbb0add5cc88	42	42	true	3	0.071429	0.928571	8	42	1	8	1	42	437.1726	3.0121	41	2	0.04878	0.97619	false	false	false	pass		.......M......................M..........M
11867	01	ugr	1	bids/sub-11867/ses-01/func/sub-11867_ses-01_task-ugr_run-1_events.tsv	52cd37e8029ed52f4b695a28134cf22ee7416d47caf73ad9c2d5a68ddd845866	48	48	true	1	0.020833	0.979167	43	43	1	43	0				48	1	0.020833	1	false	false	false	pass		..........................................M.....
11867	01	ugr	2	bids/sub-11867/ses-01/func/sub-11867_ses-01_task-ugr_run-2_events.tsv	25bfa04ffa291f05e6bb9435cf88f7ef5fee80871d7e3eaebf92db8da789c62e	48	48	true	4	0.083333	0.916667	5	40	1	5	0				48	4	0.083333	1	false	false	false	pass		....M......................M...M.......M........
11870	01	doors	1	bids/sub-11870/ses-01/func/sub-11870_ses-01_task-doors_run-1_events.tsv	9a2544f83ece6f7bc9bd49dbdfe6cd79c722ca56d47342209fe8b8c1a505f0e0	40	40	true	0	0	1			0		0				40	0	0	1	false	false	false	pass		........................................
11870	01	sharedreward	1	bids/sub-11870/ses-01/func/sub-11870_ses-01_task-sharedreward_run-1_events.tsv	b42c60ed163bf1e0c9ad81a14218517af18a1c875ae2f46f6e9c2e30e83821b4	54	54	true	3	0.055556	0.944444	1	53	1	1	0				54	3	0.055556	1	false	false	false	pass		M..........................M........................M.
11870	01	sharedreward	2	bids/sub-11870/ses-01/func/sub-11870_ses-01_task-sharedreward_run-2_events.tsv	1c9647f049ba091bacdf329d8c34e8da03d3628bbd3ed7b966e3e60c2a380031	54	54	true	3	0.055556	0.944444	7	38	1	7	0				54	3	0.055556	1	false	false	false	pass		......M........................M.....M................
11870	01	socialdoors	1	bids/sub-11870/ses-01/func/sub-11870_ses-01_task-socialdoors_run-1_events.tsv	2bd2183a1fcee1a08c8fc48315b5b3a76dc1a6030f421a09b7448a499eddcd1c	40	40	true	0	0	1			0		0				40	0	0	1	false	false	false	pass		........................................
11870	01	trust	1	bids/sub-11870/ses-01/func/sub-11870_ses-01_task-trust_run-1_events.tsv	bb377370a68e38bb8ad6f70dd34e54d9debba577ce2d61f3b2e0b1f5f82e72a5	42	42	true	0	0	1			0		0				42	0	0	1	false	false	false	pass		..........................................
11870	01	trust	2	bids/sub-11870/ses-01/func/sub-11870_ses-01_task-trust_run-2_events.tsv	e38c9247c51a5180068fd3f0a020012587aa2158a4ee1f0ee3582f12d08db063	42	42	true	0	0	1			0		0				42	0	0	1	false	false	false	pass		..........................................
11870	01	ugr	1	bids/sub-11870/ses-01/func/sub-11870_ses-01_task-ugr_run-1_events.tsv	c6306f885782770b2b47de22fd4c94941e550e6129ecfb976085cf79eae03957	48	48	true	0	0	1			0		0				48	0	0	1	false	false	false	pass		................................................
11870	01	ugr	2	bids/sub-11870/ses-01/func/sub-11870_ses-01_task-ugr_run-2_events.tsv	b3331ac910436ea3e2ca399e45e9ed1e090a517bba6a04818ab28ed098fcc349	48	48	true	1	0.020833	0.979167	13	13	1	13	0				48	1	0.020833	1	false	false	false	pass		............M...................................
11872	01	doors	1	bids/sub-11872/ses-01/func/sub-11872_ses-01_task-doors_run-1_events.tsv	a18a06060ea582eb0d219a460b66295e99ad5ba5d69b02ebabb2dbbcd35036b2	40	40	true	0	0	1			0		0				40	0	0	1	false	false	false	pass		........................................
11872	01	sharedreward	1	bids/sub-11872/ses-01/func/sub-11872_ses-01_task-sharedreward_run-1_events.tsv	520726d7239e89940e66a611dabe073d8a44beba684b8d6fc8e60deb39423aff	54	54	true	1	0.018519	0.981481	39	39	1	39	0				54	1	0.018519	1	false	false	false	pass		......................................M...............
11872	01	sharedreward	2	bids/sub-11872/ses-01/func/sub-11872_ses-01_task-sharedreward_run-2_events.tsv	1a11b1955963afc5a425ce8b086f1ed234e238b6360502381fc140f496fb6ef6	54	54	true	0	0	1			0		0				54	0	0	1	false	false	false	pass		......................................................
11872	01	socialdoors	1	bids/sub-11872/ses-01/func/sub-11872_ses-01_task-socialdoors_run-1_events.tsv	d567d17bdf5ca5d4af3697b001c21ad9e12d75e50de25272533f2c8150f6914a	40	40	true	0	0	1			0		0				40	0	0	1	false	false	false	pass		........................................
11872	01	trust	1	bids/sub-11872/ses-01/func/sub-11872_ses-01_task-trust_run-1_events.tsv	6abec37b025b4009036d0c85372e38a8f44ce42f279016da76ad065392bcc9bd	42	42	true	0	0	1			0		0				42	0	0	1	false	false	false	pass		..........................................
11872	01	trust	2	bids/sub-11872/ses-01/func/sub-11872_ses-01_task-trust_run-2_events.tsv	3fcb3cf2bb5ca9ccd0eae02c00983f2566353c370c60b7b1122c38d4a66cf62e	42	42	true	0	0	1			0		0				42	0	0	1	false	false	false	pass		..........................................
11872	01	ugr	1	bids/sub-11872/ses-01/func/sub-11872_ses-01_task-ugr_run-1_events.tsv	60746707b67ef538cb24e3c5f247d947de47e8c0fad0b07bc8ef766e9104d47a	48	48	true	0	0	1			0		0				48	0	0	1	false	false	false	pass		................................................
11872	01	ugr	2	bids/sub-11872/ses-01/func/sub-11872_ses-01_task-ugr_run-2_events.tsv	369f1b21344f43f5cf70b4441b9419e20aa1e7e4fcb20a6ba5c7bc800057b544	48	48	true	0	0	1			0		0				48	0	0	1	false	false	false	pass		................................................
11876	01	doors	1	bids/sub-11876/ses-01/func/sub-11876_ses-01_task-doors_run-1_events.tsv	3ab2065721fb49a4146793a027282e608f1bca6681bea834166932758539bbf2	40	40	true	0	0	1			0		0				40	0	0	1	false	false	false	pass		........................................
11876	01	sharedreward	1	bids/sub-11876/ses-01/func/sub-11876_ses-01_task-sharedreward_run-1_events.tsv	668aec41c1cb39e882af3277f7bfbb272c86285ce6d41eca8df56c346d80a03c	54	54	true	0	0	1			0		0				54	0	0	1	false	false	false	pass		......................................................
11876	01	sharedreward	2	bids/sub-11876/ses-01/func/sub-11876_ses-01_task-sharedreward_run-2_events.tsv	a15deab03c36a8ea32fd1bf85f809a751170b9b7da4af3ed0d7dc90ef11dbb1c	54	54	true	0	0	1			0		0				54	0	0	1	false	false	false	pass		......................................................
11876	01	socialdoors	1	bids/sub-11876/ses-01/func/sub-11876_ses-01_task-socialdoors_run-1_events.tsv	40ea0b64986830dd4b8bd4018f29378be83923cea968a510ae484fff25bcebbc	40	40	true	0	0	1			0		0				40	0	0	1	false	false	false	pass		........................................
11876	01	trust	1	bids/sub-11876/ses-01/func/sub-11876_ses-01_task-trust_run-1_events.tsv	cf5e0538a36e8181b4e84d6d629c40c85bf0d4524f990dec5d55e6c78a0cd096	42	42	true	0	0	1			0		0				42	0	0	1	false	false	false	pass		..........................................
11876	01	trust	2	bids/sub-11876/ses-01/func/sub-11876_ses-01_task-trust_run-2_events.tsv	fd9643d369aad059c6b567eef4058bed4219cbdb373a2874073f8f6e6b0f9804	42	42	true	0	0	1			0		0				42	0	0	1	false	false	false	pass		..........................................
11876	01	ugr	1	bids/sub-11876/ses-01/func/sub-11876_ses-01_task-ugr_run-1_events.tsv	e56359f2a560e05b0156638c47625f9807e0e5388223fb3721e928bc9c32e232	48	48	true	0	0	1			0		0				48	0	0	1	false	false	false	pass		................................................
11876	01	ugr	2	bids/sub-11876/ses-01/func/sub-11876_ses-01_task-ugr_run-2_events.tsv	254a54ae1359d0059020d7572ff25b1754196a95046597af7f454b871a29a71a	48	48	true	0	0	1			0		0				48	0	0	1	false	false	false	pass		................................................
11877	01	doors	1	bids/sub-11877/ses-01/func/sub-11877_ses-01_task-doors_run-1_events.tsv	cd68a83355728d8951228c58e08e8f9d149acfe2b0f3b1197e801456a67434d5	40	40	true	0	0	1			0		0				40	0	0	1	false	false	false	pass		........................................
11877	01	sharedreward	1	bids/sub-11877/ses-01/func/sub-11877_ses-01_task-sharedreward_run-1_events.tsv	6281571c39c32194b4feab9681791a635aa38ea66bb5854f432a46b874850866	54	54	true	6	0.111111	0.888889	37	53	2	43	0				54	6	0.111111	1	false	false	false	pass		....................................M.....MM....MM..M.
11877	01	sharedreward	2	bids/sub-11877/ses-01/func/sub-11877_ses-01_task-sharedreward_run-2_events.tsv	68a0d1fd219e2cc1568f1289fbe7bdc163dbe28c8f9e78e4fae6a1fe10fe717d	54	54	true	2	0.037037	0.962963	47	51	1	47	0				54	2	0.037037	1	false	false	false	pass		..............................................M...M...
11877	01	socialdoors	1	bids/sub-11877/ses-01/func/sub-11877_ses-01_task-socialdoors_run-1_events.tsv	cddc383de4cd5a5952d767f7cfb0facbd2e8ae01c0e77b99f5bc0f4f2963dcf3	40	40	true	0	0	1			0		0				40	0	0	1	false	false	false	pass		........................................
11877	01	trust	1	bids/sub-11877/ses-01/func/sub-11877_ses-01_task-trust_run-1_events.tsv	e8b717d6297f61ac965a6cabbf59e0f5002f4df8f4b7f99dd4daab43705a3e95	42	42	true	0	0	1			0		0				42	0	0	1	false	false	false	pass		..........................................
11877	01	trust	2	bids/sub-11877/ses-01/func/sub-11877_ses-01_task-trust_run-2_events.tsv	e19eec15ec266905456f27bbdee81280b212d7eb5316fc1b2a0d96e15f1413e0	42	42	true	1	0.02381	0.97619	35	35	1	35	0				42	1	0.02381	1	false	false	false	pass		..................................M.......
11877	01	ugr	1	bids/sub-11877/ses-01/func/sub-11877_ses-01_task-ugr_run-1_events.tsv	a147086a7d304a22d88a6e0c3ce5553c38f6a96ceea99e95de7230a5a058bbc1	48	48	true	0	0	1			0		0				48	0	0	1	false	false	false	pass		................................................
11877	01	ugr	2	bids/sub-11877/ses-01/func/sub-11877_ses-01_task-ugr_run-2_events.tsv	961375da3cd5f8d727245f14a20c8b48739fca1e2a18c455495ea63f6a1fefb9	48	48	true	0	0	1			0		0				48	0	0	1	false	false	false	pass		................................................
11881	01	doors	1	bids/sub-11881/ses-01/func/sub-11881_ses-01_task-doors_run-1_events.tsv	8b1c8ee67c1413281bedf262197ff1320ae30b552e4b59cc2838032ba5cef4e1	40	40	true	1	0.025	0.975	15	15	1	15	0				40	1	0.025	1	false	false	false	pass		..............M.........................
11881	01	sharedreward	1	bids/sub-11881/ses-01/func/sub-11881_ses-01_task-sharedreward_run-1_events.tsv	f96136d65684e31bbc79c943ab0e54bdb49545f11ab8cc2167c8521d5d80c031	54	54	true	0	0	1			0		0				54	0	0	1	false	false	false	pass		......................................................
11881	01	sharedreward	2	bids/sub-11881/ses-01/func/sub-11881_ses-01_task-sharedreward_run-2_events.tsv	950dad04d706b15a7d934927a5f3939b43740c1ff69b6d400301c718ca4d9b81	54	54	true	2	0.037037	0.962963	44	49	1	44	0				54	2	0.037037	1	false	false	false	pass		...........................................M....M.....
11881	01	socialdoors	1	bids/sub-11881/ses-01/func/sub-11881_ses-01_task-socialdoors_run-1_events.tsv	bbe9291a1f013d6b13884cf785d9e624fbd07c9549b6faf898b668850a743b8d	40	40	true	0	0	1			0		0				40	0	0	1	false	false	false	pass		........................................
11881	01	trust	1	bids/sub-11881/ses-01/func/sub-11881_ses-01_task-trust_run-1_events.tsv	b4fa5ad3aafed30eccc35880cccdbfdc02fd1ee1e59b0e43aabe0a3a5f8e31aa	42	42	true	0	0	1			0		0				42	0	0	1	false	false	false	pass		..........................................
11881	01	trust	2	bids/sub-11881/ses-01/func/sub-11881_ses-01_task-trust_run-2_events.tsv	927fbeddef9d8b441b8da55b1b69147d15d830587ba96bdef2695503c02f1112	42	42	true	0	0	1			0		0				42	0	0	1	false	false	false	pass		..........................................
11881	01	ugr	1	bids/sub-11881/ses-01/func/sub-11881_ses-01_task-ugr_run-1_events.tsv	b5ce3bc9f36b89bf19e5bb6dfd2ea55ea1118685715e38c28b4fbdb9ba861145	48	48	true	0	0	1			0		0				48	0	0	1	false	false	false	pass		................................................
11881	01	ugr	2	bids/sub-11881/ses-01/func/sub-11881_ses-01_task-ugr_run-2_events.tsv	a6fdf7d661392a4609fab84541d854cac1d6d5030573b24d7c090ae01f11929e	48	48	true	0	0	1			0		0				48	0	0	1	false	false	false	pass		................................................
11885	01	doors	1	bids/sub-11885/ses-01/func/sub-11885_ses-01_task-doors_run-1_events.tsv	92aa874917fd77ce9b66c733f16c2affa90e53feb1b98f333b422dcd35066b6c	40	40	true	0	0	1			0		0				40	0	0	1	false	false	false	pass		........................................
11885	01	sharedreward	1	bids/sub-11885/ses-01/func/sub-11885_ses-01_task-sharedreward_run-1_events.tsv	6f00fe29d5bd8d3776779496dc22e00cc4e5d452b639a3a4ca0e00ef31bff818	54	54	true	0	0	1			0		0				54	0	0	1	false	false	false	pass		......................................................
11885	01	sharedreward	2	bids/sub-11885/ses-01/func/sub-11885_ses-01_task-sharedreward_run-2_events.tsv	37fcb314ed24a0ef60aaf368970b1d35f35793a8bead49d08b4f200a9cc55651	54	54	true	1	0.018519	0.981481	52	52	1	52	0				54	1	0.018519	1	false	false	false	pass		...................................................M..
11885	01	socialdoors	1	bids/sub-11885/ses-01/func/sub-11885_ses-01_task-socialdoors_run-1_events.tsv	e004bef2151733f8d78ab8cb39d9f9ec4f2cadbb77f1c863b38b07c8d38e7a1a	40	40	true	0	0	1			0		0				40	0	0	1	false	false	false	pass		........................................
11885	01	trust	1	bids/sub-11885/ses-01/func/sub-11885_ses-01_task-trust_run-1_events.tsv	4d7d8d30b65174d5fc8849b304b91402d8857aa307469ddf31be3abb6ce8c3ad	42	42	true	0	0	1			0		0				42	0	0	1	false	false	false	pass		..........................................
11885	01	trust	2	bids/sub-11885/ses-01/func/sub-11885_ses-01_task-trust_run-2_events.tsv	845815a2746a9fbcc4368a694a2f523cc17c47bd0b181a578c5422acdd63ee7d	42	42	true	2	0.047619	0.952381	7	30	1	7	0				42	2	0.047619	1	false	false	false	pass		......M......................M............
11885	01	ugr	1	bids/sub-11885/ses-01/func/sub-11885_ses-01_task-ugr_run-1_events.tsv	84a9343a37d7bc9b045f81c9cf4933d15dc6c9e2a5c5921342bb7c2d22ae4641	48	48	true	0	0	1			0		0				48	0	0	1	false	false	false	pass		................................................
11885	01	ugr	2	bids/sub-11885/ses-01/func/sub-11885_ses-01_task-ugr_run-2_events.tsv	ac6def585fcd9047f7262dacf351e1bda335398b6b32af79ceb261d7a2c2690a	48	48	true	0	0	1			0		0				48	0	0	1	false	false	false	pass		................................................
11891	01	doors	1	bids/sub-11891/ses-01/func/sub-11891_ses-01_task-doors_run-1_events.tsv	f856a3ee6a4673d983104341cb3b26a858071d6bbf9413ec49e3c34142168ff9	40	40	true	1	0.025	0.975	23	23	1	23	0				40	1	0.025	1	false	false	false	pass		......................M.................
11891	01	sharedreward	1	bids/sub-11891/ses-01/func/sub-11891_ses-01_task-sharedreward_run-1_events.tsv	623033106d959db30dbe1d7a52b87796e312b5c20dbcb49e88201d790c6687d8	54	54	true	0	0	1			0		0				54	0	0	1	false	false	false	pass		......................................................
11891	01	sharedreward	2	bids/sub-11891/ses-01/func/sub-11891_ses-01_task-sharedreward_run-2_events.tsv	e9900e36c82d67d9cdb34b3edbe09efd31ed16ffdfb3f217ee42f0e43e923979	54	54	true	0	0	1			0		0				54	0	0	1	false	false	false	pass		......................................................
11891	01	socialdoors	1	bids/sub-11891/ses-01/func/sub-11891_ses-01_task-socialdoors_run-1_events.tsv	dc966278a41ad54a098434b7075e64330b6ce7e1121a7b82b902af7af5f22179	40	40	true	2	0.05	0.95	19	32	1	19	0				40	2	0.05	1	false	false	false	pass		..................M............M........
11891	01	trust	1	bids/sub-11891/ses-01/func/sub-11891_ses-01_task-trust_run-1_events.tsv	35150b671522724655601615bd8b70db72d8de09a3690d6b5683dedc6aacd63e	42	42	true	1	0.02381	0.97619	13	13	1	13	0				42	1	0.02381	1	false	false	false	pass		............M.............................
11891	01	trust	2	bids/sub-11891/ses-01/func/sub-11891_ses-01_task-trust_run-2_events.tsv	9508e6f4aa8c494ee83f43b184982a9179d9d3350a5d83456fbbec83db3a41a4	42	42	true	0	0	1			0		0				42	0	0	1	false	false	false	pass		..........................................
11891	01	ugr	1	bids/sub-11891/ses-01/func/sub-11891_ses-01_task-ugr_run-1_events.tsv	afc307feefd4b48c936cc06288f5527956b6a861b2f711931717bfb86192b7ef	48	48	true	1	0.020833	0.979167	4	4	1	4	0				48	1	0.020833	1	false	false	false	pass		...M............................................
11891	01	ugr	2	bids/sub-11891/ses-01/func/sub-11891_ses-01_task-ugr_run-2_events.tsv	df5f4e7c316268da56ff496b63789ef20b43a81700d8617798e97554861a2b7d	48	48	true	0	0	1			0		0				48	0	0	1	false	false	false	pass		................................................
11897	01	doors	1	bids/sub-11897/ses-01/func/sub-11897_ses-01_task-doors_run-1_events.tsv	1ac3ef15b0ea9330face777b72a5d4abd593c4c1a7232588c425708941d039ce	40	40	true	0	0	1			0		0				40	0	0	1	false	false	false	pass		........................................
11897	01	sharedreward	1	bids/sub-11897/ses-01/func/sub-11897_ses-01_task-sharedreward_run-1_events.tsv	5f10dc2dab7806644c0e7a087b3abbde21bbbb379df323050fabf333a7e49388	54	54	true	2	0.037037	0.962963	1	2	2	1	0				54	2	0.037037	1	false	false	false	pass		MM....................................................
11897	01	sharedreward	2	bids/sub-11897/ses-01/func/sub-11897_ses-01_task-sharedreward_run-2_events.tsv	cf137b936dbc1bdc3d96d86cfa1854b3d08d064471484a35e3ac5ce4599bacf3	54	54	true	0	0	1			0		0				54	0	0	1	false	false	false	pass		......................................................
11897	01	socialdoors	1	bids/sub-11897/ses-01/func/sub-11897_ses-01_task-socialdoors_run-1_events.tsv	24497694de067bcd4b8d373f317664a6f7dd119e14bb96bb108e6924e4d66d49	40	40	true	0	0	1			0		0				40	0	0	1	false	false	false	pass		........................................
11897	01	trust	1	bids/sub-11897/ses-01/func/sub-11897_ses-01_task-trust_run-1_events.tsv	c3173e16f7410c3579bee5afd56cb5d387adf9b4b5ec43b7482a879afffd9ae0	42	42	true	0	0	1			0		0				42	0	0	1	false	false	false	pass		..........................................
11897	01	trust	2	bids/sub-11897/ses-01/func/sub-11897_ses-01_task-trust_run-2_events.tsv	68961140a83b5b77f12569d17d4bc5e0d15188a32435d1c194d8a324aba9e8b0	42	42	true	0	0	1			0		0				42	0	0	1	false	false	false	pass		..........................................
11897	01	ugr	1	bids/sub-11897/ses-01/func/sub-11897_ses-01_task-ugr_run-1_events.tsv	50f377fe37d41b1a431899fc83412faf430d292d6bde12e85b1c7d930dc34ce0	48	48	true	0	0	1			0		0				48	0	0	1	false	false	false	pass		................................................
11897	01	ugr	2	bids/sub-11897/ses-01/func/sub-11897_ses-01_task-ugr_run-2_events.tsv	b5ee768de8c82938aa39f06f86c9b9ab53d6d896a24e0a378d5ceea4bcb163f4	48	48	true	0	0	1			0		0				48	0	0	1	false	false	false	pass		................................................
11900	01	doors	1	bids/sub-11900/ses-01/func/sub-11900_ses-01_task-doors_run-1_events.tsv	865c7fa5d024353d9e1a3c1cc7bb59b58182ba2590c0c10cc6db051abac5df08	40	40	true	0	0	1			0		0				40	0	0	1	false	false	false	pass		........................................
11900	01	sharedreward	1	bids/sub-11900/ses-01/func/sub-11900_ses-01_task-sharedreward_run-1_events.tsv	ba8ceb1fcd43cdf6de1cfc787486ce69a457c1eacbde7544f3befd4c189298ff	54	54	true	0	0	1			0		0				54	0	0	1	false	false	false	pass		......................................................
11900	01	sharedreward	2	bids/sub-11900/ses-01/func/sub-11900_ses-01_task-sharedreward_run-2_events.tsv	5352544687b9ed3a0edd68a691538b8893ac44648ef3a6520119772ed315bed7	54	54	true	0	0	1			0		0				54	0	0	1	false	false	false	pass		......................................................
11900	01	socialdoors	1	bids/sub-11900/ses-01/func/sub-11900_ses-01_task-socialdoors_run-1_events.tsv	59457987db671cdebe9ab4d7f59fb958448ccc420ecf1bced65d24826785294d	40	40	true	0	0	1			0		0				40	0	0	1	false	false	false	pass		........................................
11900	01	trust	1	bids/sub-11900/ses-01/func/sub-11900_ses-01_task-trust_run-1_events.tsv	548c6feb6fc42bb15ade3bb8fa50f46ce0fbeaa1466fa198a1744c7917c86fc0	42	42	true	1	0.02381	0.97619	16	16	1	16	0				42	1	0.02381	1	false	false	false	pass		...............M..........................
11900	01	trust	2	bids/sub-11900/ses-01/func/sub-11900_ses-01_task-trust_run-2_events.tsv	9652b664a2c9e5686065704e2e79cf912e79cfd95db663f8253ac70ad6bf67d9	42	42	true	0	0	1			0		0				42	0	0	1	false	false	false	pass		..........................................
11900	01	ugr	1	bids/sub-11900/ses-01/func/sub-11900_ses-01_task-ugr_run-1_events.tsv	63d212209fbe7310ff67f06efd4fba8308ab7e79c6801dc840c158df29833f19	48	48	true	0	0	1			0		0				48	0	0	1	false	false	false	pass		................................................
11900	01	ugr	2	bids/sub-11900/ses-01/func/sub-11900_ses-01_task-ugr_run-2_events.tsv	62a02a77428eb7d24ca89a16a1b0905ee82311c6292bf373b091c3fb577a3b73	48	48	true	0	0	1			0		0				48	0	0	1	false	false	false	pass		................................................
11902	01	doors	1	bids/sub-11902/ses-01/func/sub-11902_ses-01_task-doors_run-1_events.tsv	3846e127a6793870ecd2e5398705591d04cfe0d84100dffddca4f36bb38e4ca7	40	40	true	2	0.05	0.95	21	28	1	21	0				40	2	0.05	1	false	false	false	pass		....................M......M............
11902	01	sharedreward	1	bids/sub-11902/ses-01/func/sub-11902_ses-01_task-sharedreward_run-1_events.tsv	3cca106dfecf595f779dae6b4b2d6be57fd5c48829e2717392fa27409eced79e	54	54	true	4	0.074074	0.925926	20	47	1	20	0				54	4	0.074074	1	false	false	false	pass		...................M.........M......M.........M.......
11902	01	sharedreward	2	bids/sub-11902/ses-01/func/sub-11902_ses-01_task-sharedreward_run-2_events.tsv	1ff85b37ca3112e98c543c86051d9200161207dd7d39afc28d107fd3af341a01	54	54	true	17	0.314815	0.685185	3	54	8	47	8	47	345.37564	57.19742	46	9	0.195652	0.851852	true	true	true	review	overall_miss_fraction_threshold;terminal_miss_streak	..M............M.........M......M.M...M.MM..M.MMMMMMMM
11902	01	socialdoors	1	bids/sub-11902/ses-01/func/sub-11902_ses-01_task-socialdoors_run-1_events.tsv	1c61691616d862f8682317bd7a917dc32a0da3260688e3a8ee7726851a2902b6	40	40	true	2	0.05	0.95	19	25	1	19	0				40	2	0.05	1	false	false	false	pass		..................M.....M...............
11902	01	trust	1	bids/sub-11902/ses-01/func/sub-11902_ses-01_task-trust_run-1_events.tsv	67ad2e2784e07dea455cb0add07a040227acbd7c0c3c5be0aa0ff5f893364e06	42	42	true	4	0.095238	0.904762	15	30	1	15	0				42	4	0.095238	1	false	false	false	pass		..............M......M..M....M............
11902	01	trust	2	bids/sub-11902/ses-01/func/sub-11902_ses-01_task-trust_run-2_events.tsv	774ab95d529565d294678a10c64c510eabed548e2f391a4d5f4ca275f5e9d44e	42	42	true	3	0.071429	0.928571	20	42	1	20	1	42	434.17203	3.00827	41	2	0.04878	0.97619	false	false	false	pass		...................M........M............M
11902	01	ugr	1	bids/sub-11902/ses-01/func/sub-11902_ses-01_task-ugr_run-1_events.tsv	2309d36242fc72fdfee40f3e1556de4d5fddca3d344ad386e1676390a5650cf2	48	48	true	1	0.020833	0.979167	1	1	1	1	0				48	1	0.020833	1	false	false	false	pass		M...............................................
11902	01	ugr	2	bids/sub-11902/ses-01/func/sub-11902_ses-01_task-ugr_run-2_events.tsv	88923d898d086a5bc1c29359cd0519d0a6bb3cb7060bf53b4756977914020211	48	48	true	1	0.020833	0.979167	32	32	1	32	0				48	1	0.020833	1	false	false	false	pass		...............................M................
11909	01	doors	1	bids/sub-11909/ses-01/func/sub-11909_ses-01_task-doors_run-1_events.tsv	8ce6d7e8d52ca10d0e2b40d66bcccde55f84d25d9580f5672e05686fdd4f51c0	40	40	true	2	0.05	0.95	1	30	1	1	0				40	2	0.05	1	false	false	false	pass		M............................M..........
11909	01	sharedreward	1	bids/sub-11909/ses-01/func/sub-11909_ses-01_task-sharedreward_run-1_events.tsv	3bdf0ce312eb7833a393d2ee6dd70493923c2c35bb8b49dfb091b9b7a3d8fcb5	54	54	true	3	0.055556	0.944444	7	23	1	7	0				54	3	0.055556	1	false	false	false	pass		......M......M........M...............................
11909	01	sharedreward	2	bids/sub-11909/ses-01/func/sub-11909_ses-01_task-sharedreward_run-2_events.tsv	735bb29ecf2149f3850b77c922dbd205fc011301e731476464003c7332582f26	54	54	true	1	0.018519	0.981481	1	1	1	1	0				54	1	0.018519	1	false	false	false	pass		M.....................................................
11909	01	socialdoors	1	bids/sub-11909/ses-01/func/sub-11909_ses-01_task-socialdoors_run-1_events.tsv	b996209870d5dfecf888c084b8e24615055dd20a798592ae7bc377951f2a8583	40	40	true	2	0.05	0.95	1	22	1	1	0				40	2	0.05	1	false	false	false	pass		M....................M..................
11909	01	trust	1	bids/sub-11909/ses-01/func/sub-11909_ses-01_task-trust_run-1_events.tsv	1c6ffa6e777dc691b11c33a25dc73ddf68a7f24054c22298ccb544fa56b3e5e4	42	42	true	6	0.142857	0.857143	1	27	1	1	0				42	6	0.142857	1	false	false	false	pass		M..M.....M....M...M.......M...............
11909	01	trust	2	bids/sub-11909/ses-01/func/sub-11909_ses-01_task-trust_run-2_events.tsv	d432864dec1f711ed5d6fbafd6347e4d2d4ab6867b4832934ed119831d5660e9	42	42	true	2	0.047619	0.952381	6	42	1	6	1	42	432.48724	3.00464	41	1	0.02439	0.97619	false	false	false	pass		.....M...................................M
11909	01	ugr	1	bids/sub-11909/ses-01/func/sub-11909_ses-01_task-ugr_run-1_events.tsv	4d6696f2a3c76992496bbab547e603ecde3296a4b47516e344f1c5365283ccee	48	48	true	2	0.041667	0.958333	1	46	1	1	0				48	2	0.041667	1	false	false	false	pass		M............................................M..
11909	01	ugr	2	bids/sub-11909/ses-01/func/sub-11909_ses-01_task-ugr_run-2_events.tsv	9e281979291d7e6665a2eb110eb98f9e3a6dd75f8ec0f4b52779a1faa8d50980	48	48	true	0	0	1			0		0				48	0	0	1	false	false	false	pass		................................................
11913	01	doors	1	bids/sub-11913/ses-01/func/sub-11913_ses-01_task-doors_run-1_events.tsv	5b67fcad0202a7856f1abd7164396bd76c4d85c5f36168972bea5f75bef36961	40	40	true	1	0.025	0.975	10	10	1	10	0				40	1	0.025	1	false	false	false	pass		.........M..............................
11913	01	sharedreward	1	bids/sub-11913/ses-01/func/sub-11913_ses-01_task-sharedreward_run-1_events.tsv	8e2d2bfd063269e83ce1e8be4d6f564bc9066c9c62fa1a819a319fec11c20542	54	54	true	1	0.018519	0.981481	1	1	1	1	0				54	1	0.018519	1	false	false	false	pass		M.....................................................
11913	01	sharedreward	2	bids/sub-11913/ses-01/func/sub-11913_ses-01_task-sharedreward_run-2_events.tsv	cfef3e07b9d8a20829a4cf83697187899accd23fdb6e32d497785c7f863471fc	54	54	true	0	0	1			0		0				54	0	0	1	false	false	false	pass		......................................................
11913	01	socialdoors	1	bids/sub-11913/ses-01/func/sub-11913_ses-01_task-socialdoors_run-1_events.tsv	0f1022e119bdea8e7bd2da0c0dc9acd9a3a62d4e3b50459c0158433c19fc99b3	40	40	true	1	0.025	0.975	17	17	1	17	0				40	1	0.025	1	false	false	false	pass		................M.......................
11913	01	trust	1	bids/sub-11913/ses-01/func/sub-11913_ses-01_task-trust_run-1_events.tsv	c01e23af74404409f9ac27086899ee0354a14197a0e7912e92d813ed6f80b0c3	42	42	true	1	0.02381	0.97619	1	1	1	1	0				42	1	0.02381	1	false	false	false	pass		M.........................................
11913	01	trust	2	bids/sub-11913/ses-01/func/sub-11913_ses-01_task-trust_run-2_events.tsv	55e0a938f34cca6956923455d39d31496fed9ef2d428b4a7b574b6b20b20c281	42	42	true	0	0	1			0		0				42	0	0	1	false	false	false	pass		..........................................
11913	01	ugr	1	bids/sub-11913/ses-01/func/sub-11913_ses-01_task-ugr_run-1_events.tsv	d56742ca7b77c0b89c5aa13c68d73e4246f9de5d383bf544748bafd917572d2d	48	48	true	1	0.020833	0.979167	9	9	1	9	0				48	1	0.020833	1	false	false	false	pass		........M.......................................
11913	01	ugr	2	bids/sub-11913/ses-01/func/sub-11913_ses-01_task-ugr_run-2_events.tsv	73a847343a15e2271d73c130d706a618b2f1d78facb42b59e94c5838f56bc321	48	48	true	0	0	1			0		0				48	0	0	1	false	false	false	pass		................................................
11914	01	doors	1	bids/sub-11914/ses-01/func/sub-11914_ses-01_task-doors_run-1_events.tsv	1da8a4ee1e96d012a5125e4763f016439fce59e8c14819f7e291e8635b1c243f	40	40	true	0	0	1			0		0				40	0	0	1	false	false	false	pass		........................................
11914	01	sharedreward	1	bids/sub-11914/ses-01/func/sub-11914_ses-01_task-sharedreward_run-1_events.tsv	5ad60b6381ff29b7a7ff17d58e91e8267e43d1ae69fa4c178541870335e0a831	54	54	true	0	0	1			0		0				54	0	0	1	false	false	false	pass		......................................................
11914	01	sharedreward	2	bids/sub-11914/ses-01/func/sub-11914_ses-01_task-sharedreward_run-2_events.tsv	3970efd812bca6aa615adc388e642dbaf6a189b9cb5dbd26098b142d4e9c68a6	54	54	true	0	0	1			0		0				54	0	0	1	false	false	false	pass		......................................................
11914	01	socialdoors	1	bids/sub-11914/ses-01/func/sub-11914_ses-01_task-socialdoors_run-1_events.tsv	6783a009f0947d194f76f08a5c2f863f5cff0e06752b3d5e5e44929638008245	40	40	true	0	0	1			0		0				40	0	0	1	false	false	false	pass		........................................
11914	01	trust	1	bids/sub-11914/ses-01/func/sub-11914_ses-01_task-trust_run-1_events.tsv	9a518bfe1b79ef8b09824311b1640049e1d5a97a86331c27d4a5634b396fe6c5	42	42	true	0	0	1			0		0				42	0	0	1	false	false	false	pass		..........................................
11914	01	trust	2	bids/sub-11914/ses-01/func/sub-11914_ses-01_task-trust_run-2_events.tsv	10b826490ee0dd0ae040a0b82557e0bea3d430a3baf12382150b48c628ba40bf	42	42	true	0	0	1			0		0				42	0	0	1	false	false	false	pass		..........................................
11914	01	ugr	1	bids/sub-11914/ses-01/func/sub-11914_ses-01_task-ugr_run-1_events.tsv	8220b30d104faae80d34ae01e8dc362fa1363ad7e4374fa550d3fb0c1f3aef28	48	48	true	0	0	1			0		0				48	0	0	1	false	false	false	pass		................................................
11914	01	ugr	2	bids/sub-11914/ses-01/func/sub-11914_ses-01_task-ugr_run-2_events.tsv	9c7bbbd9fbb06a7ff8aa34709b7bdc8998591f1fb8d9478a1738990881582551	48	48	true	0	0	1			0		0				48	0	0	1	false	false	false	pass		................................................
11920	01	doors	1	bids/sub-11920/ses-01/func/sub-11920_ses-01_task-doors_run-1_events.tsv	9dd6e1b1fb36c49260ecbd8c550bbe08eacac61b6a3496a76bf7dfeef89d2952	40	40	true	3	0.075	0.925	23	34	2	23	0				40	3	0.075	1	false	false	false	pass		......................MM.........M......
11920	01	sharedreward	1	bids/sub-11920/ses-01/func/sub-11920_ses-01_task-sharedreward_run-1_events.tsv	09834adcd2e61a98f0d38fee70da55973400e789a07f099ae0a51496139ab67b	54	54	true	11	0.203704	0.796296	1	54	2	19	2	53	390.12927	12.47413	52	9	0.173077	0.962963	false	false	false	pass		M.................MM........M........MM.....M...MM..MM
11920	01	sharedreward	2	bids/sub-11920/ses-01/func/sub-11920_ses-01_task-sharedreward_run-2_events.tsv	bd19994aa92624cc998dbd611de820fe5190417a30e231c1147ef7cb4abc75f7	54	54	true	23	0.425926	0.574074	3	54	7	48	7	48	352.8226	49.72778	47	16	0.340426	0.87037	true	true	false	review	overall_miss_fraction_threshold;terminal_miss_streak	..MMM.........MM.......MM...MMMMM....MM....MM..MMMMMMM
11920	01	socialdoors	1	bids/sub-11920/ses-01/func/sub-11920_ses-01_task-socialdoors_run-1_events.tsv	854eee4013c0292bbdaa1b71a89339e1c8f792fef54e1736afbe89aa138e12c4	40	40	true	8	0.2	0.8	23	40	3	34	2	39	321.166266	10.949937	38	6	0.157895	0.95	false	false	false	pass		......................M.M...M....MMM..MM
11920	01	trust	1	bids/sub-11920/ses-01/func/sub-11920_ses-01_task-trust_run-1_events.tsv	e80b4412318bb19aabc8d4485d7ed1ad5c0477ecfad2113c6ea2a713a5f5f744	42	42	true	0	0	1			0		0				42	0	0	1	false	false	false	pass		..........................................
11920	01	trust	2	bids/sub-11920/ses-01/func/sub-11920_ses-01_task-trust_run-2_events.tsv	0ba9b0dacc4acbebabc630980e7979aa545acafcfac386c06cb730b84626c11c	42	42	true	3	0.071429	0.928571	17	33	1	17	0				42	3	0.071429	1	false	false	false	pass		................M............M..M.........
11920	01	ugr	1	bids/sub-11920/ses-01/func/sub-11920_ses-01_task-ugr_run-1_events.tsv	da5c17b49e7bb36fd17022a1da093bfa015dbb17f5ce9ea1b5bfb530d4772b22	48	48	true	0	0	1			0		0				48	0	0	1	false	false	false	pass		................................................
11920	01	ugr	2	bids/sub-11920/ses-01/func/sub-11920_ses-01_task-ugr_run-2_events.tsv	f5c27184eba52d15c91577e7e1d05db114cccafddbbd6b0a662ed7a47e1f95a0	48	48	true	4	0.083333	0.916667	33	47	2	33	0				48	4	0.083333	1	false	false	false	pass		................................MM........M...M.
11922	01	doors	1	bids/sub-11922/ses-01/func/sub-11922_ses-01_task-doors_run-1_events.tsv	b43bbabb90bb4e7d46163ee708beeda18529dc62e667e6fe231cadec02471b71	40	40	true	1	0.025	0.975	30	30	1	30	0				40	1	0.025	1	false	false	false	pass		.............................M..........
11922	01	sharedreward	1	bids/sub-11922/ses-01/func/sub-11922_ses-01_task-sharedreward_run-1_events.tsv	4c536594bdefabcc550a13f7045032843bf862562f6490fa1b1bd5dec3c36b33	54	54	true	0	0	1			0		0				54	0	0	1	false	false	false	pass		......................................................
11922	01	sharedreward	2	bids/sub-11922/ses-01/func/sub-11922_ses-01_task-sharedreward_run-2_events.tsv	fe59e14e3a502552a3f2f7284fdf1b9e1efaba2836a192deb6b12a0e58cd6a02	54	54	true	0	0	1			0		0				54	0	0	1	false	false	false	pass		......................................................
11922	01	socialdoors	1	bids/sub-11922/ses-01/func/sub-11922_ses-01_task-socialdoors_run-1_events.tsv	6973df65429767371b872cc206c4cfd01720af275e3bde42f7bbc0e9e8c73a46	40	40	true	0	0	1			0		0				40	0	0	1	false	false	false	pass		........................................
11922	01	trust	1	bids/sub-11922/ses-01/func/sub-11922_ses-01_task-trust_run-1_events.tsv	829ea8395a6e3fa29f54d1e25ae059f7b28b3e2cf717abf46bd892d98f0f26ae	42	42	true	1	0.02381	0.97619	1	1	1	1	0				42	1	0.02381	1	false	false	false	pass		M.........................................
11922	01	trust	2	bids/sub-11922/ses-01/func/sub-11922_ses-01_task-trust_run-2_events.tsv	c64d6bc62fe55b6a2f7469079bc2e313deac19c17c96cef6a628e62f1c52c857	42	42	true	0	0	1			0		0				42	0	0	1	false	false	false	pass		..........................................
11922	01	ugr	1	bids/sub-11922/ses-01/func/sub-11922_ses-01_task-ugr_run-1_events.tsv	c177d258da3887fa7f099ceceeb3961cc08478afee0cc680db57740a48d5b6b3	48	48	true	0	0	1			0		0				48	0	0	1	false	false	false	pass		................................................
11922	01	ugr	2	bids/sub-11922/ses-01/func/sub-11922_ses-01_task-ugr_run-2_events.tsv	c464c6d2897092f903f4823158e20dbd4a0fcfa6ad09d6c6bb834a39bda20331	48	48	true	0	0	1			0		0				48	0	0	1	false	false	false	pass		................................................
11923	01	doors	1	bids/sub-11923/ses-01/func/sub-11923_ses-01_task-doors_run-1_events.tsv	20560d1e2836a41d0eb36e2a211155390f3f04a0547f4c54efdaec0ee1ca1818	40	40	true	0	0	1			0		0				40	0	0	1	false	false	false	pass		........................................
11923	01	sharedreward	1	bids/sub-11923/ses-01/func/sub-11923_ses-01_task-sharedreward_run-1_events.tsv	cb65b620dde1a847023047d711ddc2ea29c2fe177e828c4386f952493e7d3458	54	54	true	0	0	1			0		0				54	0	0	1	false	false	false	pass		......................................................
11923	01	sharedreward	2	bids/sub-11923/ses-01/func/sub-11923_ses-01_task-sharedreward_run-2_events.tsv	7db2e60f921c9443e1c849dda7af8c11b6d27ee7868813b02d8cde2d6867a9b3	54	54	true	0	0	1			0		0				54	0	0	1	false	false	false	pass		......................................................
11923	01	socialdoors	1	bids/sub-11923/ses-01/func/sub-11923_ses-01_task-socialdoors_run-1_events.tsv	bb17e4c0f6738c991bfe5f0ed1564721cb57b8d6eadb7f27da9b4db14b6376ab	40	40	true	0	0	1			0		0				40	0	0	1	false	false	false	pass		........................................
11923	01	trust	1	bids/sub-11923/ses-01/func/sub-11923_ses-01_task-trust_run-1_events.tsv	22a0a434abecc18ff1f114d3c9fa8b6ede08f9c6ede4bee2d4c8e85da17bcf28	42	42	true	2	0.047619	0.952381	2	17	1	2	0				42	2	0.047619	1	false	false	false	pass		.M..............M.........................
11923	01	trust	2	bids/sub-11923/ses-01/func/sub-11923_ses-01_task-trust_run-2_events.tsv	d6396f63fc67b3227546a3dfcc2c9b4948223cb3bd83ac71e123e87072d53b10	42	42	true	1	0.02381	0.97619	41	41	1	41	0				42	1	0.02381	1	false	false	false	pass		........................................M.
11923	01	ugr	1	bids/sub-11923/ses-01/func/sub-11923_ses-01_task-ugr_run-1_events.tsv	cb41605b10443c049c2cf6930d49a383b2dd7ae7a6b20d2b2c469a08d07bcf6c	48	48	true	0	0	1			0		0				48	0	0	1	false	false	false	pass		................................................
11923	01	ugr	2	bids/sub-11923/ses-01/func/sub-11923_ses-01_task-ugr_run-2_events.tsv	1ba34f3cbaf3e6736af06fd47185f8e38a8ac3f2f395a1863e86e22bcc1bfe62	48	48	true	0	0	1			0		0				48	0	0	1	false	false	false	pass		................................................
11924	01	doors	1	bids/sub-11924/ses-01/func/sub-11924_ses-01_task-doors_run-1_events.tsv	9c124f6183ad4fd3b68a9d2f9abddc3cbeb09d5f111c250ebf3b4b087dcc80cf	40	40	true	0	0	1			0		0				40	0	0	1	false	false	false	pass		........................................
11924	01	sharedreward	1	bids/sub-11924/ses-01/func/sub-11924_ses-01_task-sharedreward_run-1_events.tsv	8a3bbbc1f76095341568c95836964510bad5973aab3ea453d6557e4228616862	54	54	true	1	0.018519	0.981481	1	1	1	1	0				54	1	0.018519	1	false	false	false	pass		M.....................................................
11924	01	sharedreward	2	bids/sub-11924/ses-01/func/sub-11924_ses-01_task-sharedreward_run-2_events.tsv	b50d46d221abfdbfb2915cc2eee6e3d45ebe3bdb69eee4c127d31b52de1cfa8e	54	54	true	0	0	1			0		0				54	0	0	1	false	false	false	pass		......................................................
11924	01	socialdoors	1	bids/sub-11924/ses-01/func/sub-11924_ses-01_task-socialdoors_run-1_events.tsv	8afc19704a55f24e57603c4527daf61679b5cc542164f6e4b9e578db35d5cf39	40	40	true	1	0.025	0.975	15	15	1	15	0				40	1	0.025	1	false	false	false	pass		..............M.........................
11924	01	trust	1	bids/sub-11924/ses-01/func/sub-11924_ses-01_task-trust_run-1_events.tsv	d4c2eebb4be905a1eb268ee32f3d14125dc20a29fbf265194d3aba335a1c3954	42	42	true	1	0.02381	0.97619	1	1	1	1	0				42	1	0.02381	1	false	false	false	pass		M.........................................
11924	01	trust	2	bids/sub-11924/ses-01/func/sub-11924_ses-01_task-trust_run-2_events.tsv	a60f6e0317988e55da77449c924cfa73a58502f01f9fe5a2d548585d3eb4d276	42	42	true	0	0	1			0		0				42	0	0	1	false	false	false	pass		..........................................
11924	01	ugr	1	bids/sub-11924/ses-01/func/sub-11924_ses-01_task-ugr_run-1_events.tsv	d718c57586166d5afeddb05a9adb5db1dbbdbf5c10b0bf91b0dd7b3560f915f2	48	48	true	0	0	1			0		0				48	0	0	1	false	false	false	pass		................................................
11924	01	ugr	2	bids/sub-11924/ses-01/func/sub-11924_ses-01_task-ugr_run-2_events.tsv	6f68776004cdec3fc703b3c53eb82aac7bb013334da8a8384ae7f5226e8fda79	48	48	true	0	0	1			0		0				48	0	0	1	false	false	false	pass		................................................
11926	01	doors	1	bids/sub-11926/ses-01/func/sub-11926_ses-01_task-doors_run-1_events.tsv	ab80d6ed58a7b0703c1743f9ff5965b69ac530da132a3189514ab4f69f3ad9f5	40	40	true	0	0	1			0		0				40	0	0	1	false	false	false	pass		........................................
11926	01	sharedreward	1	bids/sub-11926/ses-01/func/sub-11926_ses-01_task-sharedreward_run-1_events.tsv	1682fb8bc16fc3d6cb94b1322d429109cf790eb9ec59986578152a6561f3b6a6	54	54	true	1	0.018519	0.981481	40	40	1	40	0				54	1	0.018519	1	false	false	false	pass		.......................................M..............
11926	01	sharedreward	2	bids/sub-11926/ses-01/func/sub-11926_ses-01_task-sharedreward_run-2_events.tsv	8697fbfc7899e94011154a7a4686c1185d59ab0ca8c13a7eb4c10ac04a07f61e	54	54	true	1	0.018519	0.981481	24	24	1	24	0				54	1	0.018519	1	false	false	false	pass		.......................M..............................
11926	01	socialdoors	1	bids/sub-11926/ses-01/func/sub-11926_ses-01_task-socialdoors_run-1_events.tsv	6ac599ef4a493f728e799e3f77b057d97295b1a223f1af59d33fc458470f6e04	40	40	true	0	0	1			0		0				40	0	0	1	false	false	false	pass		........................................
11926	01	trust	1	bids/sub-11926/ses-01/func/sub-11926_ses-01_task-trust_run-1_events.tsv	5b3bbd4bfa0d7cd272f7c9288230cbbb0b3aef54a16b656c8e9fda8e26f7efeb	42	42	true	0	0	1			0		0				42	0	0	1	false	false	false	pass		..........................................
11926	01	trust	2	bids/sub-11926/ses-01/func/sub-11926_ses-01_task-trust_run-2_events.tsv	5d643dc89df611487881211a32475b08053bac528588f608ecbff4da64625058	42	42	true	0	0	1			0		0				42	0	0	1	false	false	false	pass		..........................................
11926	01	ugr	1	bids/sub-11926/ses-01/func/sub-11926_ses-01_task-ugr_run-1_events.tsv	dd755078020b051ae43cf23bec0c382bb5f80f502afc79df4a693aef87b40631	48	48	true	0	0	1			0		0				48	0	0	1	false	false	false	pass		................................................
11926	01	ugr	2	bids/sub-11926/ses-01/func/sub-11926_ses-01_task-ugr_run-2_events.tsv	fb0eb576bc0ceb2be065432662368c1a3702c530d79ccadd332e6a19ee63526b	48	48	true	0	0	1			0		0				48	0	0	1	false	false	false	pass		................................................
11928	01	doors	1	bids/sub-11928/ses-01/func/sub-11928_ses-01_task-doors_run-1_events.tsv	bd836a1e06a614aa03fbaae1fd66482dc54dd381d6ff05b706f3b2e1ad0b2b1f	40	40	true	0	0	1			0		0				40	0	0	1	false	false	false	pass		........................................
11928	01	sharedreward	1	bids/sub-11928/ses-01/func/sub-11928_ses-01_task-sharedreward_run-1_events.tsv	bc2f29620c68a11cd4d0ea253f2b56b1c0084b9970f9ebc0d8987f4da62cada7	54	54	true	0	0	1			0		0				54	0	0	1	false	false	false	pass		......................................................
11928	01	sharedreward	2	bids/sub-11928/ses-01/func/sub-11928_ses-01_task-sharedreward_run-2_events.tsv	247c56127d692815844f280b6f4652a0577d3e945e107621d645ab9d3d2fd52b	54	54	true	1	0.018519	0.981481	24	24	1	24	0				54	1	0.018519	1	false	false	false	pass		.......................M..............................
11928	01	socialdoors	1	bids/sub-11928/ses-01/func/sub-11928_ses-01_task-socialdoors_run-1_events.tsv	df0df93fc4fbdadc43bade00de6159568e0d21acffcc6ab1ce15dd0cac8f3ada	40	40	true	0	0	1			0		0				40	0	0	1	false	false	false	pass		........................................
11928	01	trust	1	bids/sub-11928/ses-01/func/sub-11928_ses-01_task-trust_run-1_events.tsv	d7f241b3e6e5f036015375f08aae45921e3fa03007028566368c3e2027e9ff28	42	42	true	7	0.166667	0.833333	2	35	1	2	0				42	7	0.166667	1	false	false	false	pass		.M.......M.......M.M.......M.M....M.......
11928	01	trust	2	bids/sub-11928/ses-01/func/sub-11928_ses-01_task-trust_run-2_events.tsv	5f28f46c0c7f7607b592936bea702b7feae163cba6f8b389e85e46903bd8531d	42	42	true	1	0.02381	0.97619	22	22	1	22	0				42	1	0.02381	1	false	false	false	pass		.....................M....................
11928	01	ugr	1	bids/sub-11928/ses-01/func/sub-11928_ses-01_task-ugr_run-1_events.tsv	fee77bb02808e37205beddcb76910755c7263990d8bb41db97de45f966512906	48	48	true	0	0	1			0		0				48	0	0	1	false	false	false	pass		................................................
11928	01	ugr	2	bids/sub-11928/ses-01/func/sub-11928_ses-01_task-ugr_run-2_events.tsv	b7d51670bb3cd6087d8b7b9276d6229d1f218b0337c2ebc6787e87d5cc234b98	48	48	true	0	0	1			0		0				48	0	0	1	false	false	false	pass		................................................
11929	01	doors	1	bids/sub-11929/ses-01/func/sub-11929_ses-01_task-doors_run-1_events.tsv	4c75213293d0ab934b79802599ee696e1f7aced87109917045bfe0ab9d9e575a	40	40	true	0	0	1			0		0				40	0	0	1	false	false	false	pass		........................................
11929	01	sharedreward	1	bids/sub-11929/ses-01/func/sub-11929_ses-01_task-sharedreward_run-1_events.tsv	5b0658be740c007ece5e5e0582e18895e4c3a227606bac103ad4c16240ae99b6	54	54	true	0	0	1			0		0				54	0	0	1	false	false	false	pass		......................................................
11929	01	sharedreward	2	bids/sub-11929/ses-01/func/sub-11929_ses-01_task-sharedreward_run-2_events.tsv	548b69f3c06d0d7e7dcf1518befa5dfc2a65182d9ed7e01c603482a6cab35e69	54	54	true	0	0	1			0		0				54	0	0	1	false	false	false	pass		......................................................
11929	01	socialdoors	1	bids/sub-11929/ses-01/func/sub-11929_ses-01_task-socialdoors_run-1_events.tsv	a3e51f2ca438dc89d1e20a7eea7ebb4f7f490bca85bcc7f6ca8780bb11ad2db5	40	40	true	0	0	1			0		0				40	0	0	1	false	false	false	pass		........................................
11929	01	trust	1	bids/sub-11929/ses-01/func/sub-11929_ses-01_task-trust_run-1_events.tsv	951a3fe42e85a5f21855225ba7c507985acac10be8bc33e1e8debd1bee9c0804	42	42	true	1	0.02381	0.97619	14	14	1	14	0				42	1	0.02381	1	false	false	false	pass		.............M............................
11929	01	trust	2	bids/sub-11929/ses-01/func/sub-11929_ses-01_task-trust_run-2_events.tsv	1ce01c1086d27b957c0e37c6bc2fa92e7b19ae6eaccb30a1a3770b0954752026	42	42	true	0	0	1			0		0				42	0	0	1	false	false	false	pass		..........................................
11929	01	ugr	1	bids/sub-11929/ses-01/func/sub-11929_ses-01_task-ugr_run-1_events.tsv	c49dbfa939390831374537b9ef9d459dacd3204b2edd08ed24624b4ad7316479	48	48	true	0	0	1			0		0				48	0	0	1	false	false	false	pass		................................................
11929	01	ugr	2	bids/sub-11929/ses-01/func/sub-11929_ses-01_task-ugr_run-2_events.tsv	32843bbd03fbac0b12228d2ffe91b44024bf7a62533e385d64ecf18d5d323286	48	48	true	0	0	1			0		0				48	0	0	1	false	false	false	pass		................................................
11931	01	doors	1	bids/sub-11931/ses-01/func/sub-11931_ses-01_task-doors_run-1_events.tsv	7b839b02b2e358a76021bc96219b79f314c0cc5a5a3691575d87d5107f7236bc	40	40	true	0	0	1			0		0				40	0	0	1	false	false	false	pass		........................................
11931	01	sharedreward	1	bids/sub-11931/ses-01/func/sub-11931_ses-01_task-sharedreward_run-1_events.tsv	1a84e52aa36d6fed0eb2dd1d446348f9dc0192573a61e96487521aa5589b19db	54	54	true	0	0	1			0		0				54	0	0	1	false	false	false	pass		......................................................
11931	01	sharedreward	2	bids/sub-11931/ses-01/func/sub-11931_ses-01_task-sharedreward_run-2_events.tsv	df3f1ef00d8cebe3ce14728dc4653f2dadbedb2861e7685a4f6ca7c16fd57592	54	54	true	0	0	1			0		0				54	0	0	1	false	false	false	pass		......................................................
11931	01	socialdoors	1	bids/sub-11931/ses-01/func/sub-11931_ses-01_task-socialdoors_run-1_events.tsv	694fd39dd915b1ea364be71532e91795836d565cfa2277932c445d83793859bc	40	40	true	1	0.025	0.975	31	31	1	31	0				40	1	0.025	1	false	false	false	pass		..............................M.........
11931	01	trust	1	bids/sub-11931/ses-01/func/sub-11931_ses-01_task-trust_run-1_events.tsv	53a4bd2295289ec49272184d376b92f8a098be29125253e113dd06c86936331f	42	42	true	0	0	1			0		0				42	0	0	1	false	false	false	pass		..........................................
11931	01	trust	2	bids/sub-11931/ses-01/func/sub-11931_ses-01_task-trust_run-2_events.tsv	a60bc0641d18488a0d348e4999ba751d5e81ad4b09b7023043e6cc617e06e5e0	42	42	true	0	0	1			0		0				42	0	0	1	false	false	false	pass		..........................................
11931	01	ugr	1	bids/sub-11931/ses-01/func/sub-11931_ses-01_task-ugr_run-1_events.tsv	3f68b07302eff62f18551b66a00f433cdb5f3109e205ccd63b3be9b08f12a995	48	48	true	0	0	1			0		0				48	0	0	1	false	false	false	pass		................................................
11931	01	ugr	2	bids/sub-11931/ses-01/func/sub-11931_ses-01_task-ugr_run-2_events.tsv	d2d662ec0e09412c93ccefc7ddefb342dbecc3d6a7f308738dc61e32b0052b18	48	48	true	0	0	1			0		0				48	0	0	1	false	false	false	pass		................................................
11935	01	sharedreward	1	bids/sub-11935/ses-01/func/sub-11935_ses-01_task-sharedreward_run-1_events.tsv	5d200285129e22b59317f716c233e8288f9b6abb92816c12474ac366b7531367	54	54	true	0	0	1			0		0				54	0	0	1	false	false	false	pass		......................................................
11935	01	sharedreward	2	bids/sub-11935/ses-01/func/sub-11935_ses-01_task-sharedreward_run-2_events.tsv	3edac4fb2df73142b95381485cd1992a135ea33ac066c6bb0f409791d1dbbf1d	54	54	true	1	0.018519	0.981481	5	5	1	5	0				54	1	0.018519	1	false	false	false	pass		....M.................................................
11935	01	socialdoors	1	bids/sub-11935/ses-01/func/sub-11935_ses-01_task-socialdoors_run-1_events.tsv	7e90e31ef95b6d31183395f8afef76197418dbdfe18b383965869f2ee9f2e7e1	40	40	true	0	0	1			0		0				40	0	0	1	false	false	false	pass		........................................
11935	01	trust	1	bids/sub-11935/ses-01/func/sub-11935_ses-01_task-trust_run-1_events.tsv	fa6344950364db234abca0dcaed1e35070dc97d09087ba84743c248c0d92e230	42	42	true	0	0	1			0		0				42	0	0	1	false	false	false	pass		..........................................
11935	01	trust	2	bids/sub-11935/ses-01/func/sub-11935_ses-01_task-trust_run-2_events.tsv	a6e959a548e446de65164f924b5eeabe5021215b7b55b785ebc66d88170480f7	42	42	true	0	0	1			0		0				42	0	0	1	false	false	false	pass		..........................................
11935	01	ugr	1	bids/sub-11935/ses-01/func/sub-11935_ses-01_task-ugr_run-1_events.tsv	95a3d790f3bc4e25d3ed45a0038f0316efc1724a0e60832d6f1ed47cd0b23282	48	48	true	0	0	1			0		0				48	0	0	1	false	false	false	pass		................................................
11935	01	ugr	2	bids/sub-11935/ses-01/func/sub-11935_ses-01_task-ugr_run-2_events.tsv	6254f4117d114ff751462a1ffde1b86b394583e76090e43c9018ab4e91410727	48	48	true	0	0	1			0		0				48	0	0	1	false	false	false	pass		................................................
11939	01	doors	1	bids/sub-11939/ses-01/func/sub-11939_ses-01_task-doors_run-1_events.tsv	b41d94abc6200d652572fd595461112f8c457ca3816a3b1c102b79e4370de5fe	40	40	true	0	0	1			0		0				40	0	0	1	false	false	false	pass		........................................
11939	01	sharedreward	1	bids/sub-11939/ses-01/func/sub-11939_ses-01_task-sharedreward_run-1_events.tsv	931090c5e86704b0c067119fcf6f4117e94cab2da1ee6de8477839ee32f14c77	54	54	true	1	0.018519	0.981481	1	1	1	1	0				54	1	0.018519	1	false	false	false	pass		M.....................................................
11939	01	sharedreward	2	bids/sub-11939/ses-01/func/sub-11939_ses-01_task-sharedreward_run-2_events.tsv	b1b7bdc12e1ad77f2f1e612c0cea0f7723cfce7b39046b844a7aa7691e5703d7	54	54	true	0	0	1			0		0				54	0	0	1	false	false	false	pass		......................................................
11939	01	socialdoors	1	bids/sub-11939/ses-01/func/sub-11939_ses-01_task-socialdoors_run-1_events.tsv	29e6745a8da31a1e765eaa1f9c32ac093262f061bc82019a4926a01ab9f74531	40	40	true	0	0	1			0		0				40	0	0	1	false	false	false	pass		........................................
11939	01	trust	1	bids/sub-11939/ses-01/func/sub-11939_ses-01_task-trust_run-1_events.tsv	a0b7510e03d2a73ee8e0928169617773c9ad2d70f219c09d618b0a759fce9979	42	42	true	0	0	1			0		0				42	0	0	1	false	false	false	pass		..........................................
11939	01	trust	2	bids/sub-11939/ses-01/func/sub-11939_ses-01_task-trust_run-2_events.tsv	0e9ee36ddc54d19219c3012619ad01af7700c1a85ba22d951b21746d76c67151	42	42	true	0	0	1			0		0				42	0	0	1	false	false	false	pass		..........................................
11939	01	ugr	1	bids/sub-11939/ses-01/func/sub-11939_ses-01_task-ugr_run-1_events.tsv	548f1f57caf03b257c7119bba61525e225dc0120c5a5936260b28237b65c8ced	48	48	true	0	0	1			0		0				48	0	0	1	false	false	false	pass		................................................
11939	01	ugr	2	bids/sub-11939/ses-01/func/sub-11939_ses-01_task-ugr_run-2_events.tsv	e15d816087560f82eae3614743a8f6bbd0ba6cd85d92dca071537b78c4baada4	48	48	true	0	0	1			0		0				48	0	0	1	false	false	false	pass		................................................
11943	01	doors	1	bids/sub-11943/ses-01/func/sub-11943_ses-01_task-doors_run-1_events.tsv	0e4d1b5cc96efb1572c8eae5e28b29661d4d857e162101bc621fe70807ab2167	40	40	true	0	0	1			0		0				40	0	0	1	false	false	false	pass		........................................
11943	01	sharedreward	1	bids/sub-11943/ses-01/func/sub-11943_ses-01_task-sharedreward_run-1_events.tsv	2f54716a848abc5dc92b3a23e6c715c4a6cc74e7df30c96a4d2ce53280e6f6b5	54	54	true	0	0	1			0		0				54	0	0	1	false	false	false	pass		......................................................
11943	01	sharedreward	2	bids/sub-11943/ses-01/func/sub-11943_ses-01_task-sharedreward_run-2_events.tsv	25cf214d0ff8bb4580e09b62628edc6d441f239e539265fd566ca0dcf47bb438	54	54	true	0	0	1			0		0				54	0	0	1	false	false	false	pass		......................................................
11943	01	socialdoors	1	bids/sub-11943/ses-01/func/sub-11943_ses-01_task-socialdoors_run-1_events.tsv	20a1e1407ef2b563c4377dd65c14b49f45084bb03e5020552343b5027ba5d304	40	40	true	0	0	1			0		0				40	0	0	1	false	false	false	pass		........................................
11943	01	trust	1	bids/sub-11943/ses-01/func/sub-11943_ses-01_task-trust_run-1_events.tsv	64b8e9870c48e9fd7b7481fe67852f3709a01f66b22df83ad7f90b13cc487a4f	42	42	true	0	0	1			0		0				42	0	0	1	false	false	false	pass		..........................................
11943	01	trust	2	bids/sub-11943/ses-01/func/sub-11943_ses-01_task-trust_run-2_events.tsv	1104ad141173e9f2539656e87c609941a06a437ca36291545bc8ad6cab144f50	42	42	true	0	0	1			0		0				42	0	0	1	false	false	false	pass		..........................................
11943	01	ugr	1	bids/sub-11943/ses-01/func/sub-11943_ses-01_task-ugr_run-1_events.tsv	e8ad1ef5dd8d9257c35330e2898af7b423b7f7853197aaec508790fcbbb7b075	48	48	true	1	0.020833	0.979167	23	23	1	23	0				48	1	0.020833	1	false	false	false	pass		......................M.........................
11943	01	ugr	2	bids/sub-11943/ses-01/func/sub-11943_ses-01_task-ugr_run-2_events.tsv	07850561346564f64143d47f39f8d55852a590593349f2602124702ff9ab2df6	48	48	true	0	0	1			0		0				48	0	0	1	false	false	false	pass		................................................
11949	01	doors	1	bids/sub-11949/ses-01/func/sub-11949_ses-01_task-doors_run-1_events.tsv	54b4b0719f4fc1b7480b3bd38bf7ac5d818c146acae7d71eab745707cc04340e	40	40	true	1	0.025	0.975	28	28	1	28	0				40	1	0.025	1	false	false	false	pass		...........................M............
11949	01	sharedreward	1	bids/sub-11949/ses-01/func/sub-11949_ses-01_task-sharedreward_run-1_events.tsv	1a7cd7aa535fa47e8bc62f9e37ad597353c05f779c2cf49940e3db9a30c314fa	54	54	true	0	0	1			0		0				54	0	0	1	false	false	false	pass		......................................................
11949	01	sharedreward	2	bids/sub-11949/ses-01/func/sub-11949_ses-01_task-sharedreward_run-2_events.tsv	c55e9092426d261c1807d50a0ebb15d6f46ccc8539e785d5b3f020dc92555556	54	54	true	0	0	1			0		0				54	0	0	1	false	false	false	pass		......................................................
11949	01	socialdoors	1	bids/sub-11949/ses-01/func/sub-11949_ses-01_task-socialdoors_run-1_events.tsv	593625dbc3106a8d167973713da8c74fecc075a7a32b17423d9f2940e093f1b1	40	40	true	0	0	1			0		0				40	0	0	1	false	false	false	pass		........................................
11949	01	trust	1	bids/sub-11949/ses-01/func/sub-11949_ses-01_task-trust_run-1_events.tsv	4eb284c4d0078b081b0b0f9298e65f77a3d9958f958d5052d902c849e6132530	42	42	true	1	0.02381	0.97619	35	35	1	35	0				42	1	0.02381	1	false	false	false	pass		..................................M.......
11949	01	trust	2	bids/sub-11949/ses-01/func/sub-11949_ses-01_task-trust_run-2_events.tsv	cc9274348133fa8b5ae6794e0d5265f73af6eb75a3a11fbed423f013840718fa	42	42	true	0	0	1			0		0				42	0	0	1	false	false	false	pass		..........................................
11949	01	ugr	1	bids/sub-11949/ses-01/func/sub-11949_ses-01_task-ugr_run-1_events.tsv	714dd34a2f2facad3043e166d9d76607377681154e0acbca10add6975ddf81a8	48	48	true	1	0.020833	0.979167	1	1	1	1	0				48	1	0.020833	1	false	false	false	pass		M...............................................
11949	01	ugr	2	bids/sub-11949/ses-01/func/sub-11949_ses-01_task-ugr_run-2_events.tsv	7bc322e990c471f4358dc550c2e296eacb4e5d4a505d839ede72d03ed62b54d5	48	48	true	0	0	1			0		0				48	0	0	1	false	false	false	pass		................................................
11960	01	doors	1	bids/sub-11960/ses-01/func/sub-11960_ses-01_task-doors_run-1_events.tsv	208e7b16f2444f0f5ebd3b82fcdbf7c1159fa7f0927f89e78edccd9904c5cabb	40	40	true	0	0	1			0		0				40	0	0	1	false	false	false	pass		........................................
11960	01	sharedreward	1	bids/sub-11960/ses-01/func/sub-11960_ses-01_task-sharedreward_run-1_events.tsv	1b1eff6548743c4149574e2f66b3aa2bd6724fc98004ecda36767556675c04fd	54	54	true	0	0	1			0		0				54	0	0	1	false	false	false	pass		......................................................
11960	01	sharedreward	2	bids/sub-11960/ses-01/func/sub-11960_ses-01_task-sharedreward_run-2_events.tsv	a299c7d069a3b898377747d8899805643e9f93d7a759a6148e66528ce856b03a	54	54	true	0	0	1			0		0				54	0	0	1	false	false	false	pass		......................................................
11960	01	socialdoors	1	bids/sub-11960/ses-01/func/sub-11960_ses-01_task-socialdoors_run-1_events.tsv	0b4a481ded5110c17652e351bc1f0300ef4e194a0bd922995c004c9bc6acd1c1	40	40	true	0	0	1			0		0				40	0	0	1	false	false	false	pass		........................................
11960	01	trust	1	bids/sub-11960/ses-01/func/sub-11960_ses-01_task-trust_run-1_events.tsv	d07922e0f8cf3359959801e85d711ab848e486defda8a8b7d49e621dca8d17ab	42	42	true	1	0.02381	0.97619	3	3	1	3	0				42	1	0.02381	1	false	false	false	pass		..M.......................................
11960	01	trust	2	bids/sub-11960/ses-01/func/sub-11960_ses-01_task-trust_run-2_events.tsv	1b3e0d2bb23e655537abf9a4f7e6b04d0d63d465b4578b5b4fbd02c9c360780f	42	42	true	1	0.02381	0.97619	32	32	1	32	0				42	1	0.02381	1	false	false	false	pass		...............................M..........
11960	01	ugr	1	bids/sub-11960/ses-01/func/sub-11960_ses-01_task-ugr_run-1_events.tsv	c881d3d2bd7afa156696f25ddb30f748c36c5a3321bad73ec6a5d05a08ab54b5	48	48	true	0	0	1			0		0				48	0	0	1	false	false	false	pass		................................................
11960	01	ugr	2	bids/sub-11960/ses-01/func/sub-11960_ses-01_task-ugr_run-2_events.tsv	af96610a6f1af414664f6f6147829d638ad16af715b79baa8d839e517a563e25	48	48	true	0	0	1			0		0				48	0	0	1	false	false	false	pass		................................................
11969	01	doors	1	bids/sub-11969/ses-01/func/sub-11969_ses-01_task-doors_run-1_events.tsv	c812c1265d32db88655da7abce00906ab50ab4d6f884effbd7de773a6da26b27	40	40	true	1	0.025	0.975	27	27	1	27	0				40	1	0.025	1	false	false	false	pass		..........................M.............
11969	01	sharedreward	1	bids/sub-11969/ses-01/func/sub-11969_ses-01_task-sharedreward_run-1_events.tsv	572677a0e5ff0331c0a2f7a7ea3addbfbfc8f98baf9e2b056310c520d12b00d3	54	54	true	1	0.018519	0.981481	1	1	1	1	0				54	1	0.018519	1	false	false	false	pass		M.....................................................
11969	01	sharedreward	2	bids/sub-11969/ses-01/func/sub-11969_ses-01_task-sharedreward_run-2_events.tsv	4d0051c111138c005d0cce316e13db4f72f3a9baf8ce5919df00a360e12842fa	54	54	true	0	0	1			0		0				54	0	0	1	false	false	false	pass		......................................................
11969	01	socialdoors	1	bids/sub-11969/ses-01/func/sub-11969_ses-01_task-socialdoors_run-1_events.tsv	9f4e76b8f1ead872219d0e20a40d068738fe5f99f639498ac9243e07f7864c75	40	40	true	0	0	1			0		0				40	0	0	1	false	false	false	pass		........................................
11969	01	trust	1	bids/sub-11969/ses-01/func/sub-11969_ses-01_task-trust_run-1_events.tsv	fa58ee3a90bcd168d8d0878020b8111209b296a939aa19fcbc35ff1fd67ffffc	42	42	true	0	0	1			0		0				42	0	0	1	false	false	false	pass		..........................................
11969	01	trust	2	bids/sub-11969/ses-01/func/sub-11969_ses-01_task-trust_run-2_events.tsv	3873ac02b981c64c0d578dc5839dfc062280c9e74afde1e251a5c09ec9922896	42	42	true	0	0	1			0		0				42	0	0	1	false	false	false	pass		..........................................
11969	01	ugr	1	bids/sub-11969/ses-01/func/sub-11969_ses-01_task-ugr_run-1_events.tsv	a9c9712d3c822348df2a5a71d13d5dbcd36607ef32c728eb46b684f01b8ba29a	48	48	true	0	0	1			0		0				48	0	0	1	false	false	false	pass		................................................
11969	01	ugr	2	bids/sub-11969/ses-01/func/sub-11969_ses-01_task-ugr_run-2_events.tsv	a8e970f6cb1449940e797ff4e52a598199a557117b776f6b47cbb95cf5ca15ff	48	48	true	0	0	1			0		0				48	0	0	1	false	false	false	pass		................................................
11974	01	doors	1	bids/sub-11974/ses-01/func/sub-11974_ses-01_task-doors_run-1_events.tsv	d4a9f0e3578c7dace5fc06d32dc316d336e3fbb1d3116efbddeead306e399f29	40	40	true	1	0.025	0.975	37	37	1	37	0				40	1	0.025	1	false	false	false	pass		....................................M...
11974	01	sharedreward	1	bids/sub-11974/ses-01/func/sub-11974_ses-01_task-sharedreward_run-1_events.tsv	060d4a65c8f0898a637dcf0c0ebd08732ba5c294e44c5902b4f8efa6926d8a95	54	54	true	0	0	1			0		0				54	0	0	1	false	false	false	pass		......................................................
11974	01	sharedreward	2	bids/sub-11974/ses-01/func/sub-11974_ses-01_task-sharedreward_run-2_events.tsv	afe19caeef750bcb23f054f6fb4c7332fd6498e958e527154b200517f91f0303	54	54	true	5	0.092593	0.907407	6	10	5	6	0				54	5	0.092593	1	false	false	false	pass		.....MMMMM............................................
11974	01	socialdoors	1	bids/sub-11974/ses-01/func/sub-11974_ses-01_task-socialdoors_run-1_events.tsv	d496d8291020eaaacf536144294923157f41f9de259acedb378af5a212b24808	40	40	true	0	0	1			0		0				40	0	0	1	false	false	false	pass		........................................
11974	01	trust	1	bids/sub-11974/ses-01/func/sub-11974_ses-01_task-trust_run-1_events.tsv	1695d3e18391f3211022267f65c27705bca66811c6a32ccb8cb4ae48a9010fe1	42	42	true	2	0.047619	0.952381	1	29	1	1	0				42	2	0.047619	1	false	false	false	pass		M...........................M.............
11974	01	trust	2	bids/sub-11974/ses-01/func/sub-11974_ses-01_task-trust_run-2_events.tsv	360766a3be710de6a893efe7a9445f93f304979da5f2e6fea57141ccd38dbd5d	42	42	true	0	0	1			0		0				42	0	0	1	false	false	false	pass		..........................................
11974	01	ugr	1	bids/sub-11974/ses-01/func/sub-11974_ses-01_task-ugr_run-1_events.tsv	57b9492b4a52c7c3cdefbefc5237b5b1841bc6da17b4ff4ebb2e6b1883f78d36	48	48	true	0	0	1			0		0				48	0	0	1	false	false	false	pass		................................................
11974	01	ugr	2	bids/sub-11974/ses-01/func/sub-11974_ses-01_task-ugr_run-2_events.tsv	ee9fda2b5b3432582fc875f33dce3bb8eef240daa048180abaaf0474a0c88feb	48	48	true	0	0	1			0		0				48	0	0	1	false	false	false	pass		................................................
11976	01	doors	1	bids/sub-11976/ses-01/func/sub-11976_ses-01_task-doors_run-1_events.tsv	34923477c9f4a0b1eaf86176a84acfcc9c5807902739d0ff4bb5f9ac1d9d1940	40	40	true	0	0	1			0		0				40	0	0	1	false	false	false	pass		........................................
11976	01	sharedreward	1	bids/sub-11976/ses-01/func/sub-11976_ses-01_task-sharedreward_run-1_events.tsv	de5cfcf4ad0a2766e79d183ba90ed765ba8d83c95de46f7d47dbb9be1779d90e	54	54	true	0	0	1			0		0				54	0	0	1	false	false	false	pass		......................................................
11976	01	sharedreward	2	bids/sub-11976/ses-01/func/sub-11976_ses-01_task-sharedreward_run-2_events.tsv	4dbb8233e18cc744ba509fcbf3c08906562a649d5671acf80a65da23e2d1a247	54	54	true	0	0	1			0		0				54	0	0	1	false	false	false	pass		......................................................
11976	01	socialdoors	1	bids/sub-11976/ses-01/func/sub-11976_ses-01_task-socialdoors_run-1_events.tsv	3aaac39c0f9121862a862227fba55b58b9f09fb12413db5a4cf221165be090cd	40	40	true	0	0	1			0		0				40	0	0	1	false	false	false	pass		........................................
11976	01	trust	1	bids/sub-11976/ses-01/func/sub-11976_ses-01_task-trust_run-1_events.tsv	b1e41d3830898fce1621a11c7cf4ecb13d6d3a54b95b431203082562058d0630	42	42	true	1	0.02381	0.97619	16	16	1	16	0				42	1	0.02381	1	false	false	false	pass		...............M..........................
11976	01	trust	2	bids/sub-11976/ses-01/func/sub-11976_ses-01_task-trust_run-2_events.tsv	14c458862dff5d1b205b43a98769dc9ecc734f6108db2598759c25b2c692447d	42	42	true	0	0	1			0		0				42	0	0	1	false	false	false	pass		..........................................
11976	01	ugr	1	bids/sub-11976/ses-01/func/sub-11976_ses-01_task-ugr_run-1_events.tsv	56ddd6a1dbef00b5010eb2ecafacf7827cb8529c983b42bd66447bbbeaeff723	48	48	true	0	0	1			0		0				48	0	0	1	false	false	false	pass		................................................
11976	01	ugr	2	bids/sub-11976/ses-01/func/sub-11976_ses-01_task-ugr_run-2_events.tsv	db0ad4b4b1869a470c1f575a7c3a170151226a3e77be715b412bd370e6b3af08	48	48	true	0	0	1			0		0				48	0	0	1	false	false	false	pass		................................................
11982	01	doors	1	bids/sub-11982/ses-01/func/sub-11982_ses-01_task-doors_run-1_events.tsv	ef41786f7989a5c349ce861e8690104dd6931227abf2133fe305b9dab6421e17	40	40	true	1	0.025	0.975	20	20	1	20	0				40	1	0.025	1	false	false	false	pass		...................M....................
11982	01	sharedreward	1	bids/sub-11982/ses-01/func/sub-11982_ses-01_task-sharedreward_run-1_events.tsv	63263bc9fa3bf34f96573817b07f1a7b2939ca6cbc4390ce2628c9de03df2468	54	54	true	0	0	1			0		0				54	0	0	1	false	false	false	pass		......................................................
11982	01	sharedreward	2	bids/sub-11982/ses-01/func/sub-11982_ses-01_task-sharedreward_run-2_events.tsv	e1fa242253675ee0d9736f696886f903e923ab7a2d22463a450fef90e0b1aedd	54	54	true	1	0.018519	0.981481	27	27	1	27	0				54	1	0.018519	1	false	false	false	pass		..........................M...........................
11982	01	socialdoors	1	bids/sub-11982/ses-01/func/sub-11982_ses-01_task-socialdoors_run-1_events.tsv	b3e7d652b59726ae4d03b01524fa30a4f63050e7d248419af67e3d361827cfb7	40	40	true	1	0.025	0.975	21	21	1	21	0				40	1	0.025	1	false	false	false	pass		....................M...................
11982	01	trust	1	bids/sub-11982/ses-01/func/sub-11982_ses-01_task-trust_run-1_events.tsv	434dd543cba688d76ae2df14f37f52b9a7b8f522298d8b2f2305b18e47d8ff3f	42	42	true	0	0	1			0		0				42	0	0	1	false	false	false	pass		..........................................
11982	01	trust	2	bids/sub-11982/ses-01/func/sub-11982_ses-01_task-trust_run-2_events.tsv	7cc4a1ffdacd9919bd02b080aeada2c204f7c82524b9615adc4dc620228c18c2	42	42	true	3	0.071429	0.928571	14	38	1	14	0				42	3	0.071429	1	false	false	false	pass		.............M.................M.....M....
11982	01	ugr	1	bids/sub-11982/ses-01/func/sub-11982_ses-01_task-ugr_run-1_events.tsv	0101632894f4f4ad691594d99523ad09b0b4e0704cf197d6af2e0d994731a697	48	48	true	0	0	1			0		0				48	0	0	1	false	false	false	pass		................................................
11982	01	ugr	2	bids/sub-11982/ses-01/func/sub-11982_ses-01_task-ugr_run-2_events.tsv	0d74042aa7747a27dccac00b3a1a7e4757a0169641123f4c4ef35df518fbd95d	48	48	true	1	0.020833	0.979167	18	18	1	18	0				48	1	0.020833	1	false	false	false	pass		.................M..............................
11984	01	doors	1	bids/sub-11984/ses-01/func/sub-11984_ses-01_task-doors_run-1_events.tsv	7d491f9d66ab25cbcd3099370ee87ac79dc120de7d86212e436671b0d7d7d5a9	40	40	true	1	0.025	0.975	19	19	1	19	0				40	1	0.025	1	false	false	false	pass		..................M.....................
11984	01	sharedreward	1	bids/sub-11984/ses-01/func/sub-11984_ses-01_task-sharedreward_run-1_events.tsv	c27e6bd2060b6e7750a0c13266bacc5686af58b0f15817a279a7fa3c0e4ad3f8	54	54	true	0	0	1			0		0				54	0	0	1	false	false	false	pass		......................................................
11984	01	sharedreward	2	bids/sub-11984/ses-01/func/sub-11984_ses-01_task-sharedreward_run-2_events.tsv	6b81e31960ee5a5ee9ffb1d13d065dbf8cdf330c2003e5149486240e2d9360ae	54	54	true	1	0.018519	0.981481	46	46	1	46	0				54	1	0.018519	1	false	false	false	pass		.............................................M........
11984	01	socialdoors	1	bids/sub-11984/ses-01/func/sub-11984_ses-01_task-socialdoors_run-1_events.tsv	bc77b1b80150161be79b9a91efd657d7f624f7223ce458f175abbeb3b6c4eb4e	40	40	true	1	0.025	0.975	24	24	1	24	0				40	1	0.025	1	false	false	false	pass		.......................M................
11984	01	trust	1	bids/sub-11984/ses-01/func/sub-11984_ses-01_task-trust_run-1_events.tsv	fe7ab78e7ff110f654b025d0435c1cc80f8132d3a721d59fb670e5f8877583ef	42	42	true	0	0	1			0		0				42	0	0	1	false	false	false	pass		..........................................
11984	01	trust	2	bids/sub-11984/ses-01/func/sub-11984_ses-01_task-trust_run-2_events.tsv	507d3e343bcb8223d45797b952f596497a7ebba9d3ca1091cf1a95f4311622d5	42	42	true	0	0	1			0		0				42	0	0	1	false	false	false	pass		..........................................
11984	01	ugr	1	bids/sub-11984/ses-01/func/sub-11984_ses-01_task-ugr_run-1_events.tsv	806e4cca53e101328ec2a95e092edf706501253a6874d4ef130286985a61b3b1	48	48	true	1	0.020833	0.979167	20	20	1	20	0				48	1	0.020833	1	false	false	false	pass		...................M............................
11984	01	ugr	2	bids/sub-11984/ses-01/func/sub-11984_ses-01_task-ugr_run-2_events.tsv	03196e4e8198dd744e1085b953eac5812a3e0fe465356213d8ac2b333487ec8b	48	48	true	28	0.583333	0.416667	21	48	28	21	28	21	155.30305	219.35079	20	0	0	0.416667	true	true	true	review	overall_miss_fraction_threshold;terminal_miss_streak	....................MMMMMMMMMMMMMMMMMMMMMMMMMMMM
12008	01	doors	1	bids/sub-12008/ses-01/func/sub-12008_ses-01_task-doors_run-1_events.tsv	b2c39258b18707f41db176f8041cca12a5296b01309db0852484f78644758f50	40	40	true	0	0	1			0		0				40	0	0	1	false	false	false	pass		........................................
12008	01	sharedreward	1	bids/sub-12008/ses-01/func/sub-12008_ses-01_task-sharedreward_run-1_events.tsv	2cca7452c3aae7e8be72bb990fba09421639f5b225015222e49b9e9ead4ef4b8	54	54	true	0	0	1			0		0				54	0	0	1	false	false	false	pass		......................................................
12008	01	sharedreward	2	bids/sub-12008/ses-01/func/sub-12008_ses-01_task-sharedreward_run-2_events.tsv	ee7551e5a4d7a5b762f99bab8a6f8675f5252206d3020cee4c57a7e1b1a3a866	54	54	true	2	0.037037	0.962963	45	46	2	45	0				54	2	0.037037	1	false	false	false	pass		............................................MM........
12008	01	socialdoors	1	bids/sub-12008/ses-01/func/sub-12008_ses-01_task-socialdoors_run-1_events.tsv	fdae309ff934c2db4e3c55530eb4a645a84389614d5862aa35afe9f9217bd622	40	40	true	0	0	1			0		0				40	0	0	1	false	false	false	pass		........................................
12008	01	trust	1	bids/sub-12008/ses-01/func/sub-12008_ses-01_task-trust_run-1_events.tsv	9a600b7af07b4ea68f142d1deca5eeca0e53209e66404f8fda765f161cd3dbcb	42	42	true	0	0	1			0		0				42	0	0	1	false	false	false	pass		..........................................
12008	01	trust	2	bids/sub-12008/ses-01/func/sub-12008_ses-01_task-trust_run-2_events.tsv	fabd3e2c2d3270e2f56f59bec607be03e661acdd8a88e03154225795b54e8d3c	42	42	true	1	0.02381	0.97619	7	7	1	7	0				42	1	0.02381	1	false	false	false	pass		......M...................................
12008	01	ugr	1	bids/sub-12008/ses-01/func/sub-12008_ses-01_task-ugr_run-1_events.tsv	9e8dbe4c27b8f5b851b98da2eb5e434cadce91ace63f6064ff5ea00ec0fc54db	48	48	true	0	0	1			0		0				48	0	0	1	false	false	false	pass		................................................
12008	01	ugr	2	bids/sub-12008/ses-01/func/sub-12008_ses-01_task-ugr_run-2_events.tsv	ebbe21547eb789b4e06c0c7295af8f5721b8d4361f37408744c8137285a6ed4c	48	48	true	0	0	1			0		0				48	0	0	1	false	false	false	pass		................................................
12011	01	doors	1	bids/sub-12011/ses-01/func/sub-12011_ses-01_task-doors_run-1_events.tsv	e598d49458d5e4165e901538dd61e9c161dd5592c611b5109f3489958068fbde	40	40	true	0	0	1			0		0				40	0	0	1	false	false	false	pass		........................................
12011	01	sharedreward	1	bids/sub-12011/ses-01/func/sub-12011_ses-01_task-sharedreward_run-1_events.tsv	45b7d11beb8293cd675fbe39f93f19f620a844b920bb43ad28f85437c265e52f	54	54	true	0	0	1			0		0				54	0	0	1	false	false	false	pass		......................................................
12011	01	sharedreward	2	bids/sub-12011/ses-01/func/sub-12011_ses-01_task-sharedreward_run-2_events.tsv	48b25cb0a4f45052b53439f0217ffe4a9d74ac7490e9c7961c53a545bed9eeba	54	54	true	1	0.018519	0.981481	24	24	1	24	0				54	1	0.018519	1	false	false	false	pass		.......................M..............................
12011	01	socialdoors	1	bids/sub-12011/ses-01/func/sub-12011_ses-01_task-socialdoors_run-1_events.tsv	10de4cd84975e2e12801ffc4c1cc525053b4eb7a5ba47a2821f4810023581ad1	40	40	true	1	0.025	0.975	37	37	1	37	0				40	1	0.025	1	false	false	false	pass		....................................M...
12011	01	trust	1	bids/sub-12011/ses-01/func/sub-12011_ses-01_task-trust_run-1_events.tsv	68794e991af46dd4baebd505f1f98e4786b99417de4cba5822159658d5232d02	42	42	true	2	0.047619	0.952381	4	12	1	4	0				42	2	0.047619	1	false	false	false	pass		...M.......M..............................
12011	01	trust	2	bids/sub-12011/ses-01/func/sub-12011_ses-01_task-trust_run-2_events.tsv	e5902273ca503c316cecb51ba01fdff39804b509b8ec40d11e5f6a57c0c0442e	42	42	true	3	0.071429	0.928571	11	39	1	11	0				42	3	0.071429	1	false	false	false	pass		..........M..............M............M...
12011	01	ugr	1	bids/sub-12011/ses-01/func/sub-12011_ses-01_task-ugr_run-1_events.tsv	fb56e06604c426fefe2820627f7db4cabfbfd91293cef4ed1793ac204503277d	48	48	true	0	0	1			0		0				48	0	0	1	false	false	false	pass		................................................
12011	01	ugr	2	bids/sub-12011/ses-01/func/sub-12011_ses-01_task-ugr_run-2_events.tsv	63a42088ae21dfae28338f364385b75c22629926673b6cfc6ce8599807f5d667	48	48	true	0	0	1			0		0				48	0	0	1	false	false	false	pass		................................................
12013	01	doors	1	bids/sub-12013/ses-01/func/sub-12013_ses-01_task-doors_run-1_events.tsv	a02c7ee17f70da577d1362392569a0d23aaafa96557f2e33903d23e540c9b653	40	40	true	1	0.025	0.975	39	39	1	39	0				40	1	0.025	1	false	false	false	pass		......................................M.
12013	01	sharedreward	1	bids/sub-12013/ses-01/func/sub-12013_ses-01_task-sharedreward_run-1_events.tsv	ebcfab73a28cdac5ba64fc0f28bc78be37185471b3733f21b1ef09b7bfc7768f	54	54	true	1	0.018519	0.981481	1	1	1	1	0				54	1	0.018519	1	false	false	false	pass		M.....................................................
12013	01	sharedreward	2	bids/sub-12013/ses-01/func/sub-12013_ses-01_task-sharedreward_run-2_events.tsv	4db628d40ab1889b609af319991dcf5dfd17948d3b29748860b53328d662d4c0	54	54	true	0	0	1			0		0				54	0	0	1	false	false	false	pass		......................................................
12013	01	socialdoors	1	bids/sub-12013/ses-01/func/sub-12013_ses-01_task-socialdoors_run-1_events.tsv	17d472539dbb5e3c5ace5ccaf27295301a71a0a82d9a9e8da50b4d8fdf4b2bef	40	40	true	0	0	1			0		0				40	0	0	1	false	false	false	pass		........................................
12013	01	trust	1	bids/sub-12013/ses-01/func/sub-12013_ses-01_task-trust_run-1_events.tsv	3634a3e59eda848a121e25521d2aa0fae9c1db42bd477872eea1c8cbd0456d95	42	42	true	0	0	1			0		0				42	0	0	1	false	false	false	pass		..........................................
12013	01	trust	2	bids/sub-12013/ses-01/func/sub-12013_ses-01_task-trust_run-2_events.tsv	2a5cf126f233c893ef697d75406b717c7a096e49477c23de427dc0013602b7c2	42	42	true	2	0.047619	0.952381	32	41	1	32	0				42	2	0.047619	1	false	false	false	pass		...............................M........M.
12013	01	ugr	1	bids/sub-12013/ses-01/func/sub-12013_ses-01_task-ugr_run-1_events.tsv	701f8d846da6c0d862ad04fbc4f0ec826f21efc57a5911eb7332c139a9938ae8	48	48	true	0	0	1			0		0				48	0	0	1	false	false	false	pass		................................................
12013	01	ugr	2	bids/sub-12013/ses-01/func/sub-12013_ses-01_task-ugr_run-2_events.tsv	110e429f6d59d4b32afee33ffab3615a5be5db0d04269097d61fa9e79c785725	48	48	true	0	0	1			0		0				48	0	0	1	false	false	false	pass		................................................
12018	01	doors	1	bids/sub-12018/ses-01/func/sub-12018_ses-01_task-doors_run-1_events.tsv	cbaf1a993dd26f18e3a8bb7b492bf9bd55fe78d732820b8deb9c1559ddcecdc3	40	40	true	0	0	1			0		0				40	0	0	1	false	false	false	pass		........................................
12018	01	sharedreward	1	bids/sub-12018/ses-01/func/sub-12018_ses-01_task-sharedreward_run-1_events.tsv	ae6d0ff19e76cae2ed8d1812e4f9db309673974bc3df9caa044c40938edca16b	54	54	true	1	0.018519	0.981481	42	42	1	42	0				54	1	0.018519	1	false	false	false	pass		.........................................M............
12018	01	sharedreward	2	bids/sub-12018/ses-01/func/sub-12018_ses-01_task-sharedreward_run-2_events.tsv	7748f82945f8f4f3d4ebcf5c698e6698d554f827b4dee50023b74c1cc3664b24	54	54	true	3	0.055556	0.944444	12	35	1	12	0				54	3	0.055556	1	false	false	false	pass		...........M................M.....M...................
12018	01	socialdoors	1	bids/sub-12018/ses-01/func/sub-12018_ses-01_task-socialdoors_run-1_events.tsv	1ec7e5eb0e2a072dd9da9440a239414601d0281dbfd9c65489bc1c457eae1c02	40	40	true	0	0	1			0		0				40	0	0	1	false	false	false	pass		........................................
12018	01	trust	1	bids/sub-12018/ses-01/func/sub-12018_ses-01_task-trust_run-1_events.tsv	a6bc389518de5ded8e4ae7971e0eb17e71fe6208133aaa5f2f3f84d1c1c7d3ae	42	42	true	1	0.02381	0.97619	26	26	1	26	0				42	1	0.02381	1	false	false	false	pass		.........................M................
12018	01	trust	2	bids/sub-12018/ses-01/func/sub-12018_ses-01_task-trust_run-2_events.tsv	e96096d89eb0feea853dc8d1bf97a8cf27aa80f9877709a791e88c6beb977661	42	42	true	1	0.02381	0.97619	37	37	1	37	0				42	1	0.02381	1	false	false	false	pass		....................................M.....
12018	01	ugr	1	bids/sub-12018/ses-01/func/sub-12018_ses-01_task-ugr_run-1_events.tsv	b58316ed1bbc8cde69a200ee99a212bf273abbcf82b46da805a6c1b3c19be92d	48	48	true	0	0	1			0		0				48	0	0	1	false	false	false	pass		................................................
12018	01	ugr	2	bids/sub-12018/ses-01/func/sub-12018_ses-01_task-ugr_run-2_events.tsv	67d3b0e4078647e8d0d84d26d8b20f76ceb7e09863f5fa2f8dea2f997fe07efc	48	48	true	1	0.020833	0.979167	32	32	1	32	0				48	1	0.020833	1	false	false	false	pass		...............................M................
12020	01	doors	1	bids/sub-12020/ses-01/func/sub-12020_ses-01_task-doors_run-1_events.tsv	828f6b6f7e5af8bfe103f8ae4d95792afc11a9abc486860739758fd96aca4b9d	40	40	true	0	0	1			0		0				40	0	0	1	false	false	false	pass		........................................
12020	01	sharedreward	1	bids/sub-12020/ses-01/func/sub-12020_ses-01_task-sharedreward_run-1_events.tsv	f234770d1f2928534542f3d6782af34c025cea7fc429c2bc3fe5838063cd3694	54	54	true	0	0	1			0		0				54	0	0	1	false	false	false	pass		......................................................
12020	01	sharedreward	2	bids/sub-12020/ses-01/func/sub-12020_ses-01_task-sharedreward_run-2_events.tsv	edd21dfd735f3adf6c3ad40a9d894c94af56f634fd9ae3f25c4390b2a89af16c	54	54	true	1	0.018519	0.981481	32	32	1	32	0				54	1	0.018519	1	false	false	false	pass		...............................M......................
12020	01	socialdoors	1	bids/sub-12020/ses-01/func/sub-12020_ses-01_task-socialdoors_run-1_events.tsv	1280f67ae7fbe47ee6233051c2d4bc6d7aa7480d8aa6630a0118ca418b0cc5b0	40	40	true	0	0	1			0		0				40	0	0	1	false	false	false	pass		........................................
12020	01	trust	1	bids/sub-12020/ses-01/func/sub-12020_ses-01_task-trust_run-1_events.tsv	4cdd3ba8b7ebb11e238c3132dd417f503526268899159d7080e118b49b6fef38	42	42	true	0	0	1			0		0				42	0	0	1	false	false	false	pass		..........................................
12020	01	trust	2	bids/sub-12020/ses-01/func/sub-12020_ses-01_task-trust_run-2_events.tsv	e574fe11bbf9b05026cbe73d06c0a0a39de092a389fbdcc78583e75586701d4b	42	42	true	2	0.047619	0.952381	15	42	1	15	1	42	432.3221	3.01545	41	1	0.02439	0.97619	false	false	false	pass		..............M..........................M
12020	01	ugr	1	bids/sub-12020/ses-01/func/sub-12020_ses-01_task-ugr_run-1_events.tsv	b5ffd6c87751589df9cded69367cd9d53e481e0bba70699d7fc2802bacc39d3d	48	48	true	0	0	1			0		0				48	0	0	1	false	false	false	pass		................................................
12020	01	ugr	2	bids/sub-12020/ses-01/func/sub-12020_ses-01_task-ugr_run-2_events.tsv	9fb028240ed0fbf193a801eef567378c5558a7c3b375e3e23233d15b773f1c42	48	48	true	0	0	1			0		0				48	0	0	1	false	false	false	pass		................................................
12021	01	doors	1	bids/sub-12021/ses-01/func/sub-12021_ses-01_task-doors_run-1_events.tsv	429e48c827fc8e46dff46fbebba4705ee36412c6cd2dbf53705822707cf2eaa1	40	40	true	0	0	1			0		0				40	0	0	1	false	false	false	pass		........................................
12021	01	sharedreward	1	bids/sub-12021/ses-01/func/sub-12021_ses-01_task-sharedreward_run-1_events.tsv	f2b0ee8787cf6e86ceecdd02a3735aea28c713cbb164adea249f8c36a640174a	54	54	true	1	0.018519	0.981481	26	26	1	26	0				54	1	0.018519	1	false	false	false	pass		.........................M............................
12021	01	sharedreward	2	bids/sub-12021/ses-01/func/sub-12021_ses-01_task-sharedreward_run-2_events.tsv	42e58e14e0f47ee537e3f91e92c4dfeae4a0dc62c893a2781c083430b40d210f	54	54	true	1	0.018519	0.981481	42	42	1	42	0				54	1	0.018519	1	false	false	false	pass		.........................................M............
12021	01	socialdoors	1	bids/sub-12021/ses-01/func/sub-12021_ses-01_task-socialdoors_run-1_events.tsv	4f9cd4e365cfb930620543c093e606f4b29604103ff4d9c1c19b80848b8e9a50	40	40	true	1	0.025	0.975	28	28	1	28	0				40	1	0.025	1	false	false	false	pass		...........................M............
12021	01	trust	1	bids/sub-12021/ses-01/func/sub-12021_ses-01_task-trust_run-1_events.tsv	18db23d08b2b12eb314e844a064512a352f6491ae4db9e216a0e0d4e422c0084	42	42	true	1	0.02381	0.97619	22	22	1	22	0				42	1	0.02381	1	false	false	false	pass		.....................M....................
12021	01	trust	2	bids/sub-12021/ses-01/func/sub-12021_ses-01_task-trust_run-2_events.tsv	a6859e48e364f5897bf07161994b64135a2f079721c252b6729cf7bf63a70eab	42	42	true	0	0	1			0		0				42	0	0	1	false	false	false	pass		..........................................
12021	01	ugr	1	bids/sub-12021/ses-01/func/sub-12021_ses-01_task-ugr_run-1_events.tsv	0bf42019980efa3b3ac692c2e06a9c24e05b412e23b89c054ab8bdc4feab715b	48	48	true	1	0.020833	0.979167	5	5	1	5	0				48	1	0.020833	1	false	false	false	pass		....M...........................................
12021	01	ugr	2	bids/sub-12021/ses-01/func/sub-12021_ses-01_task-ugr_run-2_events.tsv	7507bf1896d66390a37ebe5f972b328fa315206efea42edab1201b4faac85830	48	48	true	0	0	1			0		0				48	0	0	1	false	false	false	pass		................................................
12031	01	doors	1	bids/sub-12031/ses-01/func/sub-12031_ses-01_task-doors_run-1_events.tsv	f3f334f9baa7dddb2aae40757d9d854c910fe1acade59bda5156edf46ba891c6	40	40	true	0	0	1			0		0				40	0	0	1	false	false	false	pass		........................................
12031	01	sharedreward	1	bids/sub-12031/ses-01/func/sub-12031_ses-01_task-sharedreward_run-1_events.tsv	bf134c928cd978e77d6372d047b9e50e0a27478a13a58e07b0132a622bedf94f	54	54	true	1	0.018519	0.981481	46	46	1	46	0				54	1	0.018519	1	false	false	false	pass		.............................................M........
12031	01	sharedreward	2	bids/sub-12031/ses-01/func/sub-12031_ses-01_task-sharedreward_run-2_events.tsv	800a19c33c7c042764639b67bdfaa67975af37b5903fd077fa99ca28d7633a7f	54	54	true	0	0	1			0		0				54	0	0	1	false	false	false	pass		......................................................
12031	01	socialdoors	1	bids/sub-12031/ses-01/func/sub-12031_ses-01_task-socialdoors_run-1_events.tsv	a9a265216bbce1fe38ee4c7d801e266feab770a3758212dd6bb7e5501fb25f33	40	40	true	1	0.025	0.975	15	15	1	15	0				40	1	0.025	1	false	false	false	pass		..............M.........................
12031	01	trust	1	bids/sub-12031/ses-01/func/sub-12031_ses-01_task-trust_run-1_events.tsv	5456e45ce2579e9d2b8915395b9c2ee3cbd6fc9b779548ccae868e7ac8387804	42	42	true	1	0.02381	0.97619	21	21	1	21	0				42	1	0.02381	1	false	false	false	pass		....................M.....................
12031	01	trust	2	bids/sub-12031/ses-01/func/sub-12031_ses-01_task-trust_run-2_events.tsv	bb9d754009c2e59d95dd05da003c796bb9fecd71766891c80b72a8e3a0a1f622	42	42	true	1	0.02381	0.97619	8	8	1	8	0				42	1	0.02381	1	false	false	false	pass		.......M..................................
12031	01	ugr	1	bids/sub-12031/ses-01/func/sub-12031_ses-01_task-ugr_run-1_events.tsv	2c1d0b9e64238fed740932f899f74a8998670029d86dc6ff63c2766d395bae3b	48	48	true	0	0	1			0		0				48	0	0	1	false	false	false	pass		................................................
12031	01	ugr	2	bids/sub-12031/ses-01/func/sub-12031_ses-01_task-ugr_run-2_events.tsv	765f45cc5f718e9dffb3519e50e1b25601173265fcc9d02868c222fd29b8518a	48	48	true	0	0	1			0		0				48	0	0	1	false	false	false	pass		................................................
12032	01	doors	1	bids/sub-12032/ses-01/func/sub-12032_ses-01_task-doors_run-1_events.tsv	5320657904338b1e11f733cdcbe125f99efb41b88d9312cf35a68f6c3448c96e	40	40	true	0	0	1			0		0				40	0	0	1	false	false	false	pass		........................................
12032	01	sharedreward	1	bids/sub-12032/ses-01/func/sub-12032_ses-01_task-sharedreward_run-1_events.tsv	05fc710904fbdc8aae15d5bfbebc4627b0fb8948c8e154b1a911bd50267b9754	54	54	true	0	0	1			0		0				54	0	0	1	false	false	false	pass		......................................................
12032	01	sharedreward	2	bids/sub-12032/ses-01/func/sub-12032_ses-01_task-sharedreward_run-2_events.tsv	6f9bee071884a5d85955dbb3ed8cd837dceba0b141dd78393659891202df7068	54	54	true	0	0	1			0		0				54	0	0	1	false	false	false	pass		......................................................
12032	01	socialdoors	1	bids/sub-12032/ses-01/func/sub-12032_ses-01_task-socialdoors_run-1_events.tsv	7cfa2a80be8c95957e137b6f2b32aa1b8066985d6ab60dc5817d3e0752bd3945	40	40	true	0	0	1			0		0				40	0	0	1	false	false	false	pass		........................................
12032	01	trust	1	bids/sub-12032/ses-01/func/sub-12032_ses-01_task-trust_run-1_events.tsv	ef927258de2f5fb5801cc116adf726eed02c9013e9a9718fc73c27813417a826	42	42	true	1	0.02381	0.97619	23	23	1	23	0				42	1	0.02381	1	false	false	false	pass		......................M...................
12032	01	trust	2	bids/sub-12032/ses-01/func/sub-12032_ses-01_task-trust_run-2_events.tsv	582207c676ed9ab061478e8c400dd69b34bdbec33213b24e7b5399906fd7b12f	42	42	true	0	0	1			0		0				42	0	0	1	false	false	false	pass		..........................................
12032	01	ugr	1	bids/sub-12032/ses-01/func/sub-12032_ses-01_task-ugr_run-1_events.tsv	9cccec3d9d480da07c3a3c4e3892df4cf9683c9a96e52fa3eae6dab7dcf0bb05	48	48	true	0	0	1			0		0				48	0	0	1	false	false	false	pass		................................................
12032	01	ugr	2	bids/sub-12032/ses-01/func/sub-12032_ses-01_task-ugr_run-2_events.tsv	9dc6ba7d4ef61e27950af66111ccf45a2211eea307d6075bf06f42f72bb305a3	48	48	true	0	0	1			0		0				48	0	0	1	false	false	false	pass		................................................
12033	01	doors	1	bids/sub-12033/ses-01/func/sub-12033_ses-01_task-doors_run-1_events.tsv	1a127ec8b5554a0e53837ea4261f64e80acef139bcc473769963355d05efbe78	40	40	true	0	0	1			0		0				40	0	0	1	false	false	false	pass		........................................
12033	01	sharedreward	1	bids/sub-12033/ses-01/func/sub-12033_ses-01_task-sharedreward_run-1_events.tsv	1108ba699b950cea0695bb593422c5fbf8305629164d99273a10a618a648a0bf	54	54	true	0	0	1			0		0				54	0	0	1	false	false	false	pass		......................................................
12033	01	sharedreward	2	bids/sub-12033/ses-01/func/sub-12033_ses-01_task-sharedreward_run-2_events.tsv	e4d1a060ad10e32115ff5a256c1cb9209b326e1ab758b59e2569694af1a2afe6	54	54	true	0	0	1			0		0				54	0	0	1	false	false	false	pass		......................................................
12033	01	socialdoors	1	bids/sub-12033/ses-01/func/sub-12033_ses-01_task-socialdoors_run-1_events.tsv	85eab7aa1f806e61e017d5bd0706efa4bd8933a19b1f7bef959192b9e94a8e30	40	40	true	0	0	1			0		0				40	0	0	1	false	false	false	pass		........................................
12033	01	trust	1	bids/sub-12033/ses-01/func/sub-12033_ses-01_task-trust_run-1_events.tsv	a30c40491296c8236e7aaa7d40c5b067bf8e44f55c41149a5cb2258c79d64d4c	42	42	true	0	0	1			0		0				42	0	0	1	false	false	false	pass		..........................................
12033	01	trust	2	bids/sub-12033/ses-01/func/sub-12033_ses-01_task-trust_run-2_events.tsv	6f1672fd8a357facae53bc2a0a65d88afa5cc95270d7ce0e89f63275997c79a1	42	42	true	0	0	1			0		0				42	0	0	1	false	false	false	pass		..........................................
12033	01	ugr	1	bids/sub-12033/ses-01/func/sub-12033_ses-01_task-ugr_run-1_events.tsv	a21f1cb6d34f93b5fe1c66c964d61c53dc264457ddc21bb82ce6bc70a9587af4	48	48	true	0	0	1			0		0				48	0	0	1	false	false	false	pass		................................................
12033	01	ugr	2	bids/sub-12033/ses-01/func/sub-12033_ses-01_task-ugr_run-2_events.tsv	52a8965b237819550e6e9e87f8208df74ebc7a7a7b4a4a6161f26771f8eb67fa	48	48	true	10	0.208333	0.791667	39	48	10	39	10	39	300.9552	75.86642	38	0	0	0.791667	false	true	true	review	terminal_miss_streak	......................................MMMMMMMMMM
12036	01	doors	1	bids/sub-12036/ses-01/func/sub-12036_ses-01_task-doors_run-1_events.tsv	9eb5860bb3e908a373ca0fb47440fcc123cf3eb0bbd6b3fac2578fa16f38f321	40	40	true	0	0	1			0		0				40	0	0	1	false	false	false	pass		........................................
12036	01	sharedreward	1	bids/sub-12036/ses-01/func/sub-12036_ses-01_task-sharedreward_run-1_events.tsv	bc9c07682bc1f4c6245a990605a253fd0bb30bc403858a1997f7d7ff8631980c	54	54	true	1	0.018519	0.981481	37	37	1	37	0				54	1	0.018519	1	false	false	false	pass		....................................M.................
12036	01	sharedreward	2	bids/sub-12036/ses-01/func/sub-12036_ses-01_task-sharedreward_run-2_events.tsv	b82d2c7e13ac34dd39ede073e3c2127c6b797bf6c246c1d9133a54314380a7db	54	54	true	1	0.018519	0.981481	44	44	1	44	0				54	1	0.018519	1	false	false	false	pass		...........................................M..........
12036	01	socialdoors	1	bids/sub-12036/ses-01/func/sub-12036_ses-01_task-socialdoors_run-1_events.tsv	7623027ff081ffa3c8029ef757c55ed9d9ddd6a80604cee59c96799c091c5aa2	40	40	true	0	0	1			0		0				40	0	0	1	false	false	false	pass		........................................
12036	01	trust	1	bids/sub-12036/ses-01/func/sub-12036_ses-01_task-trust_run-1_events.tsv	51d71b50aba03e8d873670e9b4cf81a5f310c26042983e84e0af358623d6982d	42	42	true	1	0.02381	0.97619	42	42	1	42	1	42	434.04477	3.00533	41	0	0	0.97619	false	false	false	pass		.........................................M
12036	01	ugr	1	bids/sub-12036/ses-01/func/sub-12036_ses-01_task-ugr_run-1_events.tsv	4b20250b8c39f76bc3cf12e4605a0febc7c12821f876550dda943529b8cdaab9	48	48	true	0	0	1			0		0				48	0	0	1	false	false	false	pass		................................................
12036	01	ugr	2	bids/sub-12036/ses-01/func/sub-12036_ses-01_task-ugr_run-2_events.tsv	8b3615aa62165cf9d792e4c4d2d835d865f1f9529837f7a83f1d40d8efc98b41	48	48	true	0	0	1			0		0				48	0	0	1	false	false	false	pass		................................................
12037	01	doors	1	bids/sub-12037/ses-01/func/sub-12037_ses-01_task-doors_run-1_events.tsv	a413a8d415c097756a5b93ad8b1d34161d267556e207e9557c45bb54ed2bc4ae	40	40	true	0	0	1			0		0				40	0	0	1	false	false	false	pass		........................................
12037	01	sharedreward	1	bids/sub-12037/ses-01/func/sub-12037_ses-01_task-sharedreward_run-1_events.tsv	6855da77a4ba9d08990e1f7e07f97568d488dafcf04351fad3f477b319e239d8	54	54	true	0	0	1			0		0				54	0	0	1	false	false	false	pass		......................................................
12037	01	socialdoors	1	bids/sub-12037/ses-01/func/sub-12037_ses-01_task-socialdoors_run-1_events.tsv	76cdbf619c5f05244ea9eed4ea6a4f9484c86fb2692b26abb59ac2ff852f8afe	40	40	true	0	0	1			0		0				40	0	0	1	false	false	false	pass		........................................
12037	01	trust	1	bids/sub-12037/ses-01/func/sub-12037_ses-01_task-trust_run-1_events.tsv	0d43bb007fa43659123e65c0a98fda6d82691c56a4ccb3d7d48ab0168ed84c87	42	42	true	1	0.02381	0.97619	42	42	1	42	1	42	433.88312	3.02136	41	0	0	0.97619	false	false	false	pass		.........................................M
12037	01	ugr	1	bids/sub-12037/ses-01/func/sub-12037_ses-01_task-ugr_run-1_events.tsv	3c43de51ff1ea985eb03015123100c87c80e30d393022ec271974ae95f639b15	48	48	true	0	0	1			0		0				48	0	0	1	false	false	false	pass		................................................
12037	01	ugr	2	bids/sub-12037/ses-01/func/sub-12037_ses-01_task-ugr_run-2_events.tsv	d4ee4abb871d8e03aa8268a6b6a49c91cae13edb2a8a64661f96b18b503d3fb7	48	48	true	0	0	1			0		0				48	0	0	1	false	false	false	pass		................................................
12038	01	doors	1	bids/sub-12038/ses-01/func/sub-12038_ses-01_task-doors_run-1_events.tsv	042a65f4dab42835d979853566f8c32c6169c5694ae46cdfb6c4a5d422e52ee3	40	40	true	0	0	1			0		0				40	0	0	1	false	false	false	pass		........................................
12038	01	sharedreward	1	bids/sub-12038/ses-01/func/sub-12038_ses-01_task-sharedreward_run-1_events.tsv	bbbc2a217b36841739148a160d3ecb038d7f7009fe41efbe62073e4efa3e949b	54	54	true	0	0	1			0		0				54	0	0	1	false	false	false	pass		......................................................
12038	01	sharedreward	2	bids/sub-12038/ses-01/func/sub-12038_ses-01_task-sharedreward_run-2_events.tsv	2497027d4c3e2dfea8603ede376fbc3b2f96261bea9c85f038699ad8358da766	54	54	true	8	0.148148	0.851852	1	54	2	29	1	54	398.4301	4.2145	53	7	0.132075	0.981481	false	false	false	pass		M.....................M.....MM............M..MM......M
12038	01	socialdoors	1	bids/sub-12038/ses-01/func/sub-12038_ses-01_task-socialdoors_run-1_events.tsv	620baf474ceb06ca2dcd6c510ab2a6e8bda0fa9c812ddb9bcb133dd23b6980d7	40	40	true	0	0	1			0		0				40	0	0	1	false	false	false	pass		........................................
12038	01	trust	1	bids/sub-12038/ses-01/func/sub-12038_ses-01_task-trust_run-1_events.tsv	c1de2cafcc62f43e07912ffa785c67788d03dd178aaf48d032bc4163ec3f06dd	42	42	true	0	0	1			0		0				42	0	0	1	false	false	false	pass		..........................................
12038	01	trust	2	bids/sub-12038/ses-01/func/sub-12038_ses-01_task-trust_run-2_events.tsv	2cf0af23263c90aabbf02e2e95089bd33da55e0d747dca2cbeec97f48d1896eb	42	42	true	0	0	1			0		0				42	0	0	1	false	false	false	pass		..........................................
12038	01	ugr	1	bids/sub-12038/ses-01/func/sub-12038_ses-01_task-ugr_run-1_events.tsv	e6c4e4f1f6c2ca4be3dc9e5fa7e6a5f1625a1d2079b606ba34541cd059af447a	48	48	true	1	0.020833	0.979167	48	48	1	48	1	48	368.99243	3.75025	47	0	0	0.979167	false	false	false	pass		...............................................M
12038	01	ugr	2	bids/sub-12038/ses-01/func/sub-12038_ses-01_task-ugr_run-2_events.tsv	00189c7d75672349097964848bb73dbb9e82bf8c56377919be7e225fa4b5b845	48	48	true	9	0.1875	0.8125	12	47	1	12	0				48	9	0.1875	1	false	false	false	pass		...........M.............M..M.M.M...M....M..M.M.
12039	01	doors	1	bids/sub-12039/ses-01/func/sub-12039_ses-01_task-doors_run-1_events.tsv	7f961fee584b016c87cf5dbf2ef61b93a83a0aed2a5f216e91894eb45d6ef83a	40	40	true	1	0.025	0.975	34	34	1	34	0				40	1	0.025	1	false	false	false	pass		.................................M......
12039	01	sharedreward	1	bids/sub-12039/ses-01/func/sub-12039_ses-01_task-sharedreward_run-1_events.tsv	f450808ca4c2baba776bcd34445cded17ddfa608ca7c0d97dc4c266bcb34d48e	54	54	true	1	0.018519	0.981481	54	54	1	54	1	54	397.6472	5.02452	53	0	0	0.981481	false	false	false	pass		.....................................................M
12039	01	sharedreward	2	bids/sub-12039/ses-01/func/sub-12039_ses-01_task-sharedreward_run-2_events.tsv	9c6a89c94b8a1e473aa1a6f672f512728bda8f61cb9b12dfeaf2326d92d0e28a	54	54	true	0	0	1			0		0				54	0	0	1	false	false	false	pass		......................................................
12039	01	socialdoors	1	bids/sub-12039/ses-01/func/sub-12039_ses-01_task-socialdoors_run-1_events.tsv	dec3e1a7307e8f150f70a50106abac281859c38c8e936f8b118770823f99359c	40	40	true	0	0	1			0		0				40	0	0	1	false	false	false	pass		........................................
12039	01	trust	1	bids/sub-12039/ses-01/func/sub-12039_ses-01_task-trust_run-1_events.tsv	306ebbe1843df8901e4fde2ab2d3dfb1b43d5f4eadd83fec9e0e9d6baad89831	42	42	true	0	0	1			0		0				42	0	0	1	false	false	false	pass		..........................................
12039	01	trust	2	bids/sub-12039/ses-01/func/sub-12039_ses-01_task-trust_run-2_events.tsv	e6e3a023740835782d99baa22ce836717abb2d67dbc9b10bffacb0d6d1682622	42	42	true	0	0	1			0		0				42	0	0	1	false	false	false	pass		..........................................
12039	01	ugr	1	bids/sub-12039/ses-01/func/sub-12039_ses-01_task-ugr_run-1_events.tsv	766f8d50b81ae85434c043ed91bf83b6f7485db38f1df050ad43fe36e961d385	48	48	true	0	0	1			0		0				48	0	0	1	false	false	false	pass		................................................
12039	01	ugr	2	bids/sub-12039/ses-01/func/sub-12039_ses-01_task-ugr_run-2_events.tsv	86572ce71f22d3d266ffb59ebc59301220cc93fc6908ebb8719a206cf486a093	48	48	true	0	0	1			0		0				48	0	0	1	false	false	false	pass		................................................
12041	01	doors	1	bids/sub-12041/ses-01/func/sub-12041_ses-01_task-doors_run-1_events.tsv	04d8a4b7ddfe85930e56ca5b59c16431fa33da2edac228ffd5ddaca860f77ea5	40	40	true	0	0	1			0		0				40	0	0	1	false	false	false	pass		........................................
12041	01	sharedreward	1	bids/sub-12041/ses-01/func/sub-12041_ses-01_task-sharedreward_run-1_events.tsv	6d6522111bd6a6f72af58b7bf9b3e39aeba73bc3249e1aeb17f95ef3327f2040	54	34	false	14	0.411765	0.588235	1	34	12	23	12	23	166.53957	86.25163	22	2	0.090909	0.647059	true	true	true	review	unexpected_trial_count;overall_miss_fraction_threshold;terminal_miss_streak	M..................M..MMMMMMMMMMMM
12041	01	socialdoors	1	bids/sub-12041/ses-01/func/sub-12041_ses-01_task-socialdoors_run-1_events.tsv	75158d0f3a3d288159c44ba648c819578ca8ac93436181aa24ef4850da4ef24d	40	40	true	0	0	1			0		0				40	0	0	1	false	false	false	pass		........................................
12041	01	trust	1	bids/sub-12041/ses-01/func/sub-12041_ses-01_task-trust_run-1_events.tsv	0cc727505fc399042b7c635dada4f51aae21a23a70b8273d1e5fd8bd7959c7ed	42	42	true	0	0	1			0		0				42	0	0	1	false	false	false	pass		..........................................
12041	01	trust	2	bids/sub-12041/ses-01/func/sub-12041_ses-01_task-trust_run-2_events.tsv	ade48b169bc34bfa1d5a3c0b2da64c4227f5fc9ffcc6e3d355d9380bfd479873	42	42	true	0	0	1			0		0				42	0	0	1	false	false	false	pass		..........................................
12041	01	ugr	1	bids/sub-12041/ses-01/func/sub-12041_ses-01_task-ugr_run-1_events.tsv	3c39874c5bd92fb2040b61536cda381e844b1817b4712b5026a315b4b2bc91fe	48	48	true	0	0	1			0		0				48	0	0	1	false	false	false	pass		................................................
12041	01	ugr	2	bids/sub-12041/ses-01/func/sub-12041_ses-01_task-ugr_run-2_events.tsv	34edd94d430a073c47eafb7649a073cb4101fb73763b3ffd332ccf985c64623e	48	48	true	0	0	1			0		0				48	0	0	1	false	false	false	pass		................................................
12047	01	doors	1	bids/sub-12047/ses-01/func/sub-12047_ses-01_task-doors_run-1_events.tsv	bf64b0f8c28aa4e87997c908183ce4a0afd7a640bcd26b79948aba4f84f3d2be	40	40	true	1	0.025	0.975	37	37	1	37	0				40	1	0.025	1	false	false	false	pass		....................................M...
12047	01	sharedreward	1	bids/sub-12047/ses-01/func/sub-12047_ses-01_task-sharedreward_run-1_events.tsv	96ec1f803aeebd773a2618b88c6ac849ba55c2d9469dc53422057f6a15736c1f	54	54	true	2	0.037037	0.962963	25	34	1	25	0				54	2	0.037037	1	false	false	false	pass		........................M........M....................
12047	01	sharedreward	2	bids/sub-12047/ses-01/func/sub-12047_ses-01_task-sharedreward_run-2_events.tsv	1e5b390759b2328fcddfba35f08ed13d275e893c59f42ce32f362302c38f60bf	54	54	true	6	0.111111	0.888889	37	51	2	39	0				54	6	0.111111	1	false	false	false	pass		....................................M.MM....M....MM...
12047	01	socialdoors	1	bids/sub-12047/ses-01/func/sub-12047_ses-01_task-socialdoors_run-1_events.tsv	f12daef14ea04a8fff89cd45fa521761ed3368c170493d3e27638db443d5395a	40	40	true	1	0.025	0.975	39	39	1	39	0				40	1	0.025	1	false	false	false	pass		......................................M.
12047	01	trust	1	bids/sub-12047/ses-01/func/sub-12047_ses-01_task-trust_run-1_events.tsv	fd5fbaee0948f9207e16ba4f4d07f90b1f2b0a0323e36a5528b602a67026affd	42	42	true	0	0	1			0		0				42	0	0	1	false	false	false	pass		..........................................
12047	01	trust	2	bids/sub-12047/ses-01/func/sub-12047_ses-01_task-trust_run-2_events.tsv	577094b4f9c45346b02345129b682ad003462e4c610c79086f73d6550d6f5798	42	42	true	1	0.02381	0.97619	17	17	1	17	0				42	1	0.02381	1	false	false	false	pass		................M.........................
12047	01	ugr	1	bids/sub-12047/ses-01/func/sub-12047_ses-01_task-ugr_run-1_events.tsv	33b49c094bbfaff6c79867fb0c755a22263666a94020e6530ec2a64cd23f9a21	48	48	true	1	0.020833	0.979167	40	40	1	40	0				48	1	0.020833	1	false	false	false	pass		.......................................M........
12047	01	ugr	2	bids/sub-12047/ses-01/func/sub-12047_ses-01_task-ugr_run-2_events.tsv	6d8ed2faefe3e9caad1bbafb1afc63be09800731cb9ca4e0fdcbf35a97ec7b81	48	48	true	4	0.083333	0.916667	18	35	1	18	0				48	4	0.083333	1	false	false	false	pass		.................M........M....M..M.............
12049	01	doors	1	bids/sub-12049/ses-01/func/sub-12049_ses-01_task-doors_run-1_events.tsv	b45de27e1de705aa8330ee952514db2ff7928fd07efbd6ffee26a5e6edc74f99	40	40	true	2	0.05	0.95	27	32	1	27	0				40	2	0.05	1	false	false	false	pass		..........................M....M........
12049	01	sharedreward	1	bids/sub-12049/ses-01/func/sub-12049_ses-01_task-sharedreward_run-1_events.tsv	a97f7454939a458a01a747b33d67d4b03a45013b0758183b9de128c3b5b47850	54	54	true	1	0.018519	0.981481	36	36	1	36	0				54	1	0.018519	1	false	false	false	pass		...................................M..................
12049	01	sharedreward	2	bids/sub-12049/ses-01/func/sub-12049_ses-01_task-sharedreward_run-2_events.tsv	b0982d588f84bc8afc08d30846732122e0c42b4f06647dab1a164858791a24f8	54	54	true	2	0.037037	0.962963	38	45	1	38	0				54	2	0.037037	1	false	false	false	pass		.....................................M......M.........
12049	01	socialdoors	1	bids/sub-12049/ses-01/func/sub-12049_ses-01_task-socialdoors_run-1_events.tsv	c332ca2fc4f273b22e93a86f79424a73880ce616f8e831c74463028e244be050	40	40	true	1	0.025	0.975	37	37	1	37	0				40	1	0.025	1	false	false	false	pass		....................................M...
12049	01	trust	1	bids/sub-12049/ses-01/func/sub-12049_ses-01_task-trust_run-1_events.tsv	ffe9c106004aa9ec49ca83587718d4220592dc9725c142b8c0039e002389af05	42	42	true	0	0	1			0		0				42	0	0	1	false	false	false	pass		..........................................
12049	01	trust	2	bids/sub-12049/ses-01/func/sub-12049_ses-01_task-trust_run-2_events.tsv	ead35de8c07d3d4ee2103f04aca1fb136a0d0f4083fc5198475cd95f3e8e6dc1	42	42	true	1	0.02381	0.97619	20	20	1	20	0				42	1	0.02381	1	false	false	false	pass		...................M......................
12049	01	ugr	1	bids/sub-12049/ses-01/func/sub-12049_ses-01_task-ugr_run-1_events.tsv	2a92b3836df8afddd5391bba11c69ed6824db6f895a8b06155c067340d4393a6	48	48	true	0	0	1			0		0				48	0	0	1	false	false	false	pass		................................................
12049	01	ugr	2	bids/sub-12049/ses-01/func/sub-12049_ses-01_task-ugr_run-2_events.tsv	1f2e4a9a071e27f66c60399be8e48cd96809dd1faa3366fc281f71fc0f7c2d64	48	48	true	2	0.041667	0.958333	20	25	1	20	0				48	2	0.041667	1	false	false	false	pass		...................M....M.......................
12051	01	doors	1	bids/sub-12051/ses-01/func/sub-12051_ses-01_task-doors_run-1_events.tsv	de5d92e282dff09b0ad051555125e0bcec25c6073db06f31ca758e8261ae9ac6	40	40	true	0	0	1			0		0				40	0	0	1	false	false	false	pass		........................................
12051	01	sharedreward	1	bids/sub-12051/ses-01/func/sub-12051_ses-01_task-sharedreward_run-1_events.tsv	616632e6b93e0736c1a85edfda541ccaf5096a2b376530b3aed8de06dff78d10	54	54	true	0	0	1			0		0				54	0	0	1	false	false	false	pass		......................................................
12051	01	sharedreward	2	bids/sub-12051/ses-01/func/sub-12051_ses-01_task-sharedreward_run-2_events.tsv	101a4c315f604d0b829769f1aff6a4006bef1a297ba0a5214af8403b4daf3c07	54	54	true	0	0	1			0		0				54	0	0	1	false	false	false	pass		......................................................
12051	01	socialdoors	1	bids/sub-12051/ses-01/func/sub-12051_ses-01_task-socialdoors_run-1_events.tsv	6a170d66e2e111d77ffc8d4d6f1e79cad43becefff2dbcd0a9bc06ad2f1acacc	40	40	true	0	0	1			0		0				40	0	0	1	false	false	false	pass		........................................
12051	01	trust	1	bids/sub-12051/ses-01/func/sub-12051_ses-01_task-trust_run-1_events.tsv	4a753309aefea45cda9b4e9fbbf6a858addf08d4ae5bef26c0061592d55e336e	42	42	true	0	0	1			0		0				42	0	0	1	false	false	false	pass		..........................................
12051	01	trust	2	bids/sub-12051/ses-01/func/sub-12051_ses-01_task-trust_run-2_events.tsv	278b18328afd15e568a8535dcd671538b565f78ef6f1664f15f36432e760b819	42	42	true	0	0	1			0		0				42	0	0	1	false	false	false	pass		..........................................
12051	01	ugr	1	bids/sub-12051/ses-01/func/sub-12051_ses-01_task-ugr_run-1_events.tsv	7c9e3c3b931c92948241d660ad3f9fdd7897d15580111ac0ad5975266bad60f3	48	48	true	0	0	1			0		0				48	0	0	1	false	false	false	pass		................................................
12051	01	ugr	2	bids/sub-12051/ses-01/func/sub-12051_ses-01_task-ugr_run-2_events.tsv	1f274180cd9989f3beee111ae4bb70fb6621845aaaf2a9524ad1acf9ce882d3b	48	48	true	0	0	1			0		0				48	0	0	1	false	false	false	pass		................................................
12054	01	doors	1	bids/sub-12054/ses-01/func/sub-12054_ses-01_task-doors_run-1_events.tsv	57424a2c6817b00af828b0df8cde879a4fc8a38bfa8d112db6324c0c2830c851	40	40	true	0	0	1			0		0				40	0	0	1	false	false	false	pass		........................................
12054	01	sharedreward	1	bids/sub-12054/ses-01/func/sub-12054_ses-01_task-sharedreward_run-1_events.tsv	4d8bcec84480ff518040979819068c94b2c9d992852e1eadd6526d929b056ea2	54	54	true	0	0	1			0		0				54	0	0	1	false	false	false	pass		......................................................
12054	01	sharedreward	2	bids/sub-12054/ses-01/func/sub-12054_ses-01_task-sharedreward_run-2_events.tsv	2c0db5f5a154ddd4a92978f3f75e6d7a9a0ebccd689df01ba081a5ad3706326b	54	54	true	0	0	1			0		0				54	0	0	1	false	false	false	pass		......................................................
12054	01	socialdoors	1	bids/sub-12054/ses-01/func/sub-12054_ses-01_task-socialdoors_run-1_events.tsv	a91a1f111fc1299a76a1552fd028cabff73607e7576dc92de2a5b5df74482efb	40	40	true	0	0	1			0		0				40	0	0	1	false	false	false	pass		........................................
12054	01	trust	1	bids/sub-12054/ses-01/func/sub-12054_ses-01_task-trust_run-1_events.tsv	e5045210bb060200525c30b8b64889b966a1f25f3114c6a47a96c294d1015531	42	42	true	1	0.02381	0.97619	41	41	1	41	0				42	1	0.02381	1	false	false	false	pass		........................................M.
12054	01	trust	2	bids/sub-12054/ses-01/func/sub-12054_ses-01_task-trust_run-2_events.tsv	ea50b1d65464e8fdfbf726afe382a1241ce5176e6d43b07a74b30d6d4a1e03fe	42	42	true	0	0	1			0		0				42	0	0	1	false	false	false	pass		..........................................
12055	01	doors	1	bids/sub-12055/ses-01/func/sub-12055_ses-01_task-doors_run-1_events.tsv	1d88b47ef245faa410999644c3afabe5e66fd23928fe36e224d3da5f83808c96	40	40	true	0	0	1			0		0				40	0	0	1	false	false	false	pass		........................................
12055	01	sharedreward	1	bids/sub-12055/ses-01/func/sub-12055_ses-01_task-sharedreward_run-1_events.tsv	617cec7c20af9d0fef1f796315b4aa2bd2b38b9d5eee3234726260c5e01010c8	54	54	true	1	0.018519	0.981481	53	53	1	53	0				54	1	0.018519	1	false	false	false	pass		....................................................M.
12055	01	sharedreward	2	bids/sub-12055/ses-01/func/sub-12055_ses-01_task-sharedreward_run-2_events.tsv	19cbd938302a2dadf0b3b548366cde563b06e01533e8541efae979b82b620b59	54	54	true	0	0	1			0		0				54	0	0	1	false	false	false	pass		......................................................
12055	01	socialdoors	1	bids/sub-12055/ses-01/func/sub-12055_ses-01_task-socialdoors_run-1_events.tsv	ea3b2c1a7a839df6418e0296331637436ecc944bdab6314bbf5caee4dd8fa82d	40	40	true	0	0	1			0		0				40	0	0	1	false	false	false	pass		........................................
12055	01	trust	1	bids/sub-12055/ses-01/func/sub-12055_ses-01_task-trust_run-1_events.tsv	bb16c6d2cddab06ee22286e21ef549dad9b63353a22500ba10228ff3815f95f1	42	42	true	0	0	1			0		0				42	0	0	1	false	false	false	pass		..........................................
12055	01	trust	2	bids/sub-12055/ses-01/func/sub-12055_ses-01_task-trust_run-2_events.tsv	92ccfa6f01493db40d69d4f49d465fbb63128dced2b266f34c039a8d37b8c0d7	42	42	true	0	0	1			0		0				42	0	0	1	false	false	false	pass		..........................................
12055	01	ugr	1	bids/sub-12055/ses-01/func/sub-12055_ses-01_task-ugr_run-1_events.tsv	e5d9bc7e2b78aa231652703731c38cff61f861cc4f50bd18c45190aa0d4d179e	48	48	true	0	0	1			0		0				48	0	0	1	false	false	false	pass		................................................
12055	01	ugr	2	bids/sub-12055/ses-01/func/sub-12055_ses-01_task-ugr_run-2_events.tsv	28546b50b4c9fc7631963d840dc897047d572ac2d5c76338f27a129649dc513e	48	48	true	0	0	1			0		0				48	0	0	1	false	false	false	pass		................................................
12057	01	doors	1	bids/sub-12057/ses-01/func/sub-12057_ses-01_task-doors_run-1_events.tsv	f75c9335685d0c8718500e8583888908c067c8437e1b2c0388823e38a12fcb49	40	40	true	0	0	1			0		0				40	0	0	1	false	false	false	pass		........................................
12057	01	sharedreward	1	bids/sub-12057/ses-01/func/sub-12057_ses-01_task-sharedreward_run-1_events.tsv	fc05ff5c0ebe4a7322124b8843394de12d09d671431bfd8da0e097135d22dd24	54	54	true	0	0	1			0		0				54	0	0	1	false	false	false	pass		......................................................
12057	01	sharedreward	2	bids/sub-12057/ses-01/func/sub-12057_ses-01_task-sharedreward_run-2_events.tsv	fe5cd5202d4197f1ea6ae046751b86f1ebc7439b64872fdaf2f131f086d4b6ca	54	54	true	0	0	1			0		0				54	0	0	1	false	false	false	pass		......................................................
12057	01	socialdoors	1	bids/sub-12057/ses-01/func/sub-12057_ses-01_task-socialdoors_run-1_events.tsv	4ac57460e4551afbc2d0bc9bd775a32b50f319617c28136ed4c019a9298943ba	40	40	true	0	0	1			0		0				40	0	0	1	false	false	false	pass		........................................
12057	01	trust	1	bids/sub-12057/ses-01/func/sub-12057_ses-01_task-trust_run-1_events.tsv	6b7c9424fc9dc450839321d95f62de747727001890419c58ad8ac2fff76a5971	42	42	true	0	0	1			0		0				42	0	0	1	false	false	false	pass		..........................................
12057	01	ugr	1	bids/sub-12057/ses-01/func/sub-12057_ses-01_task-ugr_run-1_events.tsv	1efac57e07503155024d2b27d5ee95ebcd3803cd71e4261ac6fa560db52d13f7	48	48	true	0	0	1			0		0				48	0	0	1	false	false	false	pass		................................................
12057	01	ugr	2	bids/sub-12057/ses-01/func/sub-12057_ses-01_task-ugr_run-2_events.tsv	a4bda01c0c85ccf4f5586b4b6e4b1bc0551dbd8c24f22a5f1efbe5f348d81bc8	48	48	true	0	0	1			0		0				48	0	0	1	false	false	false	pass		................................................
